"PriorityId","Severity","Category","OwnerLane","Title","RequiredAction","Status","EvidencePath","Target"
"242","P0","API route and tenant-safety verification","Dev 1 / Dev 2 / Dev 3","API route and tenant-safety verification Item 2","Audit every route for auth, tenant, and contract correctness","OPEN","docs/audit","Immediate"
"243","P0","API route and tenant-safety verification","Dev 1 / Dev 2 / Dev 3","API route and tenant-safety verification Item 3","Audit every route for auth, tenant, and contract correctness","OPEN","docs/audit","Immediate"
"244","P0","API route and tenant-safety verification","Dev 1 / Dev 2 / Dev 3","API route and tenant-safety verification Item 4","Audit every route for auth, tenant, and contract correctness","OPEN","docs/audit","Immediate"
"245","P0","API route and tenant-safety verification","Dev 1 / Dev 2 / Dev 3","API route and tenant-safety verification Item 5","Audit every route for auth, tenant, and contract correctness","OPEN","docs/audit","Immediate"
"246","P0","API route and tenant-safety verification","Dev 1 / Dev 2 / Dev 3","API route and tenant-safety verification Item 6","Audit every route for auth, tenant, and contract correctness","OPEN","docs/audit","Immediate"
"247","P0","API route and tenant-safety verification","Dev 1 / Dev 2 / Dev 3","API route and tenant-safety verification Item 7","Audit every route for auth, tenant, and contract correctness","OPEN","docs/audit","Immediate"
"248","P0","API route and tenant-safety verification","Dev 1 / Dev 2 / Dev 3","API route and tenant-safety verification Item 8","Audit every route for auth, tenant, and contract correctness","OPEN","docs/audit","Immediate"
"249","P0","API route and tenant-safety verification","Dev 1 / Dev 2 / Dev 3","API route and tenant-safety verification Item 9","Audit every route for auth, tenant, and contract correctness","OPEN","docs/audit","Immediate"
"250","P0","API route and tenant-safety verification","Dev 1 / Dev 2 / Dev 3","API route and tenant-safety verification Item 10","Audit every route for auth, tenant, and contract correctness","OPEN","docs/audit","Immediate"
"251","P0","API route and tenant-safety verification","Dev 1 / Dev 2 / Dev 3","API route and tenant-safety verification Item 11","Audit every route for auth, tenant, and contract correctness","OPEN","docs/audit","Immediate"
"252","P0","API route and tenant-safety verification","Dev 1 / Dev 2 / Dev 3","API route and tenant-safety verification Item 12","Audit every route for auth, tenant, and contract correctness","OPEN","docs/audit","Immediate"
"253","P0","API route and tenant-safety verification","Dev 1 / Dev 2 / Dev 3","API route and tenant-safety verification Item 13","Audit every route for auth, tenant, and contract correctness","OPEN","docs/audit","Immediate"
"254","P0","API route and tenant-safety verification","Dev 1 / Dev 2 / Dev 3","API route and tenant-safety verification Item 14","Audit every route for auth, tenant, and contract correctness","OPEN","docs/audit","Immediate"
"255","P0","API route and tenant-safety verification","Dev 1 / Dev 2 / Dev 3","API route and tenant-safety verification Item 15","Audit every route for auth, tenant, and contract correctness","OPEN","docs/audit","Immediate"
"256","P0","API route and tenant-safety verification","Dev 1 / Dev 2 / Dev 3","API route and tenant-safety verification Item 16","Audit every route for auth, tenant, and contract correctness","OPEN","docs/audit","Immediate"
"257","P0","API route and tenant-safety verification","Dev 1 / Dev 2 / Dev 3","API route and tenant-safety verification Item 17","Audit every route for auth, tenant, and contract correctness","OPEN","docs/audit","Immediate"
"258","P0","API route and tenant-safety verification","Dev 1 / Dev 2 / Dev 3","API route and tenant-safety verification Item 18","Audit every route for auth, tenant, and contract correctness","OPEN","docs/audit","Immediate"
"259","P0","API route and tenant-safety verification","Dev 1 / Dev 2 / Dev 3","API route and tenant-safety verification Item 19","Audit every route for auth, tenant, and contract correctness","OPEN","docs/audit","Immediate"
"260","P0","API route and tenant-safety verification","Dev 1 / Dev 2 / Dev 3","API route and tenant-safety verification Item 20","Audit every route for auth, tenant, and contract correctness","OPEN","docs/audit","Immediate"
"261","P0","API route and tenant-safety verification","Dev 1 / Dev 2 / Dev 3","API route and tenant-safety verification Item 21","Audit every route for auth, tenant, and contract correctness","OPEN","docs/audit","Immediate"
"262","P0","API route and tenant-safety verification","Dev 1 / Dev 2 / Dev 3","API route and tenant-safety verification Item 22","Audit every route for auth, tenant, and contract correctness","OPEN","docs/audit","Immediate"
"263","P0","API route and tenant-safety verification","Dev 1 / Dev 2 / Dev 3","API route and tenant-safety verification Item 23","Audit every route for auth, tenant, and contract correctness","OPEN","docs/audit","Immediate"
"264","P0","API route and tenant-safety verification","Dev 1 / Dev 2 / Dev 3","API route and tenant-safety verification Item 24","Audit every route for auth, tenant, and contract correctness","OPEN","docs/audit","Immediate"
"265","P0","API route and tenant-safety verification","Dev 1 / Dev 2 / Dev 3","API route and tenant-safety verification Item 25","Audit every route for auth, tenant, and contract correctness","OPEN","docs/audit","Immediate"
"266","P0","API route and tenant-safety verification","Dev 1 / Dev 2 / Dev 3","API route and tenant-safety verification Item 26","Audit every route for auth, tenant, and contract correctness","OPEN","docs/audit","Immediate"
"267","P0","API route and tenant-safety verification","Dev 1 / Dev 2 / Dev 3","API route and tenant-safety verification Item 27","Audit every route for auth, tenant, and contract correctness","OPEN","docs/audit","Immediate"
"268","P0","API route and tenant-safety verification","Dev 1 / Dev 2 / Dev 3","API route and tenant-safety verification Item 28","Audit every route for auth, tenant, and contract correctness","OPEN","docs/audit","Immediate"
"269","P0","API route and tenant-safety verification","Dev 1 / Dev 2 / Dev 3","API route and tenant-safety verification Item 29","Audit every route for auth, tenant, and contract correctness","OPEN","docs/audit","Immediate"
"270","P0","API route and tenant-safety verification","Dev 1 / Dev 2 / Dev 3","API route and tenant-safety verification Item 30","Audit every route for auth, tenant, and contract correctness","OPEN","docs/audit","Immediate"
"271","P0","API route and tenant-safety verification","Dev 1 / Dev 2 / Dev 3","API route and tenant-safety verification Item 31","Audit every route for auth, tenant, and contract correctness","OPEN","docs/audit","Immediate"
"272","P0","API route and tenant-safety verification","Dev 1 / Dev 2 / Dev 3","API route and tenant-safety verification Item 32","Audit every route for auth, tenant, and contract correctness","OPEN","docs/audit","Immediate"
"273","P0","API route and tenant-safety verification","Dev 1 / Dev 2 / Dev 3","API route and tenant-safety verification Item 33","Audit every route for auth, tenant, and contract correctness","OPEN","docs/audit","Immediate"
"274","P0","API route and tenant-safety verification","Dev 1 / Dev 2 / Dev 3","API route and tenant-safety verification Item 34","Audit every route for auth, tenant, and contract correctness","OPEN","docs/audit","Immediate"
"275","P0","API route and tenant-safety verification","Dev 1 / Dev 2 / Dev 3","API route and tenant-safety verification Item 35","Audit every route for auth, tenant, and contract correctness","OPEN","docs/audit","Immediate"
"276","P0","API route and tenant-safety verification","Dev 1 / Dev 2 / Dev 3","API route and tenant-safety verification Item 36","Audit every route for auth, tenant, and contract correctness","OPEN","docs/audit","Immediate"
"277","P0","API route and tenant-safety verification","Dev 1 / Dev 2 / Dev 3","API route and tenant-safety verification Item 37","Audit every route for auth, tenant, and contract correctness","OPEN","docs/audit","Immediate"
"278","P0","API route and tenant-safety verification","Dev 1 / Dev 2 / Dev 3","API route and tenant-safety verification Item 38","Audit every route for auth, tenant, and contract correctness","OPEN","docs/audit","Immediate"
"279","P0","API route and tenant-safety verification","Dev 1 / Dev 2 / Dev 3","API route and tenant-safety verification Item 39","Audit every route for auth, tenant, and contract correctness","OPEN","docs/audit","Immediate"
"280","P0","API route and tenant-safety verification","Dev 1 / Dev 2 / Dev 3","API route and tenant-safety verification Item 40","Audit every route for auth, tenant, and contract correctness","OPEN","docs/audit","Immediate"
"281","P0","API route and tenant-safety verification","Dev 1 / Dev 2 / Dev 3","API route and tenant-safety verification Item 41","Audit every route for auth, tenant, and contract correctness","OPEN","docs/audit","Immediate"
"282","P0","API route and tenant-safety verification","Dev 1 / Dev 2 / Dev 3","API route and tenant-safety verification Item 42","Audit every route for auth, tenant, and contract correctness","OPEN","docs/audit","Immediate"
"283","P0","API route and tenant-safety verification","Dev 1 / Dev 2 / Dev 3","API route and tenant-safety verification Item 43","Audit every route for auth, tenant, and contract correctness","OPEN","docs/audit","Immediate"
"284","P0","API route and tenant-safety verification","Dev 1 / Dev 2 / Dev 3","API route and tenant-safety verification Item 44","Audit every route for auth, tenant, and contract correctness","OPEN","docs/audit","Immediate"
"285","P0","API route and tenant-safety verification","Dev 1 / Dev 2 / Dev 3","API route and tenant-safety verification Item 45","Audit every route for auth, tenant, and contract correctness","OPEN","docs/audit","Immediate"
"286","P0","API route and tenant-safety verification","Dev 1 / Dev 2 / Dev 3","API route and tenant-safety verification Item 46","Audit every route for auth, tenant, and contract correctness","OPEN","docs/audit","Immediate"
"287","P0","API route and tenant-safety verification","Dev 1 / Dev 2 / Dev 3","API route and tenant-safety verification Item 47","Audit every route for auth, tenant, and contract correctness","OPEN","docs/audit","Immediate"
"288","P0","API route and tenant-safety verification","Dev 1 / Dev 2 / Dev 3","API route and tenant-safety verification Item 48","Audit every route for auth, tenant, and contract correctness","OPEN","docs/audit","Immediate"
"289","P0","API route and tenant-safety verification","Dev 1 / Dev 2 / Dev 3","API route and tenant-safety verification Item 49","Audit every route for auth, tenant, and contract correctness","OPEN","docs/audit","Immediate"
"290","P0","API route and tenant-safety verification","Dev 1 / Dev 2 / Dev 3","API route and tenant-safety verification Item 50","Audit every route for auth, tenant, and contract correctness","OPEN","docs/audit","Immediate"
"291","P0","API route and tenant-safety verification","Dev 1 / Dev 2 / Dev 3","API route and tenant-safety verification Item 51","Audit every route for auth, tenant, and contract correctness","OPEN","docs/audit","Immediate"
"292","P0","API route and tenant-safety verification","Dev 1 / Dev 2 / Dev 3","API route and tenant-safety verification Item 52","Audit every route for auth, tenant, and contract correctness","OPEN","docs/audit","Immediate"
"293","P0","API route and tenant-safety verification","Dev 1 / Dev 2 / Dev 3","API route and tenant-safety verification Item 53","Audit every route for auth, tenant, and contract correctness","OPEN","docs/audit","Immediate"
"294","P0","API route and tenant-safety verification","Dev 1 / Dev 2 / Dev 3","API route and tenant-safety verification Item 54","Audit every route for auth, tenant, and contract correctness","OPEN","docs/audit","Immediate"
"295","P0","API route and tenant-safety verification","Dev 1 / Dev 2 / Dev 3","API route and tenant-safety verification Item 55","Audit every route for auth, tenant, and contract correctness","OPEN","docs/audit","Immediate"
"296","P0","API route and tenant-safety verification","Dev 1 / Dev 2 / Dev 3","API route and tenant-safety verification Item 56","Audit every route for auth, tenant, and contract correctness","OPEN","docs/audit","Immediate"
"297","P0","API route and tenant-safety verification","Dev 1 / Dev 2 / Dev 3","API route and tenant-safety verification Item 57","Audit every route for auth, tenant, and contract correctness","OPEN","docs/audit","Immediate"
"298","P0","API route and tenant-safety verification","Dev 1 / Dev 2 / Dev 3","API route and tenant-safety verification Item 58","Audit every route for auth, tenant, and contract correctness","OPEN","docs/audit","Immediate"
"299","P0","API route and tenant-safety verification","Dev 1 / Dev 2 / Dev 3","API route and tenant-safety verification Item 59","Audit every route for auth, tenant, and contract correctness","OPEN","docs/audit","Immediate"
"300","P0","API route and tenant-safety verification","Dev 1 / Dev 2 / Dev 3","API route and tenant-safety verification Item 60","Audit every route for auth, tenant, and contract correctness","OPEN","docs/audit","Immediate"
"301","P0","API route and tenant-safety verification","Dev 1 / Dev 2 / Dev 3","API route and tenant-safety verification Item 61","Audit every route for auth, tenant, and contract correctness","OPEN","docs/audit","Immediate"
"302","P0","API route and tenant-safety verification","Dev 1 / Dev 2 / Dev 3","API route and tenant-safety verification Item 62","Audit every route for auth, tenant, and contract correctness","OPEN","docs/audit","Immediate"
"303","P0","API route and tenant-safety verification","Dev 1 / Dev 2 / Dev 3","API route and tenant-safety verification Item 63","Audit every route for auth, tenant, and contract correctness","OPEN","docs/audit","Immediate"
"304","P0","API route and tenant-safety verification","Dev 1 / Dev 2 / Dev 3","API route and tenant-safety verification Item 64","Audit every route for auth, tenant, and contract correctness","OPEN","docs/audit","Immediate"
"305","P0","API route and tenant-safety verification","Dev 1 / Dev 2 / Dev 3","API route and tenant-safety verification Item 65","Audit every route for auth, tenant, and contract correctness","OPEN","docs/audit","Immediate"
"306","P0","API route and tenant-safety verification","Dev 1 / Dev 2 / Dev 3","API route and tenant-safety verification Item 66","Audit every route for auth, tenant, and contract correctness","OPEN","docs/audit","Immediate"
"307","P0","API route and tenant-safety verification","Dev 1 / Dev 2 / Dev 3","API route and tenant-safety verification Item 67","Audit every route for auth, tenant, and contract correctness","OPEN","docs/audit","Immediate"
"308","P0","API route and tenant-safety verification","Dev 1 / Dev 2 / Dev 3","API route and tenant-safety verification Item 68","Audit every route for auth, tenant, and contract correctness","OPEN","docs/audit","Immediate"
"309","P0","API route and tenant-safety verification","Dev 1 / Dev 2 / Dev 3","API route and tenant-safety verification Item 69","Audit every route for auth, tenant, and contract correctness","OPEN","docs/audit","Immediate"
"310","P0","API route and tenant-safety verification","Dev 1 / Dev 2 / Dev 3","API route and tenant-safety verification Item 70","Audit every route for auth, tenant, and contract correctness","OPEN","docs/audit","Immediate"
"311","P0","API route and tenant-safety verification","Dev 1 / Dev 2 / Dev 3","API route and tenant-safety verification Item 71","Audit every route for auth, tenant, and contract correctness","OPEN","docs/audit","Immediate"
"312","P0","API route and tenant-safety verification","Dev 1 / Dev 2 / Dev 3","API route and tenant-safety verification Item 72","Audit every route for auth, tenant, and contract correctness","OPEN","docs/audit","Immediate"
"313","P0","API route and tenant-safety verification","Dev 1 / Dev 2 / Dev 3","API route and tenant-safety verification Item 73","Audit every route for auth, tenant, and contract correctness","OPEN","docs/audit","Immediate"
"314","P0","API route and tenant-safety verification","Dev 1 / Dev 2 / Dev 3","API route and tenant-safety verification Item 74","Audit every route for auth, tenant, and contract correctness","OPEN","docs/audit","Immediate"
"315","P0","API route and tenant-safety verification","Dev 1 / Dev 2 / Dev 3","API route and tenant-safety verification Item 75","Audit every route for auth, tenant, and contract correctness","OPEN","docs/audit","Immediate"
"316","P0","API route and tenant-safety verification","Dev 1 / Dev 2 / Dev 3","API route and tenant-safety verification Item 76","Audit every route for auth, tenant, and contract correctness","OPEN","docs/audit","Immediate"
"317","P0","API route and tenant-safety verification","Dev 1 / Dev 2 / Dev 3","API route and tenant-safety verification Item 77","Audit every route for auth, tenant, and contract correctness","OPEN","docs/audit","Immediate"
"318","P0","API route and tenant-safety verification","Dev 1 / Dev 2 / Dev 3","API route and tenant-safety verification Item 78","Audit every route for auth, tenant, and contract correctness","OPEN","docs/audit","Immediate"
"319","P0","API route and tenant-safety verification","Dev 1 / Dev 2 / Dev 3","API route and tenant-safety verification Item 79","Audit every route for auth, tenant, and contract correctness","OPEN","docs/audit","Immediate"
"320","P0","API route and tenant-safety verification","Dev 1 / Dev 2 / Dev 3","API route and tenant-safety verification Item 80","Audit every route for auth, tenant, and contract correctness","OPEN","docs/audit","Immediate"
"321","P0","API route and tenant-safety verification","Dev 1 / Dev 2 / Dev 3","API route and tenant-safety verification Item 81","Audit every route for auth, tenant, and contract correctness","OPEN","docs/audit","Immediate"
"322","P0","API route and tenant-safety verification","Dev 1 / Dev 2 / Dev 3","API route and tenant-safety verification Item 82","Audit every route for auth, tenant, and contract correctness","OPEN","docs/audit","Immediate"
"323","P0","API route and tenant-safety verification","Dev 1 / Dev 2 / Dev 3","API route and tenant-safety verification Item 83","Audit every route for auth, tenant, and contract correctness","OPEN","docs/audit","Immediate"
"324","P0","API route and tenant-safety verification","Dev 1 / Dev 2 / Dev 3","API route and tenant-safety verification Item 84","Audit every route for auth, tenant, and contract correctness","OPEN","docs/audit","Immediate"
"325","P0","API route and tenant-safety verification","Dev 1 / Dev 2 / Dev 3","API route and tenant-safety verification Item 85","Audit every route for auth, tenant, and contract correctness","OPEN","docs/audit","Immediate"
"326","P0","API route and tenant-safety verification","Dev 1 / Dev 2 / Dev 3","API route and tenant-safety verification Item 86","Audit every route for auth, tenant, and contract correctness","OPEN","docs/audit","Immediate"
"327","P0","API route and tenant-safety verification","Dev 1 / Dev 2 / Dev 3","API route and tenant-safety verification Item 87","Audit every route for auth, tenant, and contract correctness","OPEN","docs/audit","Immediate"
"328","P0","API route and tenant-safety verification","Dev 1 / Dev 2 / Dev 3","API route and tenant-safety verification Item 88","Audit every route for auth, tenant, and contract correctness","OPEN","docs/audit","Immediate"
"329","P0","API route and tenant-safety verification","Dev 1 / Dev 2 / Dev 3","API route and tenant-safety verification Item 89","Audit every route for auth, tenant, and contract correctness","OPEN","docs/audit","Immediate"
"330","P0","API route and tenant-safety verification","Dev 1 / Dev 2 / Dev 3","API route and tenant-safety verification Item 90","Audit every route for auth, tenant, and contract correctness","OPEN","docs/audit","Immediate"
"331","P0","API route and tenant-safety verification","Dev 1 / Dev 2 / Dev 3","API route and tenant-safety verification Item 91","Audit every route for auth, tenant, and contract correctness","OPEN","docs/audit","Immediate"
"332","P0","API route and tenant-safety verification","Dev 1 / Dev 2 / Dev 3","API route and tenant-safety verification Item 92","Audit every route for auth, tenant, and contract correctness","OPEN","docs/audit","Immediate"
"333","P0","API route and tenant-safety verification","Dev 1 / Dev 2 / Dev 3","API route and tenant-safety verification Item 93","Audit every route for auth, tenant, and contract correctness","OPEN","docs/audit","Immediate"
"334","P0","API route and tenant-safety verification","Dev 1 / Dev 2 / Dev 3","API route and tenant-safety verification Item 94","Audit every route for auth, tenant, and contract correctness","OPEN","docs/audit","Immediate"
"335","P0","API route and tenant-safety verification","Dev 1 / Dev 2 / Dev 3","API route and tenant-safety verification Item 95","Audit every route for auth, tenant, and contract correctness","OPEN","docs/audit","Immediate"
"336","P0","API route and tenant-safety verification","Dev 1 / Dev 2 / Dev 3","API route and tenant-safety verification Item 96","Audit every route for auth, tenant, and contract correctness","OPEN","docs/audit","Immediate"
"337","P0","API route and tenant-safety verification","Dev 1 / Dev 2 / Dev 3","API route and tenant-safety verification Item 97","Audit every route for auth, tenant, and contract correctness","OPEN","docs/audit","Immediate"
"338","P0","API route and tenant-safety verification","Dev 1 / Dev 2 / Dev 3","API route and tenant-safety verification Item 98","Audit every route for auth, tenant, and contract correctness","OPEN","docs/audit","Immediate"
"339","P0","API route and tenant-safety verification","Dev 1 / Dev 2 / Dev 3","API route and tenant-safety verification Item 99","Audit every route for auth, tenant, and contract correctness","OPEN","docs/audit","Immediate"
"340","P0","API route and tenant-safety verification","Dev 1 / Dev 2 / Dev 3","API route and tenant-safety verification Item 100","Audit every route for auth, tenant, and contract correctness","OPEN","docs/audit","Immediate"
"341","P0","API route and tenant-safety verification","Dev 1 / Dev 2 / Dev 3","API route and tenant-safety verification Item 101","Audit every route for auth, tenant, and contract correctness","OPEN","docs/audit","Immediate"
"342","P0","API route and tenant-safety verification","Dev 1 / Dev 2 / Dev 3","API route and tenant-safety verification Item 102","Audit every route for auth, tenant, and contract correctness","OPEN","docs/audit","Immediate"
"343","P0","API route and tenant-safety verification","Dev 1 / Dev 2 / Dev 3","API route and tenant-safety verification Item 103","Audit every route for auth, tenant, and contract correctness","OPEN","docs/audit","Immediate"
"344","P0","API route and tenant-safety verification","Dev 1 / Dev 2 / Dev 3","API route and tenant-safety verification Item 104","Audit every route for auth, tenant, and contract correctness","OPEN","docs/audit","Immediate"
"345","P0","API route and tenant-safety verification","Dev 1 / Dev 2 / Dev 3","API route and tenant-safety verification Item 105","Audit every route for auth, tenant, and contract correctness","OPEN","docs/audit","Immediate"
"346","P0","API route and tenant-safety verification","Dev 1 / Dev 2 / Dev 3","API route and tenant-safety verification Item 106","Audit every route for auth, tenant, and contract correctness","OPEN","docs/audit","Immediate"
"347","P0","API route and tenant-safety verification","Dev 1 / Dev 2 / Dev 3","API route and tenant-safety verification Item 107","Audit every route for auth, tenant, and contract correctness","OPEN","docs/audit","Immediate"
"348","P0","API route and tenant-safety verification","Dev 1 / Dev 2 / Dev 3","API route and tenant-safety verification Item 108","Audit every route for auth, tenant, and contract correctness","OPEN","docs/audit","Immediate"
"349","P0","API route and tenant-safety verification","Dev 1 / Dev 2 / Dev 3","API route and tenant-safety verification Item 109","Audit every route for auth, tenant, and contract correctness","OPEN","docs/audit","Immediate"
"350","P0","API route and tenant-safety verification","Dev 1 / Dev 2 / Dev 3","API route and tenant-safety verification Item 110","Audit every route for auth, tenant, and contract correctness","OPEN","docs/audit","Immediate"
"351","P0","API route and tenant-safety verification","Dev 1 / Dev 2 / Dev 3","API route and tenant-safety verification Item 111","Audit every route for auth, tenant, and contract correctness","OPEN","docs/audit","Immediate"
"352","P0","API route and tenant-safety verification","Dev 1 / Dev 2 / Dev 3","API route and tenant-safety verification Item 112","Audit every route for auth, tenant, and contract correctness","OPEN","docs/audit","Immediate"
"353","P0","API route and tenant-safety verification","Dev 1 / Dev 2 / Dev 3","API route and tenant-safety verification Item 113","Audit every route for auth, tenant, and contract correctness","OPEN","docs/audit","Immediate"
"354","P0","API route and tenant-safety verification","Dev 1 / Dev 2 / Dev 3","API route and tenant-safety verification Item 114","Audit every route for auth, tenant, and contract correctness","OPEN","docs/audit","Immediate"
"355","P0","API route and tenant-safety verification","Dev 1 / Dev 2 / Dev 3","API route and tenant-safety verification Item 115","Audit every route for auth, tenant, and contract correctness","OPEN","docs/audit","Immediate"
"356","P0","API route and tenant-safety verification","Dev 1 / Dev 2 / Dev 3","API route and tenant-safety verification Item 116","Audit every route for auth, tenant, and contract correctness","OPEN","docs/audit","Immediate"
"357","P0","API route and tenant-safety verification","Dev 1 / Dev 2 / Dev 3","API route and tenant-safety verification Item 117","Audit every route for auth, tenant, and contract correctness","OPEN","docs/audit","Immediate"
"358","P0","API route and tenant-safety verification","Dev 1 / Dev 2 / Dev 3","API route and tenant-safety verification Item 118","Audit every route for auth, tenant, and contract correctness","OPEN","docs/audit","Immediate"
"359","P0","API route and tenant-safety verification","Dev 1 / Dev 2 / Dev 3","API route and tenant-safety verification Item 119","Audit every route for auth, tenant, and contract correctness","OPEN","docs/audit","Immediate"
"360","P0","API route and tenant-safety verification","Dev 1 / Dev 2 / Dev 3","API route and tenant-safety verification Item 120","Audit every route for auth, tenant, and contract correctness","OPEN","docs/audit","Immediate"
"361","P0","API route and tenant-safety verification","Dev 1 / Dev 2 / Dev 3","API route and tenant-safety verification Item 121","Audit every route for auth, tenant, and contract correctness","OPEN","docs/audit","Immediate"
"362","P0","API route and tenant-safety verification","Dev 1 / Dev 2 / Dev 3","API route and tenant-safety verification Item 122","Audit every route for auth, tenant, and contract correctness","OPEN","docs/audit","Immediate"
"363","P0","API route and tenant-safety verification","Dev 1 / Dev 2 / Dev 3","API route and tenant-safety verification Item 123","Audit every route for auth, tenant, and contract correctness","OPEN","docs/audit","Immediate"
"364","P0","API route and tenant-safety verification","Dev 1 / Dev 2 / Dev 3","API route and tenant-safety verification Item 124","Audit every route for auth, tenant, and contract correctness","OPEN","docs/audit","Immediate"
"365","P0","API route and tenant-safety verification","Dev 1 / Dev 2 / Dev 3","API route and tenant-safety verification Item 125","Audit every route for auth, tenant, and contract correctness","OPEN","docs/audit","Immediate"
"366","P0","API route and tenant-safety verification","Dev 1 / Dev 2 / Dev 3","API route and tenant-safety verification Item 126","Audit every route for auth, tenant, and contract correctness","OPEN","docs/audit","Immediate"
"367","P0","API route and tenant-safety verification","Dev 1 / Dev 2 / Dev 3","API route and tenant-safety verification Item 127","Audit every route for auth, tenant, and contract correctness","OPEN","docs/audit","Immediate"
"368","P0","API route and tenant-safety verification","Dev 1 / Dev 2 / Dev 3","API route and tenant-safety verification Item 128","Audit every route for auth, tenant, and contract correctness","OPEN","docs/audit","Immediate"
"369","P0","API route and tenant-safety verification","Dev 1 / Dev 2 / Dev 3","API route and tenant-safety verification Item 129","Audit every route for auth, tenant, and contract correctness","OPEN","docs/audit","Immediate"
"370","P0","API route and tenant-safety verification","Dev 1 / Dev 2 / Dev 3","API route and tenant-safety verification Item 130","Audit every route for auth, tenant, and contract correctness","OPEN","docs/audit","Immediate"
"371","P0","API route and tenant-safety verification","Dev 1 / Dev 2 / Dev 3","API route and tenant-safety verification Item 131","Audit every route for auth, tenant, and contract correctness","OPEN","docs/audit","Immediate"
"372","P0","API route and tenant-safety verification","Dev 1 / Dev 2 / Dev 3","API route and tenant-safety verification Item 132","Audit every route for auth, tenant, and contract correctness","OPEN","docs/audit","Immediate"
"373","P0","API route and tenant-safety verification","Dev 1 / Dev 2 / Dev 3","API route and tenant-safety verification Item 133","Audit every route for auth, tenant, and contract correctness","OPEN","docs/audit","Immediate"
"374","P0","API route and tenant-safety verification","Dev 1 / Dev 2 / Dev 3","API route and tenant-safety verification Item 134","Audit every route for auth, tenant, and contract correctness","OPEN","docs/audit","Immediate"
"375","P0","API route and tenant-safety verification","Dev 1 / Dev 2 / Dev 3","API route and tenant-safety verification Item 135","Audit every route for auth, tenant, and contract correctness","OPEN","docs/audit","Immediate"
"376","P0","API route and tenant-safety verification","Dev 1 / Dev 2 / Dev 3","API route and tenant-safety verification Item 136","Audit every route for auth, tenant, and contract correctness","OPEN","docs/audit","Immediate"
"377","P0","API route and tenant-safety verification","Dev 1 / Dev 2 / Dev 3","API route and tenant-safety verification Item 137","Audit every route for auth, tenant, and contract correctness","OPEN","docs/audit","Immediate"
"378","P0","API route and tenant-safety verification","Dev 1 / Dev 2 / Dev 3","API route and tenant-safety verification Item 138","Audit every route for auth, tenant, and contract correctness","OPEN","docs/audit","Immediate"
"379","P0","API route and tenant-safety verification","Dev 1 / Dev 2 / Dev 3","API route and tenant-safety verification Item 139","Audit every route for auth, tenant, and contract correctness","OPEN","docs/audit","Immediate"
"380","P0","API route and tenant-safety verification","Dev 1 / Dev 2 / Dev 3","API route and tenant-safety verification Item 140","Audit every route for auth, tenant, and contract correctness","OPEN","docs/audit","Immediate"
"383","P1","Backend regression and schema quality","Dev 1 / Dev 2 / Dev 3 / Dev 5","Backend regression and schema quality Item 3","Run and stabilize full regression plus schema/export quality","OPEN","docs/audit","Immediate"
"384","P1","Backend regression and schema quality","Dev 1 / Dev 2 / Dev 3 / Dev 5","Backend regression and schema quality Item 4","Run and stabilize full regression plus schema/export quality","OPEN","docs/audit","Immediate"
"385","P1","Backend regression and schema quality","Dev 1 / Dev 2 / Dev 3 / Dev 5","Backend regression and schema quality Item 5","Run and stabilize full regression plus schema/export quality","OPEN","docs/audit","Immediate"
"386","P1","Backend regression and schema quality","Dev 1 / Dev 2 / Dev 3 / Dev 5","Backend regression and schema quality Item 6","Run and stabilize full regression plus schema/export quality","OPEN","docs/audit","Immediate"
"387","P1","Backend regression and schema quality","Dev 1 / Dev 2 / Dev 3 / Dev 5","Backend regression and schema quality Item 7","Run and stabilize full regression plus schema/export quality","OPEN","docs/audit","Immediate"
"388","P1","Backend regression and schema quality","Dev 1 / Dev 2 / Dev 3 / Dev 5","Backend regression and schema quality Item 8","Run and stabilize full regression plus schema/export quality","OPEN","docs/audit","Immediate"
"389","P1","Backend regression and schema quality","Dev 1 / Dev 2 / Dev 3 / Dev 5","Backend regression and schema quality Item 9","Run and stabilize full regression plus schema/export quality","OPEN","docs/audit","Immediate"
"390","P1","Backend regression and schema quality","Dev 1 / Dev 2 / Dev 3 / Dev 5","Backend regression and schema quality Item 10","Run and stabilize full regression plus schema/export quality","OPEN","docs/audit","Immediate"
"391","P1","Backend regression and schema quality","Dev 1 / Dev 2 / Dev 3 / Dev 5","Backend regression and schema quality Item 11","Run and stabilize full regression plus schema/export quality","OPEN","docs/audit","Immediate"
"392","P1","Backend regression and schema quality","Dev 1 / Dev 2 / Dev 3 / Dev 5","Backend regression and schema quality Item 12","Run and stabilize full regression plus schema/export quality","OPEN","docs/audit","Immediate"
"393","P1","Backend regression and schema quality","Dev 1 / Dev 2 / Dev 3 / Dev 5","Backend regression and schema quality Item 13","Run and stabilize full regression plus schema/export quality","OPEN","docs/audit","Immediate"
"394","P1","Backend regression and schema quality","Dev 1 / Dev 2 / Dev 3 / Dev 5","Backend regression and schema quality Item 14","Run and stabilize full regression plus schema/export quality","OPEN","docs/audit","Immediate"
"395","P1","Backend regression and schema quality","Dev 1 / Dev 2 / Dev 3 / Dev 5","Backend regression and schema quality Item 15","Run and stabilize full regression plus schema/export quality","OPEN","docs/audit","Immediate"
"396","P1","Backend regression and schema quality","Dev 1 / Dev 2 / Dev 3 / Dev 5","Backend regression and schema quality Item 16","Run and stabilize full regression plus schema/export quality","OPEN","docs/audit","Immediate"
"397","P1","Backend regression and schema quality","Dev 1 / Dev 2 / Dev 3 / Dev 5","Backend regression and schema quality Item 17","Run and stabilize full regression plus schema/export quality","OPEN","docs/audit","Immediate"
"398","P1","Backend regression and schema quality","Dev 1 / Dev 2 / Dev 3 / Dev 5","Backend regression and schema quality Item 18","Run and stabilize full regression plus schema/export quality","OPEN","docs/audit","Immediate"
"399","P1","Backend regression and schema quality","Dev 1 / Dev 2 / Dev 3 / Dev 5","Backend regression and schema quality Item 19","Run and stabilize full regression plus schema/export quality","OPEN","docs/audit","Immediate"
"400","P1","Backend regression and schema quality","Dev 1 / Dev 2 / Dev 3 / Dev 5","Backend regression and schema quality Item 20","Run and stabilize full regression plus schema/export quality","OPEN","docs/audit","Immediate"
"401","P1","Backend regression and schema quality","Dev 1 / Dev 2 / Dev 3 / Dev 5","Backend regression and schema quality Item 21","Run and stabilize full regression plus schema/export quality","OPEN","docs/audit","Immediate"
"402","P1","Backend regression and schema quality","Dev 1 / Dev 2 / Dev 3 / Dev 5","Backend regression and schema quality Item 22","Run and stabilize full regression plus schema/export quality","OPEN","docs/audit","Immediate"
"403","P1","Backend regression and schema quality","Dev 1 / Dev 2 / Dev 3 / Dev 5","Backend regression and schema quality Item 23","Run and stabilize full regression plus schema/export quality","OPEN","docs/audit","Immediate"
"404","P1","Backend regression and schema quality","Dev 1 / Dev 2 / Dev 3 / Dev 5","Backend regression and schema quality Item 24","Run and stabilize full regression plus schema/export quality","OPEN","docs/audit","Immediate"
"405","P1","Backend regression and schema quality","Dev 1 / Dev 2 / Dev 3 / Dev 5","Backend regression and schema quality Item 25","Run and stabilize full regression plus schema/export quality","OPEN","docs/audit","Immediate"
"406","P1","Backend regression and schema quality","Dev 1 / Dev 2 / Dev 3 / Dev 5","Backend regression and schema quality Item 26","Run and stabilize full regression plus schema/export quality","OPEN","docs/audit","Immediate"
"407","P1","Backend regression and schema quality","Dev 1 / Dev 2 / Dev 3 / Dev 5","Backend regression and schema quality Item 27","Run and stabilize full regression plus schema/export quality","OPEN","docs/audit","Immediate"
"408","P1","Backend regression and schema quality","Dev 1 / Dev 2 / Dev 3 / Dev 5","Backend regression and schema quality Item 28","Run and stabilize full regression plus schema/export quality","OPEN","docs/audit","Immediate"
"409","P1","Backend regression and schema quality","Dev 1 / Dev 2 / Dev 3 / Dev 5","Backend regression and schema quality Item 29","Run and stabilize full regression plus schema/export quality","OPEN","docs/audit","Immediate"
"410","P1","Backend regression and schema quality","Dev 1 / Dev 2 / Dev 3 / Dev 5","Backend regression and schema quality Item 30","Run and stabilize full regression plus schema/export quality","OPEN","docs/audit","Immediate"
"411","P1","Backend regression and schema quality","Dev 1 / Dev 2 / Dev 3 / Dev 5","Backend regression and schema quality Item 31","Run and stabilize full regression plus schema/export quality","OPEN","docs/audit","Immediate"
"412","P1","Backend regression and schema quality","Dev 1 / Dev 2 / Dev 3 / Dev 5","Backend regression and schema quality Item 32","Run and stabilize full regression plus schema/export quality","OPEN","docs/audit","Immediate"
"413","P1","Backend regression and schema quality","Dev 1 / Dev 2 / Dev 3 / Dev 5","Backend regression and schema quality Item 33","Run and stabilize full regression plus schema/export quality","OPEN","docs/audit","Immediate"
"414","P1","Backend regression and schema quality","Dev 1 / Dev 2 / Dev 3 / Dev 5","Backend regression and schema quality Item 34","Run and stabilize full regression plus schema/export quality","OPEN","docs/audit","Immediate"
"415","P1","Backend regression and schema quality","Dev 1 / Dev 2 / Dev 3 / Dev 5","Backend regression and schema quality Item 35","Run and stabilize full regression plus schema/export quality","OPEN","docs/audit","Immediate"
"416","P1","Backend regression and schema quality","Dev 1 / Dev 2 / Dev 3 / Dev 5","Backend regression and schema quality Item 36","Run and stabilize full regression plus schema/export quality","OPEN","docs/audit","Immediate"
"417","P1","Backend regression and schema quality","Dev 1 / Dev 2 / Dev 3 / Dev 5","Backend regression and schema quality Item 37","Run and stabilize full regression plus schema/export quality","OPEN","docs/audit","Immediate"
"418","P1","Backend regression and schema quality","Dev 1 / Dev 2 / Dev 3 / Dev 5","Backend regression and schema quality Item 38","Run and stabilize full regression plus schema/export quality","OPEN","docs/audit","Immediate"
"419","P1","Backend regression and schema quality","Dev 1 / Dev 2 / Dev 3 / Dev 5","Backend regression and schema quality Item 39","Run and stabilize full regression plus schema/export quality","OPEN","docs/audit","Immediate"
"420","P1","Backend regression and schema quality","Dev 1 / Dev 2 / Dev 3 / Dev 5","Backend regression and schema quality Item 40","Run and stabilize full regression plus schema/export quality","OPEN","docs/audit","Immediate"
"421","P1","Backend regression and schema quality","Dev 1 / Dev 2 / Dev 3 / Dev 5","Backend regression and schema quality Item 41","Run and stabilize full regression plus schema/export quality","OPEN","docs/audit","Immediate"
"422","P1","Backend regression and schema quality","Dev 1 / Dev 2 / Dev 3 / Dev 5","Backend regression and schema quality Item 42","Run and stabilize full regression plus schema/export quality","OPEN","docs/audit","Immediate"
"423","P1","Backend regression and schema quality","Dev 1 / Dev 2 / Dev 3 / Dev 5","Backend regression and schema quality Item 43","Run and stabilize full regression plus schema/export quality","OPEN","docs/audit","Immediate"
"424","P1","Backend regression and schema quality","Dev 1 / Dev 2 / Dev 3 / Dev 5","Backend regression and schema quality Item 44","Run and stabilize full regression plus schema/export quality","OPEN","docs/audit","Immediate"
"425","P1","Backend regression and schema quality","Dev 1 / Dev 2 / Dev 3 / Dev 5","Backend regression and schema quality Item 45","Run and stabilize full regression plus schema/export quality","OPEN","docs/audit","Immediate"
"426","P1","Backend regression and schema quality","Dev 1 / Dev 2 / Dev 3 / Dev 5","Backend regression and schema quality Item 46","Run and stabilize full regression plus schema/export quality","OPEN","docs/audit","Immediate"
"427","P1","Backend regression and schema quality","Dev 1 / Dev 2 / Dev 3 / Dev 5","Backend regression and schema quality Item 47","Run and stabilize full regression plus schema/export quality","OPEN","docs/audit","Immediate"
"428","P1","Backend regression and schema quality","Dev 1 / Dev 2 / Dev 3 / Dev 5","Backend regression and schema quality Item 48","Run and stabilize full regression plus schema/export quality","OPEN","docs/audit","Immediate"
"429","P1","Backend regression and schema quality","Dev 1 / Dev 2 / Dev 3 / Dev 5","Backend regression and schema quality Item 49","Run and stabilize full regression plus schema/export quality","OPEN","docs/audit","Immediate"
"430","P1","Backend regression and schema quality","Dev 1 / Dev 2 / Dev 3 / Dev 5","Backend regression and schema quality Item 50","Run and stabilize full regression plus schema/export quality","OPEN","docs/audit","Immediate"
"431","P1","Backend regression and schema quality","Dev 1 / Dev 2 / Dev 3 / Dev 5","Backend regression and schema quality Item 51","Run and stabilize full regression plus schema/export quality","OPEN","docs/audit","Immediate"
"432","P1","Backend regression and schema quality","Dev 1 / Dev 2 / Dev 3 / Dev 5","Backend regression and schema quality Item 52","Run and stabilize full regression plus schema/export quality","OPEN","docs/audit","Immediate"
"433","P1","Backend regression and schema quality","Dev 1 / Dev 2 / Dev 3 / Dev 5","Backend regression and schema quality Item 53","Run and stabilize full regression plus schema/export quality","OPEN","docs/audit","Immediate"
"434","P1","Backend regression and schema quality","Dev 1 / Dev 2 / Dev 3 / Dev 5","Backend regression and schema quality Item 54","Run and stabilize full regression plus schema/export quality","OPEN","docs/audit","Immediate"
"435","P1","Backend regression and schema quality","Dev 1 / Dev 2 / Dev 3 / Dev 5","Backend regression and schema quality Item 55","Run and stabilize full regression plus schema/export quality","OPEN","docs/audit","Immediate"
"436","P1","Backend regression and schema quality","Dev 1 / Dev 2 / Dev 3 / Dev 5","Backend regression and schema quality Item 56","Run and stabilize full regression plus schema/export quality","OPEN","docs/audit","Immediate"
"437","P1","Backend regression and schema quality","Dev 1 / Dev 2 / Dev 3 / Dev 5","Backend regression and schema quality Item 57","Run and stabilize full regression plus schema/export quality","OPEN","docs/audit","Immediate"
"438","P1","Backend regression and schema quality","Dev 1 / Dev 2 / Dev 3 / Dev 5","Backend regression and schema quality Item 58","Run and stabilize full regression plus schema/export quality","OPEN","docs/audit","Immediate"
"439","P1","Backend regression and schema quality","Dev 1 / Dev 2 / Dev 3 / Dev 5","Backend regression and schema quality Item 59","Run and stabilize full regression plus schema/export quality","OPEN","docs/audit","Immediate"
"440","P1","Backend regression and schema quality","Dev 1 / Dev 2 / Dev 3 / Dev 5","Backend regression and schema quality Item 60","Run and stabilize full regression plus schema/export quality","OPEN","docs/audit","Immediate"
"441","P1","Backend regression and schema quality","Dev 1 / Dev 2 / Dev 3 / Dev 5","Backend regression and schema quality Item 61","Run and stabilize full regression plus schema/export quality","OPEN","docs/audit","Immediate"
"442","P1","Backend regression and schema quality","Dev 1 / Dev 2 / Dev 3 / Dev 5","Backend regression and schema quality Item 62","Run and stabilize full regression plus schema/export quality","OPEN","docs/audit","Immediate"
"443","P1","Backend regression and schema quality","Dev 1 / Dev 2 / Dev 3 / Dev 5","Backend regression and schema quality Item 63","Run and stabilize full regression plus schema/export quality","OPEN","docs/audit","Immediate"
"444","P1","Backend regression and schema quality","Dev 1 / Dev 2 / Dev 3 / Dev 5","Backend regression and schema quality Item 64","Run and stabilize full regression plus schema/export quality","OPEN","docs/audit","Immediate"
"445","P1","Backend regression and schema quality","Dev 1 / Dev 2 / Dev 3 / Dev 5","Backend regression and schema quality Item 65","Run and stabilize full regression plus schema/export quality","OPEN","docs/audit","Immediate"
"446","P1","Backend regression and schema quality","Dev 1 / Dev 2 / Dev 3 / Dev 5","Backend regression and schema quality Item 66","Run and stabilize full regression plus schema/export quality","OPEN","docs/audit","Immediate"
"447","P1","Backend regression and schema quality","Dev 1 / Dev 2 / Dev 3 / Dev 5","Backend regression and schema quality Item 67","Run and stabilize full regression plus schema/export quality","OPEN","docs/audit","Immediate"
"448","P1","Backend regression and schema quality","Dev 1 / Dev 2 / Dev 3 / Dev 5","Backend regression and schema quality Item 68","Run and stabilize full regression plus schema/export quality","OPEN","docs/audit","Immediate"
"449","P1","Backend regression and schema quality","Dev 1 / Dev 2 / Dev 3 / Dev 5","Backend regression and schema quality Item 69","Run and stabilize full regression plus schema/export quality","OPEN","docs/audit","Immediate"
"450","P1","Backend regression and schema quality","Dev 1 / Dev 2 / Dev 3 / Dev 5","Backend regression and schema quality Item 70","Run and stabilize full regression plus schema/export quality","OPEN","docs/audit","Immediate"
"451","P1","Backend regression and schema quality","Dev 1 / Dev 2 / Dev 3 / Dev 5","Backend regression and schema quality Item 71","Run and stabilize full regression plus schema/export quality","OPEN","docs/audit","Immediate"
"452","P1","Backend regression and schema quality","Dev 1 / Dev 2 / Dev 3 / Dev 5","Backend regression and schema quality Item 72","Run and stabilize full regression plus schema/export quality","OPEN","docs/audit","Immediate"
"453","P1","Backend regression and schema quality","Dev 1 / Dev 2 / Dev 3 / Dev 5","Backend regression and schema quality Item 73","Run and stabilize full regression plus schema/export quality","OPEN","docs/audit","Immediate"
"454","P1","Backend regression and schema quality","Dev 1 / Dev 2 / Dev 3 / Dev 5","Backend regression and schema quality Item 74","Run and stabilize full regression plus schema/export quality","OPEN","docs/audit","Immediate"
"455","P1","Backend regression and schema quality","Dev 1 / Dev 2 / Dev 3 / Dev 5","Backend regression and schema quality Item 75","Run and stabilize full regression plus schema/export quality","OPEN","docs/audit","Immediate"
"456","P1","Backend regression and schema quality","Dev 1 / Dev 2 / Dev 3 / Dev 5","Backend regression and schema quality Item 76","Run and stabilize full regression plus schema/export quality","OPEN","docs/audit","Immediate"
"457","P1","Backend regression and schema quality","Dev 1 / Dev 2 / Dev 3 / Dev 5","Backend regression and schema quality Item 77","Run and stabilize full regression plus schema/export quality","OPEN","docs/audit","Immediate"
"458","P1","Backend regression and schema quality","Dev 1 / Dev 2 / Dev 3 / Dev 5","Backend regression and schema quality Item 78","Run and stabilize full regression plus schema/export quality","OPEN","docs/audit","Immediate"
"459","P1","Backend regression and schema quality","Dev 1 / Dev 2 / Dev 3 / Dev 5","Backend regression and schema quality Item 79","Run and stabilize full regression plus schema/export quality","OPEN","docs/audit","Immediate"
"460","P1","Backend regression and schema quality","Dev 1 / Dev 2 / Dev 3 / Dev 5","Backend regression and schema quality Item 80","Run and stabilize full regression plus schema/export quality","OPEN","docs/audit","Immediate"
"461","P1","Backend regression and schema quality","Dev 1 / Dev 2 / Dev 3 / Dev 5","Backend regression and schema quality Item 81","Run and stabilize full regression plus schema/export quality","OPEN","docs/audit","Immediate"
"462","P1","Backend regression and schema quality","Dev 1 / Dev 2 / Dev 3 / Dev 5","Backend regression and schema quality Item 82","Run and stabilize full regression plus schema/export quality","OPEN","docs/audit","Immediate"
"463","P1","Backend regression and schema quality","Dev 1 / Dev 2 / Dev 3 / Dev 5","Backend regression and schema quality Item 83","Run and stabilize full regression plus schema/export quality","OPEN","docs/audit","Immediate"
"464","P1","Backend regression and schema quality","Dev 1 / Dev 2 / Dev 3 / Dev 5","Backend regression and schema quality Item 84","Run and stabilize full regression plus schema/export quality","OPEN","docs/audit","Immediate"
"465","P1","Backend regression and schema quality","Dev 1 / Dev 2 / Dev 3 / Dev 5","Backend regression and schema quality Item 85","Run and stabilize full regression plus schema/export quality","OPEN","docs/audit","Immediate"
"466","P1","Backend regression and schema quality","Dev 1 / Dev 2 / Dev 3 / Dev 5","Backend regression and schema quality Item 86","Run and stabilize full regression plus schema/export quality","OPEN","docs/audit","Immediate"
"467","P1","Backend regression and schema quality","Dev 1 / Dev 2 / Dev 3 / Dev 5","Backend regression and schema quality Item 87","Run and stabilize full regression plus schema/export quality","OPEN","docs/audit","Immediate"
"468","P1","Backend regression and schema quality","Dev 1 / Dev 2 / Dev 3 / Dev 5","Backend regression and schema quality Item 88","Run and stabilize full regression plus schema/export quality","OPEN","docs/audit","Immediate"
"469","P1","Backend regression and schema quality","Dev 1 / Dev 2 / Dev 3 / Dev 5","Backend regression and schema quality Item 89","Run and stabilize full regression plus schema/export quality","OPEN","docs/audit","Immediate"
"470","P1","Backend regression and schema quality","Dev 1 / Dev 2 / Dev 3 / Dev 5","Backend regression and schema quality Item 90","Run and stabilize full regression plus schema/export quality","OPEN","docs/audit","Immediate"
"471","P1","Backend regression and schema quality","Dev 1 / Dev 2 / Dev 3 / Dev 5","Backend regression and schema quality Item 91","Run and stabilize full regression plus schema/export quality","OPEN","docs/audit","Immediate"
"472","P1","Backend regression and schema quality","Dev 1 / Dev 2 / Dev 3 / Dev 5","Backend regression and schema quality Item 92","Run and stabilize full regression plus schema/export quality","OPEN","docs/audit","Immediate"
"473","P1","Backend regression and schema quality","Dev 1 / Dev 2 / Dev 3 / Dev 5","Backend regression and schema quality Item 93","Run and stabilize full regression plus schema/export quality","OPEN","docs/audit","Immediate"
"474","P1","Backend regression and schema quality","Dev 1 / Dev 2 / Dev 3 / Dev 5","Backend regression and schema quality Item 94","Run and stabilize full regression plus schema/export quality","OPEN","docs/audit","Immediate"
"475","P1","Backend regression and schema quality","Dev 1 / Dev 2 / Dev 3 / Dev 5","Backend regression and schema quality Item 95","Run and stabilize full regression plus schema/export quality","OPEN","docs/audit","Immediate"
"476","P1","Backend regression and schema quality","Dev 1 / Dev 2 / Dev 3 / Dev 5","Backend regression and schema quality Item 96","Run and stabilize full regression plus schema/export quality","OPEN","docs/audit","Immediate"
"477","P1","Backend regression and schema quality","Dev 1 / Dev 2 / Dev 3 / Dev 5","Backend regression and schema quality Item 97","Run and stabilize full regression plus schema/export quality","OPEN","docs/audit","Immediate"
"478","P1","Backend regression and schema quality","Dev 1 / Dev 2 / Dev 3 / Dev 5","Backend regression and schema quality Item 98","Run and stabilize full regression plus schema/export quality","OPEN","docs/audit","Immediate"
"479","P1","Backend regression and schema quality","Dev 1 / Dev 2 / Dev 3 / Dev 5","Backend regression and schema quality Item 99","Run and stabilize full regression plus schema/export quality","OPEN","docs/audit","Immediate"
"480","P1","Backend regression and schema quality","Dev 1 / Dev 2 / Dev 3 / Dev 5","Backend regression and schema quality Item 100","Run and stabilize full regression plus schema/export quality","OPEN","docs/audit","Immediate"
"481","P1","Backend regression and schema quality","Dev 1 / Dev 2 / Dev 3 / Dev 5","Backend regression and schema quality Item 101","Run and stabilize full regression plus schema/export quality","OPEN","docs/audit","Immediate"
"482","P1","Backend regression and schema quality","Dev 1 / Dev 2 / Dev 3 / Dev 5","Backend regression and schema quality Item 102","Run and stabilize full regression plus schema/export quality","OPEN","docs/audit","Immediate"
"483","P1","Backend regression and schema quality","Dev 1 / Dev 2 / Dev 3 / Dev 5","Backend regression and schema quality Item 103","Run and stabilize full regression plus schema/export quality","OPEN","docs/audit","Immediate"
"484","P1","Backend regression and schema quality","Dev 1 / Dev 2 / Dev 3 / Dev 5","Backend regression and schema quality Item 104","Run and stabilize full regression plus schema/export quality","OPEN","docs/audit","Immediate"
"485","P1","Backend regression and schema quality","Dev 1 / Dev 2 / Dev 3 / Dev 5","Backend regression and schema quality Item 105","Run and stabilize full regression plus schema/export quality","OPEN","docs/audit","Immediate"
"486","P1","Backend regression and schema quality","Dev 1 / Dev 2 / Dev 3 / Dev 5","Backend regression and schema quality Item 106","Run and stabilize full regression plus schema/export quality","OPEN","docs/audit","Immediate"
"487","P1","Backend regression and schema quality","Dev 1 / Dev 2 / Dev 3 / Dev 5","Backend regression and schema quality Item 107","Run and stabilize full regression plus schema/export quality","OPEN","docs/audit","Immediate"
"488","P1","Backend regression and schema quality","Dev 1 / Dev 2 / Dev 3 / Dev 5","Backend regression and schema quality Item 108","Run and stabilize full regression plus schema/export quality","OPEN","docs/audit","Immediate"
"489","P1","Backend regression and schema quality","Dev 1 / Dev 2 / Dev 3 / Dev 5","Backend regression and schema quality Item 109","Run and stabilize full regression plus schema/export quality","OPEN","docs/audit","Immediate"
"490","P1","Backend regression and schema quality","Dev 1 / Dev 2 / Dev 3 / Dev 5","Backend regression and schema quality Item 110","Run and stabilize full regression plus schema/export quality","OPEN","docs/audit","Immediate"
"491","P1","Backend regression and schema quality","Dev 1 / Dev 2 / Dev 3 / Dev 5","Backend regression and schema quality Item 111","Run and stabilize full regression plus schema/export quality","OPEN","docs/audit","Immediate"
"492","P1","Backend regression and schema quality","Dev 1 / Dev 2 / Dev 3 / Dev 5","Backend regression and schema quality Item 112","Run and stabilize full regression plus schema/export quality","OPEN","docs/audit","Immediate"
"493","P1","Backend regression and schema quality","Dev 1 / Dev 2 / Dev 3 / Dev 5","Backend regression and schema quality Item 113","Run and stabilize full regression plus schema/export quality","OPEN","docs/audit","Immediate"
"494","P1","Backend regression and schema quality","Dev 1 / Dev 2 / Dev 3 / Dev 5","Backend regression and schema quality Item 114","Run and stabilize full regression plus schema/export quality","OPEN","docs/audit","Immediate"
"495","P1","Backend regression and schema quality","Dev 1 / Dev 2 / Dev 3 / Dev 5","Backend regression and schema quality Item 115","Run and stabilize full regression plus schema/export quality","OPEN","docs/audit","Immediate"
"496","P1","Backend regression and schema quality","Dev 1 / Dev 2 / Dev 3 / Dev 5","Backend regression and schema quality Item 116","Run and stabilize full regression plus schema/export quality","OPEN","docs/audit","Immediate"
"497","P1","Backend regression and schema quality","Dev 1 / Dev 2 / Dev 3 / Dev 5","Backend regression and schema quality Item 117","Run and stabilize full regression plus schema/export quality","OPEN","docs/audit","Immediate"
"498","P1","Backend regression and schema quality","Dev 1 / Dev 2 / Dev 3 / Dev 5","Backend regression and schema quality Item 118","Run and stabilize full regression plus schema/export quality","OPEN","docs/audit","Immediate"
"499","P1","Backend regression and schema quality","Dev 1 / Dev 2 / Dev 3 / Dev 5","Backend regression and schema quality Item 119","Run and stabilize full regression plus schema/export quality","OPEN","docs/audit","Immediate"
"500","P1","Backend regression and schema quality","Dev 1 / Dev 2 / Dev 3 / Dev 5","Backend regression and schema quality Item 120","Run and stabilize full regression plus schema/export quality","OPEN","docs/audit","Immediate"
"501","P1","Backend regression and schema quality","Dev 1 / Dev 2 / Dev 3 / Dev 5","Backend regression and schema quality Item 121","Run and stabilize full regression plus schema/export quality","OPEN","docs/audit","Immediate"
"502","P1","Backend regression and schema quality","Dev 1 / Dev 2 / Dev 3 / Dev 5","Backend regression and schema quality Item 122","Run and stabilize full regression plus schema/export quality","OPEN","docs/audit","Immediate"
"503","P1","Backend regression and schema quality","Dev 1 / Dev 2 / Dev 3 / Dev 5","Backend regression and schema quality Item 123","Run and stabilize full regression plus schema/export quality","OPEN","docs/audit","Immediate"
"504","P1","Backend regression and schema quality","Dev 1 / Dev 2 / Dev 3 / Dev 5","Backend regression and schema quality Item 124","Run and stabilize full regression plus schema/export quality","OPEN","docs/audit","Immediate"
"505","P1","Backend regression and schema quality","Dev 1 / Dev 2 / Dev 3 / Dev 5","Backend regression and schema quality Item 125","Run and stabilize full regression plus schema/export quality","OPEN","docs/audit","Immediate"
"506","P1","Backend regression and schema quality","Dev 1 / Dev 2 / Dev 3 / Dev 5","Backend regression and schema quality Item 126","Run and stabilize full regression plus schema/export quality","OPEN","docs/audit","Immediate"
"507","P1","Backend regression and schema quality","Dev 1 / Dev 2 / Dev 3 / Dev 5","Backend regression and schema quality Item 127","Run and stabilize full regression plus schema/export quality","OPEN","docs/audit","Immediate"
"508","P1","Backend regression and schema quality","Dev 1 / Dev 2 / Dev 3 / Dev 5","Backend regression and schema quality Item 128","Run and stabilize full regression plus schema/export quality","OPEN","docs/audit","Immediate"
"509","P1","Backend regression and schema quality","Dev 1 / Dev 2 / Dev 3 / Dev 5","Backend regression and schema quality Item 129","Run and stabilize full regression plus schema/export quality","OPEN","docs/audit","Immediate"
"510","P1","Backend regression and schema quality","Dev 1 / Dev 2 / Dev 3 / Dev 5","Backend regression and schema quality Item 130","Run and stabilize full regression plus schema/export quality","OPEN","docs/audit","Immediate"
"511","P1","Backend regression and schema quality","Dev 1 / Dev 2 / Dev 3 / Dev 5","Backend regression and schema quality Item 131","Run and stabilize full regression plus schema/export quality","OPEN","docs/audit","Immediate"
"512","P1","Backend regression and schema quality","Dev 1 / Dev 2 / Dev 3 / Dev 5","Backend regression and schema quality Item 132","Run and stabilize full regression plus schema/export quality","OPEN","docs/audit","Immediate"
"513","P1","Backend regression and schema quality","Dev 1 / Dev 2 / Dev 3 / Dev 5","Backend regression and schema quality Item 133","Run and stabilize full regression plus schema/export quality","OPEN","docs/audit","Immediate"
"514","P1","Backend regression and schema quality","Dev 1 / Dev 2 / Dev 3 / Dev 5","Backend regression and schema quality Item 134","Run and stabilize full regression plus schema/export quality","OPEN","docs/audit","Immediate"
"515","P1","Backend regression and schema quality","Dev 1 / Dev 2 / Dev 3 / Dev 5","Backend regression and schema quality Item 135","Run and stabilize full regression plus schema/export quality","OPEN","docs/audit","Immediate"
"516","P1","Backend regression and schema quality","Dev 1 / Dev 2 / Dev 3 / Dev 5","Backend regression and schema quality Item 136","Run and stabilize full regression plus schema/export quality","OPEN","docs/audit","Immediate"
"517","P1","Backend regression and schema quality","Dev 1 / Dev 2 / Dev 3 / Dev 5","Backend regression and schema quality Item 137","Run and stabilize full regression plus schema/export quality","OPEN","docs/audit","Immediate"
"518","P1","Backend regression and schema quality","Dev 1 / Dev 2 / Dev 3 / Dev 5","Backend regression and schema quality Item 138","Run and stabilize full regression plus schema/export quality","OPEN","docs/audit","Immediate"
"519","P1","Backend regression and schema quality","Dev 1 / Dev 2 / Dev 3 / Dev 5","Backend regression and schema quality Item 139","Run and stabilize full regression plus schema/export quality","OPEN","docs/audit","Immediate"
"520","P1","Backend regression and schema quality","Dev 1 / Dev 2 / Dev 3 / Dev 5","Backend regression and schema quality Item 140","Run and stabilize full regression plus schema/export quality","OPEN","docs/audit","Immediate"
"521","P1","Frontend dashboard and wizard completion","Dev 4","Frontend dashboard and wizard completion Item 1","Replace placeholders, wire real data, validate permissions and tenant scope","OPEN","docs/audit","Immediate"
"522","P1","Frontend dashboard and wizard completion","Dev 4","Frontend dashboard and wizard completion Item 2","Replace placeholders, wire real data, validate permissions and tenant scope","OPEN","docs/audit","Immediate"
"523","P1","Frontend dashboard and wizard completion","Dev 4","Frontend dashboard and wizard completion Item 3","Replace placeholders, wire real data, validate permissions and tenant scope","OPEN","docs/audit","Immediate"
"524","P1","Frontend dashboard and wizard completion","Dev 4","Frontend dashboard and wizard completion Item 4","Replace placeholders, wire real data, validate permissions and tenant scope","OPEN","docs/audit","Immediate"
"525","P1","Frontend dashboard and wizard completion","Dev 4","Frontend dashboard and wizard completion Item 5","Replace placeholders, wire real data, validate permissions and tenant scope","OPEN","docs/audit","Immediate"
"526","P1","Frontend dashboard and wizard completion","Dev 4","Frontend dashboard and wizard completion Item 6","Replace placeholders, wire real data, validate permissions and tenant scope","OPEN","docs/audit","Immediate"
"527","P1","Frontend dashboard and wizard completion","Dev 4","Frontend dashboard and wizard completion Item 7","Replace placeholders, wire real data, validate permissions and tenant scope","OPEN","docs/audit","Immediate"
"528","P1","Frontend dashboard and wizard completion","Dev 4","Frontend dashboard and wizard completion Item 8","Replace placeholders, wire real data, validate permissions and tenant scope","OPEN","docs/audit","Immediate"
"529","P1","Frontend dashboard and wizard completion","Dev 4","Frontend dashboard and wizard completion Item 9","Replace placeholders, wire real data, validate permissions and tenant scope","OPEN","docs/audit","Immediate"
"530","P1","Frontend dashboard and wizard completion","Dev 4","Frontend dashboard and wizard completion Item 10","Replace placeholders, wire real data, validate permissions and tenant scope","OPEN","docs/audit","Immediate"
"531","P1","Frontend dashboard and wizard completion","Dev 4","Frontend dashboard and wizard completion Item 11","Replace placeholders, wire real data, validate permissions and tenant scope","OPEN","docs/audit","Immediate"
"532","P1","Frontend dashboard and wizard completion","Dev 4","Frontend dashboard and wizard completion Item 12","Replace placeholders, wire real data, validate permissions and tenant scope","OPEN","docs/audit","Immediate"
"533","P1","Frontend dashboard and wizard completion","Dev 4","Frontend dashboard and wizard completion Item 13","Replace placeholders, wire real data, validate permissions and tenant scope","OPEN","docs/audit","Immediate"
"534","P1","Frontend dashboard and wizard completion","Dev 4","Frontend dashboard and wizard completion Item 14","Replace placeholders, wire real data, validate permissions and tenant scope","OPEN","docs/audit","Immediate"
"535","P1","Frontend dashboard and wizard completion","Dev 4","Frontend dashboard and wizard completion Item 15","Replace placeholders, wire real data, validate permissions and tenant scope","OPEN","docs/audit","Immediate"
"536","P1","Frontend dashboard and wizard completion","Dev 4","Frontend dashboard and wizard completion Item 16","Replace placeholders, wire real data, validate permissions and tenant scope","OPEN","docs/audit","Immediate"
"537","P1","Frontend dashboard and wizard completion","Dev 4","Frontend dashboard and wizard completion Item 17","Replace placeholders, wire real data, validate permissions and tenant scope","OPEN","docs/audit","Immediate"
"538","P1","Frontend dashboard and wizard completion","Dev 4","Frontend dashboard and wizard completion Item 18","Replace placeholders, wire real data, validate permissions and tenant scope","OPEN","docs/audit","Immediate"
"539","P1","Frontend dashboard and wizard completion","Dev 4","Frontend dashboard and wizard completion Item 19","Replace placeholders, wire real data, validate permissions and tenant scope","OPEN","docs/audit","Immediate"
"540","P1","Frontend dashboard and wizard completion","Dev 4","Frontend dashboard and wizard completion Item 20","Replace placeholders, wire real data, validate permissions and tenant scope","OPEN","docs/audit","Immediate"
"541","P1","Frontend dashboard and wizard completion","Dev 4","Frontend dashboard and wizard completion Item 21","Replace placeholders, wire real data, validate permissions and tenant scope","OPEN","docs/audit","Immediate"
"542","P1","Frontend dashboard and wizard completion","Dev 4","Frontend dashboard and wizard completion Item 22","Replace placeholders, wire real data, validate permissions and tenant scope","OPEN","docs/audit","Immediate"
"543","P1","Frontend dashboard and wizard completion","Dev 4","Frontend dashboard and wizard completion Item 23","Replace placeholders, wire real data, validate permissions and tenant scope","OPEN","docs/audit","Immediate"
"544","P1","Frontend dashboard and wizard completion","Dev 4","Frontend dashboard and wizard completion Item 24","Replace placeholders, wire real data, validate permissions and tenant scope","OPEN","docs/audit","Immediate"
"545","P1","Frontend dashboard and wizard completion","Dev 4","Frontend dashboard and wizard completion Item 25","Replace placeholders, wire real data, validate permissions and tenant scope","OPEN","docs/audit","Immediate"
"546","P1","Frontend dashboard and wizard completion","Dev 4","Frontend dashboard and wizard completion Item 26","Replace placeholders, wire real data, validate permissions and tenant scope","OPEN","docs/audit","Immediate"
"547","P1","Frontend dashboard and wizard completion","Dev 4","Frontend dashboard and wizard completion Item 27","Replace placeholders, wire real data, validate permissions and tenant scope","OPEN","docs/audit","Immediate"
"548","P1","Frontend dashboard and wizard completion","Dev 4","Frontend dashboard and wizard completion Item 28","Replace placeholders, wire real data, validate permissions and tenant scope","OPEN","docs/audit","Immediate"
"549","P1","Frontend dashboard and wizard completion","Dev 4","Frontend dashboard and wizard completion Item 29","Replace placeholders, wire real data, validate permissions and tenant scope","OPEN","docs/audit","Immediate"
"550","P1","Frontend dashboard and wizard completion","Dev 4","Frontend dashboard and wizard completion Item 30","Replace placeholders, wire real data, validate permissions and tenant scope","OPEN","docs/audit","Immediate"
"551","P1","Frontend dashboard and wizard completion","Dev 4","Frontend dashboard and wizard completion Item 31","Replace placeholders, wire real data, validate permissions and tenant scope","OPEN","docs/audit","Immediate"
"552","P1","Frontend dashboard and wizard completion","Dev 4","Frontend dashboard and wizard completion Item 32","Replace placeholders, wire real data, validate permissions and tenant scope","OPEN","docs/audit","Immediate"
"553","P1","Frontend dashboard and wizard completion","Dev 4","Frontend dashboard and wizard completion Item 33","Replace placeholders, wire real data, validate permissions and tenant scope","OPEN","docs/audit","Immediate"
"554","P1","Frontend dashboard and wizard completion","Dev 4","Frontend dashboard and wizard completion Item 34","Replace placeholders, wire real data, validate permissions and tenant scope","OPEN","docs/audit","Immediate"
"555","P1","Frontend dashboard and wizard completion","Dev 4","Frontend dashboard and wizard completion Item 35","Replace placeholders, wire real data, validate permissions and tenant scope","OPEN","docs/audit","Immediate"
"556","P1","Frontend dashboard and wizard completion","Dev 4","Frontend dashboard and wizard completion Item 36","Replace placeholders, wire real data, validate permissions and tenant scope","OPEN","docs/audit","Immediate"
"557","P1","Frontend dashboard and wizard completion","Dev 4","Frontend dashboard and wizard completion Item 37","Replace placeholders, wire real data, validate permissions and tenant scope","OPEN","docs/audit","Immediate"
"558","P1","Frontend dashboard and wizard completion","Dev 4","Frontend dashboard and wizard completion Item 38","Replace placeholders, wire real data, validate permissions and tenant scope","OPEN","docs/audit","Immediate"
"559","P1","Frontend dashboard and wizard completion","Dev 4","Frontend dashboard and wizard completion Item 39","Replace placeholders, wire real data, validate permissions and tenant scope","OPEN","docs/audit","Immediate"
"560","P1","Frontend dashboard and wizard completion","Dev 4","Frontend dashboard and wizard completion Item 40","Replace placeholders, wire real data, validate permissions and tenant scope","OPEN","docs/audit","Immediate"
"561","P1","Frontend dashboard and wizard completion","Dev 4","Frontend dashboard and wizard completion Item 41","Replace placeholders, wire real data, validate permissions and tenant scope","OPEN","docs/audit","Immediate"
"562","P1","Frontend dashboard and wizard completion","Dev 4","Frontend dashboard and wizard completion Item 42","Replace placeholders, wire real data, validate permissions and tenant scope","OPEN","docs/audit","Immediate"
"563","P1","Frontend dashboard and wizard completion","Dev 4","Frontend dashboard and wizard completion Item 43","Replace placeholders, wire real data, validate permissions and tenant scope","OPEN","docs/audit","Immediate"
"564","P1","Frontend dashboard and wizard completion","Dev 4","Frontend dashboard and wizard completion Item 44","Replace placeholders, wire real data, validate permissions and tenant scope","OPEN","docs/audit","Immediate"
"565","P1","Frontend dashboard and wizard completion","Dev 4","Frontend dashboard and wizard completion Item 45","Replace placeholders, wire real data, validate permissions and tenant scope","OPEN","docs/audit","Immediate"
"566","P1","Frontend dashboard and wizard completion","Dev 4","Frontend dashboard and wizard completion Item 46","Replace placeholders, wire real data, validate permissions and tenant scope","OPEN","docs/audit","Immediate"
"567","P1","Frontend dashboard and wizard completion","Dev 4","Frontend dashboard and wizard completion Item 47","Replace placeholders, wire real data, validate permissions and tenant scope","OPEN","docs/audit","Immediate"
"568","P1","Frontend dashboard and wizard completion","Dev 4","Frontend dashboard and wizard completion Item 48","Replace placeholders, wire real data, validate permissions and tenant scope","OPEN","docs/audit","Immediate"
"569","P1","Frontend dashboard and wizard completion","Dev 4","Frontend dashboard and wizard completion Item 49","Replace placeholders, wire real data, validate permissions and tenant scope","OPEN","docs/audit","Immediate"
"570","P1","Frontend dashboard and wizard completion","Dev 4","Frontend dashboard and wizard completion Item 50","Replace placeholders, wire real data, validate permissions and tenant scope","OPEN","docs/audit","Immediate"
"571","P1","Frontend dashboard and wizard completion","Dev 4","Frontend dashboard and wizard completion Item 51","Replace placeholders, wire real data, validate permissions and tenant scope","OPEN","docs/audit","Immediate"
"572","P1","Frontend dashboard and wizard completion","Dev 4","Frontend dashboard and wizard completion Item 52","Replace placeholders, wire real data, validate permissions and tenant scope","OPEN","docs/audit","Immediate"
"573","P1","Frontend dashboard and wizard completion","Dev 4","Frontend dashboard and wizard completion Item 53","Replace placeholders, wire real data, validate permissions and tenant scope","OPEN","docs/audit","Immediate"
"574","P1","Frontend dashboard and wizard completion","Dev 4","Frontend dashboard and wizard completion Item 54","Replace placeholders, wire real data, validate permissions and tenant scope","OPEN","docs/audit","Immediate"
"575","P1","Frontend dashboard and wizard completion","Dev 4","Frontend dashboard and wizard completion Item 55","Replace placeholders, wire real data, validate permissions and tenant scope","OPEN","docs/audit","Immediate"
"576","P1","Frontend dashboard and wizard completion","Dev 4","Frontend dashboard and wizard completion Item 56","Replace placeholders, wire real data, validate permissions and tenant scope","OPEN","docs/audit","Immediate"
"577","P1","Frontend dashboard and wizard completion","Dev 4","Frontend dashboard and wizard completion Item 57","Replace placeholders, wire real data, validate permissions and tenant scope","OPEN","docs/audit","Immediate"
"578","P1","Frontend dashboard and wizard completion","Dev 4","Frontend dashboard and wizard completion Item 58","Replace placeholders, wire real data, validate permissions and tenant scope","OPEN","docs/audit","Immediate"
"579","P1","Frontend dashboard and wizard completion","Dev 4","Frontend dashboard and wizard completion Item 59","Replace placeholders, wire real data, validate permissions and tenant scope","OPEN","docs/audit","Immediate"
"580","P1","Frontend dashboard and wizard completion","Dev 4","Frontend dashboard and wizard completion Item 60","Replace placeholders, wire real data, validate permissions and tenant scope","OPEN","docs/audit","Immediate"
"581","P1","Frontend dashboard and wizard completion","Dev 4","Frontend dashboard and wizard completion Item 61","Replace placeholders, wire real data, validate permissions and tenant scope","OPEN","docs/audit","Immediate"
"582","P1","Frontend dashboard and wizard completion","Dev 4","Frontend dashboard and wizard completion Item 62","Replace placeholders, wire real data, validate permissions and tenant scope","OPEN","docs/audit","Immediate"
"583","P1","Frontend dashboard and wizard completion","Dev 4","Frontend dashboard and wizard completion Item 63","Replace placeholders, wire real data, validate permissions and tenant scope","OPEN","docs/audit","Immediate"
"584","P1","Frontend dashboard and wizard completion","Dev 4","Frontend dashboard and wizard completion Item 64","Replace placeholders, wire real data, validate permissions and tenant scope","OPEN","docs/audit","Immediate"
"585","P1","Frontend dashboard and wizard completion","Dev 4","Frontend dashboard and wizard completion Item 65","Replace placeholders, wire real data, validate permissions and tenant scope","OPEN","docs/audit","Immediate"
"586","P1","Frontend dashboard and wizard completion","Dev 4","Frontend dashboard and wizard completion Item 66","Replace placeholders, wire real data, validate permissions and tenant scope","OPEN","docs/audit","Immediate"
"587","P1","Frontend dashboard and wizard completion","Dev 4","Frontend dashboard and wizard completion Item 67","Replace placeholders, wire real data, validate permissions and tenant scope","OPEN","docs/audit","Immediate"
"588","P1","Frontend dashboard and wizard completion","Dev 4","Frontend dashboard and wizard completion Item 68","Replace placeholders, wire real data, validate permissions and tenant scope","OPEN","docs/audit","Immediate"
"589","P1","Frontend dashboard and wizard completion","Dev 4","Frontend dashboard and wizard completion Item 69","Replace placeholders, wire real data, validate permissions and tenant scope","OPEN","docs/audit","Immediate"
"590","P1","Frontend dashboard and wizard completion","Dev 4","Frontend dashboard and wizard completion Item 70","Replace placeholders, wire real data, validate permissions and tenant scope","OPEN","docs/audit","Immediate"
"591","P1","Frontend dashboard and wizard completion","Dev 4","Frontend dashboard and wizard completion Item 71","Replace placeholders, wire real data, validate permissions and tenant scope","OPEN","docs/audit","Immediate"
"592","P1","Frontend dashboard and wizard completion","Dev 4","Frontend dashboard and wizard completion Item 72","Replace placeholders, wire real data, validate permissions and tenant scope","OPEN","docs/audit","Immediate"
"593","P1","Frontend dashboard and wizard completion","Dev 4","Frontend dashboard and wizard completion Item 73","Replace placeholders, wire real data, validate permissions and tenant scope","OPEN","docs/audit","Immediate"
"594","P1","Frontend dashboard and wizard completion","Dev 4","Frontend dashboard and wizard completion Item 74","Replace placeholders, wire real data, validate permissions and tenant scope","OPEN","docs/audit","Immediate"
"595","P1","Frontend dashboard and wizard completion","Dev 4","Frontend dashboard and wizard completion Item 75","Replace placeholders, wire real data, validate permissions and tenant scope","OPEN","docs/audit","Immediate"
"596","P1","Frontend dashboard and wizard completion","Dev 4","Frontend dashboard and wizard completion Item 76","Replace placeholders, wire real data, validate permissions and tenant scope","OPEN","docs/audit","Immediate"
"597","P1","Frontend dashboard and wizard completion","Dev 4","Frontend dashboard and wizard completion Item 77","Replace placeholders, wire real data, validate permissions and tenant scope","OPEN","docs/audit","Immediate"
"598","P1","Frontend dashboard and wizard completion","Dev 4","Frontend dashboard and wizard completion Item 78","Replace placeholders, wire real data, validate permissions and tenant scope","OPEN","docs/audit","Immediate"
"599","P1","Frontend dashboard and wizard completion","Dev 4","Frontend dashboard and wizard completion Item 79","Replace placeholders, wire real data, validate permissions and tenant scope","OPEN","docs/audit","Immediate"
"600","P1","Frontend dashboard and wizard completion","Dev 4","Frontend dashboard and wizard completion Item 80","Replace placeholders, wire real data, validate permissions and tenant scope","OPEN","docs/audit","Immediate"
"601","P1","Frontend dashboard and wizard completion","Dev 4","Frontend dashboard and wizard completion Item 81","Replace placeholders, wire real data, validate permissions and tenant scope","OPEN","docs/audit","Immediate"
"602","P1","Frontend dashboard and wizard completion","Dev 4","Frontend dashboard and wizard completion Item 82","Replace placeholders, wire real data, validate permissions and tenant scope","OPEN","docs/audit","Immediate"
"603","P1","Frontend dashboard and wizard completion","Dev 4","Frontend dashboard and wizard completion Item 83","Replace placeholders, wire real data, validate permissions and tenant scope","OPEN","docs/audit","Immediate"
"604","P1","Frontend dashboard and wizard completion","Dev 4","Frontend dashboard and wizard completion Item 84","Replace placeholders, wire real data, validate permissions and tenant scope","OPEN","docs/audit","Immediate"
"605","P1","Frontend dashboard and wizard completion","Dev 4","Frontend dashboard and wizard completion Item 85","Replace placeholders, wire real data, validate permissions and tenant scope","OPEN","docs/audit","Immediate"
"606","P1","Frontend dashboard and wizard completion","Dev 4","Frontend dashboard and wizard completion Item 86","Replace placeholders, wire real data, validate permissions and tenant scope","OPEN","docs/audit","Immediate"
"607","P1","Frontend dashboard and wizard completion","Dev 4","Frontend dashboard and wizard completion Item 87","Replace placeholders, wire real data, validate permissions and tenant scope","OPEN","docs/audit","Immediate"
"608","P1","Frontend dashboard and wizard completion","Dev 4","Frontend dashboard and wizard completion Item 88","Replace placeholders, wire real data, validate permissions and tenant scope","OPEN","docs/audit","Immediate"
"609","P1","Frontend dashboard and wizard completion","Dev 4","Frontend dashboard and wizard completion Item 89","Replace placeholders, wire real data, validate permissions and tenant scope","OPEN","docs/audit","Immediate"
"610","P1","Frontend dashboard and wizard completion","Dev 4","Frontend dashboard and wizard completion Item 90","Replace placeholders, wire real data, validate permissions and tenant scope","OPEN","docs/audit","Immediate"
"611","P1","Frontend dashboard and wizard completion","Dev 4","Frontend dashboard and wizard completion Item 91","Replace placeholders, wire real data, validate permissions and tenant scope","OPEN","docs/audit","Immediate"
"612","P1","Frontend dashboard and wizard completion","Dev 4","Frontend dashboard and wizard completion Item 92","Replace placeholders, wire real data, validate permissions and tenant scope","OPEN","docs/audit","Immediate"
"613","P1","Frontend dashboard and wizard completion","Dev 4","Frontend dashboard and wizard completion Item 93","Replace placeholders, wire real data, validate permissions and tenant scope","OPEN","docs/audit","Immediate"
"614","P1","Frontend dashboard and wizard completion","Dev 4","Frontend dashboard and wizard completion Item 94","Replace placeholders, wire real data, validate permissions and tenant scope","OPEN","docs/audit","Immediate"
"615","P1","Frontend dashboard and wizard completion","Dev 4","Frontend dashboard and wizard completion Item 95","Replace placeholders, wire real data, validate permissions and tenant scope","OPEN","docs/audit","Immediate"
"616","P1","Frontend dashboard and wizard completion","Dev 4","Frontend dashboard and wizard completion Item 96","Replace placeholders, wire real data, validate permissions and tenant scope","OPEN","docs/audit","Immediate"
"617","P1","Frontend dashboard and wizard completion","Dev 4","Frontend dashboard and wizard completion Item 97","Replace placeholders, wire real data, validate permissions and tenant scope","OPEN","docs/audit","Immediate"
"618","P1","Frontend dashboard and wizard completion","Dev 4","Frontend dashboard and wizard completion Item 98","Replace placeholders, wire real data, validate permissions and tenant scope","OPEN","docs/audit","Immediate"
"619","P1","Frontend dashboard and wizard completion","Dev 4","Frontend dashboard and wizard completion Item 99","Replace placeholders, wire real data, validate permissions and tenant scope","OPEN","docs/audit","Immediate"
"620","P1","Frontend dashboard and wizard completion","Dev 4","Frontend dashboard and wizard completion Item 100","Replace placeholders, wire real data, validate permissions and tenant scope","OPEN","docs/audit","Immediate"
"621","P1","Frontend dashboard and wizard completion","Dev 4","Frontend dashboard and wizard completion Item 101","Replace placeholders, wire real data, validate permissions and tenant scope","OPEN","docs/audit","Immediate"
"622","P1","Frontend dashboard and wizard completion","Dev 4","Frontend dashboard and wizard completion Item 102","Replace placeholders, wire real data, validate permissions and tenant scope","OPEN","docs/audit","Immediate"
"623","P1","Frontend dashboard and wizard completion","Dev 4","Frontend dashboard and wizard completion Item 103","Replace placeholders, wire real data, validate permissions and tenant scope","OPEN","docs/audit","Immediate"
"624","P1","Frontend dashboard and wizard completion","Dev 4","Frontend dashboard and wizard completion Item 104","Replace placeholders, wire real data, validate permissions and tenant scope","OPEN","docs/audit","Immediate"
"625","P1","Frontend dashboard and wizard completion","Dev 4","Frontend dashboard and wizard completion Item 105","Replace placeholders, wire real data, validate permissions and tenant scope","OPEN","docs/audit","Immediate"
"626","P1","Frontend dashboard and wizard completion","Dev 4","Frontend dashboard and wizard completion Item 106","Replace placeholders, wire real data, validate permissions and tenant scope","OPEN","docs/audit","Immediate"
"627","P1","Frontend dashboard and wizard completion","Dev 4","Frontend dashboard and wizard completion Item 107","Replace placeholders, wire real data, validate permissions and tenant scope","OPEN","docs/audit","Immediate"
"628","P1","Frontend dashboard and wizard completion","Dev 4","Frontend dashboard and wizard completion Item 108","Replace placeholders, wire real data, validate permissions and tenant scope","OPEN","docs/audit","Immediate"
"629","P1","Frontend dashboard and wizard completion","Dev 4","Frontend dashboard and wizard completion Item 109","Replace placeholders, wire real data, validate permissions and tenant scope","OPEN","docs/audit","Immediate"
"630","P1","Frontend dashboard and wizard completion","Dev 4","Frontend dashboard and wizard completion Item 110","Replace placeholders, wire real data, validate permissions and tenant scope","OPEN","docs/audit","Immediate"
"631","P1","Frontend dashboard and wizard completion","Dev 4","Frontend dashboard and wizard completion Item 111","Replace placeholders, wire real data, validate permissions and tenant scope","OPEN","docs/audit","Immediate"
"632","P1","Frontend dashboard and wizard completion","Dev 4","Frontend dashboard and wizard completion Item 112","Replace placeholders, wire real data, validate permissions and tenant scope","OPEN","docs/audit","Immediate"
"633","P1","Frontend dashboard and wizard completion","Dev 4","Frontend dashboard and wizard completion Item 113","Replace placeholders, wire real data, validate permissions and tenant scope","OPEN","docs/audit","Immediate"
"634","P1","Frontend dashboard and wizard completion","Dev 4","Frontend dashboard and wizard completion Item 114","Replace placeholders, wire real data, validate permissions and tenant scope","OPEN","docs/audit","Immediate"
"635","P1","Frontend dashboard and wizard completion","Dev 4","Frontend dashboard and wizard completion Item 115","Replace placeholders, wire real data, validate permissions and tenant scope","OPEN","docs/audit","Immediate"
"636","P1","Frontend dashboard and wizard completion","Dev 4","Frontend dashboard and wizard completion Item 116","Replace placeholders, wire real data, validate permissions and tenant scope","OPEN","docs/audit","Immediate"
"637","P1","Frontend dashboard and wizard completion","Dev 4","Frontend dashboard and wizard completion Item 117","Replace placeholders, wire real data, validate permissions and tenant scope","OPEN","docs/audit","Immediate"
"638","P1","Frontend dashboard and wizard completion","Dev 4","Frontend dashboard and wizard completion Item 118","Replace placeholders, wire real data, validate permissions and tenant scope","OPEN","docs/audit","Immediate"
"639","P1","Frontend dashboard and wizard completion","Dev 4","Frontend dashboard and wizard completion Item 119","Replace placeholders, wire real data, validate permissions and tenant scope","OPEN","docs/audit","Immediate"
"640","P1","Frontend dashboard and wizard completion","Dev 4","Frontend dashboard and wizard completion Item 120","Replace placeholders, wire real data, validate permissions and tenant scope","OPEN","docs/audit","Immediate"
"641","P1","Frontend dashboard and wizard completion","Dev 4","Frontend dashboard and wizard completion Item 121","Replace placeholders, wire real data, validate permissions and tenant scope","OPEN","docs/audit","Immediate"
"642","P1","Frontend dashboard and wizard completion","Dev 4","Frontend dashboard and wizard completion Item 122","Replace placeholders, wire real data, validate permissions and tenant scope","OPEN","docs/audit","Immediate"
"643","P1","Frontend dashboard and wizard completion","Dev 4","Frontend dashboard and wizard completion Item 123","Replace placeholders, wire real data, validate permissions and tenant scope","OPEN","docs/audit","Immediate"
"644","P1","Frontend dashboard and wizard completion","Dev 4","Frontend dashboard and wizard completion Item 124","Replace placeholders, wire real data, validate permissions and tenant scope","OPEN","docs/audit","Immediate"
"645","P1","Frontend dashboard and wizard completion","Dev 4","Frontend dashboard and wizard completion Item 125","Replace placeholders, wire real data, validate permissions and tenant scope","OPEN","docs/audit","Immediate"
"646","P1","Frontend dashboard and wizard completion","Dev 4","Frontend dashboard and wizard completion Item 126","Replace placeholders, wire real data, validate permissions and tenant scope","OPEN","docs/audit","Immediate"
"647","P1","Frontend dashboard and wizard completion","Dev 4","Frontend dashboard and wizard completion Item 127","Replace placeholders, wire real data, validate permissions and tenant scope","OPEN","docs/audit","Immediate"
"648","P1","Frontend dashboard and wizard completion","Dev 4","Frontend dashboard and wizard completion Item 128","Replace placeholders, wire real data, validate permissions and tenant scope","OPEN","docs/audit","Immediate"
"649","P1","Frontend dashboard and wizard completion","Dev 4","Frontend dashboard and wizard completion Item 129","Replace placeholders, wire real data, validate permissions and tenant scope","OPEN","docs/audit","Immediate"
"650","P1","Frontend dashboard and wizard completion","Dev 4","Frontend dashboard and wizard completion Item 130","Replace placeholders, wire real data, validate permissions and tenant scope","OPEN","docs/audit","Immediate"
"651","P1","Frontend dashboard and wizard completion","Dev 4","Frontend dashboard and wizard completion Item 131","Replace placeholders, wire real data, validate permissions and tenant scope","OPEN","docs/audit","Immediate"
"652","P1","Frontend dashboard and wizard completion","Dev 4","Frontend dashboard and wizard completion Item 132","Replace placeholders, wire real data, validate permissions and tenant scope","OPEN","docs/audit","Immediate"
"653","P1","Frontend dashboard and wizard completion","Dev 4","Frontend dashboard and wizard completion Item 133","Replace placeholders, wire real data, validate permissions and tenant scope","OPEN","docs/audit","Immediate"
"654","P1","Frontend dashboard and wizard completion","Dev 4","Frontend dashboard and wizard completion Item 134","Replace placeholders, wire real data, validate permissions and tenant scope","OPEN","docs/audit","Immediate"
"655","P1","Frontend dashboard and wizard completion","Dev 4","Frontend dashboard and wizard completion Item 135","Replace placeholders, wire real data, validate permissions and tenant scope","OPEN","docs/audit","Immediate"
"656","P1","Frontend dashboard and wizard completion","Dev 4","Frontend dashboard and wizard completion Item 136","Replace placeholders, wire real data, validate permissions and tenant scope","OPEN","docs/audit","Immediate"
"657","P1","Frontend dashboard and wizard completion","Dev 4","Frontend dashboard and wizard completion Item 137","Replace placeholders, wire real data, validate permissions and tenant scope","OPEN","docs/audit","Immediate"
"658","P1","Frontend dashboard and wizard completion","Dev 4","Frontend dashboard and wizard completion Item 138","Replace placeholders, wire real data, validate permissions and tenant scope","OPEN","docs/audit","Immediate"
"659","P1","Frontend dashboard and wizard completion","Dev 4","Frontend dashboard and wizard completion Item 139","Replace placeholders, wire real data, validate permissions and tenant scope","OPEN","docs/audit","Immediate"
"660","P1","Frontend dashboard and wizard completion","Dev 4","Frontend dashboard and wizard completion Item 140","Replace placeholders, wire real data, validate permissions and tenant scope","OPEN","docs/audit","Immediate"
"661","P1","Security and compliance closure","Dev 1 / Dev 5","Security and compliance closure Item 1","Close deploy/security warnings, harden settings, prove controls in artifacts","OPEN","docs/audit","Immediate"
"662","P1","Security and compliance closure","Dev 1 / Dev 5","Security and compliance closure Item 2","Close deploy/security warnings, harden settings, prove controls in artifacts","OPEN","docs/audit","Immediate"
"663","P1","Security and compliance closure","Dev 1 / Dev 5","Security and compliance closure Item 3","Close deploy/security warnings, harden settings, prove controls in artifacts","OPEN","docs/audit","Immediate"
"664","P1","Security and compliance closure","Dev 1 / Dev 5","Security and compliance closure Item 4","Close deploy/security warnings, harden settings, prove controls in artifacts","OPEN","docs/audit","Immediate"
"665","P1","Security and compliance closure","Dev 1 / Dev 5","Security and compliance closure Item 5","Close deploy/security warnings, harden settings, prove controls in artifacts","OPEN","docs/audit","Immediate"
"666","P1","Security and compliance closure","Dev 1 / Dev 5","Security and compliance closure Item 6","Close deploy/security warnings, harden settings, prove controls in artifacts","OPEN","docs/audit","Immediate"
"667","P1","Security and compliance closure","Dev 1 / Dev 5","Security and compliance closure Item 7","Close deploy/security warnings, harden settings, prove controls in artifacts","OPEN","docs/audit","Immediate"
"668","P1","Security and compliance closure","Dev 1 / Dev 5","Security and compliance closure Item 8","Close deploy/security warnings, harden settings, prove controls in artifacts","OPEN","docs/audit","Immediate"
"669","P1","Security and compliance closure","Dev 1 / Dev 5","Security and compliance closure Item 9","Close deploy/security warnings, harden settings, prove controls in artifacts","OPEN","docs/audit","Immediate"
"670","P1","Security and compliance closure","Dev 1 / Dev 5","Security and compliance closure Item 10","Close deploy/security warnings, harden settings, prove controls in artifacts","OPEN","docs/audit","Immediate"
"671","P1","Security and compliance closure","Dev 1 / Dev 5","Security and compliance closure Item 11","Close deploy/security warnings, harden settings, prove controls in artifacts","OPEN","docs/audit","Immediate"
"672","P1","Security and compliance closure","Dev 1 / Dev 5","Security and compliance closure Item 12","Close deploy/security warnings, harden settings, prove controls in artifacts","OPEN","docs/audit","Immediate"
"673","P1","Security and compliance closure","Dev 1 / Dev 5","Security and compliance closure Item 13","Close deploy/security warnings, harden settings, prove controls in artifacts","OPEN","docs/audit","Immediate"
"674","P1","Security and compliance closure","Dev 1 / Dev 5","Security and compliance closure Item 14","Close deploy/security warnings, harden settings, prove controls in artifacts","OPEN","docs/audit","Immediate"
"675","P1","Security and compliance closure","Dev 1 / Dev 5","Security and compliance closure Item 15","Close deploy/security warnings, harden settings, prove controls in artifacts","OPEN","docs/audit","Immediate"
"676","P1","Security and compliance closure","Dev 1 / Dev 5","Security and compliance closure Item 16","Close deploy/security warnings, harden settings, prove controls in artifacts","OPEN","docs/audit","Immediate"
"677","P1","Security and compliance closure","Dev 1 / Dev 5","Security and compliance closure Item 17","Close deploy/security warnings, harden settings, prove controls in artifacts","OPEN","docs/audit","Immediate"
"678","P1","Security and compliance closure","Dev 1 / Dev 5","Security and compliance closure Item 18","Close deploy/security warnings, harden settings, prove controls in artifacts","OPEN","docs/audit","Immediate"
"679","P1","Security and compliance closure","Dev 1 / Dev 5","Security and compliance closure Item 19","Close deploy/security warnings, harden settings, prove controls in artifacts","OPEN","docs/audit","Immediate"
"680","P1","Security and compliance closure","Dev 1 / Dev 5","Security and compliance closure Item 20","Close deploy/security warnings, harden settings, prove controls in artifacts","OPEN","docs/audit","Immediate"
"681","P1","Security and compliance closure","Dev 1 / Dev 5","Security and compliance closure Item 21","Close deploy/security warnings, harden settings, prove controls in artifacts","OPEN","docs/audit","Immediate"
"682","P1","Security and compliance closure","Dev 1 / Dev 5","Security and compliance closure Item 22","Close deploy/security warnings, harden settings, prove controls in artifacts","OPEN","docs/audit","Immediate"
"683","P1","Security and compliance closure","Dev 1 / Dev 5","Security and compliance closure Item 23","Close deploy/security warnings, harden settings, prove controls in artifacts","OPEN","docs/audit","Immediate"
"684","P1","Security and compliance closure","Dev 1 / Dev 5","Security and compliance closure Item 24","Close deploy/security warnings, harden settings, prove controls in artifacts","OPEN","docs/audit","Immediate"
"685","P1","Security and compliance closure","Dev 1 / Dev 5","Security and compliance closure Item 25","Close deploy/security warnings, harden settings, prove controls in artifacts","OPEN","docs/audit","Immediate"
"686","P1","Security and compliance closure","Dev 1 / Dev 5","Security and compliance closure Item 26","Close deploy/security warnings, harden settings, prove controls in artifacts","OPEN","docs/audit","Immediate"
"687","P1","Security and compliance closure","Dev 1 / Dev 5","Security and compliance closure Item 27","Close deploy/security warnings, harden settings, prove controls in artifacts","OPEN","docs/audit","Immediate"
"688","P1","Security and compliance closure","Dev 1 / Dev 5","Security and compliance closure Item 28","Close deploy/security warnings, harden settings, prove controls in artifacts","OPEN","docs/audit","Immediate"
"689","P1","Security and compliance closure","Dev 1 / Dev 5","Security and compliance closure Item 29","Close deploy/security warnings, harden settings, prove controls in artifacts","OPEN","docs/audit","Immediate"
"690","P1","Security and compliance closure","Dev 1 / Dev 5","Security and compliance closure Item 30","Close deploy/security warnings, harden settings, prove controls in artifacts","OPEN","docs/audit","Immediate"
"691","P1","Security and compliance closure","Dev 1 / Dev 5","Security and compliance closure Item 31","Close deploy/security warnings, harden settings, prove controls in artifacts","OPEN","docs/audit","Immediate"
"692","P1","Security and compliance closure","Dev 1 / Dev 5","Security and compliance closure Item 32","Close deploy/security warnings, harden settings, prove controls in artifacts","OPEN","docs/audit","Immediate"
"693","P1","Security and compliance closure","Dev 1 / Dev 5","Security and compliance closure Item 33","Close deploy/security warnings, harden settings, prove controls in artifacts","OPEN","docs/audit","Immediate"
"694","P1","Security and compliance closure","Dev 1 / Dev 5","Security and compliance closure Item 34","Close deploy/security warnings, harden settings, prove controls in artifacts","OPEN","docs/audit","Immediate"
"695","P1","Security and compliance closure","Dev 1 / Dev 5","Security and compliance closure Item 35","Close deploy/security warnings, harden settings, prove controls in artifacts","OPEN","docs/audit","Immediate"
"696","P1","Security and compliance closure","Dev 1 / Dev 5","Security and compliance closure Item 36","Close deploy/security warnings, harden settings, prove controls in artifacts","OPEN","docs/audit","Immediate"
"697","P1","Security and compliance closure","Dev 1 / Dev 5","Security and compliance closure Item 37","Close deploy/security warnings, harden settings, prove controls in artifacts","OPEN","docs/audit","Immediate"
"698","P1","Security and compliance closure","Dev 1 / Dev 5","Security and compliance closure Item 38","Close deploy/security warnings, harden settings, prove controls in artifacts","OPEN","docs/audit","Immediate"
"699","P1","Security and compliance closure","Dev 1 / Dev 5","Security and compliance closure Item 39","Close deploy/security warnings, harden settings, prove controls in artifacts","OPEN","docs/audit","Immediate"
"700","P1","Security and compliance closure","Dev 1 / Dev 5","Security and compliance closure Item 40","Close deploy/security warnings, harden settings, prove controls in artifacts","OPEN","docs/audit","Immediate"
"701","P1","Security and compliance closure","Dev 1 / Dev 5","Security and compliance closure Item 41","Close deploy/security warnings, harden settings, prove controls in artifacts","OPEN","docs/audit","Immediate"
"702","P1","Security and compliance closure","Dev 1 / Dev 5","Security and compliance closure Item 42","Close deploy/security warnings, harden settings, prove controls in artifacts","OPEN","docs/audit","Immediate"
"703","P1","Security and compliance closure","Dev 1 / Dev 5","Security and compliance closure Item 43","Close deploy/security warnings, harden settings, prove controls in artifacts","OPEN","docs/audit","Immediate"
"704","P1","Security and compliance closure","Dev 1 / Dev 5","Security and compliance closure Item 44","Close deploy/security warnings, harden settings, prove controls in artifacts","OPEN","docs/audit","Immediate"
"705","P1","Security and compliance closure","Dev 1 / Dev 5","Security and compliance closure Item 45","Close deploy/security warnings, harden settings, prove controls in artifacts","OPEN","docs/audit","Immediate"
"706","P1","Security and compliance closure","Dev 1 / Dev 5","Security and compliance closure Item 46","Close deploy/security warnings, harden settings, prove controls in artifacts","OPEN","docs/audit","Immediate"
"707","P1","Security and compliance closure","Dev 1 / Dev 5","Security and compliance closure Item 47","Close deploy/security warnings, harden settings, prove controls in artifacts","OPEN","docs/audit","Immediate"
"708","P1","Security and compliance closure","Dev 1 / Dev 5","Security and compliance closure Item 48","Close deploy/security warnings, harden settings, prove controls in artifacts","OPEN","docs/audit","Immediate"
"709","P1","Security and compliance closure","Dev 1 / Dev 5","Security and compliance closure Item 49","Close deploy/security warnings, harden settings, prove controls in artifacts","OPEN","docs/audit","Immediate"
"710","P1","Security and compliance closure","Dev 1 / Dev 5","Security and compliance closure Item 50","Close deploy/security warnings, harden settings, prove controls in artifacts","OPEN","docs/audit","Immediate"
"711","P1","Security and compliance closure","Dev 1 / Dev 5","Security and compliance closure Item 51","Close deploy/security warnings, harden settings, prove controls in artifacts","OPEN","docs/audit","Immediate"
"712","P1","Security and compliance closure","Dev 1 / Dev 5","Security and compliance closure Item 52","Close deploy/security warnings, harden settings, prove controls in artifacts","OPEN","docs/audit","Immediate"
"713","P1","Security and compliance closure","Dev 1 / Dev 5","Security and compliance closure Item 53","Close deploy/security warnings, harden settings, prove controls in artifacts","OPEN","docs/audit","Immediate"
"714","P1","Security and compliance closure","Dev 1 / Dev 5","Security and compliance closure Item 54","Close deploy/security warnings, harden settings, prove controls in artifacts","OPEN","docs/audit","Immediate"
"715","P1","Security and compliance closure","Dev 1 / Dev 5","Security and compliance closure Item 55","Close deploy/security warnings, harden settings, prove controls in artifacts","OPEN","docs/audit","Immediate"
"716","P1","Security and compliance closure","Dev 1 / Dev 5","Security and compliance closure Item 56","Close deploy/security warnings, harden settings, prove controls in artifacts","OPEN","docs/audit","Immediate"
"717","P1","Security and compliance closure","Dev 1 / Dev 5","Security and compliance closure Item 57","Close deploy/security warnings, harden settings, prove controls in artifacts","OPEN","docs/audit","Immediate"
"718","P1","Security and compliance closure","Dev 1 / Dev 5","Security and compliance closure Item 58","Close deploy/security warnings, harden settings, prove controls in artifacts","OPEN","docs/audit","Immediate"
"719","P1","Security and compliance closure","Dev 1 / Dev 5","Security and compliance closure Item 59","Close deploy/security warnings, harden settings, prove controls in artifacts","OPEN","docs/audit","Immediate"
"720","P1","Security and compliance closure","Dev 1 / Dev 5","Security and compliance closure Item 60","Close deploy/security warnings, harden settings, prove controls in artifacts","OPEN","docs/audit","Immediate"
"721","P1","Security and compliance closure","Dev 1 / Dev 5","Security and compliance closure Item 61","Close deploy/security warnings, harden settings, prove controls in artifacts","OPEN","docs/audit","Immediate"
"722","P1","Security and compliance closure","Dev 1 / Dev 5","Security and compliance closure Item 62","Close deploy/security warnings, harden settings, prove controls in artifacts","OPEN","docs/audit","Immediate"
"723","P1","Security and compliance closure","Dev 1 / Dev 5","Security and compliance closure Item 63","Close deploy/security warnings, harden settings, prove controls in artifacts","OPEN","docs/audit","Immediate"
"724","P1","Security and compliance closure","Dev 1 / Dev 5","Security and compliance closure Item 64","Close deploy/security warnings, harden settings, prove controls in artifacts","OPEN","docs/audit","Immediate"
"725","P1","Security and compliance closure","Dev 1 / Dev 5","Security and compliance closure Item 65","Close deploy/security warnings, harden settings, prove controls in artifacts","OPEN","docs/audit","Immediate"
"726","P1","Security and compliance closure","Dev 1 / Dev 5","Security and compliance closure Item 66","Close deploy/security warnings, harden settings, prove controls in artifacts","OPEN","docs/audit","Immediate"
"727","P1","Security and compliance closure","Dev 1 / Dev 5","Security and compliance closure Item 67","Close deploy/security warnings, harden settings, prove controls in artifacts","OPEN","docs/audit","Immediate"
"728","P1","Security and compliance closure","Dev 1 / Dev 5","Security and compliance closure Item 68","Close deploy/security warnings, harden settings, prove controls in artifacts","OPEN","docs/audit","Immediate"
"729","P1","Security and compliance closure","Dev 1 / Dev 5","Security and compliance closure Item 69","Close deploy/security warnings, harden settings, prove controls in artifacts","OPEN","docs/audit","Immediate"
"730","P1","Security and compliance closure","Dev 1 / Dev 5","Security and compliance closure Item 70","Close deploy/security warnings, harden settings, prove controls in artifacts","OPEN","docs/audit","Immediate"
"731","P1","Security and compliance closure","Dev 1 / Dev 5","Security and compliance closure Item 71","Close deploy/security warnings, harden settings, prove controls in artifacts","OPEN","docs/audit","Immediate"
"732","P1","Security and compliance closure","Dev 1 / Dev 5","Security and compliance closure Item 72","Close deploy/security warnings, harden settings, prove controls in artifacts","OPEN","docs/audit","Immediate"
"733","P1","Security and compliance closure","Dev 1 / Dev 5","Security and compliance closure Item 73","Close deploy/security warnings, harden settings, prove controls in artifacts","OPEN","docs/audit","Immediate"
"734","P1","Security and compliance closure","Dev 1 / Dev 5","Security and compliance closure Item 74","Close deploy/security warnings, harden settings, prove controls in artifacts","OPEN","docs/audit","Immediate"
"735","P1","Security and compliance closure","Dev 1 / Dev 5","Security and compliance closure Item 75","Close deploy/security warnings, harden settings, prove controls in artifacts","OPEN","docs/audit","Immediate"
"736","P1","Security and compliance closure","Dev 1 / Dev 5","Security and compliance closure Item 76","Close deploy/security warnings, harden settings, prove controls in artifacts","OPEN","docs/audit","Immediate"
"737","P1","Security and compliance closure","Dev 1 / Dev 5","Security and compliance closure Item 77","Close deploy/security warnings, harden settings, prove controls in artifacts","OPEN","docs/audit","Immediate"
"738","P1","Security and compliance closure","Dev 1 / Dev 5","Security and compliance closure Item 78","Close deploy/security warnings, harden settings, prove controls in artifacts","OPEN","docs/audit","Immediate"
"739","P1","Security and compliance closure","Dev 1 / Dev 5","Security and compliance closure Item 79","Close deploy/security warnings, harden settings, prove controls in artifacts","OPEN","docs/audit","Immediate"
"740","P1","Security and compliance closure","Dev 1 / Dev 5","Security and compliance closure Item 80","Close deploy/security warnings, harden settings, prove controls in artifacts","OPEN","docs/audit","Immediate"
"741","P1","Security and compliance closure","Dev 1 / Dev 5","Security and compliance closure Item 81","Close deploy/security warnings, harden settings, prove controls in artifacts","OPEN","docs/audit","Immediate"
"742","P1","Security and compliance closure","Dev 1 / Dev 5","Security and compliance closure Item 82","Close deploy/security warnings, harden settings, prove controls in artifacts","OPEN","docs/audit","Immediate"
"743","P1","Security and compliance closure","Dev 1 / Dev 5","Security and compliance closure Item 83","Close deploy/security warnings, harden settings, prove controls in artifacts","OPEN","docs/audit","Immediate"
