PriorityId,Severity,Category,OwnerLane,Title,RequiredAction,Status,EvidencePath,Target
1,P0,Azure production health failures,Dev 1 / Dev 5,Azure production health failures Item 1,Resolve failing health-watch and production runtime verification signals,OPEN,docs/audit,Immediate
2,P0,Azure production health failures,Dev 1 / Dev 5,Azure production health failures Item 2,Resolve failing health-watch and production runtime verification signals,OPEN,docs/audit,Immediate
3,P0,Azure production health failures,Dev 1 / Dev 5,Azure production health failures Item 3,Resolve failing health-watch and production runtime verification signals,OPEN,docs/audit,Immediate
4,P0,Azure production health failures,Dev 1 / Dev 5,Azure production health failures Item 4,Resolve failing health-watch and production runtime verification signals,OPEN,docs/audit,Immediate
5,P0,Azure production health failures,Dev 1 / Dev 5,Azure production health failures Item 5,Resolve failing health-watch and production runtime verification signals,OPEN,docs/audit,Immediate
6,P0,Azure production health failures,Dev 1 / Dev 5,Azure production health failures Item 6,Resolve failing health-watch and production runtime verification signals,OPEN,docs/audit,Immediate
7,P0,Azure production health failures,Dev 1 / Dev 5,Azure production health failures Item 7,Resolve failing health-watch and production runtime verification signals,OPEN,docs/audit,Immediate
8,P0,Azure production health failures,Dev 1 / Dev 5,Azure production health failures Item 8,Resolve failing health-watch and production runtime verification signals,OPEN,docs/audit,Immediate
9,P0,Azure production health failures,Dev 1 / Dev 5,Azure production health failures Item 9,Resolve failing health-watch and production runtime verification signals,OPEN,docs/audit,Immediate
10,P0,Azure production health failures,Dev 1 / Dev 5,Azure production health failures Item 10,Resolve failing health-watch and production runtime verification signals,OPEN,docs/audit,Immediate
11,P0,Azure production health failures,Dev 1 / Dev 5,Azure production health failures Item 11,Resolve failing health-watch and production runtime verification signals,OPEN,docs/audit,Immediate
12,P0,Azure production health failures,Dev 1 / Dev 5,Azure production health failures Item 12,Resolve failing health-watch and production runtime verification signals,OPEN,docs/audit,Immediate
13,P0,Azure production health failures,Dev 1 / Dev 5,Azure production health failures Item 13,Resolve failing health-watch and production runtime verification signals,OPEN,docs/audit,Immediate
14,P0,Azure production health failures,Dev 1 / Dev 5,Azure production health failures Item 14,Resolve failing health-watch and production runtime verification signals,OPEN,docs/audit,Immediate
15,P0,Azure production health failures,Dev 1 / Dev 5,Azure production health failures Item 15,Resolve failing health-watch and production runtime verification signals,OPEN,docs/audit,Immediate
16,P0,Azure production health failures,Dev 1 / Dev 5,Azure production health failures Item 16,Resolve failing health-watch and production runtime verification signals,OPEN,docs/audit,Immediate
17,P0,Azure production health failures,Dev 1 / Dev 5,Azure production health failures Item 17,Resolve failing health-watch and production runtime verification signals,OPEN,docs/audit,Immediate
18,P0,Azure production health failures,Dev 1 / Dev 5,Azure production health failures Item 18,Resolve failing health-watch and production runtime verification signals,OPEN,docs/audit,Immediate
19,P0,Azure production health failures,Dev 1 / Dev 5,Azure production health failures Item 19,Resolve failing health-watch and production runtime verification signals,OPEN,docs/audit,Immediate
20,P0,Azure production health failures,Dev 1 / Dev 5,Azure production health failures Item 20,Resolve failing health-watch and production runtime verification signals,OPEN,docs/audit,Immediate
21,P0,Azure production health failures,Dev 1 / Dev 5,Azure production health failures Item 21,Resolve failing health-watch and production runtime verification signals,OPEN,docs/audit,Immediate
22,P0,Azure production health failures,Dev 1 / Dev 5,Azure production health failures Item 22,Resolve failing health-watch and production runtime verification signals,OPEN,docs/audit,Immediate
23,P0,Azure production health failures,Dev 1 / Dev 5,Azure production health failures Item 23,Resolve failing health-watch and production runtime verification signals,OPEN,docs/audit,Immediate
24,P0,Azure production health failures,Dev 1 / Dev 5,Azure production health failures Item 24,Resolve failing health-watch and production runtime verification signals,OPEN,docs/audit,Immediate
25,P0,Azure production health failures,Dev 1 / Dev 5,Azure production health failures Item 25,Resolve failing health-watch and production runtime verification signals,OPEN,docs/audit,Immediate
26,P0,Azure production health failures,Dev 1 / Dev 5,Azure production health failures Item 26,Resolve failing health-watch and production runtime verification signals,OPEN,docs/audit,Immediate
27,P0,Azure production health failures,Dev 1 / Dev 5,Azure production health failures Item 27,Resolve failing health-watch and production runtime verification signals,OPEN,docs/audit,Immediate
28,P0,Azure production health failures,Dev 1 / Dev 5,Azure production health failures Item 28,Resolve failing health-watch and production runtime verification signals,OPEN,docs/audit,Immediate
29,P0,Azure production health failures,Dev 1 / Dev 5,Azure production health failures Item 29,Resolve failing health-watch and production runtime verification signals,OPEN,docs/audit,Immediate
30,P0,Azure production health failures,Dev 1 / Dev 5,Azure production health failures Item 30,Resolve failing health-watch and production runtime verification signals,OPEN,docs/audit,Immediate
31,P0,Azure production health failures,Dev 1 / Dev 5,Azure production health failures Item 31,Resolve failing health-watch and production runtime verification signals,OPEN,docs/audit,Immediate
32,P0,Azure production health failures,Dev 1 / Dev 5,Azure production health failures Item 32,Resolve failing health-watch and production runtime verification signals,OPEN,docs/audit,Immediate
33,P0,Azure production health failures,Dev 1 / Dev 5,Azure production health failures Item 33,Resolve failing health-watch and production runtime verification signals,OPEN,docs/audit,Immediate
34,P0,Azure production health failures,Dev 1 / Dev 5,Azure production health failures Item 34,Resolve failing health-watch and production runtime verification signals,OPEN,docs/audit,Immediate
35,P0,Azure production health failures,Dev 1 / Dev 5,Azure production health failures Item 35,Resolve failing health-watch and production runtime verification signals,OPEN,docs/audit,Immediate
36,P0,Azure production health failures,Dev 1 / Dev 5,Azure production health failures Item 36,Resolve failing health-watch and production runtime verification signals,OPEN,docs/audit,Immediate
37,P0,Azure production health failures,Dev 1 / Dev 5,Azure production health failures Item 37,Resolve failing health-watch and production runtime verification signals,OPEN,docs/audit,Immediate
38,P0,Azure production health failures,Dev 1 / Dev 5,Azure production health failures Item 38,Resolve failing health-watch and production runtime verification signals,OPEN,docs/audit,Immediate
39,P0,Azure production health failures,Dev 1 / Dev 5,Azure production health failures Item 39,Resolve failing health-watch and production runtime verification signals,OPEN,docs/audit,Immediate
40,P0,Azure production health failures,Dev 1 / Dev 5,Azure production health failures Item 40,Resolve failing health-watch and production runtime verification signals,OPEN,docs/audit,Immediate
41,P0,Azure production health failures,Dev 1 / Dev 5,Azure production health failures Item 41,Resolve failing health-watch and production runtime verification signals,OPEN,docs/audit,Immediate
42,P0,Azure production health failures,Dev 1 / Dev 5,Azure production health failures Item 42,Resolve failing health-watch and production runtime verification signals,OPEN,docs/audit,Immediate
43,P0,Azure production health failures,Dev 1 / Dev 5,Azure production health failures Item 43,Resolve failing health-watch and production runtime verification signals,OPEN,docs/audit,Immediate
44,P0,Azure production health failures,Dev 1 / Dev 5,Azure production health failures Item 44,Resolve failing health-watch and production runtime verification signals,OPEN,docs/audit,Immediate
45,P0,Azure production health failures,Dev 1 / Dev 5,Azure production health failures Item 45,Resolve failing health-watch and production runtime verification signals,OPEN,docs/audit,Immediate
46,P0,Azure production health failures,Dev 1 / Dev 5,Azure production health failures Item 46,Resolve failing health-watch and production runtime verification signals,OPEN,docs/audit,Immediate
47,P0,Azure production health failures,Dev 1 / Dev 5,Azure production health failures Item 47,Resolve failing health-watch and production runtime verification signals,OPEN,docs/audit,Immediate
48,P0,Azure production health failures,Dev 1 / Dev 5,Azure production health failures Item 48,Resolve failing health-watch and production runtime verification signals,OPEN,docs/audit,Immediate
49,P0,Azure production health failures,Dev 1 / Dev 5,Azure production health failures Item 49,Resolve failing health-watch and production runtime verification signals,OPEN,docs/audit,Immediate
50,P0,Azure production health failures,Dev 1 / Dev 5,Azure production health failures Item 50,Resolve failing health-watch and production runtime verification signals,OPEN,docs/audit,Immediate
51,P0,Azure production health failures,Dev 1 / Dev 5,Azure production health failures Item 51,Resolve failing health-watch and production runtime verification signals,OPEN,docs/audit,Immediate
52,P0,Azure production health failures,Dev 1 / Dev 5,Azure production health failures Item 52,Resolve failing health-watch and production runtime verification signals,OPEN,docs/audit,Immediate
53,P0,Azure production health failures,Dev 1 / Dev 5,Azure production health failures Item 53,Resolve failing health-watch and production runtime verification signals,OPEN,docs/audit,Immediate
54,P0,Azure production health failures,Dev 1 / Dev 5,Azure production health failures Item 54,Resolve failing health-watch and production runtime verification signals,OPEN,docs/audit,Immediate
55,P0,Azure production health failures,Dev 1 / Dev 5,Azure production health failures Item 55,Resolve failing health-watch and production runtime verification signals,OPEN,docs/audit,Immediate
56,P0,Azure production health failures,Dev 1 / Dev 5,Azure production health failures Item 56,Resolve failing health-watch and production runtime verification signals,OPEN,docs/audit,Immediate
57,P0,Azure production health failures,Dev 1 / Dev 5,Azure production health failures Item 57,Resolve failing health-watch and production runtime verification signals,OPEN,docs/audit,Immediate
58,P0,Azure production health failures,Dev 1 / Dev 5,Azure production health failures Item 58,Resolve failing health-watch and production runtime verification signals,OPEN,docs/audit,Immediate
59,P0,Azure production health failures,Dev 1 / Dev 5,Azure production health failures Item 59,Resolve failing health-watch and production runtime verification signals,OPEN,docs/audit,Immediate
60,P0,Azure production health failures,Dev 1 / Dev 5,Azure production health failures Item 60,Resolve failing health-watch and production runtime verification signals,OPEN,docs/audit,Immediate
61,P0,Azure production health failures,Dev 1 / Dev 5,Azure production health failures Item 61,Resolve failing health-watch and production runtime verification signals,OPEN,docs/audit,Immediate
62,P0,Azure production health failures,Dev 1 / Dev 5,Azure production health failures Item 62,Resolve failing health-watch and production runtime verification signals,OPEN,docs/audit,Immediate
63,P0,Azure production health failures,Dev 1 / Dev 5,Azure production health failures Item 63,Resolve failing health-watch and production runtime verification signals,OPEN,docs/audit,Immediate
64,P0,Azure production health failures,Dev 1 / Dev 5,Azure production health failures Item 64,Resolve failing health-watch and production runtime verification signals,OPEN,docs/audit,Immediate
65,P0,Azure production health failures,Dev 1 / Dev 5,Azure production health failures Item 65,Resolve failing health-watch and production runtime verification signals,OPEN,docs/audit,Immediate
66,P0,Azure production health failures,Dev 1 / Dev 5,Azure production health failures Item 66,Resolve failing health-watch and production runtime verification signals,OPEN,docs/audit,Immediate
67,P0,Azure production health failures,Dev 1 / Dev 5,Azure production health failures Item 67,Resolve failing health-watch and production runtime verification signals,OPEN,docs/audit,Immediate
68,P0,Azure production health failures,Dev 1 / Dev 5,Azure production health failures Item 68,Resolve failing health-watch and production runtime verification signals,OPEN,docs/audit,Immediate
69,P0,Azure production health failures,Dev 1 / Dev 5,Azure production health failures Item 69,Resolve failing health-watch and production runtime verification signals,OPEN,docs/audit,Immediate
70,P0,Azure production health failures,Dev 1 / Dev 5,Azure production health failures Item 70,Resolve failing health-watch and production runtime verification signals,OPEN,docs/audit,Immediate
71,P0,Azure production health failures,Dev 1 / Dev 5,Azure production health failures Item 71,Resolve failing health-watch and production runtime verification signals,OPEN,docs/audit,Immediate
72,P0,Azure production health failures,Dev 1 / Dev 5,Azure production health failures Item 72,Resolve failing health-watch and production runtime verification signals,OPEN,docs/audit,Immediate
73,P0,Azure production health failures,Dev 1 / Dev 5,Azure production health failures Item 73,Resolve failing health-watch and production runtime verification signals,OPEN,docs/audit,Immediate
74,P0,Azure production health failures,Dev 1 / Dev 5,Azure production health failures Item 74,Resolve failing health-watch and production runtime verification signals,OPEN,docs/audit,Immediate
75,P0,Azure production health failures,Dev 1 / Dev 5,Azure production health failures Item 75,Resolve failing health-watch and production runtime verification signals,OPEN,docs/audit,Immediate
76,P0,Azure production health failures,Dev 1 / Dev 5,Azure production health failures Item 76,Resolve failing health-watch and production runtime verification signals,OPEN,docs/audit,Immediate
77,P0,Azure production health failures,Dev 1 / Dev 5,Azure production health failures Item 77,Resolve failing health-watch and production runtime verification signals,OPEN,docs/audit,Immediate
78,P0,Azure production health failures,Dev 1 / Dev 5,Azure production health failures Item 78,Resolve failing health-watch and production runtime verification signals,OPEN,docs/audit,Immediate
79,P0,Azure production health failures,Dev 1 / Dev 5,Azure production health failures Item 79,Resolve failing health-watch and production runtime verification signals,OPEN,docs/audit,Immediate
80,P0,Azure production health failures,Dev 1 / Dev 5,Azure production health failures Item 80,Resolve failing health-watch and production runtime verification signals,OPEN,docs/audit,Immediate
81,P0,Azure production health failures,Dev 1 / Dev 5,Azure production health failures Item 81,Resolve failing health-watch and production runtime verification signals,OPEN,docs/audit,Immediate
82,P0,Azure production health failures,Dev 1 / Dev 5,Azure production health failures Item 82,Resolve failing health-watch and production runtime verification signals,OPEN,docs/audit,Immediate
83,P0,Azure production health failures,Dev 1 / Dev 5,Azure production health failures Item 83,Resolve failing health-watch and production runtime verification signals,OPEN,docs/audit,Immediate
84,P0,Azure production health failures,Dev 1 / Dev 5,Azure production health failures Item 84,Resolve failing health-watch and production runtime verification signals,OPEN,docs/audit,Immediate
85,P0,Azure production health failures,Dev 1 / Dev 5,Azure production health failures Item 85,Resolve failing health-watch and production runtime verification signals,OPEN,docs/audit,Immediate
86,P0,Azure production health failures,Dev 1 / Dev 5,Azure production health failures Item 86,Resolve failing health-watch and production runtime verification signals,OPEN,docs/audit,Immediate
87,P0,Azure production health failures,Dev 1 / Dev 5,Azure production health failures Item 87,Resolve failing health-watch and production runtime verification signals,OPEN,docs/audit,Immediate
88,P0,Azure production health failures,Dev 1 / Dev 5,Azure production health failures Item 88,Resolve failing health-watch and production runtime verification signals,OPEN,docs/audit,Immediate
89,P0,Azure production health failures,Dev 1 / Dev 5,Azure production health failures Item 89,Resolve failing health-watch and production runtime verification signals,OPEN,docs/audit,Immediate
90,P0,Azure production health failures,Dev 1 / Dev 5,Azure production health failures Item 90,Resolve failing health-watch and production runtime verification signals,OPEN,docs/audit,Immediate
91,P0,Azure production health failures,Dev 1 / Dev 5,Azure production health failures Item 91,Resolve failing health-watch and production runtime verification signals,OPEN,docs/audit,Immediate
92,P0,Azure production health failures,Dev 1 / Dev 5,Azure production health failures Item 92,Resolve failing health-watch and production runtime verification signals,OPEN,docs/audit,Immediate
93,P0,Azure production health failures,Dev 1 / Dev 5,Azure production health failures Item 93,Resolve failing health-watch and production runtime verification signals,OPEN,docs/audit,Immediate
94,P0,Azure production health failures,Dev 1 / Dev 5,Azure production health failures Item 94,Resolve failing health-watch and production runtime verification signals,OPEN,docs/audit,Immediate
95,P0,Azure production health failures,Dev 1 / Dev 5,Azure production health failures Item 95,Resolve failing health-watch and production runtime verification signals,OPEN,docs/audit,Immediate
96,P0,Azure production health failures,Dev 1 / Dev 5,Azure production health failures Item 96,Resolve failing health-watch and production runtime verification signals,OPEN,docs/audit,Immediate
97,P0,Azure production health failures,Dev 1 / Dev 5,Azure production health failures Item 97,Resolve failing health-watch and production runtime verification signals,OPEN,docs/audit,Immediate
98,P0,Azure production health failures,Dev 1 / Dev 5,Azure production health failures Item 98,Resolve failing health-watch and production runtime verification signals,OPEN,docs/audit,Immediate
99,P0,Azure production health failures,Dev 1 / Dev 5,Azure production health failures Item 99,Resolve failing health-watch and production runtime verification signals,OPEN,docs/audit,Immediate
100,P0,Azure production health failures,Dev 1 / Dev 5,Azure production health failures Item 100,Resolve failing health-watch and production runtime verification signals,OPEN,docs/audit,Immediate
101,P0,Azure production health failures,Dev 1 / Dev 5,Azure production health failures Item 101,Resolve failing health-watch and production runtime verification signals,OPEN,docs/audit,Immediate
102,P0,Azure production health failures,Dev 1 / Dev 5,Azure production health failures Item 102,Resolve failing health-watch and production runtime verification signals,OPEN,docs/audit,Immediate
103,P0,Azure production health failures,Dev 1 / Dev 5,Azure production health failures Item 103,Resolve failing health-watch and production runtime verification signals,OPEN,docs/audit,Immediate
104,P0,Azure production health failures,Dev 1 / Dev 5,Azure production health failures Item 104,Resolve failing health-watch and production runtime verification signals,OPEN,docs/audit,Immediate
105,P0,Azure production health failures,Dev 1 / Dev 5,Azure production health failures Item 105,Resolve failing health-watch and production runtime verification signals,OPEN,docs/audit,Immediate
106,P0,Azure production health failures,Dev 1 / Dev 5,Azure production health failures Item 106,Resolve failing health-watch and production runtime verification signals,OPEN,docs/audit,Immediate
107,P0,Azure production health failures,Dev 1 / Dev 5,Azure production health failures Item 107,Resolve failing health-watch and production runtime verification signals,OPEN,docs/audit,Immediate
108,P0,Azure production health failures,Dev 1 / Dev 5,Azure production health failures Item 108,Resolve failing health-watch and production runtime verification signals,OPEN,docs/audit,Immediate
109,P0,Azure production health failures,Dev 1 / Dev 5,Azure production health failures Item 109,Resolve failing health-watch and production runtime verification signals,OPEN,docs/audit,Immediate
110,P0,Azure production health failures,Dev 1 / Dev 5,Azure production health failures Item 110,Resolve failing health-watch and production runtime verification signals,OPEN,docs/audit,Immediate
111,P0,Azure production health failures,Dev 1 / Dev 5,Azure production health failures Item 111,Resolve failing health-watch and production runtime verification signals,OPEN,docs/audit,Immediate
112,P0,Azure production health failures,Dev 1 / Dev 5,Azure production health failures Item 112,Resolve failing health-watch and production runtime verification signals,OPEN,docs/audit,Immediate
113,P0,Azure production health failures,Dev 1 / Dev 5,Azure production health failures Item 113,Resolve failing health-watch and production runtime verification signals,OPEN,docs/audit,Immediate
114,P0,Azure production health failures,Dev 1 / Dev 5,Azure production health failures Item 114,Resolve failing health-watch and production runtime verification signals,OPEN,docs/audit,Immediate
115,P0,Azure production health failures,Dev 1 / Dev 5,Azure production health failures Item 115,Resolve failing health-watch and production runtime verification signals,OPEN,docs/audit,Immediate
116,P0,Azure production health failures,Dev 1 / Dev 5,Azure production health failures Item 116,Resolve failing health-watch and production runtime verification signals,OPEN,docs/audit,Immediate
117,P0,Azure production health failures,Dev 1 / Dev 5,Azure production health failures Item 117,Resolve failing health-watch and production runtime verification signals,OPEN,docs/audit,Immediate
118,P0,Azure production health failures,Dev 1 / Dev 5,Azure production health failures Item 118,Resolve failing health-watch and production runtime verification signals,OPEN,docs/audit,Immediate
119,P0,Azure production health failures,Dev 1 / Dev 5,Azure production health failures Item 119,Resolve failing health-watch and production runtime verification signals,OPEN,docs/audit,Immediate
120,P0,Azure production health failures,Dev 1 / Dev 5,Azure production health failures Item 120,Resolve failing health-watch and production runtime verification signals,OPEN,docs/audit,Immediate
121,P0,CI/CD workflow hardening and pinning,Dev 1 / Dev 5,CI/CD workflow hardening and pinning Item 1,"Pin actions, enforce immutable tooling, and close action_required gates",OPEN,docs/audit,Immediate
122,P0,CI/CD workflow hardening and pinning,Dev 1 / Dev 5,CI/CD workflow hardening and pinning Item 2,"Pin actions, enforce immutable tooling, and close action_required gates",OPEN,docs/audit,Immediate
123,P0,CI/CD workflow hardening and pinning,Dev 1 / Dev 5,CI/CD workflow hardening and pinning Item 3,"Pin actions, enforce immutable tooling, and close action_required gates",OPEN,docs/audit,Immediate
124,P0,CI/CD workflow hardening and pinning,Dev 1 / Dev 5,CI/CD workflow hardening and pinning Item 4,"Pin actions, enforce immutable tooling, and close action_required gates",OPEN,docs/audit,Immediate
125,P0,CI/CD workflow hardening and pinning,Dev 1 / Dev 5,CI/CD workflow hardening and pinning Item 5,"Pin actions, enforce immutable tooling, and close action_required gates",OPEN,docs/audit,Immediate
126,P0,CI/CD workflow hardening and pinning,Dev 1 / Dev 5,CI/CD workflow hardening and pinning Item 6,"Pin actions, enforce immutable tooling, and close action_required gates",OPEN,docs/audit,Immediate
127,P0,CI/CD workflow hardening and pinning,Dev 1 / Dev 5,CI/CD workflow hardening and pinning Item 7,"Pin actions, enforce immutable tooling, and close action_required gates",OPEN,docs/audit,Immediate
128,P0,CI/CD workflow hardening and pinning,Dev 1 / Dev 5,CI/CD workflow hardening and pinning Item 8,"Pin actions, enforce immutable tooling, and close action_required gates",OPEN,docs/audit,Immediate
129,P0,CI/CD workflow hardening and pinning,Dev 1 / Dev 5,CI/CD workflow hardening and pinning Item 9,"Pin actions, enforce immutable tooling, and close action_required gates",OPEN,docs/audit,Immediate
130,P0,CI/CD workflow hardening and pinning,Dev 1 / Dev 5,CI/CD workflow hardening and pinning Item 10,"Pin actions, enforce immutable tooling, and close action_required gates",OPEN,docs/audit,Immediate
131,P0,CI/CD workflow hardening and pinning,Dev 1 / Dev 5,CI/CD workflow hardening and pinning Item 11,"Pin actions, enforce immutable tooling, and close action_required gates",OPEN,docs/audit,Immediate
132,P0,CI/CD workflow hardening and pinning,Dev 1 / Dev 5,CI/CD workflow hardening and pinning Item 12,"Pin actions, enforce immutable tooling, and close action_required gates",OPEN,docs/audit,Immediate
133,P0,CI/CD workflow hardening and pinning,Dev 1 / Dev 5,CI/CD workflow hardening and pinning Item 13,"Pin actions, enforce immutable tooling, and close action_required gates",OPEN,docs/audit,Immediate
134,P0,CI/CD workflow hardening and pinning,Dev 1 / Dev 5,CI/CD workflow hardening and pinning Item 14,"Pin actions, enforce immutable tooling, and close action_required gates",OPEN,docs/audit,Immediate
135,P0,CI/CD workflow hardening and pinning,Dev 1 / Dev 5,CI/CD workflow hardening and pinning Item 15,"Pin actions, enforce immutable tooling, and close action_required gates",OPEN,docs/audit,Immediate
136,P0,CI/CD workflow hardening and pinning,Dev 1 / Dev 5,CI/CD workflow hardening and pinning Item 16,"Pin actions, enforce immutable tooling, and close action_required gates",OPEN,docs/audit,Immediate
137,P0,CI/CD workflow hardening and pinning,Dev 1 / Dev 5,CI/CD workflow hardening and pinning Item 17,"Pin actions, enforce immutable tooling, and close action_required gates",OPEN,docs/audit,Immediate
138,P0,CI/CD workflow hardening and pinning,Dev 1 / Dev 5,CI/CD workflow hardening and pinning Item 18,"Pin actions, enforce immutable tooling, and close action_required gates",OPEN,docs/audit,Immediate
139,P0,CI/CD workflow hardening and pinning,Dev 1 / Dev 5,CI/CD workflow hardening and pinning Item 19,"Pin actions, enforce immutable tooling, and close action_required gates",OPEN,docs/audit,Immediate
140,P0,CI/CD workflow hardening and pinning,Dev 1 / Dev 5,CI/CD workflow hardening and pinning Item 20,"Pin actions, enforce immutable tooling, and close action_required gates",OPEN,docs/audit,Immediate
141,P0,CI/CD workflow hardening and pinning,Dev 1 / Dev 5,CI/CD workflow hardening and pinning Item 21,"Pin actions, enforce immutable tooling, and close action_required gates",OPEN,docs/audit,Immediate
142,P0,CI/CD workflow hardening and pinning,Dev 1 / Dev 5,CI/CD workflow hardening and pinning Item 22,"Pin actions, enforce immutable tooling, and close action_required gates",OPEN,docs/audit,Immediate
143,P0,CI/CD workflow hardening and pinning,Dev 1 / Dev 5,CI/CD workflow hardening and pinning Item 23,"Pin actions, enforce immutable tooling, and close action_required gates",OPEN,docs/audit,Immediate
144,P0,CI/CD workflow hardening and pinning,Dev 1 / Dev 5,CI/CD workflow hardening and pinning Item 24,"Pin actions, enforce immutable tooling, and close action_required gates",OPEN,docs/audit,Immediate
145,P0,CI/CD workflow hardening and pinning,Dev 1 / Dev 5,CI/CD workflow hardening and pinning Item 25,"Pin actions, enforce immutable tooling, and close action_required gates",OPEN,docs/audit,Immediate
146,P0,CI/CD workflow hardening and pinning,Dev 1 / Dev 5,CI/CD workflow hardening and pinning Item 26,"Pin actions, enforce immutable tooling, and close action_required gates",OPEN,docs/audit,Immediate
147,P0,CI/CD workflow hardening and pinning,Dev 1 / Dev 5,CI/CD workflow hardening and pinning Item 27,"Pin actions, enforce immutable tooling, and close action_required gates",OPEN,docs/audit,Immediate
148,P0,CI/CD workflow hardening and pinning,Dev 1 / Dev 5,CI/CD workflow hardening and pinning Item 28,"Pin actions, enforce immutable tooling, and close action_required gates",OPEN,docs/audit,Immediate
149,P0,CI/CD workflow hardening and pinning,Dev 1 / Dev 5,CI/CD workflow hardening and pinning Item 29,"Pin actions, enforce immutable tooling, and close action_required gates",OPEN,docs/audit,Immediate
150,P0,CI/CD workflow hardening and pinning,Dev 1 / Dev 5,CI/CD workflow hardening and pinning Item 30,"Pin actions, enforce immutable tooling, and close action_required gates",OPEN,docs/audit,Immediate
151,P0,CI/CD workflow hardening and pinning,Dev 1 / Dev 5,CI/CD workflow hardening and pinning Item 31,"Pin actions, enforce immutable tooling, and close action_required gates",OPEN,docs/audit,Immediate
152,P0,CI/CD workflow hardening and pinning,Dev 1 / Dev 5,CI/CD workflow hardening and pinning Item 32,"Pin actions, enforce immutable tooling, and close action_required gates",OPEN,docs/audit,Immediate
153,P0,CI/CD workflow hardening and pinning,Dev 1 / Dev 5,CI/CD workflow hardening and pinning Item 33,"Pin actions, enforce immutable tooling, and close action_required gates",OPEN,docs/audit,Immediate
154,P0,CI/CD workflow hardening and pinning,Dev 1 / Dev 5,CI/CD workflow hardening and pinning Item 34,"Pin actions, enforce immutable tooling, and close action_required gates",OPEN,docs/audit,Immediate
155,P0,CI/CD workflow hardening and pinning,Dev 1 / Dev 5,CI/CD workflow hardening and pinning Item 35,"Pin actions, enforce immutable tooling, and close action_required gates",OPEN,docs/audit,Immediate
156,P0,CI/CD workflow hardening and pinning,Dev 1 / Dev 5,CI/CD workflow hardening and pinning Item 36,"Pin actions, enforce immutable tooling, and close action_required gates",OPEN,docs/audit,Immediate
157,P0,CI/CD workflow hardening and pinning,Dev 1 / Dev 5,CI/CD workflow hardening and pinning Item 37,"Pin actions, enforce immutable tooling, and close action_required gates",OPEN,docs/audit,Immediate
158,P0,CI/CD workflow hardening and pinning,Dev 1 / Dev 5,CI/CD workflow hardening and pinning Item 38,"Pin actions, enforce immutable tooling, and close action_required gates",OPEN,docs/audit,Immediate
159,P0,CI/CD workflow hardening and pinning,Dev 1 / Dev 5,CI/CD workflow hardening and pinning Item 39,"Pin actions, enforce immutable tooling, and close action_required gates",OPEN,docs/audit,Immediate
160,P0,CI/CD workflow hardening and pinning,Dev 1 / Dev 5,CI/CD workflow hardening and pinning Item 40,"Pin actions, enforce immutable tooling, and close action_required gates",OPEN,docs/audit,Immediate
161,P0,CI/CD workflow hardening and pinning,Dev 1 / Dev 5,CI/CD workflow hardening and pinning Item 41,"Pin actions, enforce immutable tooling, and close action_required gates",OPEN,docs/audit,Immediate
162,P0,CI/CD workflow hardening and pinning,Dev 1 / Dev 5,CI/CD workflow hardening and pinning Item 42,"Pin actions, enforce immutable tooling, and close action_required gates",OPEN,docs/audit,Immediate
163,P0,CI/CD workflow hardening and pinning,Dev 1 / Dev 5,CI/CD workflow hardening and pinning Item 43,"Pin actions, enforce immutable tooling, and close action_required gates",OPEN,docs/audit,Immediate
164,P0,CI/CD workflow hardening and pinning,Dev 1 / Dev 5,CI/CD workflow hardening and pinning Item 44,"Pin actions, enforce immutable tooling, and close action_required gates",OPEN,docs/audit,Immediate
165,P0,CI/CD workflow hardening and pinning,Dev 1 / Dev 5,CI/CD workflow hardening and pinning Item 45,"Pin actions, enforce immutable tooling, and close action_required gates",OPEN,docs/audit,Immediate
166,P0,CI/CD workflow hardening and pinning,Dev 1 / Dev 5,CI/CD workflow hardening and pinning Item 46,"Pin actions, enforce immutable tooling, and close action_required gates",OPEN,docs/audit,Immediate
167,P0,CI/CD workflow hardening and pinning,Dev 1 / Dev 5,CI/CD workflow hardening and pinning Item 47,"Pin actions, enforce immutable tooling, and close action_required gates",OPEN,docs/audit,Immediate
168,P0,CI/CD workflow hardening and pinning,Dev 1 / Dev 5,CI/CD workflow hardening and pinning Item 48,"Pin actions, enforce immutable tooling, and close action_required gates",OPEN,docs/audit,Immediate
169,P0,CI/CD workflow hardening and pinning,Dev 1 / Dev 5,CI/CD workflow hardening and pinning Item 49,"Pin actions, enforce immutable tooling, and close action_required gates",OPEN,docs/audit,Immediate
170,P0,CI/CD workflow hardening and pinning,Dev 1 / Dev 5,CI/CD workflow hardening and pinning Item 50,"Pin actions, enforce immutable tooling, and close action_required gates",OPEN,docs/audit,Immediate
171,P0,CI/CD workflow hardening and pinning,Dev 1 / Dev 5,CI/CD workflow hardening and pinning Item 51,"Pin actions, enforce immutable tooling, and close action_required gates",OPEN,docs/audit,Immediate
172,P0,CI/CD workflow hardening and pinning,Dev 1 / Dev 5,CI/CD workflow hardening and pinning Item 52,"Pin actions, enforce immutable tooling, and close action_required gates",OPEN,docs/audit,Immediate
173,P0,CI/CD workflow hardening and pinning,Dev 1 / Dev 5,CI/CD workflow hardening and pinning Item 53,"Pin actions, enforce immutable tooling, and close action_required gates",OPEN,docs/audit,Immediate
174,P0,CI/CD workflow hardening and pinning,Dev 1 / Dev 5,CI/CD workflow hardening and pinning Item 54,"Pin actions, enforce immutable tooling, and close action_required gates",OPEN,docs/audit,Immediate
175,P0,CI/CD workflow hardening and pinning,Dev 1 / Dev 5,CI/CD workflow hardening and pinning Item 55,"Pin actions, enforce immutable tooling, and close action_required gates",OPEN,docs/audit,Immediate
176,P0,CI/CD workflow hardening and pinning,Dev 1 / Dev 5,CI/CD workflow hardening and pinning Item 56,"Pin actions, enforce immutable tooling, and close action_required gates",OPEN,docs/audit,Immediate
177,P0,CI/CD workflow hardening and pinning,Dev 1 / Dev 5,CI/CD workflow hardening and pinning Item 57,"Pin actions, enforce immutable tooling, and close action_required gates",OPEN,docs/audit,Immediate
178,P0,CI/CD workflow hardening and pinning,Dev 1 / Dev 5,CI/CD workflow hardening and pinning Item 58,"Pin actions, enforce immutable tooling, and close action_required gates",OPEN,docs/audit,Immediate
179,P0,CI/CD workflow hardening and pinning,Dev 1 / Dev 5,CI/CD workflow hardening and pinning Item 59,"Pin actions, enforce immutable tooling, and close action_required gates",OPEN,docs/audit,Immediate
180,P0,CI/CD workflow hardening and pinning,Dev 1 / Dev 5,CI/CD workflow hardening and pinning Item 60,"Pin actions, enforce immutable tooling, and close action_required gates",OPEN,docs/audit,Immediate
181,P0,CI/CD workflow hardening and pinning,Dev 1 / Dev 5,CI/CD workflow hardening and pinning Item 61,"Pin actions, enforce immutable tooling, and close action_required gates",OPEN,docs/audit,Immediate
182,P0,CI/CD workflow hardening and pinning,Dev 1 / Dev 5,CI/CD workflow hardening and pinning Item 62,"Pin actions, enforce immutable tooling, and close action_required gates",OPEN,docs/audit,Immediate
183,P0,CI/CD workflow hardening and pinning,Dev 1 / Dev 5,CI/CD workflow hardening and pinning Item 63,"Pin actions, enforce immutable tooling, and close action_required gates",OPEN,docs/audit,Immediate
184,P0,CI/CD workflow hardening and pinning,Dev 1 / Dev 5,CI/CD workflow hardening and pinning Item 64,"Pin actions, enforce immutable tooling, and close action_required gates",OPEN,docs/audit,Immediate
185,P0,CI/CD workflow hardening and pinning,Dev 1 / Dev 5,CI/CD workflow hardening and pinning Item 65,"Pin actions, enforce immutable tooling, and close action_required gates",OPEN,docs/audit,Immediate
186,P0,CI/CD workflow hardening and pinning,Dev 1 / Dev 5,CI/CD workflow hardening and pinning Item 66,"Pin actions, enforce immutable tooling, and close action_required gates",OPEN,docs/audit,Immediate
187,P0,CI/CD workflow hardening and pinning,Dev 1 / Dev 5,CI/CD workflow hardening and pinning Item 67,"Pin actions, enforce immutable tooling, and close action_required gates",OPEN,docs/audit,Immediate
188,P0,CI/CD workflow hardening and pinning,Dev 1 / Dev 5,CI/CD workflow hardening and pinning Item 68,"Pin actions, enforce immutable tooling, and close action_required gates",OPEN,docs/audit,Immediate
189,P0,CI/CD workflow hardening and pinning,Dev 1 / Dev 5,CI/CD workflow hardening and pinning Item 69,"Pin actions, enforce immutable tooling, and close action_required gates",OPEN,docs/audit,Immediate
190,P0,CI/CD workflow hardening and pinning,Dev 1 / Dev 5,CI/CD workflow hardening and pinning Item 70,"Pin actions, enforce immutable tooling, and close action_required gates",OPEN,docs/audit,Immediate
191,P0,CI/CD workflow hardening and pinning,Dev 1 / Dev 5,CI/CD workflow hardening and pinning Item 71,"Pin actions, enforce immutable tooling, and close action_required gates",OPEN,docs/audit,Immediate
192,P0,CI/CD workflow hardening and pinning,Dev 1 / Dev 5,CI/CD workflow hardening and pinning Item 72,"Pin actions, enforce immutable tooling, and close action_required gates",OPEN,docs/audit,Immediate
193,P0,CI/CD workflow hardening and pinning,Dev 1 / Dev 5,CI/CD workflow hardening and pinning Item 73,"Pin actions, enforce immutable tooling, and close action_required gates",OPEN,docs/audit,Immediate
194,P0,CI/CD workflow hardening and pinning,Dev 1 / Dev 5,CI/CD workflow hardening and pinning Item 74,"Pin actions, enforce immutable tooling, and close action_required gates",OPEN,docs/audit,Immediate
195,P0,CI/CD workflow hardening and pinning,Dev 1 / Dev 5,CI/CD workflow hardening and pinning Item 75,"Pin actions, enforce immutable tooling, and close action_required gates",OPEN,docs/audit,Immediate
196,P0,CI/CD workflow hardening and pinning,Dev 1 / Dev 5,CI/CD workflow hardening and pinning Item 76,"Pin actions, enforce immutable tooling, and close action_required gates",OPEN,docs/audit,Immediate
197,P0,CI/CD workflow hardening and pinning,Dev 1 / Dev 5,CI/CD workflow hardening and pinning Item 77,"Pin actions, enforce immutable tooling, and close action_required gates",OPEN,docs/audit,Immediate
198,P0,CI/CD workflow hardening and pinning,Dev 1 / Dev 5,CI/CD workflow hardening and pinning Item 78,"Pin actions, enforce immutable tooling, and close action_required gates",OPEN,docs/audit,Immediate
199,P0,CI/CD workflow hardening and pinning,Dev 1 / Dev 5,CI/CD workflow hardening and pinning Item 79,"Pin actions, enforce immutable tooling, and close action_required gates",OPEN,docs/audit,Immediate
200,P0,CI/CD workflow hardening and pinning,Dev 1 / Dev 5,CI/CD workflow hardening and pinning Item 80,"Pin actions, enforce immutable tooling, and close action_required gates",OPEN,docs/audit,Immediate
201,P0,CI/CD workflow hardening and pinning,Dev 1 / Dev 5,CI/CD workflow hardening and pinning Item 81,"Pin actions, enforce immutable tooling, and close action_required gates",OPEN,docs/audit,Immediate
202,P0,CI/CD workflow hardening and pinning,Dev 1 / Dev 5,CI/CD workflow hardening and pinning Item 82,"Pin actions, enforce immutable tooling, and close action_required gates",OPEN,docs/audit,Immediate
203,P0,CI/CD workflow hardening and pinning,Dev 1 / Dev 5,CI/CD workflow hardening and pinning Item 83,"Pin actions, enforce immutable tooling, and close action_required gates",OPEN,docs/audit,Immediate
204,P0,CI/CD workflow hardening and pinning,Dev 1 / Dev 5,CI/CD workflow hardening and pinning Item 84,"Pin actions, enforce immutable tooling, and close action_required gates",OPEN,docs/audit,Immediate
205,P0,CI/CD workflow hardening and pinning,Dev 1 / Dev 5,CI/CD workflow hardening and pinning Item 85,"Pin actions, enforce immutable tooling, and close action_required gates",OPEN,docs/audit,Immediate
206,P0,CI/CD workflow hardening and pinning,Dev 1 / Dev 5,CI/CD workflow hardening and pinning Item 86,"Pin actions, enforce immutable tooling, and close action_required gates",OPEN,docs/audit,Immediate
207,P0,CI/CD workflow hardening and pinning,Dev 1 / Dev 5,CI/CD workflow hardening and pinning Item 87,"Pin actions, enforce immutable tooling, and close action_required gates",OPEN,docs/audit,Immediate
208,P0,CI/CD workflow hardening and pinning,Dev 1 / Dev 5,CI/CD workflow hardening and pinning Item 88,"Pin actions, enforce immutable tooling, and close action_required gates",OPEN,docs/audit,Immediate
209,P0,CI/CD workflow hardening and pinning,Dev 1 / Dev 5,CI/CD workflow hardening and pinning Item 89,"Pin actions, enforce immutable tooling, and close action_required gates",OPEN,docs/audit,Immediate
210,P0,CI/CD workflow hardening and pinning,Dev 1 / Dev 5,CI/CD workflow hardening and pinning Item 90,"Pin actions, enforce immutable tooling, and close action_required gates",OPEN,docs/audit,Immediate
211,P0,CI/CD workflow hardening and pinning,Dev 1 / Dev 5,CI/CD workflow hardening and pinning Item 91,"Pin actions, enforce immutable tooling, and close action_required gates",OPEN,docs/audit,Immediate
212,P0,CI/CD workflow hardening and pinning,Dev 1 / Dev 5,CI/CD workflow hardening and pinning Item 92,"Pin actions, enforce immutable tooling, and close action_required gates",OPEN,docs/audit,Immediate
213,P0,CI/CD workflow hardening and pinning,Dev 1 / Dev 5,CI/CD workflow hardening and pinning Item 93,"Pin actions, enforce immutable tooling, and close action_required gates",OPEN,docs/audit,Immediate
214,P0,CI/CD workflow hardening and pinning,Dev 1 / Dev 5,CI/CD workflow hardening and pinning Item 94,"Pin actions, enforce immutable tooling, and close action_required gates",OPEN,docs/audit,Immediate
215,P0,CI/CD workflow hardening and pinning,Dev 1 / Dev 5,CI/CD workflow hardening and pinning Item 95,"Pin actions, enforce immutable tooling, and close action_required gates",OPEN,docs/audit,Immediate
216,P0,CI/CD workflow hardening and pinning,Dev 1 / Dev 5,CI/CD workflow hardening and pinning Item 96,"Pin actions, enforce immutable tooling, and close action_required gates",OPEN,docs/audit,Immediate
217,P0,CI/CD workflow hardening and pinning,Dev 1 / Dev 5,CI/CD workflow hardening and pinning Item 97,"Pin actions, enforce immutable tooling, and close action_required gates",OPEN,docs/audit,Immediate
218,P0,CI/CD workflow hardening and pinning,Dev 1 / Dev 5,CI/CD workflow hardening and pinning Item 98,"Pin actions, enforce immutable tooling, and close action_required gates",OPEN,docs/audit,Immediate
219,P0,CI/CD workflow hardening and pinning,Dev 1 / Dev 5,CI/CD workflow hardening and pinning Item 99,"Pin actions, enforce immutable tooling, and close action_required gates",OPEN,docs/audit,Immediate
220,P0,CI/CD workflow hardening and pinning,Dev 1 / Dev 5,CI/CD workflow hardening and pinning Item 100,"Pin actions, enforce immutable tooling, and close action_required gates",OPEN,docs/audit,Immediate
221,P0,CI/CD workflow hardening and pinning,Dev 1 / Dev 5,CI/CD workflow hardening and pinning Item 101,"Pin actions, enforce immutable tooling, and close action_required gates",OPEN,docs/audit,Immediate
222,P0,CI/CD workflow hardening and pinning,Dev 1 / Dev 5,CI/CD workflow hardening and pinning Item 102,"Pin actions, enforce immutable tooling, and close action_required gates",OPEN,docs/audit,Immediate
223,P0,CI/CD workflow hardening and pinning,Dev 1 / Dev 5,CI/CD workflow hardening and pinning Item 103,"Pin actions, enforce immutable tooling, and close action_required gates",OPEN,docs/audit,Immediate
224,P0,CI/CD workflow hardening and pinning,Dev 1 / Dev 5,CI/CD workflow hardening and pinning Item 104,"Pin actions, enforce immutable tooling, and close action_required gates",OPEN,docs/audit,Immediate
225,P0,CI/CD workflow hardening and pinning,Dev 1 / Dev 5,CI/CD workflow hardening and pinning Item 105,"Pin actions, enforce immutable tooling, and close action_required gates",OPEN,docs/audit,Immediate
226,P0,CI/CD workflow hardening and pinning,Dev 1 / Dev 5,CI/CD workflow hardening and pinning Item 106,"Pin actions, enforce immutable tooling, and close action_required gates",OPEN,docs/audit,Immediate
227,P0,CI/CD workflow hardening and pinning,Dev 1 / Dev 5,CI/CD workflow hardening and pinning Item 107,"Pin actions, enforce immutable tooling, and close action_required gates",OPEN,docs/audit,Immediate
228,P0,CI/CD workflow hardening and pinning,Dev 1 / Dev 5,CI/CD workflow hardening and pinning Item 108,"Pin actions, enforce immutable tooling, and close action_required gates",OPEN,docs/audit,Immediate
229,P0,CI/CD workflow hardening and pinning,Dev 1 / Dev 5,CI/CD workflow hardening and pinning Item 109,"Pin actions, enforce immutable tooling, and close action_required gates",OPEN,docs/audit,Immediate
230,P0,CI/CD workflow hardening and pinning,Dev 1 / Dev 5,CI/CD workflow hardening and pinning Item 110,"Pin actions, enforce immutable tooling, and close action_required gates",OPEN,docs/audit,Immediate
231,P0,CI/CD workflow hardening and pinning,Dev 1 / Dev 5,CI/CD workflow hardening and pinning Item 111,"Pin actions, enforce immutable tooling, and close action_required gates",OPEN,docs/audit,Immediate
232,P0,CI/CD workflow hardening and pinning,Dev 1 / Dev 5,CI/CD workflow hardening and pinning Item 112,"Pin actions, enforce immutable tooling, and close action_required gates",OPEN,docs/audit,Immediate
233,P0,CI/CD workflow hardening and pinning,Dev 1 / Dev 5,CI/CD workflow hardening and pinning Item 113,"Pin actions, enforce immutable tooling, and close action_required gates",OPEN,docs/audit,Immediate
234,P0,CI/CD workflow hardening and pinning,Dev 1 / Dev 5,CI/CD workflow hardening and pinning Item 114,"Pin actions, enforce immutable tooling, and close action_required gates",OPEN,docs/audit,Immediate
235,P0,CI/CD workflow hardening and pinning,Dev 1 / Dev 5,CI/CD workflow hardening and pinning Item 115,"Pin actions, enforce immutable tooling, and close action_required gates",OPEN,docs/audit,Immediate
236,P0,CI/CD workflow hardening and pinning,Dev 1 / Dev 5,CI/CD workflow hardening and pinning Item 116,"Pin actions, enforce immutable tooling, and close action_required gates",OPEN,docs/audit,Immediate
237,P0,CI/CD workflow hardening and pinning,Dev 1 / Dev 5,CI/CD workflow hardening and pinning Item 117,"Pin actions, enforce immutable tooling, and close action_required gates",OPEN,docs/audit,Immediate
238,P0,CI/CD workflow hardening and pinning,Dev 1 / Dev 5,CI/CD workflow hardening and pinning Item 118,"Pin actions, enforce immutable tooling, and close action_required gates",OPEN,docs/audit,Immediate
239,P0,CI/CD workflow hardening and pinning,Dev 1 / Dev 5,CI/CD workflow hardening and pinning Item 119,"Pin actions, enforce immutable tooling, and close action_required gates",OPEN,docs/audit,Immediate
240,P0,CI/CD workflow hardening and pinning,Dev 1 / Dev 5,CI/CD workflow hardening and pinning Item 120,"Pin actions, enforce immutable tooling, and close action_required gates",OPEN,docs/audit,Immediate
241,P0,API route and tenant-safety verification,Dev 1 / Dev 2 / Dev 3,API route and tenant-safety verification Item 1,"Audit every route for auth, tenant, and contract correctness",OPEN,docs/audit,Immediate
242,P0,API route and tenant-safety verification,Dev 1 / Dev 2 / Dev 3,API route and tenant-safety verification Item 2,"Audit every route for auth, tenant, and contract correctness",OPEN,docs/audit,Immediate
243,P0,API route and tenant-safety verification,Dev 1 / Dev 2 / Dev 3,API route and tenant-safety verification Item 3,"Audit every route for auth, tenant, and contract correctness",OPEN,docs/audit,Immediate
244,P0,API route and tenant-safety verification,Dev 1 / Dev 2 / Dev 3,API route and tenant-safety verification Item 4,"Audit every route for auth, tenant, and contract correctness",OPEN,docs/audit,Immediate
245,P0,API route and tenant-safety verification,Dev 1 / Dev 2 / Dev 3,API route and tenant-safety verification Item 5,"Audit every route for auth, tenant, and contract correctness",OPEN,docs/audit,Immediate
246,P0,API route and tenant-safety verification,Dev 1 / Dev 2 / Dev 3,API route and tenant-safety verification Item 6,"Audit every route for auth, tenant, and contract correctness",OPEN,docs/audit,Immediate
247,P0,API route and tenant-safety verification,Dev 1 / Dev 2 / Dev 3,API route and tenant-safety verification Item 7,"Audit every route for auth, tenant, and contract correctness",OPEN,docs/audit,Immediate
248,P0,API route and tenant-safety verification,Dev 1 / Dev 2 / Dev 3,API route and tenant-safety verification Item 8,"Audit every route for auth, tenant, and contract correctness",OPEN,docs/audit,Immediate
249,P0,API route and tenant-safety verification,Dev 1 / Dev 2 / Dev 3,API route and tenant-safety verification Item 9,"Audit every route for auth, tenant, and contract correctness",OPEN,docs/audit,Immediate
250,P0,API route and tenant-safety verification,Dev 1 / Dev 2 / Dev 3,API route and tenant-safety verification Item 10,"Audit every route for auth, tenant, and contract correctness",OPEN,docs/audit,Immediate
251,P0,API route and tenant-safety verification,Dev 1 / Dev 2 / Dev 3,API route and tenant-safety verification Item 11,"Audit every route for auth, tenant, and contract correctness",OPEN,docs/audit,Immediate
252,P0,API route and tenant-safety verification,Dev 1 / Dev 2 / Dev 3,API route and tenant-safety verification Item 12,"Audit every route for auth, tenant, and contract correctness",OPEN,docs/audit,Immediate
253,P0,API route and tenant-safety verification,Dev 1 / Dev 2 / Dev 3,API route and tenant-safety verification Item 13,"Audit every route for auth, tenant, and contract correctness",OPEN,docs/audit,Immediate
254,P0,API route and tenant-safety verification,Dev 1 / Dev 2 / Dev 3,API route and tenant-safety verification Item 14,"Audit every route for auth, tenant, and contract correctness",OPEN,docs/audit,Immediate
255,P0,API route and tenant-safety verification,Dev 1 / Dev 2 / Dev 3,API route and tenant-safety verification Item 15,"Audit every route for auth, tenant, and contract correctness",OPEN,docs/audit,Immediate
256,P0,API route and tenant-safety verification,Dev 1 / Dev 2 / Dev 3,API route and tenant-safety verification Item 16,"Audit every route for auth, tenant, and contract correctness",OPEN,docs/audit,Immediate
257,P0,API route and tenant-safety verification,Dev 1 / Dev 2 / Dev 3,API route and tenant-safety verification Item 17,"Audit every route for auth, tenant, and contract correctness",OPEN,docs/audit,Immediate
258,P0,API route and tenant-safety verification,Dev 1 / Dev 2 / Dev 3,API route and tenant-safety verification Item 18,"Audit every route for auth, tenant, and contract correctness",OPEN,docs/audit,Immediate
259,P0,API route and tenant-safety verification,Dev 1 / Dev 2 / Dev 3,API route and tenant-safety verification Item 19,"Audit every route for auth, tenant, and contract correctness",OPEN,docs/audit,Immediate
260,P0,API route and tenant-safety verification,Dev 1 / Dev 2 / Dev 3,API route and tenant-safety verification Item 20,"Audit every route for auth, tenant, and contract correctness",OPEN,docs/audit,Immediate
261,P0,API route and tenant-safety verification,Dev 1 / Dev 2 / Dev 3,API route and tenant-safety verification Item 21,"Audit every route for auth, tenant, and contract correctness",OPEN,docs/audit,Immediate
262,P0,API route and tenant-safety verification,Dev 1 / Dev 2 / Dev 3,API route and tenant-safety verification Item 22,"Audit every route for auth, tenant, and contract correctness",OPEN,docs/audit,Immediate
263,P0,API route and tenant-safety verification,Dev 1 / Dev 2 / Dev 3,API route and tenant-safety verification Item 23,"Audit every route for auth, tenant, and contract correctness",OPEN,docs/audit,Immediate
264,P0,API route and tenant-safety verification,Dev 1 / Dev 2 / Dev 3,API route and tenant-safety verification Item 24,"Audit every route for auth, tenant, and contract correctness",OPEN,docs/audit,Immediate
265,P0,API route and tenant-safety verification,Dev 1 / Dev 2 / Dev 3,API route and tenant-safety verification Item 25,"Audit every route for auth, tenant, and contract correctness",OPEN,docs/audit,Immediate
266,P0,API route and tenant-safety verification,Dev 1 / Dev 2 / Dev 3,API route and tenant-safety verification Item 26,"Audit every route for auth, tenant, and contract correctness",OPEN,docs/audit,Immediate
267,P0,API route and tenant-safety verification,Dev 1 / Dev 2 / Dev 3,API route and tenant-safety verification Item 27,"Audit every route for auth, tenant, and contract correctness",OPEN,docs/audit,Immediate
268,P0,API route and tenant-safety verification,Dev 1 / Dev 2 / Dev 3,API route and tenant-safety verification Item 28,"Audit every route for auth, tenant, and contract correctness",OPEN,docs/audit,Immediate
269,P0,API route and tenant-safety verification,Dev 1 / Dev 2 / Dev 3,API route and tenant-safety verification Item 29,"Audit every route for auth, tenant, and contract correctness",OPEN,docs/audit,Immediate
270,P0,API route and tenant-safety verification,Dev 1 / Dev 2 / Dev 3,API route and tenant-safety verification Item 30,"Audit every route for auth, tenant, and contract correctness",OPEN,docs/audit,Immediate
271,P0,API route and tenant-safety verification,Dev 1 / Dev 2 / Dev 3,API route and tenant-safety verification Item 31,"Audit every route for auth, tenant, and contract correctness",OPEN,docs/audit,Immediate
272,P0,API route and tenant-safety verification,Dev 1 / Dev 2 / Dev 3,API route and tenant-safety verification Item 32,"Audit every route for auth, tenant, and contract correctness",OPEN,docs/audit,Immediate
273,P0,API route and tenant-safety verification,Dev 1 / Dev 2 / Dev 3,API route and tenant-safety verification Item 33,"Audit every route for auth, tenant, and contract correctness",OPEN,docs/audit,Immediate
274,P0,API route and tenant-safety verification,Dev 1 / Dev 2 / Dev 3,API route and tenant-safety verification Item 34,"Audit every route for auth, tenant, and contract correctness",OPEN,docs/audit,Immediate
275,P0,API route and tenant-safety verification,Dev 1 / Dev 2 / Dev 3,API route and tenant-safety verification Item 35,"Audit every route for auth, tenant, and contract correctness",OPEN,docs/audit,Immediate
276,P0,API route and tenant-safety verification,Dev 1 / Dev 2 / Dev 3,API route and tenant-safety verification Item 36,"Audit every route for auth, tenant, and contract correctness",OPEN,docs/audit,Immediate
277,P0,API route and tenant-safety verification,Dev 1 / Dev 2 / Dev 3,API route and tenant-safety verification Item 37,"Audit every route for auth, tenant, and contract correctness",OPEN,docs/audit,Immediate
278,P0,API route and tenant-safety verification,Dev 1 / Dev 2 / Dev 3,API route and tenant-safety verification Item 38,"Audit every route for auth, tenant, and contract correctness",OPEN,docs/audit,Immediate
279,P0,API route and tenant-safety verification,Dev 1 / Dev 2 / Dev 3,API route and tenant-safety verification Item 39,"Audit every route for auth, tenant, and contract correctness",OPEN,docs/audit,Immediate
280,P0,API route and tenant-safety verification,Dev 1 / Dev 2 / Dev 3,API route and tenant-safety verification Item 40,"Audit every route for auth, tenant, and contract correctness",OPEN,docs/audit,Immediate
281,P0,API route and tenant-safety verification,Dev 1 / Dev 2 / Dev 3,API route and tenant-safety verification Item 41,"Audit every route for auth, tenant, and contract correctness",OPEN,docs/audit,Immediate
282,P0,API route and tenant-safety verification,Dev 1 / Dev 2 / Dev 3,API route and tenant-safety verification Item 42,"Audit every route for auth, tenant, and contract correctness",OPEN,docs/audit,Immediate
283,P0,API route and tenant-safety verification,Dev 1 / Dev 2 / Dev 3,API route and tenant-safety verification Item 43,"Audit every route for auth, tenant, and contract correctness",OPEN,docs/audit,Immediate
284,P0,API route and tenant-safety verification,Dev 1 / Dev 2 / Dev 3,API route and tenant-safety verification Item 44,"Audit every route for auth, tenant, and contract correctness",OPEN,docs/audit,Immediate
285,P0,API route and tenant-safety verification,Dev 1 / Dev 2 / Dev 3,API route and tenant-safety verification Item 45,"Audit every route for auth, tenant, and contract correctness",OPEN,docs/audit,Immediate
286,P0,API route and tenant-safety verification,Dev 1 / Dev 2 / Dev 3,API route and tenant-safety verification Item 46,"Audit every route for auth, tenant, and contract correctness",OPEN,docs/audit,Immediate
287,P0,API route and tenant-safety verification,Dev 1 / Dev 2 / Dev 3,API route and tenant-safety verification Item 47,"Audit every route for auth, tenant, and contract correctness",OPEN,docs/audit,Immediate
288,P0,API route and tenant-safety verification,Dev 1 / Dev 2 / Dev 3,API route and tenant-safety verification Item 48,"Audit every route for auth, tenant, and contract correctness",OPEN,docs/audit,Immediate
289,P0,API route and tenant-safety verification,Dev 1 / Dev 2 / Dev 3,API route and tenant-safety verification Item 49,"Audit every route for auth, tenant, and contract correctness",OPEN,docs/audit,Immediate
290,P0,API route and tenant-safety verification,Dev 1 / Dev 2 / Dev 3,API route and tenant-safety verification Item 50,"Audit every route for auth, tenant, and contract correctness",OPEN,docs/audit,Immediate
291,P0,API route and tenant-safety verification,Dev 1 / Dev 2 / Dev 3,API route and tenant-safety verification Item 51,"Audit every route for auth, tenant, and contract correctness",OPEN,docs/audit,Immediate
292,P0,API route and tenant-safety verification,Dev 1 / Dev 2 / Dev 3,API route and tenant-safety verification Item 52,"Audit every route for auth, tenant, and contract correctness",OPEN,docs/audit,Immediate
293,P0,API route and tenant-safety verification,Dev 1 / Dev 2 / Dev 3,API route and tenant-safety verification Item 53,"Audit every route for auth, tenant, and contract correctness",OPEN,docs/audit,Immediate
294,P0,API route and tenant-safety verification,Dev 1 / Dev 2 / Dev 3,API route and tenant-safety verification Item 54,"Audit every route for auth, tenant, and contract correctness",OPEN,docs/audit,Immediate
295,P0,API route and tenant-safety verification,Dev 1 / Dev 2 / Dev 3,API route and tenant-safety verification Item 55,"Audit every route for auth, tenant, and contract correctness",OPEN,docs/audit,Immediate
296,P0,API route and tenant-safety verification,Dev 1 / Dev 2 / Dev 3,API route and tenant-safety verification Item 56,"Audit every route for auth, tenant, and contract correctness",OPEN,docs/audit,Immediate
297,P0,API route and tenant-safety verification,Dev 1 / Dev 2 / Dev 3,API route and tenant-safety verification Item 57,"Audit every route for auth, tenant, and contract correctness",OPEN,docs/audit,Immediate
298,P0,API route and tenant-safety verification,Dev 1 / Dev 2 / Dev 3,API route and tenant-safety verification Item 58,"Audit every route for auth, tenant, and contract correctness",OPEN,docs/audit,Immediate
299,P0,API route and tenant-safety verification,Dev 1 / Dev 2 / Dev 3,API route and tenant-safety verification Item 59,"Audit every route for auth, tenant, and contract correctness",OPEN,docs/audit,Immediate
300,P0,API route and tenant-safety verification,Dev 1 / Dev 2 / Dev 3,API route and tenant-safety verification Item 60,"Audit every route for auth, tenant, and contract correctness",OPEN,docs/audit,Immediate
301,P0,API route and tenant-safety verification,Dev 1 / Dev 2 / Dev 3,API route and tenant-safety verification Item 61,"Audit every route for auth, tenant, and contract correctness",OPEN,docs/audit,Immediate
302,P0,API route and tenant-safety verification,Dev 1 / Dev 2 / Dev 3,API route and tenant-safety verification Item 62,"Audit every route for auth, tenant, and contract correctness",OPEN,docs/audit,Immediate
303,P0,API route and tenant-safety verification,Dev 1 / Dev 2 / Dev 3,API route and tenant-safety verification Item 63,"Audit every route for auth, tenant, and contract correctness",OPEN,docs/audit,Immediate
304,P0,API route and tenant-safety verification,Dev 1 / Dev 2 / Dev 3,API route and tenant-safety verification Item 64,"Audit every route for auth, tenant, and contract correctness",OPEN,docs/audit,Immediate
305,P0,API route and tenant-safety verification,Dev 1 / Dev 2 / Dev 3,API route and tenant-safety verification Item 65,"Audit every route for auth, tenant, and contract correctness",OPEN,docs/audit,Immediate
306,P0,API route and tenant-safety verification,Dev 1 / Dev 2 / Dev 3,API route and tenant-safety verification Item 66,"Audit every route for auth, tenant, and contract correctness",OPEN,docs/audit,Immediate
307,P0,API route and tenant-safety verification,Dev 1 / Dev 2 / Dev 3,API route and tenant-safety verification Item 67,"Audit every route for auth, tenant, and contract correctness",OPEN,docs/audit,Immediate
308,P0,API route and tenant-safety verification,Dev 1 / Dev 2 / Dev 3,API route and tenant-safety verification Item 68,"Audit every route for auth, tenant, and contract correctness",OPEN,docs/audit,Immediate
309,P0,API route and tenant-safety verification,Dev 1 / Dev 2 / Dev 3,API route and tenant-safety verification Item 69,"Audit every route for auth, tenant, and contract correctness",OPEN,docs/audit,Immediate
310,P0,API route and tenant-safety verification,Dev 1 / Dev 2 / Dev 3,API route and tenant-safety verification Item 70,"Audit every route for auth, tenant, and contract correctness",OPEN,docs/audit,Immediate
311,P0,API route and tenant-safety verification,Dev 1 / Dev 2 / Dev 3,API route and tenant-safety verification Item 71,"Audit every route for auth, tenant, and contract correctness",OPEN,docs/audit,Immediate
312,P0,API route and tenant-safety verification,Dev 1 / Dev 2 / Dev 3,API route and tenant-safety verification Item 72,"Audit every route for auth, tenant, and contract correctness",OPEN,docs/audit,Immediate
313,P0,API route and tenant-safety verification,Dev 1 / Dev 2 / Dev 3,API route and tenant-safety verification Item 73,"Audit every route for auth, tenant, and contract correctness",OPEN,docs/audit,Immediate
314,P0,API route and tenant-safety verification,Dev 1 / Dev 2 / Dev 3,API route and tenant-safety verification Item 74,"Audit every route for auth, tenant, and contract correctness",OPEN,docs/audit,Immediate
315,P0,API route and tenant-safety verification,Dev 1 / Dev 2 / Dev 3,API route and tenant-safety verification Item 75,"Audit every route for auth, tenant, and contract correctness",OPEN,docs/audit,Immediate
316,P0,API route and tenant-safety verification,Dev 1 / Dev 2 / Dev 3,API route and tenant-safety verification Item 76,"Audit every route for auth, tenant, and contract correctness",OPEN,docs/audit,Immediate
317,P0,API route and tenant-safety verification,Dev 1 / Dev 2 / Dev 3,API route and tenant-safety verification Item 77,"Audit every route for auth, tenant, and contract correctness",OPEN,docs/audit,Immediate
318,P0,API route and tenant-safety verification,Dev 1 / Dev 2 / Dev 3,API route and tenant-safety verification Item 78,"Audit every route for auth, tenant, and contract correctness",OPEN,docs/audit,Immediate
319,P0,API route and tenant-safety verification,Dev 1 / Dev 2 / Dev 3,API route and tenant-safety verification Item 79,"Audit every route for auth, tenant, and contract correctness",OPEN,docs/audit,Immediate
320,P0,API route and tenant-safety verification,Dev 1 / Dev 2 / Dev 3,API route and tenant-safety verification Item 80,"Audit every route for auth, tenant, and contract correctness",OPEN,docs/audit,Immediate
321,P0,API route and tenant-safety verification,Dev 1 / Dev 2 / Dev 3,API route and tenant-safety verification Item 81,"Audit every route for auth, tenant, and contract correctness",OPEN,docs/audit,Immediate
322,P0,API route and tenant-safety verification,Dev 1 / Dev 2 / Dev 3,API route and tenant-safety verification Item 82,"Audit every route for auth, tenant, and contract correctness",OPEN,docs/audit,Immediate
323,P0,API route and tenant-safety verification,Dev 1 / Dev 2 / Dev 3,API route and tenant-safety verification Item 83,"Audit every route for auth, tenant, and contract correctness",OPEN,docs/audit,Immediate
324,P0,API route and tenant-safety verification,Dev 1 / Dev 2 / Dev 3,API route and tenant-safety verification Item 84,"Audit every route for auth, tenant, and contract correctness",OPEN,docs/audit,Immediate
325,P0,API route and tenant-safety verification,Dev 1 / Dev 2 / Dev 3,API route and tenant-safety verification Item 85,"Audit every route for auth, tenant, and contract correctness",OPEN,docs/audit,Immediate
326,P0,API route and tenant-safety verification,Dev 1 / Dev 2 / Dev 3,API route and tenant-safety verification Item 86,"Audit every route for auth, tenant, and contract correctness",OPEN,docs/audit,Immediate
327,P0,API route and tenant-safety verification,Dev 1 / Dev 2 / Dev 3,API route and tenant-safety verification Item 87,"Audit every route for auth, tenant, and contract correctness",OPEN,docs/audit,Immediate
328,P0,API route and tenant-safety verification,Dev 1 / Dev 2 / Dev 3,API route and tenant-safety verification Item 88,"Audit every route for auth, tenant, and contract correctness",OPEN,docs/audit,Immediate
329,P0,API route and tenant-safety verification,Dev 1 / Dev 2 / Dev 3,API route and tenant-safety verification Item 89,"Audit every route for auth, tenant, and contract correctness",OPEN,docs/audit,Immediate
330,P0,API route and tenant-safety verification,Dev 1 / Dev 2 / Dev 3,API route and tenant-safety verification Item 90,"Audit every route for auth, tenant, and contract correctness",OPEN,docs/audit,Immediate
331,P0,API route and tenant-safety verification,Dev 1 / Dev 2 / Dev 3,API route and tenant-safety verification Item 91,"Audit every route for auth, tenant, and contract correctness",OPEN,docs/audit,Immediate
332,P0,API route and tenant-safety verification,Dev 1 / Dev 2 / Dev 3,API route and tenant-safety verification Item 92,"Audit every route for auth, tenant, and contract correctness",OPEN,docs/audit,Immediate
333,P0,API route and tenant-safety verification,Dev 1 / Dev 2 / Dev 3,API route and tenant-safety verification Item 93,"Audit every route for auth, tenant, and contract correctness",OPEN,docs/audit,Immediate
334,P0,API route and tenant-safety verification,Dev 1 / Dev 2 / Dev 3,API route and tenant-safety verification Item 94,"Audit every route for auth, tenant, and contract correctness",OPEN,docs/audit,Immediate
335,P0,API route and tenant-safety verification,Dev 1 / Dev 2 / Dev 3,API route and tenant-safety verification Item 95,"Audit every route for auth, tenant, and contract correctness",OPEN,docs/audit,Immediate
336,P0,API route and tenant-safety verification,Dev 1 / Dev 2 / Dev 3,API route and tenant-safety verification Item 96,"Audit every route for auth, tenant, and contract correctness",OPEN,docs/audit,Immediate
337,P0,API route and tenant-safety verification,Dev 1 / Dev 2 / Dev 3,API route and tenant-safety verification Item 97,"Audit every route for auth, tenant, and contract correctness",OPEN,docs/audit,Immediate
338,P0,API route and tenant-safety verification,Dev 1 / Dev 2 / Dev 3,API route and tenant-safety verification Item 98,"Audit every route for auth, tenant, and contract correctness",OPEN,docs/audit,Immediate
339,P0,API route and tenant-safety verification,Dev 1 / Dev 2 / Dev 3,API route and tenant-safety verification Item 99,"Audit every route for auth, tenant, and contract correctness",OPEN,docs/audit,Immediate
340,P0,API route and tenant-safety verification,Dev 1 / Dev 2 / Dev 3,API route and tenant-safety verification Item 100,"Audit every route for auth, tenant, and contract correctness",OPEN,docs/audit,Immediate
341,P0,API route and tenant-safety verification,Dev 1 / Dev 2 / Dev 3,API route and tenant-safety verification Item 101,"Audit every route for auth, tenant, and contract correctness",OPEN,docs/audit,Immediate
342,P0,API route and tenant-safety verification,Dev 1 / Dev 2 / Dev 3,API route and tenant-safety verification Item 102,"Audit every route for auth, tenant, and contract correctness",OPEN,docs/audit,Immediate
343,P0,API route and tenant-safety verification,Dev 1 / Dev 2 / Dev 3,API route and tenant-safety verification Item 103,"Audit every route for auth, tenant, and contract correctness",OPEN,docs/audit,Immediate
344,P0,API route and tenant-safety verification,Dev 1 / Dev 2 / Dev 3,API route and tenant-safety verification Item 104,"Audit every route for auth, tenant, and contract correctness",OPEN,docs/audit,Immediate
345,P0,API route and tenant-safety verification,Dev 1 / Dev 2 / Dev 3,API route and tenant-safety verification Item 105,"Audit every route for auth, tenant, and contract correctness",OPEN,docs/audit,Immediate
346,P0,API route and tenant-safety verification,Dev 1 / Dev 2 / Dev 3,API route and tenant-safety verification Item 106,"Audit every route for auth, tenant, and contract correctness",OPEN,docs/audit,Immediate
347,P0,API route and tenant-safety verification,Dev 1 / Dev 2 / Dev 3,API route and tenant-safety verification Item 107,"Audit every route for auth, tenant, and contract correctness",OPEN,docs/audit,Immediate
348,P0,API route and tenant-safety verification,Dev 1 / Dev 2 / Dev 3,API route and tenant-safety verification Item 108,"Audit every route for auth, tenant, and contract correctness",OPEN,docs/audit,Immediate
349,P0,API route and tenant-safety verification,Dev 1 / Dev 2 / Dev 3,API route and tenant-safety verification Item 109,"Audit every route for auth, tenant, and contract correctness",OPEN,docs/audit,Immediate
350,P0,API route and tenant-safety verification,Dev 1 / Dev 2 / Dev 3,API route and tenant-safety verification Item 110,"Audit every route for auth, tenant, and contract correctness",OPEN,docs/audit,Immediate
351,P0,API route and tenant-safety verification,Dev 1 / Dev 2 / Dev 3,API route and tenant-safety verification Item 111,"Audit every route for auth, tenant, and contract correctness",OPEN,docs/audit,Immediate
352,P0,API route and tenant-safety verification,Dev 1 / Dev 2 / Dev 3,API route and tenant-safety verification Item 112,"Audit every route for auth, tenant, and contract correctness",OPEN,docs/audit,Immediate
353,P0,API route and tenant-safety verification,Dev 1 / Dev 2 / Dev 3,API route and tenant-safety verification Item 113,"Audit every route for auth, tenant, and contract correctness",OPEN,docs/audit,Immediate
354,P0,API route and tenant-safety verification,Dev 1 / Dev 2 / Dev 3,API route and tenant-safety verification Item 114,"Audit every route for auth, tenant, and contract correctness",OPEN,docs/audit,Immediate
355,P0,API route and tenant-safety verification,Dev 1 / Dev 2 / Dev 3,API route and tenant-safety verification Item 115,"Audit every route for auth, tenant, and contract correctness",OPEN,docs/audit,Immediate
356,P0,API route and tenant-safety verification,Dev 1 / Dev 2 / Dev 3,API route and tenant-safety verification Item 116,"Audit every route for auth, tenant, and contract correctness",OPEN,docs/audit,Immediate
357,P0,API route and tenant-safety verification,Dev 1 / Dev 2 / Dev 3,API route and tenant-safety verification Item 117,"Audit every route for auth, tenant, and contract correctness",OPEN,docs/audit,Immediate
358,P0,API route and tenant-safety verification,Dev 1 / Dev 2 / Dev 3,API route and tenant-safety verification Item 118,"Audit every route for auth, tenant, and contract correctness",OPEN,docs/audit,Immediate
359,P0,API route and tenant-safety verification,Dev 1 / Dev 2 / Dev 3,API route and tenant-safety verification Item 119,"Audit every route for auth, tenant, and contract correctness",OPEN,docs/audit,Immediate
360,P0,API route and tenant-safety verification,Dev 1 / Dev 2 / Dev 3,API route and tenant-safety verification Item 120,"Audit every route for auth, tenant, and contract correctness",OPEN,docs/audit,Immediate
361,P0,API route and tenant-safety verification,Dev 1 / Dev 2 / Dev 3,API route and tenant-safety verification Item 121,"Audit every route for auth, tenant, and contract correctness",OPEN,docs/audit,Immediate
362,P0,API route and tenant-safety verification,Dev 1 / Dev 2 / Dev 3,API route and tenant-safety verification Item 122,"Audit every route for auth, tenant, and contract correctness",OPEN,docs/audit,Immediate
363,P0,API route and tenant-safety verification,Dev 1 / Dev 2 / Dev 3,API route and tenant-safety verification Item 123,"Audit every route for auth, tenant, and contract correctness",OPEN,docs/audit,Immediate
364,P0,API route and tenant-safety verification,Dev 1 / Dev 2 / Dev 3,API route and tenant-safety verification Item 124,"Audit every route for auth, tenant, and contract correctness",OPEN,docs/audit,Immediate
365,P0,API route and tenant-safety verification,Dev 1 / Dev 2 / Dev 3,API route and tenant-safety verification Item 125,"Audit every route for auth, tenant, and contract correctness",OPEN,docs/audit,Immediate
366,P0,API route and tenant-safety verification,Dev 1 / Dev 2 / Dev 3,API route and tenant-safety verification Item 126,"Audit every route for auth, tenant, and contract correctness",OPEN,docs/audit,Immediate
367,P0,API route and tenant-safety verification,Dev 1 / Dev 2 / Dev 3,API route and tenant-safety verification Item 127,"Audit every route for auth, tenant, and contract correctness",OPEN,docs/audit,Immediate
368,P0,API route and tenant-safety verification,Dev 1 / Dev 2 / Dev 3,API route and tenant-safety verification Item 128,"Audit every route for auth, tenant, and contract correctness",OPEN,docs/audit,Immediate
369,P0,API route and tenant-safety verification,Dev 1 / Dev 2 / Dev 3,API route and tenant-safety verification Item 129,"Audit every route for auth, tenant, and contract correctness",OPEN,docs/audit,Immediate
370,P0,API route and tenant-safety verification,Dev 1 / Dev 2 / Dev 3,API route and tenant-safety verification Item 130,"Audit every route for auth, tenant, and contract correctness",OPEN,docs/audit,Immediate
371,P0,API route and tenant-safety verification,Dev 1 / Dev 2 / Dev 3,API route and tenant-safety verification Item 131,"Audit every route for auth, tenant, and contract correctness",OPEN,docs/audit,Immediate
372,P0,API route and tenant-safety verification,Dev 1 / Dev 2 / Dev 3,API route and tenant-safety verification Item 132,"Audit every route for auth, tenant, and contract correctness",OPEN,docs/audit,Immediate
373,P0,API route and tenant-safety verification,Dev 1 / Dev 2 / Dev 3,API route and tenant-safety verification Item 133,"Audit every route for auth, tenant, and contract correctness",OPEN,docs/audit,Immediate
374,P0,API route and tenant-safety verification,Dev 1 / Dev 2 / Dev 3,API route and tenant-safety verification Item 134,"Audit every route for auth, tenant, and contract correctness",OPEN,docs/audit,Immediate
375,P0,API route and tenant-safety verification,Dev 1 / Dev 2 / Dev 3,API route and tenant-safety verification Item 135,"Audit every route for auth, tenant, and contract correctness",OPEN,docs/audit,Immediate
376,P0,API route and tenant-safety verification,Dev 1 / Dev 2 / Dev 3,API route and tenant-safety verification Item 136,"Audit every route for auth, tenant, and contract correctness",OPEN,docs/audit,Immediate
377,P0,API route and tenant-safety verification,Dev 1 / Dev 2 / Dev 3,API route and tenant-safety verification Item 137,"Audit every route for auth, tenant, and contract correctness",OPEN,docs/audit,Immediate
378,P0,API route and tenant-safety verification,Dev 1 / Dev 2 / Dev 3,API route and tenant-safety verification Item 138,"Audit every route for auth, tenant, and contract correctness",OPEN,docs/audit,Immediate
379,P0,API route and tenant-safety verification,Dev 1 / Dev 2 / Dev 3,API route and tenant-safety verification Item 139,"Audit every route for auth, tenant, and contract correctness",OPEN,docs/audit,Immediate
380,P0,API route and tenant-safety verification,Dev 1 / Dev 2 / Dev 3,API route and tenant-safety verification Item 140,"Audit every route for auth, tenant, and contract correctness",OPEN,docs/audit,Immediate
381,P1,Backend regression and schema quality,Dev 1 / Dev 2 / Dev 3 / Dev 5,Backend regression and schema quality Item 1,Run and stabilize full regression plus schema/export quality,OPEN,docs/audit,Immediate
382,P1,Backend regression and schema quality,Dev 1 / Dev 2 / Dev 3 / Dev 5,Backend regression and schema quality Item 2,Run and stabilize full regression plus schema/export quality,OPEN,docs/audit,Immediate
383,P1,Backend regression and schema quality,Dev 1 / Dev 2 / Dev 3 / Dev 5,Backend regression and schema quality Item 3,Run and stabilize full regression plus schema/export quality,OPEN,docs/audit,Immediate
384,P1,Backend regression and schema quality,Dev 1 / Dev 2 / Dev 3 / Dev 5,Backend regression and schema quality Item 4,Run and stabilize full regression plus schema/export quality,OPEN,docs/audit,Immediate
385,P1,Backend regression and schema quality,Dev 1 / Dev 2 / Dev 3 / Dev 5,Backend regression and schema quality Item 5,Run and stabilize full regression plus schema/export quality,OPEN,docs/audit,Immediate
386,P1,Backend regression and schema quality,Dev 1 / Dev 2 / Dev 3 / Dev 5,Backend regression and schema quality Item 6,Run and stabilize full regression plus schema/export quality,OPEN,docs/audit,Immediate
387,P1,Backend regression and schema quality,Dev 1 / Dev 2 / Dev 3 / Dev 5,Backend regression and schema quality Item 7,Run and stabilize full regression plus schema/export quality,OPEN,docs/audit,Immediate
388,P1,Backend regression and schema quality,Dev 1 / Dev 2 / Dev 3 / Dev 5,Backend regression and schema quality Item 8,Run and stabilize full regression plus schema/export quality,OPEN,docs/audit,Immediate
389,P1,Backend regression and schema quality,Dev 1 / Dev 2 / Dev 3 / Dev 5,Backend regression and schema quality Item 9,Run and stabilize full regression plus schema/export quality,OPEN,docs/audit,Immediate
390,P1,Backend regression and schema quality,Dev 1 / Dev 2 / Dev 3 / Dev 5,Backend regression and schema quality Item 10,Run and stabilize full regression plus schema/export quality,OPEN,docs/audit,Immediate
391,P1,Backend regression and schema quality,Dev 1 / Dev 2 / Dev 3 / Dev 5,Backend regression and schema quality Item 11,Run and stabilize full regression plus schema/export quality,OPEN,docs/audit,Immediate
392,P1,Backend regression and schema quality,Dev 1 / Dev 2 / Dev 3 / Dev 5,Backend regression and schema quality Item 12,Run and stabilize full regression plus schema/export quality,OPEN,docs/audit,Immediate
393,P1,Backend regression and schema quality,Dev 1 / Dev 2 / Dev 3 / Dev 5,Backend regression and schema quality Item 13,Run and stabilize full regression plus schema/export quality,OPEN,docs/audit,Immediate
394,P1,Backend regression and schema quality,Dev 1 / Dev 2 / Dev 3 / Dev 5,Backend regression and schema quality Item 14,Run and stabilize full regression plus schema/export quality,OPEN,docs/audit,Immediate
395,P1,Backend regression and schema quality,Dev 1 / Dev 2 / Dev 3 / Dev 5,Backend regression and schema quality Item 15,Run and stabilize full regression plus schema/export quality,OPEN,docs/audit,Immediate
396,P1,Backend regression and schema quality,Dev 1 / Dev 2 / Dev 3 / Dev 5,Backend regression and schema quality Item 16,Run and stabilize full regression plus schema/export quality,OPEN,docs/audit,Immediate
397,P1,Backend regression and schema quality,Dev 1 / Dev 2 / Dev 3 / Dev 5,Backend regression and schema quality Item 17,Run and stabilize full regression plus schema/export quality,OPEN,docs/audit,Immediate
398,P1,Backend regression and schema quality,Dev 1 / Dev 2 / Dev 3 / Dev 5,Backend regression and schema quality Item 18,Run and stabilize full regression plus schema/export quality,OPEN,docs/audit,Immediate
399,P1,Backend regression and schema quality,Dev 1 / Dev 2 / Dev 3 / Dev 5,Backend regression and schema quality Item 19,Run and stabilize full regression plus schema/export quality,OPEN,docs/audit,Immediate
400,P1,Backend regression and schema quality,Dev 1 / Dev 2 / Dev 3 / Dev 5,Backend regression and schema quality Item 20,Run and stabilize full regression plus schema/export quality,OPEN,docs/audit,Immediate
401,P1,Backend regression and schema quality,Dev 1 / Dev 2 / Dev 3 / Dev 5,Backend regression and schema quality Item 21,Run and stabilize full regression plus schema/export quality,OPEN,docs/audit,Immediate
402,P1,Backend regression and schema quality,Dev 1 / Dev 2 / Dev 3 / Dev 5,Backend regression and schema quality Item 22,Run and stabilize full regression plus schema/export quality,OPEN,docs/audit,Immediate
403,P1,Backend regression and schema quality,Dev 1 / Dev 2 / Dev 3 / Dev 5,Backend regression and schema quality Item 23,Run and stabilize full regression plus schema/export quality,OPEN,docs/audit,Immediate
404,P1,Backend regression and schema quality,Dev 1 / Dev 2 / Dev 3 / Dev 5,Backend regression and schema quality Item 24,Run and stabilize full regression plus schema/export quality,OPEN,docs/audit,Immediate
405,P1,Backend regression and schema quality,Dev 1 / Dev 2 / Dev 3 / Dev 5,Backend regression and schema quality Item 25,Run and stabilize full regression plus schema/export quality,OPEN,docs/audit,Immediate
406,P1,Backend regression and schema quality,Dev 1 / Dev 2 / Dev 3 / Dev 5,Backend regression and schema quality Item 26,Run and stabilize full regression plus schema/export quality,OPEN,docs/audit,Immediate
407,P1,Backend regression and schema quality,Dev 1 / Dev 2 / Dev 3 / Dev 5,Backend regression and schema quality Item 27,Run and stabilize full regression plus schema/export quality,OPEN,docs/audit,Immediate
408,P1,Backend regression and schema quality,Dev 1 / Dev 2 / Dev 3 / Dev 5,Backend regression and schema quality Item 28,Run and stabilize full regression plus schema/export quality,OPEN,docs/audit,Immediate
409,P1,Backend regression and schema quality,Dev 1 / Dev 2 / Dev 3 / Dev 5,Backend regression and schema quality Item 29,Run and stabilize full regression plus schema/export quality,OPEN,docs/audit,Immediate
410,P1,Backend regression and schema quality,Dev 1 / Dev 2 / Dev 3 / Dev 5,Backend regression and schema quality Item 30,Run and stabilize full regression plus schema/export quality,OPEN,docs/audit,Immediate
411,P1,Backend regression and schema quality,Dev 1 / Dev 2 / Dev 3 / Dev 5,Backend regression and schema quality Item 31,Run and stabilize full regression plus schema/export quality,OPEN,docs/audit,Immediate
412,P1,Backend regression and schema quality,Dev 1 / Dev 2 / Dev 3 / Dev 5,Backend regression and schema quality Item 32,Run and stabilize full regression plus schema/export quality,OPEN,docs/audit,Immediate
413,P1,Backend regression and schema quality,Dev 1 / Dev 2 / Dev 3 / Dev 5,Backend regression and schema quality Item 33,Run and stabilize full regression plus schema/export quality,OPEN,docs/audit,Immediate
414,P1,Backend regression and schema quality,Dev 1 / Dev 2 / Dev 3 / Dev 5,Backend regression and schema quality Item 34,Run and stabilize full regression plus schema/export quality,OPEN,docs/audit,Immediate
415,P1,Backend regression and schema quality,Dev 1 / Dev 2 / Dev 3 / Dev 5,Backend regression and schema quality Item 35,Run and stabilize full regression plus schema/export quality,OPEN,docs/audit,Immediate
416,P1,Backend regression and schema quality,Dev 1 / Dev 2 / Dev 3 / Dev 5,Backend regression and schema quality Item 36,Run and stabilize full regression plus schema/export quality,OPEN,docs/audit,Immediate
417,P1,Backend regression and schema quality,Dev 1 / Dev 2 / Dev 3 / Dev 5,Backend regression and schema quality Item 37,Run and stabilize full regression plus schema/export quality,OPEN,docs/audit,Immediate
418,P1,Backend regression and schema quality,Dev 1 / Dev 2 / Dev 3 / Dev 5,Backend regression and schema quality Item 38,Run and stabilize full regression plus schema/export quality,OPEN,docs/audit,Immediate
419,P1,Backend regression and schema quality,Dev 1 / Dev 2 / Dev 3 / Dev 5,Backend regression and schema quality Item 39,Run and stabilize full regression plus schema/export quality,OPEN,docs/audit,Immediate
420,P1,Backend regression and schema quality,Dev 1 / Dev 2 / Dev 3 / Dev 5,Backend regression and schema quality Item 40,Run and stabilize full regression plus schema/export quality,OPEN,docs/audit,Immediate
421,P1,Backend regression and schema quality,Dev 1 / Dev 2 / Dev 3 / Dev 5,Backend regression and schema quality Item 41,Run and stabilize full regression plus schema/export quality,OPEN,docs/audit,Immediate
422,P1,Backend regression and schema quality,Dev 1 / Dev 2 / Dev 3 / Dev 5,Backend regression and schema quality Item 42,Run and stabilize full regression plus schema/export quality,OPEN,docs/audit,Immediate
423,P1,Backend regression and schema quality,Dev 1 / Dev 2 / Dev 3 / Dev 5,Backend regression and schema quality Item 43,Run and stabilize full regression plus schema/export quality,OPEN,docs/audit,Immediate
424,P1,Backend regression and schema quality,Dev 1 / Dev 2 / Dev 3 / Dev 5,Backend regression and schema quality Item 44,Run and stabilize full regression plus schema/export quality,OPEN,docs/audit,Immediate
425,P1,Backend regression and schema quality,Dev 1 / Dev 2 / Dev 3 / Dev 5,Backend regression and schema quality Item 45,Run and stabilize full regression plus schema/export quality,OPEN,docs/audit,Immediate
426,P1,Backend regression and schema quality,Dev 1 / Dev 2 / Dev 3 / Dev 5,Backend regression and schema quality Item 46,Run and stabilize full regression plus schema/export quality,OPEN,docs/audit,Immediate
427,P1,Backend regression and schema quality,Dev 1 / Dev 2 / Dev 3 / Dev 5,Backend regression and schema quality Item 47,Run and stabilize full regression plus schema/export quality,OPEN,docs/audit,Immediate
428,P1,Backend regression and schema quality,Dev 1 / Dev 2 / Dev 3 / Dev 5,Backend regression and schema quality Item 48,Run and stabilize full regression plus schema/export quality,OPEN,docs/audit,Immediate
429,P1,Backend regression and schema quality,Dev 1 / Dev 2 / Dev 3 / Dev 5,Backend regression and schema quality Item 49,Run and stabilize full regression plus schema/export quality,OPEN,docs/audit,Immediate
430,P1,Backend regression and schema quality,Dev 1 / Dev 2 / Dev 3 / Dev 5,Backend regression and schema quality Item 50,Run and stabilize full regression plus schema/export quality,OPEN,docs/audit,Immediate
431,P1,Backend regression and schema quality,Dev 1 / Dev 2 / Dev 3 / Dev 5,Backend regression and schema quality Item 51,Run and stabilize full regression plus schema/export quality,OPEN,docs/audit,Immediate
432,P1,Backend regression and schema quality,Dev 1 / Dev 2 / Dev 3 / Dev 5,Backend regression and schema quality Item 52,Run and stabilize full regression plus schema/export quality,OPEN,docs/audit,Immediate
433,P1,Backend regression and schema quality,Dev 1 / Dev 2 / Dev 3 / Dev 5,Backend regression and schema quality Item 53,Run and stabilize full regression plus schema/export quality,OPEN,docs/audit,Immediate
434,P1,Backend regression and schema quality,Dev 1 / Dev 2 / Dev 3 / Dev 5,Backend regression and schema quality Item 54,Run and stabilize full regression plus schema/export quality,OPEN,docs/audit,Immediate
435,P1,Backend regression and schema quality,Dev 1 / Dev 2 / Dev 3 / Dev 5,Backend regression and schema quality Item 55,Run and stabilize full regression plus schema/export quality,OPEN,docs/audit,Immediate
436,P1,Backend regression and schema quality,Dev 1 / Dev 2 / Dev 3 / Dev 5,Backend regression and schema quality Item 56,Run and stabilize full regression plus schema/export quality,OPEN,docs/audit,Immediate
437,P1,Backend regression and schema quality,Dev 1 / Dev 2 / Dev 3 / Dev 5,Backend regression and schema quality Item 57,Run and stabilize full regression plus schema/export quality,OPEN,docs/audit,Immediate
438,P1,Backend regression and schema quality,Dev 1 / Dev 2 / Dev 3 / Dev 5,Backend regression and schema quality Item 58,Run and stabilize full regression plus schema/export quality,OPEN,docs/audit,Immediate
439,P1,Backend regression and schema quality,Dev 1 / Dev 2 / Dev 3 / Dev 5,Backend regression and schema quality Item 59,Run and stabilize full regression plus schema/export quality,OPEN,docs/audit,Immediate
440,P1,Backend regression and schema quality,Dev 1 / Dev 2 / Dev 3 / Dev 5,Backend regression and schema quality Item 60,Run and stabilize full regression plus schema/export quality,OPEN,docs/audit,Immediate
441,P1,Backend regression and schema quality,Dev 1 / Dev 2 / Dev 3 / Dev 5,Backend regression and schema quality Item 61,Run and stabilize full regression plus schema/export quality,OPEN,docs/audit,Immediate
442,P1,Backend regression and schema quality,Dev 1 / Dev 2 / Dev 3 / Dev 5,Backend regression and schema quality Item 62,Run and stabilize full regression plus schema/export quality,OPEN,docs/audit,Immediate
443,P1,Backend regression and schema quality,Dev 1 / Dev 2 / Dev 3 / Dev 5,Backend regression and schema quality Item 63,Run and stabilize full regression plus schema/export quality,OPEN,docs/audit,Immediate
444,P1,Backend regression and schema quality,Dev 1 / Dev 2 / Dev 3 / Dev 5,Backend regression and schema quality Item 64,Run and stabilize full regression plus schema/export quality,OPEN,docs/audit,Immediate
445,P1,Backend regression and schema quality,Dev 1 / Dev 2 / Dev 3 / Dev 5,Backend regression and schema quality Item 65,Run and stabilize full regression plus schema/export quality,OPEN,docs/audit,Immediate
446,P1,Backend regression and schema quality,Dev 1 / Dev 2 / Dev 3 / Dev 5,Backend regression and schema quality Item 66,Run and stabilize full regression plus schema/export quality,OPEN,docs/audit,Immediate
447,P1,Backend regression and schema quality,Dev 1 / Dev 2 / Dev 3 / Dev 5,Backend regression and schema quality Item 67,Run and stabilize full regression plus schema/export quality,OPEN,docs/audit,Immediate
448,P1,Backend regression and schema quality,Dev 1 / Dev 2 / Dev 3 / Dev 5,Backend regression and schema quality Item 68,Run and stabilize full regression plus schema/export quality,OPEN,docs/audit,Immediate
449,P1,Backend regression and schema quality,Dev 1 / Dev 2 / Dev 3 / Dev 5,Backend regression and schema quality Item 69,Run and stabilize full regression plus schema/export quality,OPEN,docs/audit,Immediate
450,P1,Backend regression and schema quality,Dev 1 / Dev 2 / Dev 3 / Dev 5,Backend regression and schema quality Item 70,Run and stabilize full regression plus schema/export quality,OPEN,docs/audit,Immediate
451,P1,Backend regression and schema quality,Dev 1 / Dev 2 / Dev 3 / Dev 5,Backend regression and schema quality Item 71,Run and stabilize full regression plus schema/export quality,OPEN,docs/audit,Immediate
452,P1,Backend regression and schema quality,Dev 1 / Dev 2 / Dev 3 / Dev 5,Backend regression and schema quality Item 72,Run and stabilize full regression plus schema/export quality,OPEN,docs/audit,Immediate
453,P1,Backend regression and schema quality,Dev 1 / Dev 2 / Dev 3 / Dev 5,Backend regression and schema quality Item 73,Run and stabilize full regression plus schema/export quality,OPEN,docs/audit,Immediate
454,P1,Backend regression and schema quality,Dev 1 / Dev 2 / Dev 3 / Dev 5,Backend regression and schema quality Item 74,Run and stabilize full regression plus schema/export quality,OPEN,docs/audit,Immediate
455,P1,Backend regression and schema quality,Dev 1 / Dev 2 / Dev 3 / Dev 5,Backend regression and schema quality Item 75,Run and stabilize full regression plus schema/export quality,OPEN,docs/audit,Immediate
456,P1,Backend regression and schema quality,Dev 1 / Dev 2 / Dev 3 / Dev 5,Backend regression and schema quality Item 76,Run and stabilize full regression plus schema/export quality,OPEN,docs/audit,Immediate
457,P1,Backend regression and schema quality,Dev 1 / Dev 2 / Dev 3 / Dev 5,Backend regression and schema quality Item 77,Run and stabilize full regression plus schema/export quality,OPEN,docs/audit,Immediate
458,P1,Backend regression and schema quality,Dev 1 / Dev 2 / Dev 3 / Dev 5,Backend regression and schema quality Item 78,Run and stabilize full regression plus schema/export quality,OPEN,docs/audit,Immediate
459,P1,Backend regression and schema quality,Dev 1 / Dev 2 / Dev 3 / Dev 5,Backend regression and schema quality Item 79,Run and stabilize full regression plus schema/export quality,OPEN,docs/audit,Immediate
460,P1,Backend regression and schema quality,Dev 1 / Dev 2 / Dev 3 / Dev 5,Backend regression and schema quality Item 80,Run and stabilize full regression plus schema/export quality,OPEN,docs/audit,Immediate
461,P1,Backend regression and schema quality,Dev 1 / Dev 2 / Dev 3 / Dev 5,Backend regression and schema quality Item 81,Run and stabilize full regression plus schema/export quality,OPEN,docs/audit,Immediate
462,P1,Backend regression and schema quality,Dev 1 / Dev 2 / Dev 3 / Dev 5,Backend regression and schema quality Item 82,Run and stabilize full regression plus schema/export quality,OPEN,docs/audit,Immediate
463,P1,Backend regression and schema quality,Dev 1 / Dev 2 / Dev 3 / Dev 5,Backend regression and schema quality Item 83,Run and stabilize full regression plus schema/export quality,OPEN,docs/audit,Immediate
464,P1,Backend regression and schema quality,Dev 1 / Dev 2 / Dev 3 / Dev 5,Backend regression and schema quality Item 84,Run and stabilize full regression plus schema/export quality,OPEN,docs/audit,Immediate
465,P1,Backend regression and schema quality,Dev 1 / Dev 2 / Dev 3 / Dev 5,Backend regression and schema quality Item 85,Run and stabilize full regression plus schema/export quality,OPEN,docs/audit,Immediate
466,P1,Backend regression and schema quality,Dev 1 / Dev 2 / Dev 3 / Dev 5,Backend regression and schema quality Item 86,Run and stabilize full regression plus schema/export quality,OPEN,docs/audit,Immediate
467,P1,Backend regression and schema quality,Dev 1 / Dev 2 / Dev 3 / Dev 5,Backend regression and schema quality Item 87,Run and stabilize full regression plus schema/export quality,OPEN,docs/audit,Immediate
468,P1,Backend regression and schema quality,Dev 1 / Dev 2 / Dev 3 / Dev 5,Backend regression and schema quality Item 88,Run and stabilize full regression plus schema/export quality,OPEN,docs/audit,Immediate
469,P1,Backend regression and schema quality,Dev 1 / Dev 2 / Dev 3 / Dev 5,Backend regression and schema quality Item 89,Run and stabilize full regression plus schema/export quality,OPEN,docs/audit,Immediate
470,P1,Backend regression and schema quality,Dev 1 / Dev 2 / Dev 3 / Dev 5,Backend regression and schema quality Item 90,Run and stabilize full regression plus schema/export quality,OPEN,docs/audit,Immediate
471,P1,Backend regression and schema quality,Dev 1 / Dev 2 / Dev 3 / Dev 5,Backend regression and schema quality Item 91,Run and stabilize full regression plus schema/export quality,OPEN,docs/audit,Immediate
472,P1,Backend regression and schema quality,Dev 1 / Dev 2 / Dev 3 / Dev 5,Backend regression and schema quality Item 92,Run and stabilize full regression plus schema/export quality,OPEN,docs/audit,Immediate
473,P1,Backend regression and schema quality,Dev 1 / Dev 2 / Dev 3 / Dev 5,Backend regression and schema quality Item 93,Run and stabilize full regression plus schema/export quality,OPEN,docs/audit,Immediate
474,P1,Backend regression and schema quality,Dev 1 / Dev 2 / Dev 3 / Dev 5,Backend regression and schema quality Item 94,Run and stabilize full regression plus schema/export quality,OPEN,docs/audit,Immediate
475,P1,Backend regression and schema quality,Dev 1 / Dev 2 / Dev 3 / Dev 5,Backend regression and schema quality Item 95,Run and stabilize full regression plus schema/export quality,OPEN,docs/audit,Immediate
476,P1,Backend regression and schema quality,Dev 1 / Dev 2 / Dev 3 / Dev 5,Backend regression and schema quality Item 96,Run and stabilize full regression plus schema/export quality,OPEN,docs/audit,Immediate
477,P1,Backend regression and schema quality,Dev 1 / Dev 2 / Dev 3 / Dev 5,Backend regression and schema quality Item 97,Run and stabilize full regression plus schema/export quality,OPEN,docs/audit,Immediate
478,P1,Backend regression and schema quality,Dev 1 / Dev 2 / Dev 3 / Dev 5,Backend regression and schema quality Item 98,Run and stabilize full regression plus schema/export quality,OPEN,docs/audit,Immediate
479,P1,Backend regression and schema quality,Dev 1 / Dev 2 / Dev 3 / Dev 5,Backend regression and schema quality Item 99,Run and stabilize full regression plus schema/export quality,OPEN,docs/audit,Immediate
480,P1,Backend regression and schema quality,Dev 1 / Dev 2 / Dev 3 / Dev 5,Backend regression and schema quality Item 100,Run and stabilize full regression plus schema/export quality,OPEN,docs/audit,Immediate
481,P1,Backend regression and schema quality,Dev 1 / Dev 2 / Dev 3 / Dev 5,Backend regression and schema quality Item 101,Run and stabilize full regression plus schema/export quality,OPEN,docs/audit,Immediate
482,P1,Backend regression and schema quality,Dev 1 / Dev 2 / Dev 3 / Dev 5,Backend regression and schema quality Item 102,Run and stabilize full regression plus schema/export quality,OPEN,docs/audit,Immediate
483,P1,Backend regression and schema quality,Dev 1 / Dev 2 / Dev 3 / Dev 5,Backend regression and schema quality Item 103,Run and stabilize full regression plus schema/export quality,OPEN,docs/audit,Immediate
484,P1,Backend regression and schema quality,Dev 1 / Dev 2 / Dev 3 / Dev 5,Backend regression and schema quality Item 104,Run and stabilize full regression plus schema/export quality,OPEN,docs/audit,Immediate
485,P1,Backend regression and schema quality,Dev 1 / Dev 2 / Dev 3 / Dev 5,Backend regression and schema quality Item 105,Run and stabilize full regression plus schema/export quality,OPEN,docs/audit,Immediate
486,P1,Backend regression and schema quality,Dev 1 / Dev 2 / Dev 3 / Dev 5,Backend regression and schema quality Item 106,Run and stabilize full regression plus schema/export quality,OPEN,docs/audit,Immediate
487,P1,Backend regression and schema quality,Dev 1 / Dev 2 / Dev 3 / Dev 5,Backend regression and schema quality Item 107,Run and stabilize full regression plus schema/export quality,OPEN,docs/audit,Immediate
488,P1,Backend regression and schema quality,Dev 1 / Dev 2 / Dev 3 / Dev 5,Backend regression and schema quality Item 108,Run and stabilize full regression plus schema/export quality,OPEN,docs/audit,Immediate
489,P1,Backend regression and schema quality,Dev 1 / Dev 2 / Dev 3 / Dev 5,Backend regression and schema quality Item 109,Run and stabilize full regression plus schema/export quality,OPEN,docs/audit,Immediate
490,P1,Backend regression and schema quality,Dev 1 / Dev 2 / Dev 3 / Dev 5,Backend regression and schema quality Item 110,Run and stabilize full regression plus schema/export quality,OPEN,docs/audit,Immediate
491,P1,Backend regression and schema quality,Dev 1 / Dev 2 / Dev 3 / Dev 5,Backend regression and schema quality Item 111,Run and stabilize full regression plus schema/export quality,OPEN,docs/audit,Immediate
492,P1,Backend regression and schema quality,Dev 1 / Dev 2 / Dev 3 / Dev 5,Backend regression and schema quality Item 112,Run and stabilize full regression plus schema/export quality,OPEN,docs/audit,Immediate
493,P1,Backend regression and schema quality,Dev 1 / Dev 2 / Dev 3 / Dev 5,Backend regression and schema quality Item 113,Run and stabilize full regression plus schema/export quality,OPEN,docs/audit,Immediate
494,P1,Backend regression and schema quality,Dev 1 / Dev 2 / Dev 3 / Dev 5,Backend regression and schema quality Item 114,Run and stabilize full regression plus schema/export quality,OPEN,docs/audit,Immediate
495,P1,Backend regression and schema quality,Dev 1 / Dev 2 / Dev 3 / Dev 5,Backend regression and schema quality Item 115,Run and stabilize full regression plus schema/export quality,OPEN,docs/audit,Immediate
496,P1,Backend regression and schema quality,Dev 1 / Dev 2 / Dev 3 / Dev 5,Backend regression and schema quality Item 116,Run and stabilize full regression plus schema/export quality,OPEN,docs/audit,Immediate
497,P1,Backend regression and schema quality,Dev 1 / Dev 2 / Dev 3 / Dev 5,Backend regression and schema quality Item 117,Run and stabilize full regression plus schema/export quality,OPEN,docs/audit,Immediate
498,P1,Backend regression and schema quality,Dev 1 / Dev 2 / Dev 3 / Dev 5,Backend regression and schema quality Item 118,Run and stabilize full regression plus schema/export quality,OPEN,docs/audit,Immediate
499,P1,Backend regression and schema quality,Dev 1 / Dev 2 / Dev 3 / Dev 5,Backend regression and schema quality Item 119,Run and stabilize full regression plus schema/export quality,OPEN,docs/audit,Immediate
500,P1,Backend regression and schema quality,Dev 1 / Dev 2 / Dev 3 / Dev 5,Backend regression and schema quality Item 120,Run and stabilize full regression plus schema/export quality,OPEN,docs/audit,Immediate
501,P1,Backend regression and schema quality,Dev 1 / Dev 2 / Dev 3 / Dev 5,Backend regression and schema quality Item 121,Run and stabilize full regression plus schema/export quality,OPEN,docs/audit,Immediate
502,P1,Backend regression and schema quality,Dev 1 / Dev 2 / Dev 3 / Dev 5,Backend regression and schema quality Item 122,Run and stabilize full regression plus schema/export quality,OPEN,docs/audit,Immediate
503,P1,Backend regression and schema quality,Dev 1 / Dev 2 / Dev 3 / Dev 5,Backend regression and schema quality Item 123,Run and stabilize full regression plus schema/export quality,OPEN,docs/audit,Immediate
504,P1,Backend regression and schema quality,Dev 1 / Dev 2 / Dev 3 / Dev 5,Backend regression and schema quality Item 124,Run and stabilize full regression plus schema/export quality,OPEN,docs/audit,Immediate
505,P1,Backend regression and schema quality,Dev 1 / Dev 2 / Dev 3 / Dev 5,Backend regression and schema quality Item 125,Run and stabilize full regression plus schema/export quality,OPEN,docs/audit,Immediate
506,P1,Backend regression and schema quality,Dev 1 / Dev 2 / Dev 3 / Dev 5,Backend regression and schema quality Item 126,Run and stabilize full regression plus schema/export quality,OPEN,docs/audit,Immediate
507,P1,Backend regression and schema quality,Dev 1 / Dev 2 / Dev 3 / Dev 5,Backend regression and schema quality Item 127,Run and stabilize full regression plus schema/export quality,OPEN,docs/audit,Immediate
508,P1,Backend regression and schema quality,Dev 1 / Dev 2 / Dev 3 / Dev 5,Backend regression and schema quality Item 128,Run and stabilize full regression plus schema/export quality,OPEN,docs/audit,Immediate
509,P1,Backend regression and schema quality,Dev 1 / Dev 2 / Dev 3 / Dev 5,Backend regression and schema quality Item 129,Run and stabilize full regression plus schema/export quality,OPEN,docs/audit,Immediate
510,P1,Backend regression and schema quality,Dev 1 / Dev 2 / Dev 3 / Dev 5,Backend regression and schema quality Item 130,Run and stabilize full regression plus schema/export quality,OPEN,docs/audit,Immediate
511,P1,Backend regression and schema quality,Dev 1 / Dev 2 / Dev 3 / Dev 5,Backend regression and schema quality Item 131,Run and stabilize full regression plus schema/export quality,OPEN,docs/audit,Immediate
512,P1,Backend regression and schema quality,Dev 1 / Dev 2 / Dev 3 / Dev 5,Backend regression and schema quality Item 132,Run and stabilize full regression plus schema/export quality,OPEN,docs/audit,Immediate
513,P1,Backend regression and schema quality,Dev 1 / Dev 2 / Dev 3 / Dev 5,Backend regression and schema quality Item 133,Run and stabilize full regression plus schema/export quality,OPEN,docs/audit,Immediate
514,P1,Backend regression and schema quality,Dev 1 / Dev 2 / Dev 3 / Dev 5,Backend regression and schema quality Item 134,Run and stabilize full regression plus schema/export quality,OPEN,docs/audit,Immediate
515,P1,Backend regression and schema quality,Dev 1 / Dev 2 / Dev 3 / Dev 5,Backend regression and schema quality Item 135,Run and stabilize full regression plus schema/export quality,OPEN,docs/audit,Immediate
516,P1,Backend regression and schema quality,Dev 1 / Dev 2 / Dev 3 / Dev 5,Backend regression and schema quality Item 136,Run and stabilize full regression plus schema/export quality,OPEN,docs/audit,Immediate
517,P1,Backend regression and schema quality,Dev 1 / Dev 2 / Dev 3 / Dev 5,Backend regression and schema quality Item 137,Run and stabilize full regression plus schema/export quality,OPEN,docs/audit,Immediate
518,P1,Backend regression and schema quality,Dev 1 / Dev 2 / Dev 3 / Dev 5,Backend regression and schema quality Item 138,Run and stabilize full regression plus schema/export quality,OPEN,docs/audit,Immediate
519,P1,Backend regression and schema quality,Dev 1 / Dev 2 / Dev 3 / Dev 5,Backend regression and schema quality Item 139,Run and stabilize full regression plus schema/export quality,OPEN,docs/audit,Immediate
520,P1,Backend regression and schema quality,Dev 1 / Dev 2 / Dev 3 / Dev 5,Backend regression and schema quality Item 140,Run and stabilize full regression plus schema/export quality,OPEN,docs/audit,Immediate
521,P1,Frontend dashboard and wizard completion,Dev 4,Frontend dashboard and wizard completion Item 1,"Replace placeholders, wire real data, validate permissions and tenant scope",OPEN,docs/audit,Immediate
522,P1,Frontend dashboard and wizard completion,Dev 4,Frontend dashboard and wizard completion Item 2,"Replace placeholders, wire real data, validate permissions and tenant scope",OPEN,docs/audit,Immediate
523,P1,Frontend dashboard and wizard completion,Dev 4,Frontend dashboard and wizard completion Item 3,"Replace placeholders, wire real data, validate permissions and tenant scope",OPEN,docs/audit,Immediate
524,P1,Frontend dashboard and wizard completion,Dev 4,Frontend dashboard and wizard completion Item 4,"Replace placeholders, wire real data, validate permissions and tenant scope",OPEN,docs/audit,Immediate
525,P1,Frontend dashboard and wizard completion,Dev 4,Frontend dashboard and wizard completion Item 5,"Replace placeholders, wire real data, validate permissions and tenant scope",OPEN,docs/audit,Immediate
526,P1,Frontend dashboard and wizard completion,Dev 4,Frontend dashboard and wizard completion Item 6,"Replace placeholders, wire real data, validate permissions and tenant scope",OPEN,docs/audit,Immediate
527,P1,Frontend dashboard and wizard completion,Dev 4,Frontend dashboard and wizard completion Item 7,"Replace placeholders, wire real data, validate permissions and tenant scope",OPEN,docs/audit,Immediate
528,P1,Frontend dashboard and wizard completion,Dev 4,Frontend dashboard and wizard completion Item 8,"Replace placeholders, wire real data, validate permissions and tenant scope",OPEN,docs/audit,Immediate
529,P1,Frontend dashboard and wizard completion,Dev 4,Frontend dashboard and wizard completion Item 9,"Replace placeholders, wire real data, validate permissions and tenant scope",OPEN,docs/audit,Immediate
530,P1,Frontend dashboard and wizard completion,Dev 4,Frontend dashboard and wizard completion Item 10,"Replace placeholders, wire real data, validate permissions and tenant scope",OPEN,docs/audit,Immediate
531,P1,Frontend dashboard and wizard completion,Dev 4,Frontend dashboard and wizard completion Item 11,"Replace placeholders, wire real data, validate permissions and tenant scope",OPEN,docs/audit,Immediate
532,P1,Frontend dashboard and wizard completion,Dev 4,Frontend dashboard and wizard completion Item 12,"Replace placeholders, wire real data, validate permissions and tenant scope",OPEN,docs/audit,Immediate
533,P1,Frontend dashboard and wizard completion,Dev 4,Frontend dashboard and wizard completion Item 13,"Replace placeholders, wire real data, validate permissions and tenant scope",OPEN,docs/audit,Immediate
534,P1,Frontend dashboard and wizard completion,Dev 4,Frontend dashboard and wizard completion Item 14,"Replace placeholders, wire real data, validate permissions and tenant scope",OPEN,docs/audit,Immediate
535,P1,Frontend dashboard and wizard completion,Dev 4,Frontend dashboard and wizard completion Item 15,"Replace placeholders, wire real data, validate permissions and tenant scope",OPEN,docs/audit,Immediate
536,P1,Frontend dashboard and wizard completion,Dev 4,Frontend dashboard and wizard completion Item 16,"Replace placeholders, wire real data, validate permissions and tenant scope",OPEN,docs/audit,Immediate
537,P1,Frontend dashboard and wizard completion,Dev 4,Frontend dashboard and wizard completion Item 17,"Replace placeholders, wire real data, validate permissions and tenant scope",OPEN,docs/audit,Immediate
538,P1,Frontend dashboard and wizard completion,Dev 4,Frontend dashboard and wizard completion Item 18,"Replace placeholders, wire real data, validate permissions and tenant scope",OPEN,docs/audit,Immediate
539,P1,Frontend dashboard and wizard completion,Dev 4,Frontend dashboard and wizard completion Item 19,"Replace placeholders, wire real data, validate permissions and tenant scope",OPEN,docs/audit,Immediate
540,P1,Frontend dashboard and wizard completion,Dev 4,Frontend dashboard and wizard completion Item 20,"Replace placeholders, wire real data, validate permissions and tenant scope",OPEN,docs/audit,Immediate
541,P1,Frontend dashboard and wizard completion,Dev 4,Frontend dashboard and wizard completion Item 21,"Replace placeholders, wire real data, validate permissions and tenant scope",OPEN,docs/audit,Immediate
542,P1,Frontend dashboard and wizard completion,Dev 4,Frontend dashboard and wizard completion Item 22,"Replace placeholders, wire real data, validate permissions and tenant scope",OPEN,docs/audit,Immediate
543,P1,Frontend dashboard and wizard completion,Dev 4,Frontend dashboard and wizard completion Item 23,"Replace placeholders, wire real data, validate permissions and tenant scope",OPEN,docs/audit,Immediate
544,P1,Frontend dashboard and wizard completion,Dev 4,Frontend dashboard and wizard completion Item 24,"Replace placeholders, wire real data, validate permissions and tenant scope",OPEN,docs/audit,Immediate
545,P1,Frontend dashboard and wizard completion,Dev 4,Frontend dashboard and wizard completion Item 25,"Replace placeholders, wire real data, validate permissions and tenant scope",OPEN,docs/audit,Immediate
546,P1,Frontend dashboard and wizard completion,Dev 4,Frontend dashboard and wizard completion Item 26,"Replace placeholders, wire real data, validate permissions and tenant scope",OPEN,docs/audit,Immediate
547,P1,Frontend dashboard and wizard completion,Dev 4,Frontend dashboard and wizard completion Item 27,"Replace placeholders, wire real data, validate permissions and tenant scope",OPEN,docs/audit,Immediate
548,P1,Frontend dashboard and wizard completion,Dev 4,Frontend dashboard and wizard completion Item 28,"Replace placeholders, wire real data, validate permissions and tenant scope",OPEN,docs/audit,Immediate
549,P1,Frontend dashboard and wizard completion,Dev 4,Frontend dashboard and wizard completion Item 29,"Replace placeholders, wire real data, validate permissions and tenant scope",OPEN,docs/audit,Immediate
550,P1,Frontend dashboard and wizard completion,Dev 4,Frontend dashboard and wizard completion Item 30,"Replace placeholders, wire real data, validate permissions and tenant scope",OPEN,docs/audit,Immediate
551,P1,Frontend dashboard and wizard completion,Dev 4,Frontend dashboard and wizard completion Item 31,"Replace placeholders, wire real data, validate permissions and tenant scope",OPEN,docs/audit,Immediate
552,P1,Frontend dashboard and wizard completion,Dev 4,Frontend dashboard and wizard completion Item 32,"Replace placeholders, wire real data, validate permissions and tenant scope",OPEN,docs/audit,Immediate
553,P1,Frontend dashboard and wizard completion,Dev 4,Frontend dashboard and wizard completion Item 33,"Replace placeholders, wire real data, validate permissions and tenant scope",OPEN,docs/audit,Immediate
554,P1,Frontend dashboard and wizard completion,Dev 4,Frontend dashboard and wizard completion Item 34,"Replace placeholders, wire real data, validate permissions and tenant scope",OPEN,docs/audit,Immediate
555,P1,Frontend dashboard and wizard completion,Dev 4,Frontend dashboard and wizard completion Item 35,"Replace placeholders, wire real data, validate permissions and tenant scope",OPEN,docs/audit,Immediate
556,P1,Frontend dashboard and wizard completion,Dev 4,Frontend dashboard and wizard completion Item 36,"Replace placeholders, wire real data, validate permissions and tenant scope",OPEN,docs/audit,Immediate
557,P1,Frontend dashboard and wizard completion,Dev 4,Frontend dashboard and wizard completion Item 37,"Replace placeholders, wire real data, validate permissions and tenant scope",OPEN,docs/audit,Immediate
558,P1,Frontend dashboard and wizard completion,Dev 4,Frontend dashboard and wizard completion Item 38,"Replace placeholders, wire real data, validate permissions and tenant scope",OPEN,docs/audit,Immediate
559,P1,Frontend dashboard and wizard completion,Dev 4,Frontend dashboard and wizard completion Item 39,"Replace placeholders, wire real data, validate permissions and tenant scope",OPEN,docs/audit,Immediate
560,P1,Frontend dashboard and wizard completion,Dev 4,Frontend dashboard and wizard completion Item 40,"Replace placeholders, wire real data, validate permissions and tenant scope",OPEN,docs/audit,Immediate
561,P1,Frontend dashboard and wizard completion,Dev 4,Frontend dashboard and wizard completion Item 41,"Replace placeholders, wire real data, validate permissions and tenant scope",OPEN,docs/audit,Immediate
562,P1,Frontend dashboard and wizard completion,Dev 4,Frontend dashboard and wizard completion Item 42,"Replace placeholders, wire real data, validate permissions and tenant scope",OPEN,docs/audit,Immediate
563,P1,Frontend dashboard and wizard completion,Dev 4,Frontend dashboard and wizard completion Item 43,"Replace placeholders, wire real data, validate permissions and tenant scope",OPEN,docs/audit,Immediate
564,P1,Frontend dashboard and wizard completion,Dev 4,Frontend dashboard and wizard completion Item 44,"Replace placeholders, wire real data, validate permissions and tenant scope",OPEN,docs/audit,Immediate
565,P1,Frontend dashboard and wizard completion,Dev 4,Frontend dashboard and wizard completion Item 45,"Replace placeholders, wire real data, validate permissions and tenant scope",OPEN,docs/audit,Immediate
566,P1,Frontend dashboard and wizard completion,Dev 4,Frontend dashboard and wizard completion Item 46,"Replace placeholders, wire real data, validate permissions and tenant scope",OPEN,docs/audit,Immediate
567,P1,Frontend dashboard and wizard completion,Dev 4,Frontend dashboard and wizard completion Item 47,"Replace placeholders, wire real data, validate permissions and tenant scope",OPEN,docs/audit,Immediate
568,P1,Frontend dashboard and wizard completion,Dev 4,Frontend dashboard and wizard completion Item 48,"Replace placeholders, wire real data, validate permissions and tenant scope",OPEN,docs/audit,Immediate
569,P1,Frontend dashboard and wizard completion,Dev 4,Frontend dashboard and wizard completion Item 49,"Replace placeholders, wire real data, validate permissions and tenant scope",OPEN,docs/audit,Immediate
570,P1,Frontend dashboard and wizard completion,Dev 4,Frontend dashboard and wizard completion Item 50,"Replace placeholders, wire real data, validate permissions and tenant scope",OPEN,docs/audit,Immediate
571,P1,Frontend dashboard and wizard completion,Dev 4,Frontend dashboard and wizard completion Item 51,"Replace placeholders, wire real data, validate permissions and tenant scope",OPEN,docs/audit,Immediate
572,P1,Frontend dashboard and wizard completion,Dev 4,Frontend dashboard and wizard completion Item 52,"Replace placeholders, wire real data, validate permissions and tenant scope",OPEN,docs/audit,Immediate
573,P1,Frontend dashboard and wizard completion,Dev 4,Frontend dashboard and wizard completion Item 53,"Replace placeholders, wire real data, validate permissions and tenant scope",OPEN,docs/audit,Immediate
574,P1,Frontend dashboard and wizard completion,Dev 4,Frontend dashboard and wizard completion Item 54,"Replace placeholders, wire real data, validate permissions and tenant scope",OPEN,docs/audit,Immediate
575,P1,Frontend dashboard and wizard completion,Dev 4,Frontend dashboard and wizard completion Item 55,"Replace placeholders, wire real data, validate permissions and tenant scope",OPEN,docs/audit,Immediate
576,P1,Frontend dashboard and wizard completion,Dev 4,Frontend dashboard and wizard completion Item 56,"Replace placeholders, wire real data, validate permissions and tenant scope",OPEN,docs/audit,Immediate
577,P1,Frontend dashboard and wizard completion,Dev 4,Frontend dashboard and wizard completion Item 57,"Replace placeholders, wire real data, validate permissions and tenant scope",OPEN,docs/audit,Immediate
578,P1,Frontend dashboard and wizard completion,Dev 4,Frontend dashboard and wizard completion Item 58,"Replace placeholders, wire real data, validate permissions and tenant scope",OPEN,docs/audit,Immediate
579,P1,Frontend dashboard and wizard completion,Dev 4,Frontend dashboard and wizard completion Item 59,"Replace placeholders, wire real data, validate permissions and tenant scope",OPEN,docs/audit,Immediate
580,P1,Frontend dashboard and wizard completion,Dev 4,Frontend dashboard and wizard completion Item 60,"Replace placeholders, wire real data, validate permissions and tenant scope",OPEN,docs/audit,Immediate
581,P1,Frontend dashboard and wizard completion,Dev 4,Frontend dashboard and wizard completion Item 61,"Replace placeholders, wire real data, validate permissions and tenant scope",OPEN,docs/audit,Immediate
582,P1,Frontend dashboard and wizard completion,Dev 4,Frontend dashboard and wizard completion Item 62,"Replace placeholders, wire real data, validate permissions and tenant scope",OPEN,docs/audit,Immediate
583,P1,Frontend dashboard and wizard completion,Dev 4,Frontend dashboard and wizard completion Item 63,"Replace placeholders, wire real data, validate permissions and tenant scope",OPEN,docs/audit,Immediate
584,P1,Frontend dashboard and wizard completion,Dev 4,Frontend dashboard and wizard completion Item 64,"Replace placeholders, wire real data, validate permissions and tenant scope",OPEN,docs/audit,Immediate
585,P1,Frontend dashboard and wizard completion,Dev 4,Frontend dashboard and wizard completion Item 65,"Replace placeholders, wire real data, validate permissions and tenant scope",OPEN,docs/audit,Immediate
586,P1,Frontend dashboard and wizard completion,Dev 4,Frontend dashboard and wizard completion Item 66,"Replace placeholders, wire real data, validate permissions and tenant scope",OPEN,docs/audit,Immediate
587,P1,Frontend dashboard and wizard completion,Dev 4,Frontend dashboard and wizard completion Item 67,"Replace placeholders, wire real data, validate permissions and tenant scope",OPEN,docs/audit,Immediate
588,P1,Frontend dashboard and wizard completion,Dev 4,Frontend dashboard and wizard completion Item 68,"Replace placeholders, wire real data, validate permissions and tenant scope",OPEN,docs/audit,Immediate
589,P1,Frontend dashboard and wizard completion,Dev 4,Frontend dashboard and wizard completion Item 69,"Replace placeholders, wire real data, validate permissions and tenant scope",OPEN,docs/audit,Immediate
590,P1,Frontend dashboard and wizard completion,Dev 4,Frontend dashboard and wizard completion Item 70,"Replace placeholders, wire real data, validate permissions and tenant scope",OPEN,docs/audit,Immediate
591,P1,Frontend dashboard and wizard completion,Dev 4,Frontend dashboard and wizard completion Item 71,"Replace placeholders, wire real data, validate permissions and tenant scope",OPEN,docs/audit,Immediate
592,P1,Frontend dashboard and wizard completion,Dev 4,Frontend dashboard and wizard completion Item 72,"Replace placeholders, wire real data, validate permissions and tenant scope",OPEN,docs/audit,Immediate
593,P1,Frontend dashboard and wizard completion,Dev 4,Frontend dashboard and wizard completion Item 73,"Replace placeholders, wire real data, validate permissions and tenant scope",OPEN,docs/audit,Immediate
594,P1,Frontend dashboard and wizard completion,Dev 4,Frontend dashboard and wizard completion Item 74,"Replace placeholders, wire real data, validate permissions and tenant scope",OPEN,docs/audit,Immediate
595,P1,Frontend dashboard and wizard completion,Dev 4,Frontend dashboard and wizard completion Item 75,"Replace placeholders, wire real data, validate permissions and tenant scope",OPEN,docs/audit,Immediate
596,P1,Frontend dashboard and wizard completion,Dev 4,Frontend dashboard and wizard completion Item 76,"Replace placeholders, wire real data, validate permissions and tenant scope",OPEN,docs/audit,Immediate
597,P1,Frontend dashboard and wizard completion,Dev 4,Frontend dashboard and wizard completion Item 77,"Replace placeholders, wire real data, validate permissions and tenant scope",OPEN,docs/audit,Immediate
598,P1,Frontend dashboard and wizard completion,Dev 4,Frontend dashboard and wizard completion Item 78,"Replace placeholders, wire real data, validate permissions and tenant scope",OPEN,docs/audit,Immediate
599,P1,Frontend dashboard and wizard completion,Dev 4,Frontend dashboard and wizard completion Item 79,"Replace placeholders, wire real data, validate permissions and tenant scope",OPEN,docs/audit,Immediate
600,P1,Frontend dashboard and wizard completion,Dev 4,Frontend dashboard and wizard completion Item 80,"Replace placeholders, wire real data, validate permissions and tenant scope",OPEN,docs/audit,Immediate
601,P1,Frontend dashboard and wizard completion,Dev 4,Frontend dashboard and wizard completion Item 81,"Replace placeholders, wire real data, validate permissions and tenant scope",OPEN,docs/audit,Immediate
602,P1,Frontend dashboard and wizard completion,Dev 4,Frontend dashboard and wizard completion Item 82,"Replace placeholders, wire real data, validate permissions and tenant scope",OPEN,docs/audit,Immediate
603,P1,Frontend dashboard and wizard completion,Dev 4,Frontend dashboard and wizard completion Item 83,"Replace placeholders, wire real data, validate permissions and tenant scope",OPEN,docs/audit,Immediate
604,P1,Frontend dashboard and wizard completion,Dev 4,Frontend dashboard and wizard completion Item 84,"Replace placeholders, wire real data, validate permissions and tenant scope",OPEN,docs/audit,Immediate
605,P1,Frontend dashboard and wizard completion,Dev 4,Frontend dashboard and wizard completion Item 85,"Replace placeholders, wire real data, validate permissions and tenant scope",OPEN,docs/audit,Immediate
606,P1,Frontend dashboard and wizard completion,Dev 4,Frontend dashboard and wizard completion Item 86,"Replace placeholders, wire real data, validate permissions and tenant scope",OPEN,docs/audit,Immediate
607,P1,Frontend dashboard and wizard completion,Dev 4,Frontend dashboard and wizard completion Item 87,"Replace placeholders, wire real data, validate permissions and tenant scope",OPEN,docs/audit,Immediate
608,P1,Frontend dashboard and wizard completion,Dev 4,Frontend dashboard and wizard completion Item 88,"Replace placeholders, wire real data, validate permissions and tenant scope",OPEN,docs/audit,Immediate
609,P1,Frontend dashboard and wizard completion,Dev 4,Frontend dashboard and wizard completion Item 89,"Replace placeholders, wire real data, validate permissions and tenant scope",OPEN,docs/audit,Immediate
610,P1,Frontend dashboard and wizard completion,Dev 4,Frontend dashboard and wizard completion Item 90,"Replace placeholders, wire real data, validate permissions and tenant scope",OPEN,docs/audit,Immediate
611,P1,Frontend dashboard and wizard completion,Dev 4,Frontend dashboard and wizard completion Item 91,"Replace placeholders, wire real data, validate permissions and tenant scope",OPEN,docs/audit,Immediate
612,P1,Frontend dashboard and wizard completion,Dev 4,Frontend dashboard and wizard completion Item 92,"Replace placeholders, wire real data, validate permissions and tenant scope",OPEN,docs/audit,Immediate
613,P1,Frontend dashboard and wizard completion,Dev 4,Frontend dashboard and wizard completion Item 93,"Replace placeholders, wire real data, validate permissions and tenant scope",OPEN,docs/audit,Immediate
614,P1,Frontend dashboard and wizard completion,Dev 4,Frontend dashboard and wizard completion Item 94,"Replace placeholders, wire real data, validate permissions and tenant scope",OPEN,docs/audit,Immediate
615,P1,Frontend dashboard and wizard completion,Dev 4,Frontend dashboard and wizard completion Item 95,"Replace placeholders, wire real data, validate permissions and tenant scope",OPEN,docs/audit,Immediate
616,P1,Frontend dashboard and wizard completion,Dev 4,Frontend dashboard and wizard completion Item 96,"Replace placeholders, wire real data, validate permissions and tenant scope",OPEN,docs/audit,Immediate
617,P1,Frontend dashboard and wizard completion,Dev 4,Frontend dashboard and wizard completion Item 97,"Replace placeholders, wire real data, validate permissions and tenant scope",OPEN,docs/audit,Immediate
618,P1,Frontend dashboard and wizard completion,Dev 4,Frontend dashboard and wizard completion Item 98,"Replace placeholders, wire real data, validate permissions and tenant scope",OPEN,docs/audit,Immediate
619,P1,Frontend dashboard and wizard completion,Dev 4,Frontend dashboard and wizard completion Item 99,"Replace placeholders, wire real data, validate permissions and tenant scope",OPEN,docs/audit,Immediate
620,P1,Frontend dashboard and wizard completion,Dev 4,Frontend dashboard and wizard completion Item 100,"Replace placeholders, wire real data, validate permissions and tenant scope",OPEN,docs/audit,Immediate
621,P1,Frontend dashboard and wizard completion,Dev 4,Frontend dashboard and wizard completion Item 101,"Replace placeholders, wire real data, validate permissions and tenant scope",OPEN,docs/audit,Immediate
622,P1,Frontend dashboard and wizard completion,Dev 4,Frontend dashboard and wizard completion Item 102,"Replace placeholders, wire real data, validate permissions and tenant scope",OPEN,docs/audit,Immediate
623,P1,Frontend dashboard and wizard completion,Dev 4,Frontend dashboard and wizard completion Item 103,"Replace placeholders, wire real data, validate permissions and tenant scope",OPEN,docs/audit,Immediate
624,P1,Frontend dashboard and wizard completion,Dev 4,Frontend dashboard and wizard completion Item 104,"Replace placeholders, wire real data, validate permissions and tenant scope",OPEN,docs/audit,Immediate
625,P1,Frontend dashboard and wizard completion,Dev 4,Frontend dashboard and wizard completion Item 105,"Replace placeholders, wire real data, validate permissions and tenant scope",OPEN,docs/audit,Immediate
626,P1,Frontend dashboard and wizard completion,Dev 4,Frontend dashboard and wizard completion Item 106,"Replace placeholders, wire real data, validate permissions and tenant scope",OPEN,docs/audit,Immediate
627,P1,Frontend dashboard and wizard completion,Dev 4,Frontend dashboard and wizard completion Item 107,"Replace placeholders, wire real data, validate permissions and tenant scope",OPEN,docs/audit,Immediate
628,P1,Frontend dashboard and wizard completion,Dev 4,Frontend dashboard and wizard completion Item 108,"Replace placeholders, wire real data, validate permissions and tenant scope",OPEN,docs/audit,Immediate
629,P1,Frontend dashboard and wizard completion,Dev 4,Frontend dashboard and wizard completion Item 109,"Replace placeholders, wire real data, validate permissions and tenant scope",OPEN,docs/audit,Immediate
630,P1,Frontend dashboard and wizard completion,Dev 4,Frontend dashboard and wizard completion Item 110,"Replace placeholders, wire real data, validate permissions and tenant scope",OPEN,docs/audit,Immediate
631,P1,Frontend dashboard and wizard completion,Dev 4,Frontend dashboard and wizard completion Item 111,"Replace placeholders, wire real data, validate permissions and tenant scope",OPEN,docs/audit,Immediate
632,P1,Frontend dashboard and wizard completion,Dev 4,Frontend dashboard and wizard completion Item 112,"Replace placeholders, wire real data, validate permissions and tenant scope",OPEN,docs/audit,Immediate
633,P1,Frontend dashboard and wizard completion,Dev 4,Frontend dashboard and wizard completion Item 113,"Replace placeholders, wire real data, validate permissions and tenant scope",OPEN,docs/audit,Immediate
634,P1,Frontend dashboard and wizard completion,Dev 4,Frontend dashboard and wizard completion Item 114,"Replace placeholders, wire real data, validate permissions and tenant scope",OPEN,docs/audit,Immediate
635,P1,Frontend dashboard and wizard completion,Dev 4,Frontend dashboard and wizard completion Item 115,"Replace placeholders, wire real data, validate permissions and tenant scope",OPEN,docs/audit,Immediate
636,P1,Frontend dashboard and wizard completion,Dev 4,Frontend dashboard and wizard completion Item 116,"Replace placeholders, wire real data, validate permissions and tenant scope",OPEN,docs/audit,Immediate
637,P1,Frontend dashboard and wizard completion,Dev 4,Frontend dashboard and wizard completion Item 117,"Replace placeholders, wire real data, validate permissions and tenant scope",OPEN,docs/audit,Immediate
638,P1,Frontend dashboard and wizard completion,Dev 4,Frontend dashboard and wizard completion Item 118,"Replace placeholders, wire real data, validate permissions and tenant scope",OPEN,docs/audit,Immediate
639,P1,Frontend dashboard and wizard completion,Dev 4,Frontend dashboard and wizard completion Item 119,"Replace placeholders, wire real data, validate permissions and tenant scope",OPEN,docs/audit,Immediate
640,P1,Frontend dashboard and wizard completion,Dev 4,Frontend dashboard and wizard completion Item 120,"Replace placeholders, wire real data, validate permissions and tenant scope",OPEN,docs/audit,Immediate
641,P1,Frontend dashboard and wizard completion,Dev 4,Frontend dashboard and wizard completion Item 121,"Replace placeholders, wire real data, validate permissions and tenant scope",OPEN,docs/audit,Immediate
642,P1,Frontend dashboard and wizard completion,Dev 4,Frontend dashboard and wizard completion Item 122,"Replace placeholders, wire real data, validate permissions and tenant scope",OPEN,docs/audit,Immediate
643,P1,Frontend dashboard and wizard completion,Dev 4,Frontend dashboard and wizard completion Item 123,"Replace placeholders, wire real data, validate permissions and tenant scope",OPEN,docs/audit,Immediate
644,P1,Frontend dashboard and wizard completion,Dev 4,Frontend dashboard and wizard completion Item 124,"Replace placeholders, wire real data, validate permissions and tenant scope",OPEN,docs/audit,Immediate
645,P1,Frontend dashboard and wizard completion,Dev 4,Frontend dashboard and wizard completion Item 125,"Replace placeholders, wire real data, validate permissions and tenant scope",OPEN,docs/audit,Immediate
646,P1,Frontend dashboard and wizard completion,Dev 4,Frontend dashboard and wizard completion Item 126,"Replace placeholders, wire real data, validate permissions and tenant scope",OPEN,docs/audit,Immediate
647,P1,Frontend dashboard and wizard completion,Dev 4,Frontend dashboard and wizard completion Item 127,"Replace placeholders, wire real data, validate permissions and tenant scope",OPEN,docs/audit,Immediate
648,P1,Frontend dashboard and wizard completion,Dev 4,Frontend dashboard and wizard completion Item 128,"Replace placeholders, wire real data, validate permissions and tenant scope",OPEN,docs/audit,Immediate
649,P1,Frontend dashboard and wizard completion,Dev 4,Frontend dashboard and wizard completion Item 129,"Replace placeholders, wire real data, validate permissions and tenant scope",OPEN,docs/audit,Immediate
650,P1,Frontend dashboard and wizard completion,Dev 4,Frontend dashboard and wizard completion Item 130,"Replace placeholders, wire real data, validate permissions and tenant scope",OPEN,docs/audit,Immediate
651,P1,Frontend dashboard and wizard completion,Dev 4,Frontend dashboard and wizard completion Item 131,"Replace placeholders, wire real data, validate permissions and tenant scope",OPEN,docs/audit,Immediate
652,P1,Frontend dashboard and wizard completion,Dev 4,Frontend dashboard and wizard completion Item 132,"Replace placeholders, wire real data, validate permissions and tenant scope",OPEN,docs/audit,Immediate
653,P1,Frontend dashboard and wizard completion,Dev 4,Frontend dashboard and wizard completion Item 133,"Replace placeholders, wire real data, validate permissions and tenant scope",OPEN,docs/audit,Immediate
654,P1,Frontend dashboard and wizard completion,Dev 4,Frontend dashboard and wizard completion Item 134,"Replace placeholders, wire real data, validate permissions and tenant scope",OPEN,docs/audit,Immediate
655,P1,Frontend dashboard and wizard completion,Dev 4,Frontend dashboard and wizard completion Item 135,"Replace placeholders, wire real data, validate permissions and tenant scope",OPEN,docs/audit,Immediate
656,P1,Frontend dashboard and wizard completion,Dev 4,Frontend dashboard and wizard completion Item 136,"Replace placeholders, wire real data, validate permissions and tenant scope",OPEN,docs/audit,Immediate
657,P1,Frontend dashboard and wizard completion,Dev 4,Frontend dashboard and wizard completion Item 137,"Replace placeholders, wire real data, validate permissions and tenant scope",OPEN,docs/audit,Immediate
658,P1,Frontend dashboard and wizard completion,Dev 4,Frontend dashboard and wizard completion Item 138,"Replace placeholders, wire real data, validate permissions and tenant scope",OPEN,docs/audit,Immediate
659,P1,Frontend dashboard and wizard completion,Dev 4,Frontend dashboard and wizard completion Item 139,"Replace placeholders, wire real data, validate permissions and tenant scope",OPEN,docs/audit,Immediate
660,P1,Frontend dashboard and wizard completion,Dev 4,Frontend dashboard and wizard completion Item 140,"Replace placeholders, wire real data, validate permissions and tenant scope",OPEN,docs/audit,Immediate
661,P1,Security and compliance closure,Dev 1 / Dev 5,Security and compliance closure Item 1,"Close deploy/security warnings, harden settings, prove controls in artifacts",OPEN,docs/audit,Immediate
662,P1,Security and compliance closure,Dev 1 / Dev 5,Security and compliance closure Item 2,"Close deploy/security warnings, harden settings, prove controls in artifacts",OPEN,docs/audit,Immediate
663,P1,Security and compliance closure,Dev 1 / Dev 5,Security and compliance closure Item 3,"Close deploy/security warnings, harden settings, prove controls in artifacts",OPEN,docs/audit,Immediate
664,P1,Security and compliance closure,Dev 1 / Dev 5,Security and compliance closure Item 4,"Close deploy/security warnings, harden settings, prove controls in artifacts",OPEN,docs/audit,Immediate
665,P1,Security and compliance closure,Dev 1 / Dev 5,Security and compliance closure Item 5,"Close deploy/security warnings, harden settings, prove controls in artifacts",OPEN,docs/audit,Immediate
666,P1,Security and compliance closure,Dev 1 / Dev 5,Security and compliance closure Item 6,"Close deploy/security warnings, harden settings, prove controls in artifacts",OPEN,docs/audit,Immediate
667,P1,Security and compliance closure,Dev 1 / Dev 5,Security and compliance closure Item 7,"Close deploy/security warnings, harden settings, prove controls in artifacts",OPEN,docs/audit,Immediate
668,P1,Security and compliance closure,Dev 1 / Dev 5,Security and compliance closure Item 8,"Close deploy/security warnings, harden settings, prove controls in artifacts",OPEN,docs/audit,Immediate
669,P1,Security and compliance closure,Dev 1 / Dev 5,Security and compliance closure Item 9,"Close deploy/security warnings, harden settings, prove controls in artifacts",OPEN,docs/audit,Immediate
670,P1,Security and compliance closure,Dev 1 / Dev 5,Security and compliance closure Item 10,"Close deploy/security warnings, harden settings, prove controls in artifacts",OPEN,docs/audit,Immediate
671,P1,Security and compliance closure,Dev 1 / Dev 5,Security and compliance closure Item 11,"Close deploy/security warnings, harden settings, prove controls in artifacts",OPEN,docs/audit,Immediate
672,P1,Security and compliance closure,Dev 1 / Dev 5,Security and compliance closure Item 12,"Close deploy/security warnings, harden settings, prove controls in artifacts",OPEN,docs/audit,Immediate
673,P1,Security and compliance closure,Dev 1 / Dev 5,Security and compliance closure Item 13,"Close deploy/security warnings, harden settings, prove controls in artifacts",OPEN,docs/audit,Immediate
674,P1,Security and compliance closure,Dev 1 / Dev 5,Security and compliance closure Item 14,"Close deploy/security warnings, harden settings, prove controls in artifacts",OPEN,docs/audit,Immediate
675,P1,Security and compliance closure,Dev 1 / Dev 5,Security and compliance closure Item 15,"Close deploy/security warnings, harden settings, prove controls in artifacts",OPEN,docs/audit,Immediate
676,P1,Security and compliance closure,Dev 1 / Dev 5,Security and compliance closure Item 16,"Close deploy/security warnings, harden settings, prove controls in artifacts",OPEN,docs/audit,Immediate
677,P1,Security and compliance closure,Dev 1 / Dev 5,Security and compliance closure Item 17,"Close deploy/security warnings, harden settings, prove controls in artifacts",OPEN,docs/audit,Immediate
678,P1,Security and compliance closure,Dev 1 / Dev 5,Security and compliance closure Item 18,"Close deploy/security warnings, harden settings, prove controls in artifacts",OPEN,docs/audit,Immediate
679,P1,Security and compliance closure,Dev 1 / Dev 5,Security and compliance closure Item 19,"Close deploy/security warnings, harden settings, prove controls in artifacts",OPEN,docs/audit,Immediate
680,P1,Security and compliance closure,Dev 1 / Dev 5,Security and compliance closure Item 20,"Close deploy/security warnings, harden settings, prove controls in artifacts",OPEN,docs/audit,Immediate
681,P1,Security and compliance closure,Dev 1 / Dev 5,Security and compliance closure Item 21,"Close deploy/security warnings, harden settings, prove controls in artifacts",OPEN,docs/audit,Immediate
682,P1,Security and compliance closure,Dev 1 / Dev 5,Security and compliance closure Item 22,"Close deploy/security warnings, harden settings, prove controls in artifacts",OPEN,docs/audit,Immediate
683,P1,Security and compliance closure,Dev 1 / Dev 5,Security and compliance closure Item 23,"Close deploy/security warnings, harden settings, prove controls in artifacts",OPEN,docs/audit,Immediate
684,P1,Security and compliance closure,Dev 1 / Dev 5,Security and compliance closure Item 24,"Close deploy/security warnings, harden settings, prove controls in artifacts",OPEN,docs/audit,Immediate
685,P1,Security and compliance closure,Dev 1 / Dev 5,Security and compliance closure Item 25,"Close deploy/security warnings, harden settings, prove controls in artifacts",OPEN,docs/audit,Immediate
686,P1,Security and compliance closure,Dev 1 / Dev 5,Security and compliance closure Item 26,"Close deploy/security warnings, harden settings, prove controls in artifacts",OPEN,docs/audit,Immediate
687,P1,Security and compliance closure,Dev 1 / Dev 5,Security and compliance closure Item 27,"Close deploy/security warnings, harden settings, prove controls in artifacts",OPEN,docs/audit,Immediate
688,P1,Security and compliance closure,Dev 1 / Dev 5,Security and compliance closure Item 28,"Close deploy/security warnings, harden settings, prove controls in artifacts",OPEN,docs/audit,Immediate
689,P1,Security and compliance closure,Dev 1 / Dev 5,Security and compliance closure Item 29,"Close deploy/security warnings, harden settings, prove controls in artifacts",OPEN,docs/audit,Immediate
690,P1,Security and compliance closure,Dev 1 / Dev 5,Security and compliance closure Item 30,"Close deploy/security warnings, harden settings, prove controls in artifacts",OPEN,docs/audit,Immediate
691,P1,Security and compliance closure,Dev 1 / Dev 5,Security and compliance closure Item 31,"Close deploy/security warnings, harden settings, prove controls in artifacts",OPEN,docs/audit,Immediate
692,P1,Security and compliance closure,Dev 1 / Dev 5,Security and compliance closure Item 32,"Close deploy/security warnings, harden settings, prove controls in artifacts",OPEN,docs/audit,Immediate
693,P1,Security and compliance closure,Dev 1 / Dev 5,Security and compliance closure Item 33,"Close deploy/security warnings, harden settings, prove controls in artifacts",OPEN,docs/audit,Immediate
694,P1,Security and compliance closure,Dev 1 / Dev 5,Security and compliance closure Item 34,"Close deploy/security warnings, harden settings, prove controls in artifacts",OPEN,docs/audit,Immediate
695,P1,Security and compliance closure,Dev 1 / Dev 5,Security and compliance closure Item 35,"Close deploy/security warnings, harden settings, prove controls in artifacts",OPEN,docs/audit,Immediate
696,P1,Security and compliance closure,Dev 1 / Dev 5,Security and compliance closure Item 36,"Close deploy/security warnings, harden settings, prove controls in artifacts",OPEN,docs/audit,Immediate
697,P1,Security and compliance closure,Dev 1 / Dev 5,Security and compliance closure Item 37,"Close deploy/security warnings, harden settings, prove controls in artifacts",OPEN,docs/audit,Immediate
698,P1,Security and compliance closure,Dev 1 / Dev 5,Security and compliance closure Item 38,"Close deploy/security warnings, harden settings, prove controls in artifacts",OPEN,docs/audit,Immediate
699,P1,Security and compliance closure,Dev 1 / Dev 5,Security and compliance closure Item 39,"Close deploy/security warnings, harden settings, prove controls in artifacts",OPEN,docs/audit,Immediate
700,P1,Security and compliance closure,Dev 1 / Dev 5,Security and compliance closure Item 40,"Close deploy/security warnings, harden settings, prove controls in artifacts",OPEN,docs/audit,Immediate
701,P1,Security and compliance closure,Dev 1 / Dev 5,Security and compliance closure Item 41,"Close deploy/security warnings, harden settings, prove controls in artifacts",OPEN,docs/audit,Immediate
702,P1,Security and compliance closure,Dev 1 / Dev 5,Security and compliance closure Item 42,"Close deploy/security warnings, harden settings, prove controls in artifacts",OPEN,docs/audit,Immediate
703,P1,Security and compliance closure,Dev 1 / Dev 5,Security and compliance closure Item 43,"Close deploy/security warnings, harden settings, prove controls in artifacts",OPEN,docs/audit,Immediate
704,P1,Security and compliance closure,Dev 1 / Dev 5,Security and compliance closure Item 44,"Close deploy/security warnings, harden settings, prove controls in artifacts",OPEN,docs/audit,Immediate
705,P1,Security and compliance closure,Dev 1 / Dev 5,Security and compliance closure Item 45,"Close deploy/security warnings, harden settings, prove controls in artifacts",OPEN,docs/audit,Immediate
706,P1,Security and compliance closure,Dev 1 / Dev 5,Security and compliance closure Item 46,"Close deploy/security warnings, harden settings, prove controls in artifacts",OPEN,docs/audit,Immediate
707,P1,Security and compliance closure,Dev 1 / Dev 5,Security and compliance closure Item 47,"Close deploy/security warnings, harden settings, prove controls in artifacts",OPEN,docs/audit,Immediate
708,P1,Security and compliance closure,Dev 1 / Dev 5,Security and compliance closure Item 48,"Close deploy/security warnings, harden settings, prove controls in artifacts",OPEN,docs/audit,Immediate
709,P1,Security and compliance closure,Dev 1 / Dev 5,Security and compliance closure Item 49,"Close deploy/security warnings, harden settings, prove controls in artifacts",OPEN,docs/audit,Immediate
710,P1,Security and compliance closure,Dev 1 / Dev 5,Security and compliance closure Item 50,"Close deploy/security warnings, harden settings, prove controls in artifacts",OPEN,docs/audit,Immediate
711,P1,Security and compliance closure,Dev 1 / Dev 5,Security and compliance closure Item 51,"Close deploy/security warnings, harden settings, prove controls in artifacts",OPEN,docs/audit,Immediate
712,P1,Security and compliance closure,Dev 1 / Dev 5,Security and compliance closure Item 52,"Close deploy/security warnings, harden settings, prove controls in artifacts",OPEN,docs/audit,Immediate
713,P1,Security and compliance closure,Dev 1 / Dev 5,Security and compliance closure Item 53,"Close deploy/security warnings, harden settings, prove controls in artifacts",OPEN,docs/audit,Immediate
714,P1,Security and compliance closure,Dev 1 / Dev 5,Security and compliance closure Item 54,"Close deploy/security warnings, harden settings, prove controls in artifacts",OPEN,docs/audit,Immediate
715,P1,Security and compliance closure,Dev 1 / Dev 5,Security and compliance closure Item 55,"Close deploy/security warnings, harden settings, prove controls in artifacts",OPEN,docs/audit,Immediate
716,P1,Security and compliance closure,Dev 1 / Dev 5,Security and compliance closure Item 56,"Close deploy/security warnings, harden settings, prove controls in artifacts",OPEN,docs/audit,Immediate
717,P1,Security and compliance closure,Dev 1 / Dev 5,Security and compliance closure Item 57,"Close deploy/security warnings, harden settings, prove controls in artifacts",OPEN,docs/audit,Immediate
718,P1,Security and compliance closure,Dev 1 / Dev 5,Security and compliance closure Item 58,"Close deploy/security warnings, harden settings, prove controls in artifacts",OPEN,docs/audit,Immediate
719,P1,Security and compliance closure,Dev 1 / Dev 5,Security and compliance closure Item 59,"Close deploy/security warnings, harden settings, prove controls in artifacts",OPEN,docs/audit,Immediate
720,P1,Security and compliance closure,Dev 1 / Dev 5,Security and compliance closure Item 60,"Close deploy/security warnings, harden settings, prove controls in artifacts",OPEN,docs/audit,Immediate
721,P1,Security and compliance closure,Dev 1 / Dev 5,Security and compliance closure Item 61,"Close deploy/security warnings, harden settings, prove controls in artifacts",OPEN,docs/audit,Immediate
722,P1,Security and compliance closure,Dev 1 / Dev 5,Security and compliance closure Item 62,"Close deploy/security warnings, harden settings, prove controls in artifacts",OPEN,docs/audit,Immediate
723,P1,Security and compliance closure,Dev 1 / Dev 5,Security and compliance closure Item 63,"Close deploy/security warnings, harden settings, prove controls in artifacts",OPEN,docs/audit,Immediate
724,P1,Security and compliance closure,Dev 1 / Dev 5,Security and compliance closure Item 64,"Close deploy/security warnings, harden settings, prove controls in artifacts",OPEN,docs/audit,Immediate
725,P1,Security and compliance closure,Dev 1 / Dev 5,Security and compliance closure Item 65,"Close deploy/security warnings, harden settings, prove controls in artifacts",OPEN,docs/audit,Immediate
726,P1,Security and compliance closure,Dev 1 / Dev 5,Security and compliance closure Item 66,"Close deploy/security warnings, harden settings, prove controls in artifacts",OPEN,docs/audit,Immediate
727,P1,Security and compliance closure,Dev 1 / Dev 5,Security and compliance closure Item 67,"Close deploy/security warnings, harden settings, prove controls in artifacts",OPEN,docs/audit,Immediate
728,P1,Security and compliance closure,Dev 1 / Dev 5,Security and compliance closure Item 68,"Close deploy/security warnings, harden settings, prove controls in artifacts",OPEN,docs/audit,Immediate
729,P1,Security and compliance closure,Dev 1 / Dev 5,Security and compliance closure Item 69,"Close deploy/security warnings, harden settings, prove controls in artifacts",OPEN,docs/audit,Immediate
730,P1,Security and compliance closure,Dev 1 / Dev 5,Security and compliance closure Item 70,"Close deploy/security warnings, harden settings, prove controls in artifacts",OPEN,docs/audit,Immediate
731,P1,Security and compliance closure,Dev 1 / Dev 5,Security and compliance closure Item 71,"Close deploy/security warnings, harden settings, prove controls in artifacts",OPEN,docs/audit,Immediate
732,P1,Security and compliance closure,Dev 1 / Dev 5,Security and compliance closure Item 72,"Close deploy/security warnings, harden settings, prove controls in artifacts",OPEN,docs/audit,Immediate
733,P1,Security and compliance closure,Dev 1 / Dev 5,Security and compliance closure Item 73,"Close deploy/security warnings, harden settings, prove controls in artifacts",OPEN,docs/audit,Immediate
734,P1,Security and compliance closure,Dev 1 / Dev 5,Security and compliance closure Item 74,"Close deploy/security warnings, harden settings, prove controls in artifacts",OPEN,docs/audit,Immediate
735,P1,Security and compliance closure,Dev 1 / Dev 5,Security and compliance closure Item 75,"Close deploy/security warnings, harden settings, prove controls in artifacts",OPEN,docs/audit,Immediate
736,P1,Security and compliance closure,Dev 1 / Dev 5,Security and compliance closure Item 76,"Close deploy/security warnings, harden settings, prove controls in artifacts",OPEN,docs/audit,Immediate
737,P1,Security and compliance closure,Dev 1 / Dev 5,Security and compliance closure Item 77,"Close deploy/security warnings, harden settings, prove controls in artifacts",OPEN,docs/audit,Immediate
738,P1,Security and compliance closure,Dev 1 / Dev 5,Security and compliance closure Item 78,"Close deploy/security warnings, harden settings, prove controls in artifacts",OPEN,docs/audit,Immediate
739,P1,Security and compliance closure,Dev 1 / Dev 5,Security and compliance closure Item 79,"Close deploy/security warnings, harden settings, prove controls in artifacts",OPEN,docs/audit,Immediate
740,P1,Security and compliance closure,Dev 1 / Dev 5,Security and compliance closure Item 80,"Close deploy/security warnings, harden settings, prove controls in artifacts",OPEN,docs/audit,Immediate
741,P1,Security and compliance closure,Dev 1 / Dev 5,Security and compliance closure Item 81,"Close deploy/security warnings, harden settings, prove controls in artifacts",OPEN,docs/audit,Immediate
742,P1,Security and compliance closure,Dev 1 / Dev 5,Security and compliance closure Item 82,"Close deploy/security warnings, harden settings, prove controls in artifacts",OPEN,docs/audit,Immediate
743,P1,Security and compliance closure,Dev 1 / Dev 5,Security and compliance closure Item 83,"Close deploy/security warnings, harden settings, prove controls in artifacts",OPEN,docs/audit,Immediate
744,P1,Security and compliance closure,Dev 1 / Dev 5,Security and compliance closure Item 84,"Close deploy/security warnings, harden settings, prove controls in artifacts",OPEN,docs/audit,Immediate
745,P1,Security and compliance closure,Dev 1 / Dev 5,Security and compliance closure Item 85,"Close deploy/security warnings, harden settings, prove controls in artifacts",OPEN,docs/audit,Immediate
746,P1,Security and compliance closure,Dev 1 / Dev 5,Security and compliance closure Item 86,"Close deploy/security warnings, harden settings, prove controls in artifacts",OPEN,docs/audit,Immediate
747,P1,Security and compliance closure,Dev 1 / Dev 5,Security and compliance closure Item 87,"Close deploy/security warnings, harden settings, prove controls in artifacts",OPEN,docs/audit,Immediate
748,P1,Security and compliance closure,Dev 1 / Dev 5,Security and compliance closure Item 88,"Close deploy/security warnings, harden settings, prove controls in artifacts",OPEN,docs/audit,Immediate
749,P1,Security and compliance closure,Dev 1 / Dev 5,Security and compliance closure Item 89,"Close deploy/security warnings, harden settings, prove controls in artifacts",OPEN,docs/audit,Immediate
750,P1,Security and compliance closure,Dev 1 / Dev 5,Security and compliance closure Item 90,"Close deploy/security warnings, harden settings, prove controls in artifacts",OPEN,docs/audit,Immediate
751,P1,Security and compliance closure,Dev 1 / Dev 5,Security and compliance closure Item 91,"Close deploy/security warnings, harden settings, prove controls in artifacts",OPEN,docs/audit,Immediate
752,P1,Security and compliance closure,Dev 1 / Dev 5,Security and compliance closure Item 92,"Close deploy/security warnings, harden settings, prove controls in artifacts",OPEN,docs/audit,Immediate
753,P1,Security and compliance closure,Dev 1 / Dev 5,Security and compliance closure Item 93,"Close deploy/security warnings, harden settings, prove controls in artifacts",OPEN,docs/audit,Immediate
754,P1,Security and compliance closure,Dev 1 / Dev 5,Security and compliance closure Item 94,"Close deploy/security warnings, harden settings, prove controls in artifacts",OPEN,docs/audit,Immediate
755,P1,Security and compliance closure,Dev 1 / Dev 5,Security and compliance closure Item 95,"Close deploy/security warnings, harden settings, prove controls in artifacts",OPEN,docs/audit,Immediate
756,P1,Security and compliance closure,Dev 1 / Dev 5,Security and compliance closure Item 96,"Close deploy/security warnings, harden settings, prove controls in artifacts",OPEN,docs/audit,Immediate
757,P1,Security and compliance closure,Dev 1 / Dev 5,Security and compliance closure Item 97,"Close deploy/security warnings, harden settings, prove controls in artifacts",OPEN,docs/audit,Immediate
758,P1,Security and compliance closure,Dev 1 / Dev 5,Security and compliance closure Item 98,"Close deploy/security warnings, harden settings, prove controls in artifacts",OPEN,docs/audit,Immediate
759,P1,Security and compliance closure,Dev 1 / Dev 5,Security and compliance closure Item 99,"Close deploy/security warnings, harden settings, prove controls in artifacts",OPEN,docs/audit,Immediate
760,P1,Security and compliance closure,Dev 1 / Dev 5,Security and compliance closure Item 100,"Close deploy/security warnings, harden settings, prove controls in artifacts",OPEN,docs/audit,Immediate
761,P1,Security and compliance closure,Dev 1 / Dev 5,Security and compliance closure Item 101,"Close deploy/security warnings, harden settings, prove controls in artifacts",OPEN,docs/audit,Immediate
762,P1,Security and compliance closure,Dev 1 / Dev 5,Security and compliance closure Item 102,"Close deploy/security warnings, harden settings, prove controls in artifacts",OPEN,docs/audit,Immediate
763,P1,Security and compliance closure,Dev 1 / Dev 5,Security and compliance closure Item 103,"Close deploy/security warnings, harden settings, prove controls in artifacts",OPEN,docs/audit,Immediate
764,P1,Security and compliance closure,Dev 1 / Dev 5,Security and compliance closure Item 104,"Close deploy/security warnings, harden settings, prove controls in artifacts",OPEN,docs/audit,Immediate
765,P1,Security and compliance closure,Dev 1 / Dev 5,Security and compliance closure Item 105,"Close deploy/security warnings, harden settings, prove controls in artifacts",OPEN,docs/audit,Immediate
766,P1,Security and compliance closure,Dev 1 / Dev 5,Security and compliance closure Item 106,"Close deploy/security warnings, harden settings, prove controls in artifacts",OPEN,docs/audit,Immediate
767,P1,Security and compliance closure,Dev 1 / Dev 5,Security and compliance closure Item 107,"Close deploy/security warnings, harden settings, prove controls in artifacts",OPEN,docs/audit,Immediate
768,P1,Security and compliance closure,Dev 1 / Dev 5,Security and compliance closure Item 108,"Close deploy/security warnings, harden settings, prove controls in artifacts",OPEN,docs/audit,Immediate
769,P1,Security and compliance closure,Dev 1 / Dev 5,Security and compliance closure Item 109,"Close deploy/security warnings, harden settings, prove controls in artifacts",OPEN,docs/audit,Immediate
770,P1,Security and compliance closure,Dev 1 / Dev 5,Security and compliance closure Item 110,"Close deploy/security warnings, harden settings, prove controls in artifacts",OPEN,docs/audit,Immediate
771,P1,Security and compliance closure,Dev 1 / Dev 5,Security and compliance closure Item 111,"Close deploy/security warnings, harden settings, prove controls in artifacts",OPEN,docs/audit,Immediate
772,P1,Security and compliance closure,Dev 1 / Dev 5,Security and compliance closure Item 112,"Close deploy/security warnings, harden settings, prove controls in artifacts",OPEN,docs/audit,Immediate
773,P1,Security and compliance closure,Dev 1 / Dev 5,Security and compliance closure Item 113,"Close deploy/security warnings, harden settings, prove controls in artifacts",OPEN,docs/audit,Immediate
774,P1,Security and compliance closure,Dev 1 / Dev 5,Security and compliance closure Item 114,"Close deploy/security warnings, harden settings, prove controls in artifacts",OPEN,docs/audit,Immediate
775,P1,Security and compliance closure,Dev 1 / Dev 5,Security and compliance closure Item 115,"Close deploy/security warnings, harden settings, prove controls in artifacts",OPEN,docs/audit,Immediate
776,P1,Security and compliance closure,Dev 1 / Dev 5,Security and compliance closure Item 116,"Close deploy/security warnings, harden settings, prove controls in artifacts",OPEN,docs/audit,Immediate
777,P1,Security and compliance closure,Dev 1 / Dev 5,Security and compliance closure Item 117,"Close deploy/security warnings, harden settings, prove controls in artifacts",OPEN,docs/audit,Immediate
778,P1,Security and compliance closure,Dev 1 / Dev 5,Security and compliance closure Item 118,"Close deploy/security warnings, harden settings, prove controls in artifacts",OPEN,docs/audit,Immediate
779,P1,Security and compliance closure,Dev 1 / Dev 5,Security and compliance closure Item 119,"Close deploy/security warnings, harden settings, prove controls in artifacts",OPEN,docs/audit,Immediate
780,P1,Security and compliance closure,Dev 1 / Dev 5,Security and compliance closure Item 120,"Close deploy/security warnings, harden settings, prove controls in artifacts",OPEN,docs/audit,Immediate
781,P1,Data/model/service quality cleanup,Dev 2 / Dev 3,Data/model/service quality cleanup Item 1,"Resolve model-service TODOs, placeholders, and edge-case failures",OPEN,docs/audit,Immediate
782,P1,Data/model/service quality cleanup,Dev 2 / Dev 3,Data/model/service quality cleanup Item 2,"Resolve model-service TODOs, placeholders, and edge-case failures",OPEN,docs/audit,Immediate
783,P1,Data/model/service quality cleanup,Dev 2 / Dev 3,Data/model/service quality cleanup Item 3,"Resolve model-service TODOs, placeholders, and edge-case failures",OPEN,docs/audit,Immediate
784,P1,Data/model/service quality cleanup,Dev 2 / Dev 3,Data/model/service quality cleanup Item 4,"Resolve model-service TODOs, placeholders, and edge-case failures",OPEN,docs/audit,Immediate
785,P1,Data/model/service quality cleanup,Dev 2 / Dev 3,Data/model/service quality cleanup Item 5,"Resolve model-service TODOs, placeholders, and edge-case failures",OPEN,docs/audit,Immediate
786,P1,Data/model/service quality cleanup,Dev 2 / Dev 3,Data/model/service quality cleanup Item 6,"Resolve model-service TODOs, placeholders, and edge-case failures",OPEN,docs/audit,Immediate
787,P1,Data/model/service quality cleanup,Dev 2 / Dev 3,Data/model/service quality cleanup Item 7,"Resolve model-service TODOs, placeholders, and edge-case failures",OPEN,docs/audit,Immediate
788,P1,Data/model/service quality cleanup,Dev 2 / Dev 3,Data/model/service quality cleanup Item 8,"Resolve model-service TODOs, placeholders, and edge-case failures",OPEN,docs/audit,Immediate
789,P1,Data/model/service quality cleanup,Dev 2 / Dev 3,Data/model/service quality cleanup Item 9,"Resolve model-service TODOs, placeholders, and edge-case failures",OPEN,docs/audit,Immediate
790,P1,Data/model/service quality cleanup,Dev 2 / Dev 3,Data/model/service quality cleanup Item 10,"Resolve model-service TODOs, placeholders, and edge-case failures",OPEN,docs/audit,Immediate
791,P1,Data/model/service quality cleanup,Dev 2 / Dev 3,Data/model/service quality cleanup Item 11,"Resolve model-service TODOs, placeholders, and edge-case failures",OPEN,docs/audit,Immediate
792,P1,Data/model/service quality cleanup,Dev 2 / Dev 3,Data/model/service quality cleanup Item 12,"Resolve model-service TODOs, placeholders, and edge-case failures",OPEN,docs/audit,Immediate
793,P1,Data/model/service quality cleanup,Dev 2 / Dev 3,Data/model/service quality cleanup Item 13,"Resolve model-service TODOs, placeholders, and edge-case failures",OPEN,docs/audit,Immediate
794,P1,Data/model/service quality cleanup,Dev 2 / Dev 3,Data/model/service quality cleanup Item 14,"Resolve model-service TODOs, placeholders, and edge-case failures",OPEN,docs/audit,Immediate
795,P1,Data/model/service quality cleanup,Dev 2 / Dev 3,Data/model/service quality cleanup Item 15,"Resolve model-service TODOs, placeholders, and edge-case failures",OPEN,docs/audit,Immediate
796,P1,Data/model/service quality cleanup,Dev 2 / Dev 3,Data/model/service quality cleanup Item 16,"Resolve model-service TODOs, placeholders, and edge-case failures",OPEN,docs/audit,Immediate
797,P1,Data/model/service quality cleanup,Dev 2 / Dev 3,Data/model/service quality cleanup Item 17,"Resolve model-service TODOs, placeholders, and edge-case failures",OPEN,docs/audit,Immediate
798,P1,Data/model/service quality cleanup,Dev 2 / Dev 3,Data/model/service quality cleanup Item 18,"Resolve model-service TODOs, placeholders, and edge-case failures",OPEN,docs/audit,Immediate
799,P1,Data/model/service quality cleanup,Dev 2 / Dev 3,Data/model/service quality cleanup Item 19,"Resolve model-service TODOs, placeholders, and edge-case failures",OPEN,docs/audit,Immediate
800,P1,Data/model/service quality cleanup,Dev 2 / Dev 3,Data/model/service quality cleanup Item 20,"Resolve model-service TODOs, placeholders, and edge-case failures",OPEN,docs/audit,Immediate
801,P1,Data/model/service quality cleanup,Dev 2 / Dev 3,Data/model/service quality cleanup Item 21,"Resolve model-service TODOs, placeholders, and edge-case failures",OPEN,docs/audit,Immediate
802,P1,Data/model/service quality cleanup,Dev 2 / Dev 3,Data/model/service quality cleanup Item 22,"Resolve model-service TODOs, placeholders, and edge-case failures",OPEN,docs/audit,Immediate
803,P1,Data/model/service quality cleanup,Dev 2 / Dev 3,Data/model/service quality cleanup Item 23,"Resolve model-service TODOs, placeholders, and edge-case failures",OPEN,docs/audit,Immediate
804,P1,Data/model/service quality cleanup,Dev 2 / Dev 3,Data/model/service quality cleanup Item 24,"Resolve model-service TODOs, placeholders, and edge-case failures",OPEN,docs/audit,Immediate
805,P1,Data/model/service quality cleanup,Dev 2 / Dev 3,Data/model/service quality cleanup Item 25,"Resolve model-service TODOs, placeholders, and edge-case failures",OPEN,docs/audit,Immediate
806,P1,Data/model/service quality cleanup,Dev 2 / Dev 3,Data/model/service quality cleanup Item 26,"Resolve model-service TODOs, placeholders, and edge-case failures",OPEN,docs/audit,Immediate
807,P1,Data/model/service quality cleanup,Dev 2 / Dev 3,Data/model/service quality cleanup Item 27,"Resolve model-service TODOs, placeholders, and edge-case failures",OPEN,docs/audit,Immediate
808,P1,Data/model/service quality cleanup,Dev 2 / Dev 3,Data/model/service quality cleanup Item 28,"Resolve model-service TODOs, placeholders, and edge-case failures",OPEN,docs/audit,Immediate
809,P1,Data/model/service quality cleanup,Dev 2 / Dev 3,Data/model/service quality cleanup Item 29,"Resolve model-service TODOs, placeholders, and edge-case failures",OPEN,docs/audit,Immediate
810,P1,Data/model/service quality cleanup,Dev 2 / Dev 3,Data/model/service quality cleanup Item 30,"Resolve model-service TODOs, placeholders, and edge-case failures",OPEN,docs/audit,Immediate
811,P1,Data/model/service quality cleanup,Dev 2 / Dev 3,Data/model/service quality cleanup Item 31,"Resolve model-service TODOs, placeholders, and edge-case failures",OPEN,docs/audit,Immediate
812,P1,Data/model/service quality cleanup,Dev 2 / Dev 3,Data/model/service quality cleanup Item 32,"Resolve model-service TODOs, placeholders, and edge-case failures",OPEN,docs/audit,Immediate
813,P1,Data/model/service quality cleanup,Dev 2 / Dev 3,Data/model/service quality cleanup Item 33,"Resolve model-service TODOs, placeholders, and edge-case failures",OPEN,docs/audit,Immediate
814,P1,Data/model/service quality cleanup,Dev 2 / Dev 3,Data/model/service quality cleanup Item 34,"Resolve model-service TODOs, placeholders, and edge-case failures",OPEN,docs/audit,Immediate
815,P1,Data/model/service quality cleanup,Dev 2 / Dev 3,Data/model/service quality cleanup Item 35,"Resolve model-service TODOs, placeholders, and edge-case failures",OPEN,docs/audit,Immediate
816,P1,Data/model/service quality cleanup,Dev 2 / Dev 3,Data/model/service quality cleanup Item 36,"Resolve model-service TODOs, placeholders, and edge-case failures",OPEN,docs/audit,Immediate
817,P1,Data/model/service quality cleanup,Dev 2 / Dev 3,Data/model/service quality cleanup Item 37,"Resolve model-service TODOs, placeholders, and edge-case failures",OPEN,docs/audit,Immediate
818,P1,Data/model/service quality cleanup,Dev 2 / Dev 3,Data/model/service quality cleanup Item 38,"Resolve model-service TODOs, placeholders, and edge-case failures",OPEN,docs/audit,Immediate
819,P1,Data/model/service quality cleanup,Dev 2 / Dev 3,Data/model/service quality cleanup Item 39,"Resolve model-service TODOs, placeholders, and edge-case failures",OPEN,docs/audit,Immediate
820,P1,Data/model/service quality cleanup,Dev 2 / Dev 3,Data/model/service quality cleanup Item 40,"Resolve model-service TODOs, placeholders, and edge-case failures",OPEN,docs/audit,Immediate
821,P1,Data/model/service quality cleanup,Dev 2 / Dev 3,Data/model/service quality cleanup Item 41,"Resolve model-service TODOs, placeholders, and edge-case failures",OPEN,docs/audit,Immediate
822,P1,Data/model/service quality cleanup,Dev 2 / Dev 3,Data/model/service quality cleanup Item 42,"Resolve model-service TODOs, placeholders, and edge-case failures",OPEN,docs/audit,Immediate
823,P1,Data/model/service quality cleanup,Dev 2 / Dev 3,Data/model/service quality cleanup Item 43,"Resolve model-service TODOs, placeholders, and edge-case failures",OPEN,docs/audit,Immediate
824,P1,Data/model/service quality cleanup,Dev 2 / Dev 3,Data/model/service quality cleanup Item 44,"Resolve model-service TODOs, placeholders, and edge-case failures",OPEN,docs/audit,Immediate
825,P1,Data/model/service quality cleanup,Dev 2 / Dev 3,Data/model/service quality cleanup Item 45,"Resolve model-service TODOs, placeholders, and edge-case failures",OPEN,docs/audit,Immediate
826,P1,Data/model/service quality cleanup,Dev 2 / Dev 3,Data/model/service quality cleanup Item 46,"Resolve model-service TODOs, placeholders, and edge-case failures",OPEN,docs/audit,Immediate
827,P1,Data/model/service quality cleanup,Dev 2 / Dev 3,Data/model/service quality cleanup Item 47,"Resolve model-service TODOs, placeholders, and edge-case failures",OPEN,docs/audit,Immediate
828,P1,Data/model/service quality cleanup,Dev 2 / Dev 3,Data/model/service quality cleanup Item 48,"Resolve model-service TODOs, placeholders, and edge-case failures",OPEN,docs/audit,Immediate
829,P1,Data/model/service quality cleanup,Dev 2 / Dev 3,Data/model/service quality cleanup Item 49,"Resolve model-service TODOs, placeholders, and edge-case failures",OPEN,docs/audit,Immediate
830,P1,Data/model/service quality cleanup,Dev 2 / Dev 3,Data/model/service quality cleanup Item 50,"Resolve model-service TODOs, placeholders, and edge-case failures",OPEN,docs/audit,Immediate
831,P1,Data/model/service quality cleanup,Dev 2 / Dev 3,Data/model/service quality cleanup Item 51,"Resolve model-service TODOs, placeholders, and edge-case failures",OPEN,docs/audit,Immediate
832,P1,Data/model/service quality cleanup,Dev 2 / Dev 3,Data/model/service quality cleanup Item 52,"Resolve model-service TODOs, placeholders, and edge-case failures",OPEN,docs/audit,Immediate
833,P1,Data/model/service quality cleanup,Dev 2 / Dev 3,Data/model/service quality cleanup Item 53,"Resolve model-service TODOs, placeholders, and edge-case failures",OPEN,docs/audit,Immediate
834,P1,Data/model/service quality cleanup,Dev 2 / Dev 3,Data/model/service quality cleanup Item 54,"Resolve model-service TODOs, placeholders, and edge-case failures",OPEN,docs/audit,Immediate
835,P1,Data/model/service quality cleanup,Dev 2 / Dev 3,Data/model/service quality cleanup Item 55,"Resolve model-service TODOs, placeholders, and edge-case failures",OPEN,docs/audit,Immediate
836,P1,Data/model/service quality cleanup,Dev 2 / Dev 3,Data/model/service quality cleanup Item 56,"Resolve model-service TODOs, placeholders, and edge-case failures",OPEN,docs/audit,Immediate
837,P1,Data/model/service quality cleanup,Dev 2 / Dev 3,Data/model/service quality cleanup Item 57,"Resolve model-service TODOs, placeholders, and edge-case failures",OPEN,docs/audit,Immediate
838,P1,Data/model/service quality cleanup,Dev 2 / Dev 3,Data/model/service quality cleanup Item 58,"Resolve model-service TODOs, placeholders, and edge-case failures",OPEN,docs/audit,Immediate
839,P1,Data/model/service quality cleanup,Dev 2 / Dev 3,Data/model/service quality cleanup Item 59,"Resolve model-service TODOs, placeholders, and edge-case failures",OPEN,docs/audit,Immediate
840,P1,Data/model/service quality cleanup,Dev 2 / Dev 3,Data/model/service quality cleanup Item 60,"Resolve model-service TODOs, placeholders, and edge-case failures",OPEN,docs/audit,Immediate
841,P1,Data/model/service quality cleanup,Dev 2 / Dev 3,Data/model/service quality cleanup Item 61,"Resolve model-service TODOs, placeholders, and edge-case failures",OPEN,docs/audit,Immediate
842,P1,Data/model/service quality cleanup,Dev 2 / Dev 3,Data/model/service quality cleanup Item 62,"Resolve model-service TODOs, placeholders, and edge-case failures",OPEN,docs/audit,Immediate
843,P1,Data/model/service quality cleanup,Dev 2 / Dev 3,Data/model/service quality cleanup Item 63,"Resolve model-service TODOs, placeholders, and edge-case failures",OPEN,docs/audit,Immediate
844,P1,Data/model/service quality cleanup,Dev 2 / Dev 3,Data/model/service quality cleanup Item 64,"Resolve model-service TODOs, placeholders, and edge-case failures",OPEN,docs/audit,Immediate
845,P1,Data/model/service quality cleanup,Dev 2 / Dev 3,Data/model/service quality cleanup Item 65,"Resolve model-service TODOs, placeholders, and edge-case failures",OPEN,docs/audit,Immediate
846,P1,Data/model/service quality cleanup,Dev 2 / Dev 3,Data/model/service quality cleanup Item 66,"Resolve model-service TODOs, placeholders, and edge-case failures",OPEN,docs/audit,Immediate
847,P1,Data/model/service quality cleanup,Dev 2 / Dev 3,Data/model/service quality cleanup Item 67,"Resolve model-service TODOs, placeholders, and edge-case failures",OPEN,docs/audit,Immediate
848,P1,Data/model/service quality cleanup,Dev 2 / Dev 3,Data/model/service quality cleanup Item 68,"Resolve model-service TODOs, placeholders, and edge-case failures",OPEN,docs/audit,Immediate
849,P1,Data/model/service quality cleanup,Dev 2 / Dev 3,Data/model/service quality cleanup Item 69,"Resolve model-service TODOs, placeholders, and edge-case failures",OPEN,docs/audit,Immediate
850,P1,Data/model/service quality cleanup,Dev 2 / Dev 3,Data/model/service quality cleanup Item 70,"Resolve model-service TODOs, placeholders, and edge-case failures",OPEN,docs/audit,Immediate
851,P1,Data/model/service quality cleanup,Dev 2 / Dev 3,Data/model/service quality cleanup Item 71,"Resolve model-service TODOs, placeholders, and edge-case failures",OPEN,docs/audit,Immediate
852,P1,Data/model/service quality cleanup,Dev 2 / Dev 3,Data/model/service quality cleanup Item 72,"Resolve model-service TODOs, placeholders, and edge-case failures",OPEN,docs/audit,Immediate
853,P1,Data/model/service quality cleanup,Dev 2 / Dev 3,Data/model/service quality cleanup Item 73,"Resolve model-service TODOs, placeholders, and edge-case failures",OPEN,docs/audit,Immediate
854,P1,Data/model/service quality cleanup,Dev 2 / Dev 3,Data/model/service quality cleanup Item 74,"Resolve model-service TODOs, placeholders, and edge-case failures",OPEN,docs/audit,Immediate
855,P1,Data/model/service quality cleanup,Dev 2 / Dev 3,Data/model/service quality cleanup Item 75,"Resolve model-service TODOs, placeholders, and edge-case failures",OPEN,docs/audit,Immediate
856,P1,Data/model/service quality cleanup,Dev 2 / Dev 3,Data/model/service quality cleanup Item 76,"Resolve model-service TODOs, placeholders, and edge-case failures",OPEN,docs/audit,Immediate
857,P1,Data/model/service quality cleanup,Dev 2 / Dev 3,Data/model/service quality cleanup Item 77,"Resolve model-service TODOs, placeholders, and edge-case failures",OPEN,docs/audit,Immediate
858,P1,Data/model/service quality cleanup,Dev 2 / Dev 3,Data/model/service quality cleanup Item 78,"Resolve model-service TODOs, placeholders, and edge-case failures",OPEN,docs/audit,Immediate
859,P1,Data/model/service quality cleanup,Dev 2 / Dev 3,Data/model/service quality cleanup Item 79,"Resolve model-service TODOs, placeholders, and edge-case failures",OPEN,docs/audit,Immediate
860,P1,Data/model/service quality cleanup,Dev 2 / Dev 3,Data/model/service quality cleanup Item 80,"Resolve model-service TODOs, placeholders, and edge-case failures",OPEN,docs/audit,Immediate
861,P1,Data/model/service quality cleanup,Dev 2 / Dev 3,Data/model/service quality cleanup Item 81,"Resolve model-service TODOs, placeholders, and edge-case failures",OPEN,docs/audit,Immediate
862,P1,Data/model/service quality cleanup,Dev 2 / Dev 3,Data/model/service quality cleanup Item 82,"Resolve model-service TODOs, placeholders, and edge-case failures",OPEN,docs/audit,Immediate
863,P1,Data/model/service quality cleanup,Dev 2 / Dev 3,Data/model/service quality cleanup Item 83,"Resolve model-service TODOs, placeholders, and edge-case failures",OPEN,docs/audit,Immediate
864,P1,Data/model/service quality cleanup,Dev 2 / Dev 3,Data/model/service quality cleanup Item 84,"Resolve model-service TODOs, placeholders, and edge-case failures",OPEN,docs/audit,Immediate
865,P1,Data/model/service quality cleanup,Dev 2 / Dev 3,Data/model/service quality cleanup Item 85,"Resolve model-service TODOs, placeholders, and edge-case failures",OPEN,docs/audit,Immediate
866,P1,Data/model/service quality cleanup,Dev 2 / Dev 3,Data/model/service quality cleanup Item 86,"Resolve model-service TODOs, placeholders, and edge-case failures",OPEN,docs/audit,Immediate
867,P1,Data/model/service quality cleanup,Dev 2 / Dev 3,Data/model/service quality cleanup Item 87,"Resolve model-service TODOs, placeholders, and edge-case failures",OPEN,docs/audit,Immediate
868,P1,Data/model/service quality cleanup,Dev 2 / Dev 3,Data/model/service quality cleanup Item 88,"Resolve model-service TODOs, placeholders, and edge-case failures",OPEN,docs/audit,Immediate
869,P1,Data/model/service quality cleanup,Dev 2 / Dev 3,Data/model/service quality cleanup Item 89,"Resolve model-service TODOs, placeholders, and edge-case failures",OPEN,docs/audit,Immediate
870,P1,Data/model/service quality cleanup,Dev 2 / Dev 3,Data/model/service quality cleanup Item 90,"Resolve model-service TODOs, placeholders, and edge-case failures",OPEN,docs/audit,Immediate
871,P1,Data/model/service quality cleanup,Dev 2 / Dev 3,Data/model/service quality cleanup Item 91,"Resolve model-service TODOs, placeholders, and edge-case failures",OPEN,docs/audit,Immediate
872,P1,Data/model/service quality cleanup,Dev 2 / Dev 3,Data/model/service quality cleanup Item 92,"Resolve model-service TODOs, placeholders, and edge-case failures",OPEN,docs/audit,Immediate
873,P1,Data/model/service quality cleanup,Dev 2 / Dev 3,Data/model/service quality cleanup Item 93,"Resolve model-service TODOs, placeholders, and edge-case failures",OPEN,docs/audit,Immediate
874,P1,Data/model/service quality cleanup,Dev 2 / Dev 3,Data/model/service quality cleanup Item 94,"Resolve model-service TODOs, placeholders, and edge-case failures",OPEN,docs/audit,Immediate
875,P1,Data/model/service quality cleanup,Dev 2 / Dev 3,Data/model/service quality cleanup Item 95,"Resolve model-service TODOs, placeholders, and edge-case failures",OPEN,docs/audit,Immediate
876,P1,Data/model/service quality cleanup,Dev 2 / Dev 3,Data/model/service quality cleanup Item 96,"Resolve model-service TODOs, placeholders, and edge-case failures",OPEN,docs/audit,Immediate
877,P1,Data/model/service quality cleanup,Dev 2 / Dev 3,Data/model/service quality cleanup Item 97,"Resolve model-service TODOs, placeholders, and edge-case failures",OPEN,docs/audit,Immediate
878,P1,Data/model/service quality cleanup,Dev 2 / Dev 3,Data/model/service quality cleanup Item 98,"Resolve model-service TODOs, placeholders, and edge-case failures",OPEN,docs/audit,Immediate
879,P1,Data/model/service quality cleanup,Dev 2 / Dev 3,Data/model/service quality cleanup Item 99,"Resolve model-service TODOs, placeholders, and edge-case failures",OPEN,docs/audit,Immediate
880,P1,Data/model/service quality cleanup,Dev 2 / Dev 3,Data/model/service quality cleanup Item 100,"Resolve model-service TODOs, placeholders, and edge-case failures",OPEN,docs/audit,Immediate
881,P2,"Docs, binder, and release truth reconciliation",Product / Dev 5,"Docs, binder, and release truth reconciliation Item 1",Align all release claims with evidence-backed production truth,OPEN,docs/audit,Immediate
882,P2,"Docs, binder, and release truth reconciliation",Product / Dev 5,"Docs, binder, and release truth reconciliation Item 2",Align all release claims with evidence-backed production truth,OPEN,docs/audit,Immediate
883,P2,"Docs, binder, and release truth reconciliation",Product / Dev 5,"Docs, binder, and release truth reconciliation Item 3",Align all release claims with evidence-backed production truth,OPEN,docs/audit,Immediate
884,P2,"Docs, binder, and release truth reconciliation",Product / Dev 5,"Docs, binder, and release truth reconciliation Item 4",Align all release claims with evidence-backed production truth,OPEN,docs/audit,Immediate
885,P2,"Docs, binder, and release truth reconciliation",Product / Dev 5,"Docs, binder, and release truth reconciliation Item 5",Align all release claims with evidence-backed production truth,OPEN,docs/audit,Immediate
886,P2,"Docs, binder, and release truth reconciliation",Product / Dev 5,"Docs, binder, and release truth reconciliation Item 6",Align all release claims with evidence-backed production truth,OPEN,docs/audit,Immediate
887,P2,"Docs, binder, and release truth reconciliation",Product / Dev 5,"Docs, binder, and release truth reconciliation Item 7",Align all release claims with evidence-backed production truth,OPEN,docs/audit,Immediate
888,P2,"Docs, binder, and release truth reconciliation",Product / Dev 5,"Docs, binder, and release truth reconciliation Item 8",Align all release claims with evidence-backed production truth,OPEN,docs/audit,Immediate
889,P2,"Docs, binder, and release truth reconciliation",Product / Dev 5,"Docs, binder, and release truth reconciliation Item 9",Align all release claims with evidence-backed production truth,OPEN,docs/audit,Immediate
890,P2,"Docs, binder, and release truth reconciliation",Product / Dev 5,"Docs, binder, and release truth reconciliation Item 10",Align all release claims with evidence-backed production truth,OPEN,docs/audit,Immediate
891,P2,"Docs, binder, and release truth reconciliation",Product / Dev 5,"Docs, binder, and release truth reconciliation Item 11",Align all release claims with evidence-backed production truth,OPEN,docs/audit,Immediate
892,P2,"Docs, binder, and release truth reconciliation",Product / Dev 5,"Docs, binder, and release truth reconciliation Item 12",Align all release claims with evidence-backed production truth,OPEN,docs/audit,Immediate
893,P2,"Docs, binder, and release truth reconciliation",Product / Dev 5,"Docs, binder, and release truth reconciliation Item 13",Align all release claims with evidence-backed production truth,OPEN,docs/audit,Immediate
894,P2,"Docs, binder, and release truth reconciliation",Product / Dev 5,"Docs, binder, and release truth reconciliation Item 14",Align all release claims with evidence-backed production truth,OPEN,docs/audit,Immediate
895,P2,"Docs, binder, and release truth reconciliation",Product / Dev 5,"Docs, binder, and release truth reconciliation Item 15",Align all release claims with evidence-backed production truth,OPEN,docs/audit,Immediate
896,P2,"Docs, binder, and release truth reconciliation",Product / Dev 5,"Docs, binder, and release truth reconciliation Item 16",Align all release claims with evidence-backed production truth,OPEN,docs/audit,Immediate
897,P2,"Docs, binder, and release truth reconciliation",Product / Dev 5,"Docs, binder, and release truth reconciliation Item 17",Align all release claims with evidence-backed production truth,OPEN,docs/audit,Immediate
898,P2,"Docs, binder, and release truth reconciliation",Product / Dev 5,"Docs, binder, and release truth reconciliation Item 18",Align all release claims with evidence-backed production truth,OPEN,docs/audit,Immediate
899,P2,"Docs, binder, and release truth reconciliation",Product / Dev 5,"Docs, binder, and release truth reconciliation Item 19",Align all release claims with evidence-backed production truth,OPEN,docs/audit,Immediate
900,P2,"Docs, binder, and release truth reconciliation",Product / Dev 5,"Docs, binder, and release truth reconciliation Item 20",Align all release claims with evidence-backed production truth,OPEN,docs/audit,Immediate
901,P2,"Docs, binder, and release truth reconciliation",Product / Dev 5,"Docs, binder, and release truth reconciliation Item 21",Align all release claims with evidence-backed production truth,OPEN,docs/audit,Immediate
902,P2,"Docs, binder, and release truth reconciliation",Product / Dev 5,"Docs, binder, and release truth reconciliation Item 22",Align all release claims with evidence-backed production truth,OPEN,docs/audit,Immediate
903,P2,"Docs, binder, and release truth reconciliation",Product / Dev 5,"Docs, binder, and release truth reconciliation Item 23",Align all release claims with evidence-backed production truth,OPEN,docs/audit,Immediate
904,P2,"Docs, binder, and release truth reconciliation",Product / Dev 5,"Docs, binder, and release truth reconciliation Item 24",Align all release claims with evidence-backed production truth,OPEN,docs/audit,Immediate
905,P2,"Docs, binder, and release truth reconciliation",Product / Dev 5,"Docs, binder, and release truth reconciliation Item 25",Align all release claims with evidence-backed production truth,OPEN,docs/audit,Immediate
906,P2,"Docs, binder, and release truth reconciliation",Product / Dev 5,"Docs, binder, and release truth reconciliation Item 26",Align all release claims with evidence-backed production truth,OPEN,docs/audit,Immediate
907,P2,"Docs, binder, and release truth reconciliation",Product / Dev 5,"Docs, binder, and release truth reconciliation Item 27",Align all release claims with evidence-backed production truth,OPEN,docs/audit,Immediate
908,P2,"Docs, binder, and release truth reconciliation",Product / Dev 5,"Docs, binder, and release truth reconciliation Item 28",Align all release claims with evidence-backed production truth,OPEN,docs/audit,Immediate
909,P2,"Docs, binder, and release truth reconciliation",Product / Dev 5,"Docs, binder, and release truth reconciliation Item 29",Align all release claims with evidence-backed production truth,OPEN,docs/audit,Immediate
910,P2,"Docs, binder, and release truth reconciliation",Product / Dev 5,"Docs, binder, and release truth reconciliation Item 30",Align all release claims with evidence-backed production truth,OPEN,docs/audit,Immediate
911,P2,"Docs, binder, and release truth reconciliation",Product / Dev 5,"Docs, binder, and release truth reconciliation Item 31",Align all release claims with evidence-backed production truth,OPEN,docs/audit,Immediate
912,P2,"Docs, binder, and release truth reconciliation",Product / Dev 5,"Docs, binder, and release truth reconciliation Item 32",Align all release claims with evidence-backed production truth,OPEN,docs/audit,Immediate
913,P2,"Docs, binder, and release truth reconciliation",Product / Dev 5,"Docs, binder, and release truth reconciliation Item 33",Align all release claims with evidence-backed production truth,OPEN,docs/audit,Immediate
914,P2,"Docs, binder, and release truth reconciliation",Product / Dev 5,"Docs, binder, and release truth reconciliation Item 34",Align all release claims with evidence-backed production truth,OPEN,docs/audit,Immediate
915,P2,"Docs, binder, and release truth reconciliation",Product / Dev 5,"Docs, binder, and release truth reconciliation Item 35",Align all release claims with evidence-backed production truth,OPEN,docs/audit,Immediate
916,P2,"Docs, binder, and release truth reconciliation",Product / Dev 5,"Docs, binder, and release truth reconciliation Item 36",Align all release claims with evidence-backed production truth,OPEN,docs/audit,Immediate
917,P2,"Docs, binder, and release truth reconciliation",Product / Dev 5,"Docs, binder, and release truth reconciliation Item 37",Align all release claims with evidence-backed production truth,OPEN,docs/audit,Immediate
918,P2,"Docs, binder, and release truth reconciliation",Product / Dev 5,"Docs, binder, and release truth reconciliation Item 38",Align all release claims with evidence-backed production truth,OPEN,docs/audit,Immediate
919,P2,"Docs, binder, and release truth reconciliation",Product / Dev 5,"Docs, binder, and release truth reconciliation Item 39",Align all release claims with evidence-backed production truth,OPEN,docs/audit,Immediate
920,P2,"Docs, binder, and release truth reconciliation",Product / Dev 5,"Docs, binder, and release truth reconciliation Item 40",Align all release claims with evidence-backed production truth,OPEN,docs/audit,Immediate
921,P2,"Docs, binder, and release truth reconciliation",Product / Dev 5,"Docs, binder, and release truth reconciliation Item 41",Align all release claims with evidence-backed production truth,OPEN,docs/audit,Immediate
922,P2,"Docs, binder, and release truth reconciliation",Product / Dev 5,"Docs, binder, and release truth reconciliation Item 42",Align all release claims with evidence-backed production truth,OPEN,docs/audit,Immediate
923,P2,"Docs, binder, and release truth reconciliation",Product / Dev 5,"Docs, binder, and release truth reconciliation Item 43",Align all release claims with evidence-backed production truth,OPEN,docs/audit,Immediate
924,P2,"Docs, binder, and release truth reconciliation",Product / Dev 5,"Docs, binder, and release truth reconciliation Item 44",Align all release claims with evidence-backed production truth,OPEN,docs/audit,Immediate
925,P2,"Docs, binder, and release truth reconciliation",Product / Dev 5,"Docs, binder, and release truth reconciliation Item 45",Align all release claims with evidence-backed production truth,OPEN,docs/audit,Immediate
926,P2,"Docs, binder, and release truth reconciliation",Product / Dev 5,"Docs, binder, and release truth reconciliation Item 46",Align all release claims with evidence-backed production truth,OPEN,docs/audit,Immediate
927,P2,"Docs, binder, and release truth reconciliation",Product / Dev 5,"Docs, binder, and release truth reconciliation Item 47",Align all release claims with evidence-backed production truth,OPEN,docs/audit,Immediate
928,P2,"Docs, binder, and release truth reconciliation",Product / Dev 5,"Docs, binder, and release truth reconciliation Item 48",Align all release claims with evidence-backed production truth,OPEN,docs/audit,Immediate
929,P2,"Docs, binder, and release truth reconciliation",Product / Dev 5,"Docs, binder, and release truth reconciliation Item 49",Align all release claims with evidence-backed production truth,OPEN,docs/audit,Immediate
930,P2,"Docs, binder, and release truth reconciliation",Product / Dev 5,"Docs, binder, and release truth reconciliation Item 50",Align all release claims with evidence-backed production truth,OPEN,docs/audit,Immediate
931,P2,"Docs, binder, and release truth reconciliation",Product / Dev 5,"Docs, binder, and release truth reconciliation Item 51",Align all release claims with evidence-backed production truth,OPEN,docs/audit,Immediate
932,P2,"Docs, binder, and release truth reconciliation",Product / Dev 5,"Docs, binder, and release truth reconciliation Item 52",Align all release claims with evidence-backed production truth,OPEN,docs/audit,Immediate
933,P2,"Docs, binder, and release truth reconciliation",Product / Dev 5,"Docs, binder, and release truth reconciliation Item 53",Align all release claims with evidence-backed production truth,OPEN,docs/audit,Immediate
934,P2,"Docs, binder, and release truth reconciliation",Product / Dev 5,"Docs, binder, and release truth reconciliation Item 54",Align all release claims with evidence-backed production truth,OPEN,docs/audit,Immediate
935,P2,"Docs, binder, and release truth reconciliation",Product / Dev 5,"Docs, binder, and release truth reconciliation Item 55",Align all release claims with evidence-backed production truth,OPEN,docs/audit,Immediate
936,P2,"Docs, binder, and release truth reconciliation",Product / Dev 5,"Docs, binder, and release truth reconciliation Item 56",Align all release claims with evidence-backed production truth,OPEN,docs/audit,Immediate
937,P2,"Docs, binder, and release truth reconciliation",Product / Dev 5,"Docs, binder, and release truth reconciliation Item 57",Align all release claims with evidence-backed production truth,OPEN,docs/audit,Immediate
938,P2,"Docs, binder, and release truth reconciliation",Product / Dev 5,"Docs, binder, and release truth reconciliation Item 58",Align all release claims with evidence-backed production truth,OPEN,docs/audit,Immediate
939,P2,"Docs, binder, and release truth reconciliation",Product / Dev 5,"Docs, binder, and release truth reconciliation Item 59",Align all release claims with evidence-backed production truth,OPEN,docs/audit,Immediate
940,P2,"Docs, binder, and release truth reconciliation",Product / Dev 5,"Docs, binder, and release truth reconciliation Item 60",Align all release claims with evidence-backed production truth,OPEN,docs/audit,Immediate
941,P2,"Docs, binder, and release truth reconciliation",Product / Dev 5,"Docs, binder, and release truth reconciliation Item 61",Align all release claims with evidence-backed production truth,OPEN,docs/audit,Immediate
942,P2,"Docs, binder, and release truth reconciliation",Product / Dev 5,"Docs, binder, and release truth reconciliation Item 62",Align all release claims with evidence-backed production truth,OPEN,docs/audit,Immediate
943,P2,"Docs, binder, and release truth reconciliation",Product / Dev 5,"Docs, binder, and release truth reconciliation Item 63",Align all release claims with evidence-backed production truth,OPEN,docs/audit,Immediate
944,P2,"Docs, binder, and release truth reconciliation",Product / Dev 5,"Docs, binder, and release truth reconciliation Item 64",Align all release claims with evidence-backed production truth,OPEN,docs/audit,Immediate
945,P2,"Docs, binder, and release truth reconciliation",Product / Dev 5,"Docs, binder, and release truth reconciliation Item 65",Align all release claims with evidence-backed production truth,OPEN,docs/audit,Immediate
946,P2,"Docs, binder, and release truth reconciliation",Product / Dev 5,"Docs, binder, and release truth reconciliation Item 66",Align all release claims with evidence-backed production truth,OPEN,docs/audit,Immediate
947,P2,"Docs, binder, and release truth reconciliation",Product / Dev 5,"Docs, binder, and release truth reconciliation Item 67",Align all release claims with evidence-backed production truth,OPEN,docs/audit,Immediate
948,P2,"Docs, binder, and release truth reconciliation",Product / Dev 5,"Docs, binder, and release truth reconciliation Item 68",Align all release claims with evidence-backed production truth,OPEN,docs/audit,Immediate
949,P2,"Docs, binder, and release truth reconciliation",Product / Dev 5,"Docs, binder, and release truth reconciliation Item 69",Align all release claims with evidence-backed production truth,OPEN,docs/audit,Immediate
950,P2,"Docs, binder, and release truth reconciliation",Product / Dev 5,"Docs, binder, and release truth reconciliation Item 70",Align all release claims with evidence-backed production truth,OPEN,docs/audit,Immediate
951,P2,"Docs, binder, and release truth reconciliation",Product / Dev 5,"Docs, binder, and release truth reconciliation Item 71",Align all release claims with evidence-backed production truth,OPEN,docs/audit,Immediate
952,P2,"Docs, binder, and release truth reconciliation",Product / Dev 5,"Docs, binder, and release truth reconciliation Item 72",Align all release claims with evidence-backed production truth,OPEN,docs/audit,Immediate
953,P2,"Docs, binder, and release truth reconciliation",Product / Dev 5,"Docs, binder, and release truth reconciliation Item 73",Align all release claims with evidence-backed production truth,OPEN,docs/audit,Immediate
954,P2,"Docs, binder, and release truth reconciliation",Product / Dev 5,"Docs, binder, and release truth reconciliation Item 74",Align all release claims with evidence-backed production truth,OPEN,docs/audit,Immediate
955,P2,"Docs, binder, and release truth reconciliation",Product / Dev 5,"Docs, binder, and release truth reconciliation Item 75",Align all release claims with evidence-backed production truth,OPEN,docs/audit,Immediate
956,P2,"Docs, binder, and release truth reconciliation",Product / Dev 5,"Docs, binder, and release truth reconciliation Item 76",Align all release claims with evidence-backed production truth,OPEN,docs/audit,Immediate
957,P2,"Docs, binder, and release truth reconciliation",Product / Dev 5,"Docs, binder, and release truth reconciliation Item 77",Align all release claims with evidence-backed production truth,OPEN,docs/audit,Immediate
958,P2,"Docs, binder, and release truth reconciliation",Product / Dev 5,"Docs, binder, and release truth reconciliation Item 78",Align all release claims with evidence-backed production truth,OPEN,docs/audit,Immediate
959,P2,"Docs, binder, and release truth reconciliation",Product / Dev 5,"Docs, binder, and release truth reconciliation Item 79",Align all release claims with evidence-backed production truth,OPEN,docs/audit,Immediate
960,P2,"Docs, binder, and release truth reconciliation",Product / Dev 5,"Docs, binder, and release truth reconciliation Item 80",Align all release claims with evidence-backed production truth,OPEN,docs/audit,Immediate
961,P2,Test debt and flake elimination,Dev 5,Test debt and flake elimination Item 1,Eliminate flaky tests and expand deterministic coverage,OPEN,docs/audit,Immediate
962,P2,Test debt and flake elimination,Dev 5,Test debt and flake elimination Item 2,Eliminate flaky tests and expand deterministic coverage,OPEN,docs/audit,Immediate
963,P2,Test debt and flake elimination,Dev 5,Test debt and flake elimination Item 3,Eliminate flaky tests and expand deterministic coverage,OPEN,docs/audit,Immediate
964,P2,Test debt and flake elimination,Dev 5,Test debt and flake elimination Item 4,Eliminate flaky tests and expand deterministic coverage,OPEN,docs/audit,Immediate
965,P2,Test debt and flake elimination,Dev 5,Test debt and flake elimination Item 5,Eliminate flaky tests and expand deterministic coverage,OPEN,docs/audit,Immediate
966,P2,Test debt and flake elimination,Dev 5,Test debt and flake elimination Item 6,Eliminate flaky tests and expand deterministic coverage,OPEN,docs/audit,Immediate
967,P2,Test debt and flake elimination,Dev 5,Test debt and flake elimination Item 7,Eliminate flaky tests and expand deterministic coverage,OPEN,docs/audit,Immediate
968,P2,Test debt and flake elimination,Dev 5,Test debt and flake elimination Item 8,Eliminate flaky tests and expand deterministic coverage,OPEN,docs/audit,Immediate
969,P2,Test debt and flake elimination,Dev 5,Test debt and flake elimination Item 9,Eliminate flaky tests and expand deterministic coverage,OPEN,docs/audit,Immediate
970,P2,Test debt and flake elimination,Dev 5,Test debt and flake elimination Item 10,Eliminate flaky tests and expand deterministic coverage,OPEN,docs/audit,Immediate
971,P2,Test debt and flake elimination,Dev 5,Test debt and flake elimination Item 11,Eliminate flaky tests and expand deterministic coverage,OPEN,docs/audit,Immediate
972,P2,Test debt and flake elimination,Dev 5,Test debt and flake elimination Item 12,Eliminate flaky tests and expand deterministic coverage,OPEN,docs/audit,Immediate
973,P2,Test debt and flake elimination,Dev 5,Test debt and flake elimination Item 13,Eliminate flaky tests and expand deterministic coverage,OPEN,docs/audit,Immediate
974,P2,Test debt and flake elimination,Dev 5,Test debt and flake elimination Item 14,Eliminate flaky tests and expand deterministic coverage,OPEN,docs/audit,Immediate
975,P2,Test debt and flake elimination,Dev 5,Test debt and flake elimination Item 15,Eliminate flaky tests and expand deterministic coverage,OPEN,docs/audit,Immediate
976,P2,Test debt and flake elimination,Dev 5,Test debt and flake elimination Item 16,Eliminate flaky tests and expand deterministic coverage,OPEN,docs/audit,Immediate
977,P2,Test debt and flake elimination,Dev 5,Test debt and flake elimination Item 17,Eliminate flaky tests and expand deterministic coverage,OPEN,docs/audit,Immediate
978,P2,Test debt and flake elimination,Dev 5,Test debt and flake elimination Item 18,Eliminate flaky tests and expand deterministic coverage,OPEN,docs/audit,Immediate
979,P2,Test debt and flake elimination,Dev 5,Test debt and flake elimination Item 19,Eliminate flaky tests and expand deterministic coverage,OPEN,docs/audit,Immediate
980,P2,Test debt and flake elimination,Dev 5,Test debt and flake elimination Item 20,Eliminate flaky tests and expand deterministic coverage,OPEN,docs/audit,Immediate
981,P2,Test debt and flake elimination,Dev 5,Test debt and flake elimination Item 21,Eliminate flaky tests and expand deterministic coverage,OPEN,docs/audit,Immediate
982,P2,Test debt and flake elimination,Dev 5,Test debt and flake elimination Item 22,Eliminate flaky tests and expand deterministic coverage,OPEN,docs/audit,Immediate
983,P2,Test debt and flake elimination,Dev 5,Test debt and flake elimination Item 23,Eliminate flaky tests and expand deterministic coverage,OPEN,docs/audit,Immediate
984,P2,Test debt and flake elimination,Dev 5,Test debt and flake elimination Item 24,Eliminate flaky tests and expand deterministic coverage,OPEN,docs/audit,Immediate
985,P2,Test debt and flake elimination,Dev 5,Test debt and flake elimination Item 25,Eliminate flaky tests and expand deterministic coverage,OPEN,docs/audit,Immediate
986,P2,Test debt and flake elimination,Dev 5,Test debt and flake elimination Item 26,Eliminate flaky tests and expand deterministic coverage,OPEN,docs/audit,Immediate
987,P2,Test debt and flake elimination,Dev 5,Test debt and flake elimination Item 27,Eliminate flaky tests and expand deterministic coverage,OPEN,docs/audit,Immediate
988,P2,Test debt and flake elimination,Dev 5,Test debt and flake elimination Item 28,Eliminate flaky tests and expand deterministic coverage,OPEN,docs/audit,Immediate
989,P2,Test debt and flake elimination,Dev 5,Test debt and flake elimination Item 29,Eliminate flaky tests and expand deterministic coverage,OPEN,docs/audit,Immediate
990,P2,Test debt and flake elimination,Dev 5,Test debt and flake elimination Item 30,Eliminate flaky tests and expand deterministic coverage,OPEN,docs/audit,Immediate
991,P2,Test debt and flake elimination,Dev 5,Test debt and flake elimination Item 31,Eliminate flaky tests and expand deterministic coverage,OPEN,docs/audit,Immediate
992,P2,Test debt and flake elimination,Dev 5,Test debt and flake elimination Item 32,Eliminate flaky tests and expand deterministic coverage,OPEN,docs/audit,Immediate
993,P2,Test debt and flake elimination,Dev 5,Test debt and flake elimination Item 33,Eliminate flaky tests and expand deterministic coverage,OPEN,docs/audit,Immediate
994,P2,Test debt and flake elimination,Dev 5,Test debt and flake elimination Item 34,Eliminate flaky tests and expand deterministic coverage,OPEN,docs/audit,Immediate
995,P2,Test debt and flake elimination,Dev 5,Test debt and flake elimination Item 35,Eliminate flaky tests and expand deterministic coverage,OPEN,docs/audit,Immediate
996,P2,Test debt and flake elimination,Dev 5,Test debt and flake elimination Item 36,Eliminate flaky tests and expand deterministic coverage,OPEN,docs/audit,Immediate
997,P2,Test debt and flake elimination,Dev 5,Test debt and flake elimination Item 37,Eliminate flaky tests and expand deterministic coverage,OPEN,docs/audit,Immediate
998,P2,Test debt and flake elimination,Dev 5,Test debt and flake elimination Item 38,Eliminate flaky tests and expand deterministic coverage,OPEN,docs/audit,Immediate
999,P2,Test debt and flake elimination,Dev 5,Test debt and flake elimination Item 39,Eliminate flaky tests and expand deterministic coverage,OPEN,docs/audit,Immediate
1000,P2,Test debt and flake elimination,Dev 5,Test debt and flake elimination Item 40,Eliminate flaky tests and expand deterministic coverage,OPEN,docs/audit,Immediate
