"ModuleId","Layer","Module","Owner","CheckId","CheckCategory","CheckName","Severity","WorkCategory","Status","RequiredFixIfMissing","EvidenceFile","SprintPriority"
"4","Platform Core","Audit Logging","Dev 1","23","Security","Tenant Isolation Tested","FAIL","Tenant-Isolation","NOT PROVEN / TEST GAP","Add cross-school denial tests.","audit-artifacts\51x51-module-integrity\20260428_042020\evidence\04_Audit_Logging_23_Tenant_Isolation_Tested.txt","P1"
"4","Platform Core","Audit Logging","Dev 1","40","Testing","Unit Tests Exist","FAIL","Test-Coverage","NOT PROVEN / TEST GAP","Add unit tests.","audit-artifacts\51x51-module-integrity\20260428_042020\evidence\04_Audit_Logging_40_Unit_Tests_Exist.txt","P1"
"4","Platform Core","Audit Logging","Dev 1","41","Testing","API Tests Exist","FAIL","Test-Coverage","NOT PROVEN / TEST GAP","Add API tests.","audit-artifacts\51x51-module-integrity\20260428_042020\evidence\04_Audit_Logging_41_API_Tests_Exist.txt","P1"
"4","Platform Core","Audit Logging","Dev 1","42","Testing","Frontend Tests Exist","FAIL","Test-Coverage","NOT PROVEN / TEST GAP","Add component tests.","audit-artifacts\51x51-module-integrity\20260428_042020\evidence\04_Audit_Logging_42_Frontend_Tests_Exist.txt","P1"
"4","Platform Core","Audit Logging","Dev 1","43","Testing","Playwright/E2E Exists","FAIL","Test-Coverage","NOT PROVEN / TEST GAP","Add Playwright smoke test.","audit-artifacts\51x51-module-integrity\20260428_042020\evidence\04_Audit_Logging_43_Playwright_E2E_Exists.txt","P1"
"4","Platform Core","Audit Logging","Dev 1","44","Testing","Negative Tests Exist","FAIL","Test-Coverage","NOT PROVEN / TEST GAP","Add negative coverage.","audit-artifacts\51x51-module-integrity\20260428_042020\evidence\04_Audit_Logging_44_Negative_Tests_Exist.txt","P1"
"4","Platform Core","Audit Logging","Dev 1","46","Release","CI Gate Includes Module","FAIL","Test-Coverage","NOT PROVEN / CI GAP","Add module test to CI workflow.","audit-artifacts\51x51-module-integrity\20260428_042020\evidence\04_Audit_Logging_46_CI_Gate_Includes_Module.txt","P1"
"4","Platform Core","Audit Logging","Dev 1","51","Quality","Definition of Done Met","FAIL","Product-Governance","NOT COMPLETE / GAPS REMAIN","Close all missing evidence rows before claiming complete.","audit-artifacts\51x51-module-integrity\20260428_042020\evidence\04_Audit_Logging_51_Definition_of_Done_Met.txt","P1"
"5","Platform Core","Notifications Framework","Dev 1","23","Security","Tenant Isolation Tested","FAIL","Tenant-Isolation","NOT PROVEN / TEST GAP","Add cross-school denial tests.","audit-artifacts\51x51-module-integrity\20260428_042020\evidence\05_Notifications_Framework_23_Tenant_Isolation_Tested.txt","P1"
"5","Platform Core","Notifications Framework","Dev 1","40","Testing","Unit Tests Exist","FAIL","Test-Coverage","NOT PROVEN / TEST GAP","Add unit tests.","audit-artifacts\51x51-module-integrity\20260428_042020\evidence\05_Notifications_Framework_40_Unit_Tests_Exist.txt","P1"
"5","Platform Core","Notifications Framework","Dev 1","41","Testing","API Tests Exist","FAIL","Test-Coverage","NOT PROVEN / TEST GAP","Add API tests.","audit-artifacts\51x51-module-integrity\20260428_042020\evidence\05_Notifications_Framework_41_API_Tests_Exist.txt","P1"
"5","Platform Core","Notifications Framework","Dev 1","42","Testing","Frontend Tests Exist","FAIL","Test-Coverage","NOT PROVEN / TEST GAP","Add component tests.","audit-artifacts\51x51-module-integrity\20260428_042020\evidence\05_Notifications_Framework_42_Frontend_Tests_Exist.txt","P1"
"5","Platform Core","Notifications Framework","Dev 1","43","Testing","Playwright/E2E Exists","FAIL","Test-Coverage","NOT PROVEN / TEST GAP","Add Playwright smoke test.","audit-artifacts\51x51-module-integrity\20260428_042020\evidence\05_Notifications_Framework_43_Playwright_E2E_Exists.txt","P1"
"5","Platform Core","Notifications Framework","Dev 1","44","Testing","Negative Tests Exist","FAIL","Test-Coverage","NOT PROVEN / TEST GAP","Add negative coverage.","audit-artifacts\51x51-module-integrity\20260428_042020\evidence\05_Notifications_Framework_44_Negative_Tests_Exist.txt","P1"
"5","Platform Core","Notifications Framework","Dev 1","51","Quality","Definition of Done Met","FAIL","Product-Governance","NOT COMPLETE / GAPS REMAIN","Close all missing evidence rows before claiming complete.","audit-artifacts\51x51-module-integrity\20260428_042020\evidence\05_Notifications_Framework_51_Definition_of_Done_Met.txt","P1"
"6","Platform Core","Document / File Framework","Dev 1","23","Security","Tenant Isolation Tested","FAIL","Tenant-Isolation","NOT PROVEN / TEST GAP","Add cross-school denial tests.","audit-artifacts\51x51-module-integrity\20260428_042020\evidence\06_Document_File_Framework_23_Tenant_Isolation_Tested.txt","P1"
"6","Platform Core","Document / File Framework","Dev 1","40","Testing","Unit Tests Exist","FAIL","Test-Coverage","NOT PROVEN / TEST GAP","Add unit tests.","audit-artifacts\51x51-module-integrity\20260428_042020\evidence\06_Document_File_Framework_40_Unit_Tests_Exist.txt","P1"
"6","Platform Core","Document / File Framework","Dev 1","41","Testing","API Tests Exist","FAIL","Test-Coverage","NOT PROVEN / TEST GAP","Add API tests.","audit-artifacts\51x51-module-integrity\20260428_042020\evidence\06_Document_File_Framework_41_API_Tests_Exist.txt","P1"
"6","Platform Core","Document / File Framework","Dev 1","42","Testing","Frontend Tests Exist","FAIL","Test-Coverage","NOT PROVEN / TEST GAP","Add component tests.","audit-artifacts\51x51-module-integrity\20260428_042020\evidence\06_Document_File_Framework_42_Frontend_Tests_Exist.txt","P1"
"6","Platform Core","Document / File Framework","Dev 1","43","Testing","Playwright/E2E Exists","FAIL","Test-Coverage","NOT PROVEN / TEST GAP","Add Playwright smoke test.","audit-artifacts\51x51-module-integrity\20260428_042020\evidence\06_Document_File_Framework_43_Playwright_E2E_Exists.txt","P1"
"6","Platform Core","Document / File Framework","Dev 1","44","Testing","Negative Tests Exist","FAIL","Test-Coverage","NOT PROVEN / TEST GAP","Add negative coverage.","audit-artifacts\51x51-module-integrity\20260428_042020\evidence\06_Document_File_Framework_44_Negative_Tests_Exist.txt","P1"
"6","Platform Core","Document / File Framework","Dev 1","51","Quality","Definition of Done Met","FAIL","Product-Governance","NOT COMPLETE / GAPS REMAIN","Close all missing evidence rows before claiming complete.","audit-artifacts\51x51-module-integrity\20260428_042020\evidence\06_Document_File_Framework_51_Definition_of_Done_Met.txt","P1"
"8","Platform Core","Shared Frontend Shell","Dev 4","23","Security","Tenant Isolation Tested","FAIL","Tenant-Isolation","NOT PROVEN / TEST GAP","Add cross-school denial tests.","audit-artifacts\51x51-module-integrity\20260428_042020\evidence\08_Shared_Frontend_Shell_23_Tenant_Isolation_Tested.txt","P1"
"8","Platform Core","Shared Frontend Shell","Dev 4","40","Testing","Unit Tests Exist","FAIL","Test-Coverage","NOT PROVEN / TEST GAP","Add unit tests.","audit-artifacts\51x51-module-integrity\20260428_042020\evidence\08_Shared_Frontend_Shell_40_Unit_Tests_Exist.txt","P1"
"8","Platform Core","Shared Frontend Shell","Dev 4","41","Testing","API Tests Exist","FAIL","Test-Coverage","NOT PROVEN / TEST GAP","Add API tests.","audit-artifacts\51x51-module-integrity\20260428_042020\evidence\08_Shared_Frontend_Shell_41_API_Tests_Exist.txt","P1"
"8","Platform Core","Shared Frontend Shell","Dev 4","42","Testing","Frontend Tests Exist","FAIL","Test-Coverage","NOT PROVEN / TEST GAP","Add component tests.","audit-artifacts\51x51-module-integrity\20260428_042020\evidence\08_Shared_Frontend_Shell_42_Frontend_Tests_Exist.txt","P1"
"8","Platform Core","Shared Frontend Shell","Dev 4","43","Testing","Playwright/E2E Exists","FAIL","Test-Coverage","NOT PROVEN / TEST GAP","Add Playwright smoke test.","audit-artifacts\51x51-module-integrity\20260428_042020\evidence\08_Shared_Frontend_Shell_43_Playwright_E2E_Exists.txt","P1"
"8","Platform Core","Shared Frontend Shell","Dev 4","44","Testing","Negative Tests Exist","FAIL","Test-Coverage","NOT PROVEN / TEST GAP","Add negative coverage.","audit-artifacts\51x51-module-integrity\20260428_042020\evidence\08_Shared_Frontend_Shell_44_Negative_Tests_Exist.txt","P1"
"8","Platform Core","Shared Frontend Shell","Dev 4","51","Quality","Definition of Done Met","FAIL","Product-Governance","NOT COMPLETE / GAPS REMAIN","Close all missing evidence rows before claiming complete.","audit-artifacts\51x51-module-integrity\20260428_042020\evidence\08_Shared_Frontend_Shell_51_Definition_of_Done_Met.txt","P1"
"9","Platform Core","Shared Design System","Dev 4","23","Security","Tenant Isolation Tested","FAIL","Tenant-Isolation","NOT PROVEN / TEST GAP","Add cross-school denial tests.","audit-artifacts\51x51-module-integrity\20260428_042020\evidence\09_Shared_Design_System_23_Tenant_Isolation_Tested.txt","P1"
"9","Platform Core","Shared Design System","Dev 4","40","Testing","Unit Tests Exist","FAIL","Test-Coverage","NOT PROVEN / TEST GAP","Add unit tests.","audit-artifacts\51x51-module-integrity\20260428_042020\evidence\09_Shared_Design_System_40_Unit_Tests_Exist.txt","P1"
"9","Platform Core","Shared Design System","Dev 4","41","Testing","API Tests Exist","FAIL","Test-Coverage","NOT PROVEN / TEST GAP","Add API tests.","audit-artifacts\51x51-module-integrity\20260428_042020\evidence\09_Shared_Design_System_41_API_Tests_Exist.txt","P1"
"9","Platform Core","Shared Design System","Dev 4","42","Testing","Frontend Tests Exist","FAIL","Test-Coverage","NOT PROVEN / TEST GAP","Add component tests.","audit-artifacts\51x51-module-integrity\20260428_042020\evidence\09_Shared_Design_System_42_Frontend_Tests_Exist.txt","P1"
"9","Platform Core","Shared Design System","Dev 4","43","Testing","Playwright/E2E Exists","FAIL","Test-Coverage","NOT PROVEN / TEST GAP","Add Playwright smoke test.","audit-artifacts\51x51-module-integrity\20260428_042020\evidence\09_Shared_Design_System_43_Playwright_E2E_Exists.txt","P1"
"9","Platform Core","Shared Design System","Dev 4","44","Testing","Negative Tests Exist","FAIL","Test-Coverage","NOT PROVEN / TEST GAP","Add negative coverage.","audit-artifacts\51x51-module-integrity\20260428_042020\evidence\09_Shared_Design_System_44_Negative_Tests_Exist.txt","P1"
"9","Platform Core","Shared Design System","Dev 4","51","Quality","Definition of Done Met","FAIL","Product-Governance","NOT COMPLETE / GAPS REMAIN","Close all missing evidence rows before claiming complete.","audit-artifacts\51x51-module-integrity\20260428_042020\evidence\09_Shared_Design_System_51_Definition_of_Done_Met.txt","P1"
"10","Platform Core","Reporting / Data Access Standards","Dev 5","23","Security","Tenant Isolation Tested","FAIL","Tenant-Isolation","NOT PROVEN / TEST GAP","Add cross-school denial tests.","audit-artifacts\51x51-module-integrity\20260428_042020\evidence\10_Reporting_Data_Access_Standards_23_Tenant_Isolation_Tested.txt","P1"
"10","Platform Core","Reporting / Data Access Standards","Dev 5","40","Testing","Unit Tests Exist","FAIL","Test-Coverage","NOT PROVEN / TEST GAP","Add unit tests.","audit-artifacts\51x51-module-integrity\20260428_042020\evidence\10_Reporting_Data_Access_Standards_40_Unit_Tests_Exist.txt","P1"
"10","Platform Core","Reporting / Data Access Standards","Dev 5","41","Testing","API Tests Exist","FAIL","Test-Coverage","NOT PROVEN / TEST GAP","Add API tests.","audit-artifacts\51x51-module-integrity\20260428_042020\evidence\10_Reporting_Data_Access_Standards_41_API_Tests_Exist.txt","P1"
"10","Platform Core","Reporting / Data Access Standards","Dev 5","42","Testing","Frontend Tests Exist","FAIL","Test-Coverage","NOT PROVEN / TEST GAP","Add component tests.","audit-artifacts\51x51-module-integrity\20260428_042020\evidence\10_Reporting_Data_Access_Standards_42_Frontend_Tests_Exist.txt","P1"
"10","Platform Core","Reporting / Data Access Standards","Dev 5","43","Testing","Playwright/E2E Exists","FAIL","Test-Coverage","NOT PROVEN / TEST GAP","Add Playwright smoke test.","audit-artifacts\51x51-module-integrity\20260428_042020\evidence\10_Reporting_Data_Access_Standards_43_Playwright_E2E_Exists.txt","P1"
"10","Platform Core","Reporting / Data Access Standards","Dev 5","44","Testing","Negative Tests Exist","FAIL","Test-Coverage","NOT PROVEN / TEST GAP","Add negative coverage.","audit-artifacts\51x51-module-integrity\20260428_042020\evidence\10_Reporting_Data_Access_Standards_44_Negative_Tests_Exist.txt","P1"
"10","Platform Core","Reporting / Data Access Standards","Dev 5","51","Quality","Definition of Done Met","FAIL","Product-Governance","NOT COMPLETE / GAPS REMAIN","Close all missing evidence rows before claiming complete.","audit-artifacts\51x51-module-integrity\20260428_042020\evidence\10_Reporting_Data_Access_Standards_51_Definition_of_Done_Met.txt","P1"
"11","SIS Core","School Profile","Dev 2","23","Security","Tenant Isolation Tested","FAIL","Tenant-Isolation","NOT PROVEN / TEST GAP","Add cross-school denial tests.","audit-artifacts\51x51-module-integrity\20260428_042020\evidence\11_School_Profile_23_Tenant_Isolation_Tested.txt","P1"
"11","SIS Core","School Profile","Dev 2","40","Testing","Unit Tests Exist","FAIL","Test-Coverage","NOT PROVEN / TEST GAP","Add unit tests.","audit-artifacts\51x51-module-integrity\20260428_042020\evidence\11_School_Profile_40_Unit_Tests_Exist.txt","P1"
"11","SIS Core","School Profile","Dev 2","41","Testing","API Tests Exist","FAIL","Test-Coverage","NOT PROVEN / TEST GAP","Add API tests.","audit-artifacts\51x51-module-integrity\20260428_042020\evidence\11_School_Profile_41_API_Tests_Exist.txt","P1"
"11","SIS Core","School Profile","Dev 2","42","Testing","Frontend Tests Exist","FAIL","Test-Coverage","NOT PROVEN / TEST GAP","Add component tests.","audit-artifacts\51x51-module-integrity\20260428_042020\evidence\11_School_Profile_42_Frontend_Tests_Exist.txt","P1"
"11","SIS Core","School Profile","Dev 2","43","Testing","Playwright/E2E Exists","FAIL","Test-Coverage","NOT PROVEN / TEST GAP","Add Playwright smoke test.","audit-artifacts\51x51-module-integrity\20260428_042020\evidence\11_School_Profile_43_Playwright_E2E_Exists.txt","P1"
"11","SIS Core","School Profile","Dev 2","44","Testing","Negative Tests Exist","FAIL","Test-Coverage","NOT PROVEN / TEST GAP","Add negative coverage.","audit-artifacts\51x51-module-integrity\20260428_042020\evidence\11_School_Profile_44_Negative_Tests_Exist.txt","P1"
"11","SIS Core","School Profile","Dev 2","51","Quality","Definition of Done Met","FAIL","Product-Governance","NOT COMPLETE / GAPS REMAIN","Close all missing evidence rows before claiming complete.","audit-artifacts\51x51-module-integrity\20260428_042020\evidence\11_School_Profile_51_Definition_of_Done_Met.txt","P1"
"12","SIS Core","School Year / Term","Dev 2","23","Security","Tenant Isolation Tested","FAIL","Tenant-Isolation","NOT PROVEN / TEST GAP","Add cross-school denial tests.","audit-artifacts\51x51-module-integrity\20260428_042020\evidence\12_School_Year_Term_23_Tenant_Isolation_Tested.txt","P1"
"12","SIS Core","School Year / Term","Dev 2","40","Testing","Unit Tests Exist","FAIL","Test-Coverage","NOT PROVEN / TEST GAP","Add unit tests.","audit-artifacts\51x51-module-integrity\20260428_042020\evidence\12_School_Year_Term_40_Unit_Tests_Exist.txt","P1"
"12","SIS Core","School Year / Term","Dev 2","41","Testing","API Tests Exist","FAIL","Test-Coverage","NOT PROVEN / TEST GAP","Add API tests.","audit-artifacts\51x51-module-integrity\20260428_042020\evidence\12_School_Year_Term_41_API_Tests_Exist.txt","P1"
"12","SIS Core","School Year / Term","Dev 2","42","Testing","Frontend Tests Exist","FAIL","Test-Coverage","NOT PROVEN / TEST GAP","Add component tests.","audit-artifacts\51x51-module-integrity\20260428_042020\evidence\12_School_Year_Term_42_Frontend_Tests_Exist.txt","P1"
"12","SIS Core","School Year / Term","Dev 2","43","Testing","Playwright/E2E Exists","FAIL","Test-Coverage","NOT PROVEN / TEST GAP","Add Playwright smoke test.","audit-artifacts\51x51-module-integrity\20260428_042020\evidence\12_School_Year_Term_43_Playwright_E2E_Exists.txt","P1"
"12","SIS Core","School Year / Term","Dev 2","44","Testing","Negative Tests Exist","FAIL","Test-Coverage","NOT PROVEN / TEST GAP","Add negative coverage.","audit-artifacts\51x51-module-integrity\20260428_042020\evidence\12_School_Year_Term_44_Negative_Tests_Exist.txt","P1"
"12","SIS Core","School Year / Term","Dev 2","51","Quality","Definition of Done Met","FAIL","Product-Governance","NOT COMPLETE / GAPS REMAIN","Close all missing evidence rows before claiming complete.","audit-artifacts\51x51-module-integrity\20260428_042020\evidence\12_School_Year_Term_51_Definition_of_Done_Met.txt","P1"
"13","SIS Core","Student Master Record","Dev 2","23","Security","Tenant Isolation Tested","FAIL","Tenant-Isolation","NOT PROVEN / TEST GAP","Add cross-school denial tests.","audit-artifacts\51x51-module-integrity\20260428_042020\evidence\13_Student_Master_Record_23_Tenant_Isolation_Tested.txt","P1"
"13","SIS Core","Student Master Record","Dev 2","40","Testing","Unit Tests Exist","FAIL","Test-Coverage","NOT PROVEN / TEST GAP","Add unit tests.","audit-artifacts\51x51-module-integrity\20260428_042020\evidence\13_Student_Master_Record_40_Unit_Tests_Exist.txt","P1"
"13","SIS Core","Student Master Record","Dev 2","41","Testing","API Tests Exist","FAIL","Test-Coverage","NOT PROVEN / TEST GAP","Add API tests.","audit-artifacts\51x51-module-integrity\20260428_042020\evidence\13_Student_Master_Record_41_API_Tests_Exist.txt","P1"
"13","SIS Core","Student Master Record","Dev 2","42","Testing","Frontend Tests Exist","FAIL","Test-Coverage","NOT PROVEN / TEST GAP","Add component tests.","audit-artifacts\51x51-module-integrity\20260428_042020\evidence\13_Student_Master_Record_42_Frontend_Tests_Exist.txt","P1"
"13","SIS Core","Student Master Record","Dev 2","43","Testing","Playwright/E2E Exists","FAIL","Test-Coverage","NOT PROVEN / TEST GAP","Add Playwright smoke test.","audit-artifacts\51x51-module-integrity\20260428_042020\evidence\13_Student_Master_Record_43_Playwright_E2E_Exists.txt","P1"
"13","SIS Core","Student Master Record","Dev 2","44","Testing","Negative Tests Exist","FAIL","Test-Coverage","NOT PROVEN / TEST GAP","Add negative coverage.","audit-artifacts\51x51-module-integrity\20260428_042020\evidence\13_Student_Master_Record_44_Negative_Tests_Exist.txt","P1"
"13","SIS Core","Student Master Record","Dev 2","51","Quality","Definition of Done Met","FAIL","Product-Governance","NOT COMPLETE / GAPS REMAIN","Close all missing evidence rows before claiming complete.","audit-artifacts\51x51-module-integrity\20260428_042020\evidence\13_Student_Master_Record_51_Definition_of_Done_Met.txt","P1"
"15","SIS Core","Staff / Faculty","Dev 2","23","Security","Tenant Isolation Tested","FAIL","Tenant-Isolation","NOT PROVEN / TEST GAP","Add cross-school denial tests.","audit-artifacts\51x51-module-integrity\20260428_042020\evidence\15_Staff_Faculty_23_Tenant_Isolation_Tested.txt","P1"
"15","SIS Core","Staff / Faculty","Dev 2","40","Testing","Unit Tests Exist","FAIL","Test-Coverage","NOT PROVEN / TEST GAP","Add unit tests.","audit-artifacts\51x51-module-integrity\20260428_042020\evidence\15_Staff_Faculty_40_Unit_Tests_Exist.txt","P1"
"15","SIS Core","Staff / Faculty","Dev 2","41","Testing","API Tests Exist","FAIL","Test-Coverage","NOT PROVEN / TEST GAP","Add API tests.","audit-artifacts\51x51-module-integrity\20260428_042020\evidence\15_Staff_Faculty_41_API_Tests_Exist.txt","P1"
"15","SIS Core","Staff / Faculty","Dev 2","42","Testing","Frontend Tests Exist","FAIL","Test-Coverage","NOT PROVEN / TEST GAP","Add component tests.","audit-artifacts\51x51-module-integrity\20260428_042020\evidence\15_Staff_Faculty_42_Frontend_Tests_Exist.txt","P1"
"15","SIS Core","Staff / Faculty","Dev 2","43","Testing","Playwright/E2E Exists","FAIL","Test-Coverage","NOT PROVEN / TEST GAP","Add Playwright smoke test.","audit-artifacts\51x51-module-integrity\20260428_042020\evidence\15_Staff_Faculty_43_Playwright_E2E_Exists.txt","P1"
"15","SIS Core","Staff / Faculty","Dev 2","44","Testing","Negative Tests Exist","FAIL","Test-Coverage","NOT PROVEN / TEST GAP","Add negative coverage.","audit-artifacts\51x51-module-integrity\20260428_042020\evidence\15_Staff_Faculty_44_Negative_Tests_Exist.txt","P1"
"15","SIS Core","Staff / Faculty","Dev 2","51","Quality","Definition of Done Met","FAIL","Product-Governance","NOT COMPLETE / GAPS REMAIN","Close all missing evidence rows before claiming complete.","audit-artifacts\51x51-module-integrity\20260428_042020\evidence\15_Staff_Faculty_51_Definition_of_Done_Met.txt","P1"
"17","SIS Core","Grade Levels","Dev 2","23","Security","Tenant Isolation Tested","FAIL","Tenant-Isolation","NOT PROVEN / TEST GAP","Add cross-school denial tests.","audit-artifacts\51x51-module-integrity\20260428_042020\evidence\17_Grade_Levels_23_Tenant_Isolation_Tested.txt","P1"
"17","SIS Core","Grade Levels","Dev 2","40","Testing","Unit Tests Exist","FAIL","Test-Coverage","NOT PROVEN / TEST GAP","Add unit tests.","audit-artifacts\51x51-module-integrity\20260428_042020\evidence\17_Grade_Levels_40_Unit_Tests_Exist.txt","P1"
"17","SIS Core","Grade Levels","Dev 2","41","Testing","API Tests Exist","FAIL","Test-Coverage","NOT PROVEN / TEST GAP","Add API tests.","audit-artifacts\51x51-module-integrity\20260428_042020\evidence\17_Grade_Levels_41_API_Tests_Exist.txt","P1"
"17","SIS Core","Grade Levels","Dev 2","42","Testing","Frontend Tests Exist","FAIL","Test-Coverage","NOT PROVEN / TEST GAP","Add component tests.","audit-artifacts\51x51-module-integrity\20260428_042020\evidence\17_Grade_Levels_42_Frontend_Tests_Exist.txt","P1"
"17","SIS Core","Grade Levels","Dev 2","43","Testing","Playwright/E2E Exists","FAIL","Test-Coverage","NOT PROVEN / TEST GAP","Add Playwright smoke test.","audit-artifacts\51x51-module-integrity\20260428_042020\evidence\17_Grade_Levels_43_Playwright_E2E_Exists.txt","P1"
"17","SIS Core","Grade Levels","Dev 2","44","Testing","Negative Tests Exist","FAIL","Test-Coverage","NOT PROVEN / TEST GAP","Add negative coverage.","audit-artifacts\51x51-module-integrity\20260428_042020\evidence\17_Grade_Levels_44_Negative_Tests_Exist.txt","P1"
"17","SIS Core","Grade Levels","Dev 2","51","Quality","Definition of Done Met","FAIL","Product-Governance","NOT COMPLETE / GAPS REMAIN","Close all missing evidence rows before claiming complete.","audit-artifacts\51x51-module-integrity\20260428_042020\evidence\17_Grade_Levels_51_Definition_of_Done_Met.txt","P1"
"20","SIS Core","Grades / Report Cards","Dev 2","23","Security","Tenant Isolation Tested","FAIL","Tenant-Isolation","NOT PROVEN / TEST GAP","Add cross-school denial tests.","audit-artifacts\51x51-module-integrity\20260428_042020\evidence\20_Grades_Report_Cards_23_Tenant_Isolation_Tested.txt","P1"
"20","SIS Core","Grades / Report Cards","Dev 2","40","Testing","Unit Tests Exist","FAIL","Test-Coverage","NOT PROVEN / TEST GAP","Add unit tests.","audit-artifacts\51x51-module-integrity\20260428_042020\evidence\20_Grades_Report_Cards_40_Unit_Tests_Exist.txt","P1"
"20","SIS Core","Grades / Report Cards","Dev 2","41","Testing","API Tests Exist","FAIL","Test-Coverage","NOT PROVEN / TEST GAP","Add API tests.","audit-artifacts\51x51-module-integrity\20260428_042020\evidence\20_Grades_Report_Cards_41_API_Tests_Exist.txt","P1"
"20","SIS Core","Grades / Report Cards","Dev 2","42","Testing","Frontend Tests Exist","FAIL","Test-Coverage","NOT PROVEN / TEST GAP","Add component tests.","audit-artifacts\51x51-module-integrity\20260428_042020\evidence\20_Grades_Report_Cards_42_Frontend_Tests_Exist.txt","P1"
"20","SIS Core","Grades / Report Cards","Dev 2","43","Testing","Playwright/E2E Exists","FAIL","Test-Coverage","NOT PROVEN / TEST GAP","Add Playwright smoke test.","audit-artifacts\51x51-module-integrity\20260428_042020\evidence\20_Grades_Report_Cards_43_Playwright_E2E_Exists.txt","P1"
"20","SIS Core","Grades / Report Cards","Dev 2","44","Testing","Negative Tests Exist","FAIL","Test-Coverage","NOT PROVEN / TEST GAP","Add negative coverage.","audit-artifacts\51x51-module-integrity\20260428_042020\evidence\20_Grades_Report_Cards_44_Negative_Tests_Exist.txt","P1"
"20","SIS Core","Grades / Report Cards","Dev 2","51","Quality","Definition of Done Met","FAIL","Product-Governance","NOT COMPLETE / GAPS REMAIN","Close all missing evidence rows before claiming complete.","audit-artifacts\51x51-module-integrity\20260428_042020\evidence\20_Grades_Report_Cards_51_Definition_of_Done_Met.txt","P1"
"22","SIS Core","Student Care / Discipline Summary","Dev 2","23","Security","Tenant Isolation Tested","FAIL","Tenant-Isolation","NOT PROVEN / TEST GAP","Add cross-school denial tests.","audit-artifacts\51x51-module-integrity\20260428_042020\evidence\22_Student_Care_Discipline_Summary_23_Tenant_Isolation_Tested.txt","P1"
"22","SIS Core","Student Care / Discipline Summary","Dev 2","40","Testing","Unit Tests Exist","FAIL","Test-Coverage","NOT PROVEN / TEST GAP","Add unit tests.","audit-artifacts\51x51-module-integrity\20260428_042020\evidence\22_Student_Care_Discipline_Summary_40_Unit_Tests_Exist.txt","P1"
"22","SIS Core","Student Care / Discipline Summary","Dev 2","41","Testing","API Tests Exist","FAIL","Test-Coverage","NOT PROVEN / TEST GAP","Add API tests.","audit-artifacts\51x51-module-integrity\20260428_042020\evidence\22_Student_Care_Discipline_Summary_41_API_Tests_Exist.txt","P1"
"22","SIS Core","Student Care / Discipline Summary","Dev 2","42","Testing","Frontend Tests Exist","FAIL","Test-Coverage","NOT PROVEN / TEST GAP","Add component tests.","audit-artifacts\51x51-module-integrity\20260428_042020\evidence\22_Student_Care_Discipline_Summary_42_Frontend_Tests_Exist.txt","P1"
"22","SIS Core","Student Care / Discipline Summary","Dev 2","43","Testing","Playwright/E2E Exists","FAIL","Test-Coverage","NOT PROVEN / TEST GAP","Add Playwright smoke test.","audit-artifacts\51x51-module-integrity\20260428_042020\evidence\22_Student_Care_Discipline_Summary_43_Playwright_E2E_Exists.txt","P1"
"22","SIS Core","Student Care / Discipline Summary","Dev 2","44","Testing","Negative Tests Exist","FAIL","Test-Coverage","NOT PROVEN / TEST GAP","Add negative coverage.","audit-artifacts\51x51-module-integrity\20260428_042020\evidence\22_Student_Care_Discipline_Summary_44_Negative_Tests_Exist.txt","P1"
"22","SIS Core","Student Care / Discipline Summary","Dev 2","51","Quality","Definition of Done Met","FAIL","Product-Governance","NOT COMPLETE / GAPS REMAIN","Close all missing evidence rows before claiming complete.","audit-artifacts\51x51-module-integrity\20260428_042020\evidence\22_Student_Care_Discipline_Summary_51_Definition_of_Done_Met.txt","P1"
"23","SIS Core","Emergency / Medical Essentials","Dev 2","23","Security","Tenant Isolation Tested","FAIL","Tenant-Isolation","NOT PROVEN / TEST GAP","Add cross-school denial tests.","audit-artifacts\51x51-module-integrity\20260428_042020\evidence\23_Emergency_Medical_Essentials_23_Tenant_Isolation_Tested.txt","P1"
"23","SIS Core","Emergency / Medical Essentials","Dev 2","40","Testing","Unit Tests Exist","FAIL","Test-Coverage","NOT PROVEN / TEST GAP","Add unit tests.","audit-artifacts\51x51-module-integrity\20260428_042020\evidence\23_Emergency_Medical_Essentials_40_Unit_Tests_Exist.txt","P1"
"23","SIS Core","Emergency / Medical Essentials","Dev 2","41","Testing","API Tests Exist","FAIL","Test-Coverage","NOT PROVEN / TEST GAP","Add API tests.","audit-artifacts\51x51-module-integrity\20260428_042020\evidence\23_Emergency_Medical_Essentials_41_API_Tests_Exist.txt","P1"
"23","SIS Core","Emergency / Medical Essentials","Dev 2","42","Testing","Frontend Tests Exist","FAIL","Test-Coverage","NOT PROVEN / TEST GAP","Add component tests.","audit-artifacts\51x51-module-integrity\20260428_042020\evidence\23_Emergency_Medical_Essentials_42_Frontend_Tests_Exist.txt","P1"
"23","SIS Core","Emergency / Medical Essentials","Dev 2","43","Testing","Playwright/E2E Exists","FAIL","Test-Coverage","NOT PROVEN / TEST GAP","Add Playwright smoke test.","audit-artifacts\51x51-module-integrity\20260428_042020\evidence\23_Emergency_Medical_Essentials_43_Playwright_E2E_Exists.txt","P1"
"23","SIS Core","Emergency / Medical Essentials","Dev 2","44","Testing","Negative Tests Exist","FAIL","Test-Coverage","NOT PROVEN / TEST GAP","Add negative coverage.","audit-artifacts\51x51-module-integrity\20260428_042020\evidence\23_Emergency_Medical_Essentials_44_Negative_Tests_Exist.txt","P1"
"23","SIS Core","Emergency / Medical Essentials","Dev 2","51","Quality","Definition of Done Met","FAIL","Product-Governance","NOT COMPLETE / GAPS REMAIN","Close all missing evidence rows before claiming complete.","audit-artifacts\51x51-module-integrity\20260428_042020\evidence\23_Emergency_Medical_Essentials_51_Definition_of_Done_Met.txt","P1"
"27","First-Wave Module","Communications","Dev 3","23","Security","Tenant Isolation Tested","FAIL","Tenant-Isolation","NOT PROVEN / TEST GAP","Add cross-school denial tests.","audit-artifacts\51x51-module-integrity\20260428_042020\evidence\27_Communications_23_Tenant_Isolation_Tested.txt","P1"
"27","First-Wave Module","Communications","Dev 3","40","Testing","Unit Tests Exist","FAIL","Test-Coverage","NOT PROVEN / TEST GAP","Add unit tests.","audit-artifacts\51x51-module-integrity\20260428_042020\evidence\27_Communications_40_Unit_Tests_Exist.txt","P1"
"27","First-Wave Module","Communications","Dev 3","41","Testing","API Tests Exist","FAIL","Test-Coverage","NOT PROVEN / TEST GAP","Add API tests.","audit-artifacts\51x51-module-integrity\20260428_042020\evidence\27_Communications_41_API_Tests_Exist.txt","P1"
"27","First-Wave Module","Communications","Dev 3","42","Testing","Frontend Tests Exist","FAIL","Test-Coverage","NOT PROVEN / TEST GAP","Add component tests.","audit-artifacts\51x51-module-integrity\20260428_042020\evidence\27_Communications_42_Frontend_Tests_Exist.txt","P1"
"27","First-Wave Module","Communications","Dev 3","43","Testing","Playwright/E2E Exists","FAIL","Test-Coverage","NOT PROVEN / TEST GAP","Add Playwright smoke test.","audit-artifacts\51x51-module-integrity\20260428_042020\evidence\27_Communications_43_Playwright_E2E_Exists.txt","P1"
"27","First-Wave Module","Communications","Dev 3","44","Testing","Negative Tests Exist","FAIL","Test-Coverage","NOT PROVEN / TEST GAP","Add negative coverage.","audit-artifacts\51x51-module-integrity\20260428_042020\evidence\27_Communications_44_Negative_Tests_Exist.txt","P1"
"27","First-Wave Module","Communications","Dev 3","51","Quality","Definition of Done Met","FAIL","Product-Governance","NOT COMPLETE / GAPS REMAIN","Close all missing evidence rows before claiming complete.","audit-artifacts\51x51-module-integrity\20260428_042020\evidence\27_Communications_51_Definition_of_Done_Met.txt","P1"
"28","First-Wave Module","Parent Portal","Dev 4","23","Security","Tenant Isolation Tested","FAIL","Tenant-Isolation","NOT PROVEN / TEST GAP","Add cross-school denial tests.","audit-artifacts\51x51-module-integrity\20260428_042020\evidence\28_Parent_Portal_23_Tenant_Isolation_Tested.txt","P1"
"28","First-Wave Module","Parent Portal","Dev 4","40","Testing","Unit Tests Exist","FAIL","Test-Coverage","NOT PROVEN / TEST GAP","Add unit tests.","audit-artifacts\51x51-module-integrity\20260428_042020\evidence\28_Parent_Portal_40_Unit_Tests_Exist.txt","P1"
"28","First-Wave Module","Parent Portal","Dev 4","41","Testing","API Tests Exist","FAIL","Test-Coverage","NOT PROVEN / TEST GAP","Add API tests.","audit-artifacts\51x51-module-integrity\20260428_042020\evidence\28_Parent_Portal_41_API_Tests_Exist.txt","P1"
"28","First-Wave Module","Parent Portal","Dev 4","42","Testing","Frontend Tests Exist","FAIL","Test-Coverage","NOT PROVEN / TEST GAP","Add component tests.","audit-artifacts\51x51-module-integrity\20260428_042020\evidence\28_Parent_Portal_42_Frontend_Tests_Exist.txt","P1"
"28","First-Wave Module","Parent Portal","Dev 4","43","Testing","Playwright/E2E Exists","FAIL","Test-Coverage","NOT PROVEN / TEST GAP","Add Playwright smoke test.","audit-artifacts\51x51-module-integrity\20260428_042020\evidence\28_Parent_Portal_43_Playwright_E2E_Exists.txt","P1"
"28","First-Wave Module","Parent Portal","Dev 4","44","Testing","Negative Tests Exist","FAIL","Test-Coverage","NOT PROVEN / TEST GAP","Add negative coverage.","audit-artifacts\51x51-module-integrity\20260428_042020\evidence\28_Parent_Portal_44_Negative_Tests_Exist.txt","P1"
"28","First-Wave Module","Parent Portal","Dev 4","51","Quality","Definition of Done Met","FAIL","Product-Governance","NOT COMPLETE / GAPS REMAIN","Close all missing evidence rows before claiming complete.","audit-artifacts\51x51-module-integrity\20260428_042020\evidence\28_Parent_Portal_51_Definition_of_Done_Met.txt","P1"
"33","Second-Wave Module","Nurse Office / Health Office","Dev 3","23","Security","Tenant Isolation Tested","FAIL","Tenant-Isolation","NOT PROVEN / TEST GAP","Add cross-school denial tests.","audit-artifacts\51x51-module-integrity\20260428_042020\evidence\33_Nurse_Office_Health_Office_23_Tenant_Isolation_Tested.txt","P1"
"33","Second-Wave Module","Nurse Office / Health Office","Dev 3","40","Testing","Unit Tests Exist","FAIL","Test-Coverage","NOT PROVEN / TEST GAP","Add unit tests.","audit-artifacts\51x51-module-integrity\20260428_042020\evidence\33_Nurse_Office_Health_Office_40_Unit_Tests_Exist.txt","P1"
"33","Second-Wave Module","Nurse Office / Health Office","Dev 3","41","Testing","API Tests Exist","FAIL","Test-Coverage","NOT PROVEN / TEST GAP","Add API tests.","audit-artifacts\51x51-module-integrity\20260428_042020\evidence\33_Nurse_Office_Health_Office_41_API_Tests_Exist.txt","P1"
"33","Second-Wave Module","Nurse Office / Health Office","Dev 3","42","Testing","Frontend Tests Exist","FAIL","Test-Coverage","NOT PROVEN / TEST GAP","Add component tests.","audit-artifacts\51x51-module-integrity\20260428_042020\evidence\33_Nurse_Office_Health_Office_42_Frontend_Tests_Exist.txt","P1"
"33","Second-Wave Module","Nurse Office / Health Office","Dev 3","43","Testing","Playwright/E2E Exists","FAIL","Test-Coverage","NOT PROVEN / TEST GAP","Add Playwright smoke test.","audit-artifacts\51x51-module-integrity\20260428_042020\evidence\33_Nurse_Office_Health_Office_43_Playwright_E2E_Exists.txt","P1"
"33","Second-Wave Module","Nurse Office / Health Office","Dev 3","44","Testing","Negative Tests Exist","FAIL","Test-Coverage","NOT PROVEN / TEST GAP","Add negative coverage.","audit-artifacts\51x51-module-integrity\20260428_042020\evidence\33_Nurse_Office_Health_Office_44_Negative_Tests_Exist.txt","P1"
"33","Second-Wave Module","Nurse Office / Health Office","Dev 3","51","Quality","Definition of Done Met","FAIL","Product-Governance","NOT COMPLETE / GAPS REMAIN","Close all missing evidence rows before claiming complete.","audit-artifacts\51x51-module-integrity\20260428_042020\evidence\33_Nurse_Office_Health_Office_51_Definition_of_Done_Met.txt","P1"
"34","Second-Wave Module","Transportation","Dev 3","23","Security","Tenant Isolation Tested","FAIL","Tenant-Isolation","NOT PROVEN / TEST GAP","Add cross-school denial tests.","audit-artifacts\51x51-module-integrity\20260428_042020\evidence\34_Transportation_23_Tenant_Isolation_Tested.txt","P1"
"34","Second-Wave Module","Transportation","Dev 3","40","Testing","Unit Tests Exist","FAIL","Test-Coverage","NOT PROVEN / TEST GAP","Add unit tests.","audit-artifacts\51x51-module-integrity\20260428_042020\evidence\34_Transportation_40_Unit_Tests_Exist.txt","P1"
"34","Second-Wave Module","Transportation","Dev 3","41","Testing","API Tests Exist","FAIL","Test-Coverage","NOT PROVEN / TEST GAP","Add API tests.","audit-artifacts\51x51-module-integrity\20260428_042020\evidence\34_Transportation_41_API_Tests_Exist.txt","P1"
"34","Second-Wave Module","Transportation","Dev 3","42","Testing","Frontend Tests Exist","FAIL","Test-Coverage","NOT PROVEN / TEST GAP","Add component tests.","audit-artifacts\51x51-module-integrity\20260428_042020\evidence\34_Transportation_42_Frontend_Tests_Exist.txt","P1"
"34","Second-Wave Module","Transportation","Dev 3","43","Testing","Playwright/E2E Exists","FAIL","Test-Coverage","NOT PROVEN / TEST GAP","Add Playwright smoke test.","audit-artifacts\51x51-module-integrity\20260428_042020\evidence\34_Transportation_43_Playwright_E2E_Exists.txt","P1"
"34","Second-Wave Module","Transportation","Dev 3","44","Testing","Negative Tests Exist","FAIL","Test-Coverage","NOT PROVEN / TEST GAP","Add negative coverage.","audit-artifacts\51x51-module-integrity\20260428_042020\evidence\34_Transportation_44_Negative_Tests_Exist.txt","P1"
"34","Second-Wave Module","Transportation","Dev 3","51","Quality","Definition of Done Met","FAIL","Product-Governance","NOT COMPLETE / GAPS REMAIN","Close all missing evidence rows before claiming complete.","audit-artifacts\51x51-module-integrity\20260428_042020\evidence\34_Transportation_51_Definition_of_Done_Met.txt","P1"
"36","Second-Wave Module","Volunteer / Family Engagement","Dev 3","23","Security","Tenant Isolation Tested","FAIL","Tenant-Isolation","NOT PROVEN / TEST GAP","Add cross-school denial tests.","audit-artifacts\51x51-module-integrity\20260428_042020\evidence\36_Volunteer_Family_Engagement_23_Tenant_Isolation_Tested.txt","P1"
"36","Second-Wave Module","Volunteer / Family Engagement","Dev 3","40","Testing","Unit Tests Exist","FAIL","Test-Coverage","NOT PROVEN / TEST GAP","Add unit tests.","audit-artifacts\51x51-module-integrity\20260428_042020\evidence\36_Volunteer_Family_Engagement_40_Unit_Tests_Exist.txt","P1"
"36","Second-Wave Module","Volunteer / Family Engagement","Dev 3","41","Testing","API Tests Exist","FAIL","Test-Coverage","NOT PROVEN / TEST GAP","Add API tests.","audit-artifacts\51x51-module-integrity\20260428_042020\evidence\36_Volunteer_Family_Engagement_41_API_Tests_Exist.txt","P1"
"36","Second-Wave Module","Volunteer / Family Engagement","Dev 3","42","Testing","Frontend Tests Exist","FAIL","Test-Coverage","NOT PROVEN / TEST GAP","Add component tests.","audit-artifacts\51x51-module-integrity\20260428_042020\evidence\36_Volunteer_Family_Engagement_42_Frontend_Tests_Exist.txt","P1"
"36","Second-Wave Module","Volunteer / Family Engagement","Dev 3","43","Testing","Playwright/E2E Exists","FAIL","Test-Coverage","NOT PROVEN / TEST GAP","Add Playwright smoke test.","audit-artifacts\51x51-module-integrity\20260428_042020\evidence\36_Volunteer_Family_Engagement_43_Playwright_E2E_Exists.txt","P1"
"36","Second-Wave Module","Volunteer / Family Engagement","Dev 3","44","Testing","Negative Tests Exist","FAIL","Test-Coverage","NOT PROVEN / TEST GAP","Add negative coverage.","audit-artifacts\51x51-module-integrity\20260428_042020\evidence\36_Volunteer_Family_Engagement_44_Negative_Tests_Exist.txt","P1"
"36","Second-Wave Module","Volunteer / Family Engagement","Dev 3","51","Quality","Definition of Done Met","FAIL","Product-Governance","NOT COMPLETE / GAPS REMAIN","Close all missing evidence rows before claiming complete.","audit-artifacts\51x51-module-integrity\20260428_042020\evidence\36_Volunteer_Family_Engagement_51_Definition_of_Done_Met.txt","P1"
"38","Second-Wave Module","Extended Discipline Workflows","Dev 3","23","Security","Tenant Isolation Tested","FAIL","Tenant-Isolation","NOT PROVEN / TEST GAP","Add cross-school denial tests.","audit-artifacts\51x51-module-integrity\20260428_042020\evidence\38_Extended_Discipline_Workflows_23_Tenant_Isolation_Tested.txt","P1"
"38","Second-Wave Module","Extended Discipline Workflows","Dev 3","40","Testing","Unit Tests Exist","FAIL","Test-Coverage","NOT PROVEN / TEST GAP","Add unit tests.","audit-artifacts\51x51-module-integrity\20260428_042020\evidence\38_Extended_Discipline_Workflows_40_Unit_Tests_Exist.txt","P1"
"38","Second-Wave Module","Extended Discipline Workflows","Dev 3","41","Testing","API Tests Exist","FAIL","Test-Coverage","NOT PROVEN / TEST GAP","Add API tests.","audit-artifacts\51x51-module-integrity\20260428_042020\evidence\38_Extended_Discipline_Workflows_41_API_Tests_Exist.txt","P1"
"38","Second-Wave Module","Extended Discipline Workflows","Dev 3","42","Testing","Frontend Tests Exist","FAIL","Test-Coverage","NOT PROVEN / TEST GAP","Add component tests.","audit-artifacts\51x51-module-integrity\20260428_042020\evidence\38_Extended_Discipline_Workflows_42_Frontend_Tests_Exist.txt","P1"
"38","Second-Wave Module","Extended Discipline Workflows","Dev 3","43","Testing","Playwright/E2E Exists","FAIL","Test-Coverage","NOT PROVEN / TEST GAP","Add Playwright smoke test.","audit-artifacts\51x51-module-integrity\20260428_042020\evidence\38_Extended_Discipline_Workflows_43_Playwright_E2E_Exists.txt","P1"
"38","Second-Wave Module","Extended Discipline Workflows","Dev 3","44","Testing","Negative Tests Exist","FAIL","Test-Coverage","NOT PROVEN / TEST GAP","Add negative coverage.","audit-artifacts\51x51-module-integrity\20260428_042020\evidence\38_Extended_Discipline_Workflows_44_Negative_Tests_Exist.txt","P1"
"38","Second-Wave Module","Extended Discipline Workflows","Dev 3","51","Quality","Definition of Done Met","FAIL","Product-Governance","NOT COMPLETE / GAPS REMAIN","Close all missing evidence rows before claiming complete.","audit-artifacts\51x51-module-integrity\20260428_042020\evidence\38_Extended_Discipline_Workflows_51_Definition_of_Done_Met.txt","P1"
"40","First-Wave Add-on","Service & Outreach","Product + Dev 3","23","Security","Tenant Isolation Tested","FAIL","Tenant-Isolation","NOT PROVEN / TEST GAP","Add cross-school denial tests.","audit-artifacts\51x51-module-integrity\20260428_042020\evidence\40_Service_Outreach_23_Tenant_Isolation_Tested.txt","P1"
"40","First-Wave Add-on","Service & Outreach","Product + Dev 3","40","Testing","Unit Tests Exist","FAIL","Test-Coverage","NOT PROVEN / TEST GAP","Add unit tests.","audit-artifacts\51x51-module-integrity\20260428_042020\evidence\40_Service_Outreach_40_Unit_Tests_Exist.txt","P1"
"40","First-Wave Add-on","Service & Outreach","Product + Dev 3","41","Testing","API Tests Exist","FAIL","Test-Coverage","NOT PROVEN / TEST GAP","Add API tests.","audit-artifacts\51x51-module-integrity\20260428_042020\evidence\40_Service_Outreach_41_API_Tests_Exist.txt","P1"
"40","First-Wave Add-on","Service & Outreach","Product + Dev 3","42","Testing","Frontend Tests Exist","FAIL","Test-Coverage","NOT PROVEN / TEST GAP","Add component tests.","audit-artifacts\51x51-module-integrity\20260428_042020\evidence\40_Service_Outreach_42_Frontend_Tests_Exist.txt","P1"
"40","First-Wave Add-on","Service & Outreach","Product + Dev 3","43","Testing","Playwright/E2E Exists","FAIL","Test-Coverage","NOT PROVEN / TEST GAP","Add Playwright smoke test.","audit-artifacts\51x51-module-integrity\20260428_042020\evidence\40_Service_Outreach_43_Playwright_E2E_Exists.txt","P1"
"40","First-Wave Add-on","Service & Outreach","Product + Dev 3","44","Testing","Negative Tests Exist","FAIL","Test-Coverage","NOT PROVEN / TEST GAP","Add negative coverage.","audit-artifacts\51x51-module-integrity\20260428_042020\evidence\40_Service_Outreach_44_Negative_Tests_Exist.txt","P1"
"40","First-Wave Add-on","Service & Outreach","Product + Dev 3","51","Quality","Definition of Done Met","FAIL","Product-Governance","NOT COMPLETE / GAPS REMAIN","Close all missing evidence rows before claiming complete.","audit-artifacts\51x51-module-integrity\20260428_042020\evidence\40_Service_Outreach_51_Definition_of_Done_Met.txt","P1"
"41","First-Wave Add-on","Crown Compass","Product + Dev 5","23","Security","Tenant Isolation Tested","FAIL","Tenant-Isolation","NOT PROVEN / TEST GAP","Add cross-school denial tests.","audit-artifacts\51x51-module-integrity\20260428_042020\evidence\41_Crown_Compass_23_Tenant_Isolation_Tested.txt","P1"
"41","First-Wave Add-on","Crown Compass","Product + Dev 5","40","Testing","Unit Tests Exist","FAIL","Test-Coverage","NOT PROVEN / TEST GAP","Add unit tests.","audit-artifacts\51x51-module-integrity\20260428_042020\evidence\41_Crown_Compass_40_Unit_Tests_Exist.txt","P1"
"41","First-Wave Add-on","Crown Compass","Product + Dev 5","41","Testing","API Tests Exist","FAIL","Test-Coverage","NOT PROVEN / TEST GAP","Add API tests.","audit-artifacts\51x51-module-integrity\20260428_042020\evidence\41_Crown_Compass_41_API_Tests_Exist.txt","P1"
"41","First-Wave Add-on","Crown Compass","Product + Dev 5","42","Testing","Frontend Tests Exist","FAIL","Test-Coverage","NOT PROVEN / TEST GAP","Add component tests.","audit-artifacts\51x51-module-integrity\20260428_042020\evidence\41_Crown_Compass_42_Frontend_Tests_Exist.txt","P1"
"41","First-Wave Add-on","Crown Compass","Product + Dev 5","43","Testing","Playwright/E2E Exists","FAIL","Test-Coverage","NOT PROVEN / TEST GAP","Add Playwright smoke test.","audit-artifacts\51x51-module-integrity\20260428_042020\evidence\41_Crown_Compass_43_Playwright_E2E_Exists.txt","P1"
"41","First-Wave Add-on","Crown Compass","Product + Dev 5","44","Testing","Negative Tests Exist","FAIL","Test-Coverage","NOT PROVEN / TEST GAP","Add negative coverage.","audit-artifacts\51x51-module-integrity\20260428_042020\evidence\41_Crown_Compass_44_Negative_Tests_Exist.txt","P1"
"41","First-Wave Add-on","Crown Compass","Product + Dev 5","51","Quality","Definition of Done Met","FAIL","Product-Governance","NOT COMPLETE / GAPS REMAIN","Close all missing evidence rows before claiming complete.","audit-artifacts\51x51-module-integrity\20260428_042020\evidence\41_Crown_Compass_51_Definition_of_Done_Met.txt","P1"
"42","First-Wave Add-on","Board Governance Suite","Product + Dev 5","51","Quality","Definition of Done Met","FAIL","Product-Governance","NOT COMPLETE / GAPS REMAIN","Close all missing evidence rows before claiming complete.","audit-artifacts\51x51-module-integrity\20260428_042020\evidence\42_Board_Governance_Suite_51_Definition_of_Done_Met.txt","P1"
"43","First-Wave Add-on","Christian PD Hub","Product + Dev 5","23","Security","Tenant Isolation Tested","FAIL","Tenant-Isolation","NOT PROVEN / TEST GAP","Add cross-school denial tests.","audit-artifacts\51x51-module-integrity\20260428_042020\evidence\43_Christian_PD_Hub_23_Tenant_Isolation_Tested.txt","P1"
"43","First-Wave Add-on","Christian PD Hub","Product + Dev 5","40","Testing","Unit Tests Exist","FAIL","Test-Coverage","NOT PROVEN / TEST GAP","Add unit tests.","audit-artifacts\51x51-module-integrity\20260428_042020\evidence\43_Christian_PD_Hub_40_Unit_Tests_Exist.txt","P1"
"43","First-Wave Add-on","Christian PD Hub","Product + Dev 5","41","Testing","API Tests Exist","FAIL","Test-Coverage","NOT PROVEN / TEST GAP","Add API tests.","audit-artifacts\51x51-module-integrity\20260428_042020\evidence\43_Christian_PD_Hub_41_API_Tests_Exist.txt","P1"
"43","First-Wave Add-on","Christian PD Hub","Product + Dev 5","42","Testing","Frontend Tests Exist","FAIL","Test-Coverage","NOT PROVEN / TEST GAP","Add component tests.","audit-artifacts\51x51-module-integrity\20260428_042020\evidence\43_Christian_PD_Hub_42_Frontend_Tests_Exist.txt","P1"
"43","First-Wave Add-on","Christian PD Hub","Product + Dev 5","43","Testing","Playwright/E2E Exists","FAIL","Test-Coverage","NOT PROVEN / TEST GAP","Add Playwright smoke test.","audit-artifacts\51x51-module-integrity\20260428_042020\evidence\43_Christian_PD_Hub_43_Playwright_E2E_Exists.txt","P1"
"43","First-Wave Add-on","Christian PD Hub","Product + Dev 5","44","Testing","Negative Tests Exist","FAIL","Test-Coverage","NOT PROVEN / TEST GAP","Add negative coverage.","audit-artifacts\51x51-module-integrity\20260428_042020\evidence\43_Christian_PD_Hub_44_Negative_Tests_Exist.txt","P1"
"43","First-Wave Add-on","Christian PD Hub","Product + Dev 5","46","Release","CI Gate Includes Module","FAIL","Test-Coverage","NOT PROVEN / CI GAP","Add module test to CI workflow.","audit-artifacts\51x51-module-integrity\20260428_042020\evidence\43_Christian_PD_Hub_46_CI_Gate_Includes_Module.txt","P1"
"43","First-Wave Add-on","Christian PD Hub","Product + Dev 5","51","Quality","Definition of Done Met","FAIL","Product-Governance","NOT COMPLETE / GAPS REMAIN","Close all missing evidence rows before claiming complete.","audit-artifacts\51x51-module-integrity\20260428_042020\evidence\43_Christian_PD_Hub_51_Definition_of_Done_Met.txt","P1"
"44","Later Add-on","Chaplain / Pastoral Care","Product + Dev 3","23","Security","Tenant Isolation Tested","FAIL","Tenant-Isolation","NOT PROVEN / TEST GAP","Add cross-school denial tests.","audit-artifacts\51x51-module-integrity\20260428_042020\evidence\44_Chaplain_Pastoral_Care_23_Tenant_Isolation_Tested.txt","P1"
"44","Later Add-on","Chaplain / Pastoral Care","Product + Dev 3","40","Testing","Unit Tests Exist","FAIL","Test-Coverage","NOT PROVEN / TEST GAP","Add unit tests.","audit-artifacts\51x51-module-integrity\20260428_042020\evidence\44_Chaplain_Pastoral_Care_40_Unit_Tests_Exist.txt","P1"
"44","Later Add-on","Chaplain / Pastoral Care","Product + Dev 3","41","Testing","API Tests Exist","FAIL","Test-Coverage","NOT PROVEN / TEST GAP","Add API tests.","audit-artifacts\51x51-module-integrity\20260428_042020\evidence\44_Chaplain_Pastoral_Care_41_API_Tests_Exist.txt","P1"
"44","Later Add-on","Chaplain / Pastoral Care","Product + Dev 3","42","Testing","Frontend Tests Exist","FAIL","Test-Coverage","NOT PROVEN / TEST GAP","Add component tests.","audit-artifacts\51x51-module-integrity\20260428_042020\evidence\44_Chaplain_Pastoral_Care_42_Frontend_Tests_Exist.txt","P1"
"44","Later Add-on","Chaplain / Pastoral Care","Product + Dev 3","43","Testing","Playwright/E2E Exists","FAIL","Test-Coverage","NOT PROVEN / TEST GAP","Add Playwright smoke test.","audit-artifacts\51x51-module-integrity\20260428_042020\evidence\44_Chaplain_Pastoral_Care_43_Playwright_E2E_Exists.txt","P1"
"44","Later Add-on","Chaplain / Pastoral Care","Product + Dev 3","44","Testing","Negative Tests Exist","FAIL","Test-Coverage","NOT PROVEN / TEST GAP","Add negative coverage.","audit-artifacts\51x51-module-integrity\20260428_042020\evidence\44_Chaplain_Pastoral_Care_44_Negative_Tests_Exist.txt","P1"
"44","Later Add-on","Chaplain / Pastoral Care","Product + Dev 3","51","Quality","Definition of Done Met","FAIL","Product-Governance","NOT COMPLETE / GAPS REMAIN","Close all missing evidence rows before claiming complete.","audit-artifacts\51x51-module-integrity\20260428_042020\evidence\44_Chaplain_Pastoral_Care_51_Definition_of_Done_Met.txt","P1"
"45","Later Add-on","Portrait of the Graduate","Product + Dev 3","23","Security","Tenant Isolation Tested","FAIL","Tenant-Isolation","NOT PROVEN / TEST GAP","Add cross-school denial tests.","audit-artifacts\51x51-module-integrity\20260428_042020\evidence\45_Portrait_of_the_Graduate_23_Tenant_Isolation_Tested.txt","P1"
"45","Later Add-on","Portrait of the Graduate","Product + Dev 3","40","Testing","Unit Tests Exist","FAIL","Test-Coverage","NOT PROVEN / TEST GAP","Add unit tests.","audit-artifacts\51x51-module-integrity\20260428_042020\evidence\45_Portrait_of_the_Graduate_40_Unit_Tests_Exist.txt","P1"
"45","Later Add-on","Portrait of the Graduate","Product + Dev 3","41","Testing","API Tests Exist","FAIL","Test-Coverage","NOT PROVEN / TEST GAP","Add API tests.","audit-artifacts\51x51-module-integrity\20260428_042020\evidence\45_Portrait_of_the_Graduate_41_API_Tests_Exist.txt","P1"
"45","Later Add-on","Portrait of the Graduate","Product + Dev 3","42","Testing","Frontend Tests Exist","FAIL","Test-Coverage","NOT PROVEN / TEST GAP","Add component tests.","audit-artifacts\51x51-module-integrity\20260428_042020\evidence\45_Portrait_of_the_Graduate_42_Frontend_Tests_Exist.txt","P1"
"45","Later Add-on","Portrait of the Graduate","Product + Dev 3","43","Testing","Playwright/E2E Exists","FAIL","Test-Coverage","NOT PROVEN / TEST GAP","Add Playwright smoke test.","audit-artifacts\51x51-module-integrity\20260428_042020\evidence\45_Portrait_of_the_Graduate_43_Playwright_E2E_Exists.txt","P1"
"45","Later Add-on","Portrait of the Graduate","Product + Dev 3","44","Testing","Negative Tests Exist","FAIL","Test-Coverage","NOT PROVEN / TEST GAP","Add negative coverage.","audit-artifacts\51x51-module-integrity\20260428_042020\evidence\45_Portrait_of_the_Graduate_44_Negative_Tests_Exist.txt","P1"
"45","Later Add-on","Portrait of the Graduate","Product + Dev 3","51","Quality","Definition of Done Met","FAIL","Product-Governance","NOT COMPLETE / GAPS REMAIN","Close all missing evidence rows before claiming complete.","audit-artifacts\51x51-module-integrity\20260428_042020\evidence\45_Portrait_of_the_Graduate_51_Definition_of_Done_Met.txt","P1"
"46","Later Add-on","Mission Metrics","Product + Dev 5","23","Security","Tenant Isolation Tested","FAIL","Tenant-Isolation","NOT PROVEN / TEST GAP","Add cross-school denial tests.","audit-artifacts\51x51-module-integrity\20260428_042020\evidence\46_Mission_Metrics_23_Tenant_Isolation_Tested.txt","P1"
"46","Later Add-on","Mission Metrics","Product + Dev 5","40","Testing","Unit Tests Exist","FAIL","Test-Coverage","NOT PROVEN / TEST GAP","Add unit tests.","audit-artifacts\51x51-module-integrity\20260428_042020\evidence\46_Mission_Metrics_40_Unit_Tests_Exist.txt","P1"
"46","Later Add-on","Mission Metrics","Product + Dev 5","41","Testing","API Tests Exist","FAIL","Test-Coverage","NOT PROVEN / TEST GAP","Add API tests.","audit-artifacts\51x51-module-integrity\20260428_042020\evidence\46_Mission_Metrics_41_API_Tests_Exist.txt","P1"
"46","Later Add-on","Mission Metrics","Product + Dev 5","42","Testing","Frontend Tests Exist","FAIL","Test-Coverage","NOT PROVEN / TEST GAP","Add component tests.","audit-artifacts\51x51-module-integrity\20260428_042020\evidence\46_Mission_Metrics_42_Frontend_Tests_Exist.txt","P1"
"46","Later Add-on","Mission Metrics","Product + Dev 5","43","Testing","Playwright/E2E Exists","FAIL","Test-Coverage","NOT PROVEN / TEST GAP","Add Playwright smoke test.","audit-artifacts\51x51-module-integrity\20260428_042020\evidence\46_Mission_Metrics_43_Playwright_E2E_Exists.txt","P1"
"46","Later Add-on","Mission Metrics","Product + Dev 5","44","Testing","Negative Tests Exist","FAIL","Test-Coverage","NOT PROVEN / TEST GAP","Add negative coverage.","audit-artifacts\51x51-module-integrity\20260428_042020\evidence\46_Mission_Metrics_44_Negative_Tests_Exist.txt","P1"
"46","Later Add-on","Mission Metrics","Product + Dev 5","51","Quality","Definition of Done Met","FAIL","Product-Governance","NOT COMPLETE / GAPS REMAIN","Close all missing evidence rows before claiming complete.","audit-artifacts\51x51-module-integrity\20260428_042020\evidence\46_Mission_Metrics_51_Definition_of_Done_Met.txt","P1"
"47","Later Add-on","CRM / Marketing Suite","Product + Dev 3","23","Security","Tenant Isolation Tested","FAIL","Tenant-Isolation","NOT PROVEN / TEST GAP","Add cross-school denial tests.","audit-artifacts\51x51-module-integrity\20260428_042020\evidence\47_CRM_Marketing_Suite_23_Tenant_Isolation_Tested.txt","P1"
"47","Later Add-on","CRM / Marketing Suite","Product + Dev 3","40","Testing","Unit Tests Exist","FAIL","Test-Coverage","NOT PROVEN / TEST GAP","Add unit tests.","audit-artifacts\51x51-module-integrity\20260428_042020\evidence\47_CRM_Marketing_Suite_40_Unit_Tests_Exist.txt","P1"
"47","Later Add-on","CRM / Marketing Suite","Product + Dev 3","41","Testing","API Tests Exist","FAIL","Test-Coverage","NOT PROVEN / TEST GAP","Add API tests.","audit-artifacts\51x51-module-integrity\20260428_042020\evidence\47_CRM_Marketing_Suite_41_API_Tests_Exist.txt","P1"
"47","Later Add-on","CRM / Marketing Suite","Product + Dev 3","42","Testing","Frontend Tests Exist","FAIL","Test-Coverage","NOT PROVEN / TEST GAP","Add component tests.","audit-artifacts\51x51-module-integrity\20260428_042020\evidence\47_CRM_Marketing_Suite_42_Frontend_Tests_Exist.txt","P1"
"47","Later Add-on","CRM / Marketing Suite","Product + Dev 3","43","Testing","Playwright/E2E Exists","FAIL","Test-Coverage","NOT PROVEN / TEST GAP","Add Playwright smoke test.","audit-artifacts\51x51-module-integrity\20260428_042020\evidence\47_CRM_Marketing_Suite_43_Playwright_E2E_Exists.txt","P1"
"47","Later Add-on","CRM / Marketing Suite","Product + Dev 3","44","Testing","Negative Tests Exist","FAIL","Test-Coverage","NOT PROVEN / TEST GAP","Add negative coverage.","audit-artifacts\51x51-module-integrity\20260428_042020\evidence\47_CRM_Marketing_Suite_44_Negative_Tests_Exist.txt","P1"
"47","Later Add-on","CRM / Marketing Suite","Product + Dev 3","46","Release","CI Gate Includes Module","FAIL","Test-Coverage","NOT PROVEN / CI GAP","Add module test to CI workflow.","audit-artifacts\51x51-module-integrity\20260428_042020\evidence\47_CRM_Marketing_Suite_46_CI_Gate_Includes_Module.txt","P1"
"47","Later Add-on","CRM / Marketing Suite","Product + Dev 3","51","Quality","Definition of Done Met","FAIL","Product-Governance","NOT COMPLETE / GAPS REMAIN","Close all missing evidence rows before claiming complete.","audit-artifacts\51x51-module-integrity\20260428_042020\evidence\47_CRM_Marketing_Suite_51_Definition_of_Done_Met.txt","P1"
"48","Later Add-on","Mobile App / Family App","Product + Dev 4","23","Security","Tenant Isolation Tested","FAIL","Tenant-Isolation","NOT PROVEN / TEST GAP","Add cross-school denial tests.","audit-artifacts\51x51-module-integrity\20260428_042020\evidence\48_Mobile_App_Family_App_23_Tenant_Isolation_Tested.txt","P1"
"48","Later Add-on","Mobile App / Family App","Product + Dev 4","40","Testing","Unit Tests Exist","FAIL","Test-Coverage","NOT PROVEN / TEST GAP","Add unit tests.","audit-artifacts\51x51-module-integrity\20260428_042020\evidence\48_Mobile_App_Family_App_40_Unit_Tests_Exist.txt","P1"
"48","Later Add-on","Mobile App / Family App","Product + Dev 4","41","Testing","API Tests Exist","FAIL","Test-Coverage","NOT PROVEN / TEST GAP","Add API tests.","audit-artifacts\51x51-module-integrity\20260428_042020\evidence\48_Mobile_App_Family_App_41_API_Tests_Exist.txt","P1"
"48","Later Add-on","Mobile App / Family App","Product + Dev 4","42","Testing","Frontend Tests Exist","FAIL","Test-Coverage","NOT PROVEN / TEST GAP","Add component tests.","audit-artifacts\51x51-module-integrity\20260428_042020\evidence\48_Mobile_App_Family_App_42_Frontend_Tests_Exist.txt","P1"
"48","Later Add-on","Mobile App / Family App","Product + Dev 4","43","Testing","Playwright/E2E Exists","FAIL","Test-Coverage","NOT PROVEN / TEST GAP","Add Playwright smoke test.","audit-artifacts\51x51-module-integrity\20260428_042020\evidence\48_Mobile_App_Family_App_43_Playwright_E2E_Exists.txt","P1"
"48","Later Add-on","Mobile App / Family App","Product + Dev 4","44","Testing","Negative Tests Exist","FAIL","Test-Coverage","NOT PROVEN / TEST GAP","Add negative coverage.","audit-artifacts\51x51-module-integrity\20260428_042020\evidence\48_Mobile_App_Family_App_44_Negative_Tests_Exist.txt","P1"
"48","Later Add-on","Mobile App / Family App","Product + Dev 4","51","Quality","Definition of Done Met","FAIL","Product-Governance","NOT COMPLETE / GAPS REMAIN","Close all missing evidence rows before claiming complete.","audit-artifacts\51x51-module-integrity\20260428_042020\evidence\48_Mobile_App_Family_App_51_Definition_of_Done_Met.txt","P1"
"49","Later Add-on","Survey / Sentiment Engine","Product + Dev 5","23","Security","Tenant Isolation Tested","FAIL","Tenant-Isolation","NOT PROVEN / TEST GAP","Add cross-school denial tests.","audit-artifacts\51x51-module-integrity\20260428_042020\evidence\49_Survey_Sentiment_Engine_23_Tenant_Isolation_Tested.txt","P1"
"49","Later Add-on","Survey / Sentiment Engine","Product + Dev 5","40","Testing","Unit Tests Exist","FAIL","Test-Coverage","NOT PROVEN / TEST GAP","Add unit tests.","audit-artifacts\51x51-module-integrity\20260428_042020\evidence\49_Survey_Sentiment_Engine_40_Unit_Tests_Exist.txt","P1"
"49","Later Add-on","Survey / Sentiment Engine","Product + Dev 5","41","Testing","API Tests Exist","FAIL","Test-Coverage","NOT PROVEN / TEST GAP","Add API tests.","audit-artifacts\51x51-module-integrity\20260428_042020\evidence\49_Survey_Sentiment_Engine_41_API_Tests_Exist.txt","P1"
"49","Later Add-on","Survey / Sentiment Engine","Product + Dev 5","42","Testing","Frontend Tests Exist","FAIL","Test-Coverage","NOT PROVEN / TEST GAP","Add component tests.","audit-artifacts\51x51-module-integrity\20260428_042020\evidence\49_Survey_Sentiment_Engine_42_Frontend_Tests_Exist.txt","P1"
"49","Later Add-on","Survey / Sentiment Engine","Product + Dev 5","43","Testing","Playwright/E2E Exists","FAIL","Test-Coverage","NOT PROVEN / TEST GAP","Add Playwright smoke test.","audit-artifacts\51x51-module-integrity\20260428_042020\evidence\49_Survey_Sentiment_Engine_43_Playwright_E2E_Exists.txt","P1"
"49","Later Add-on","Survey / Sentiment Engine","Product + Dev 5","44","Testing","Negative Tests Exist","FAIL","Test-Coverage","NOT PROVEN / TEST GAP","Add negative coverage.","audit-artifacts\51x51-module-integrity\20260428_042020\evidence\49_Survey_Sentiment_Engine_44_Negative_Tests_Exist.txt","P1"
"49","Later Add-on","Survey / Sentiment Engine","Product + Dev 5","46","Release","CI Gate Includes Module","FAIL","Test-Coverage","NOT PROVEN / CI GAP","Add module test to CI workflow.","audit-artifacts\51x51-module-integrity\20260428_042020\evidence\49_Survey_Sentiment_Engine_46_CI_Gate_Includes_Module.txt","P1"
"49","Later Add-on","Survey / Sentiment Engine","Product + Dev 5","51","Quality","Definition of Done Met","FAIL","Product-Governance","NOT COMPLETE / GAPS REMAIN","Close all missing evidence rows before claiming complete.","audit-artifacts\51x51-module-integrity\20260428_042020\evidence\49_Survey_Sentiment_Engine_51_Definition_of_Done_Met.txt","P1"
"51","Later Add-on","Standalone Schedule Builder","Product + Dev 5","23","Security","Tenant Isolation Tested","FAIL","Tenant-Isolation","NOT PROVEN / TEST GAP","Add cross-school denial tests.","audit-artifacts\51x51-module-integrity\20260428_042020\evidence\51_Standalone_Schedule_Builder_23_Tenant_Isolation_Tested.txt","P1"
"51","Later Add-on","Standalone Schedule Builder","Product + Dev 5","40","Testing","Unit Tests Exist","FAIL","Test-Coverage","NOT PROVEN / TEST GAP","Add unit tests.","audit-artifacts\51x51-module-integrity\20260428_042020\evidence\51_Standalone_Schedule_Builder_40_Unit_Tests_Exist.txt","P1"
"51","Later Add-on","Standalone Schedule Builder","Product + Dev 5","41","Testing","API Tests Exist","FAIL","Test-Coverage","NOT PROVEN / TEST GAP","Add API tests.","audit-artifacts\51x51-module-integrity\20260428_042020\evidence\51_Standalone_Schedule_Builder_41_API_Tests_Exist.txt","P1"
"51","Later Add-on","Standalone Schedule Builder","Product + Dev 5","42","Testing","Frontend Tests Exist","FAIL","Test-Coverage","NOT PROVEN / TEST GAP","Add component tests.","audit-artifacts\51x51-module-integrity\20260428_042020\evidence\51_Standalone_Schedule_Builder_42_Frontend_Tests_Exist.txt","P1"
"51","Later Add-on","Standalone Schedule Builder","Product + Dev 5","43","Testing","Playwright/E2E Exists","FAIL","Test-Coverage","NOT PROVEN / TEST GAP","Add Playwright smoke test.","audit-artifacts\51x51-module-integrity\20260428_042020\evidence\51_Standalone_Schedule_Builder_43_Playwright_E2E_Exists.txt","P1"
"51","Later Add-on","Standalone Schedule Builder","Product + Dev 5","44","Testing","Negative Tests Exist","FAIL","Test-Coverage","NOT PROVEN / TEST GAP","Add negative coverage.","audit-artifacts\51x51-module-integrity\20260428_042020\evidence\51_Standalone_Schedule_Builder_44_Negative_Tests_Exist.txt","P1"
"51","Later Add-on","Standalone Schedule Builder","Product + Dev 5","51","Quality","Definition of Done Met","FAIL","Product-Governance","NOT COMPLETE / GAPS REMAIN","Close all missing evidence rows before claiming complete.","audit-artifacts\51x51-module-integrity\20260428_042020\evidence\51_Standalone_Schedule_Builder_51_Definition_of_Done_Met.txt","P1"
"4","Platform Core","Audit Logging","Dev 1","7","Operations","Lifecycle States Defined","REVIEW","CI-Gate-Wiring","PARTIAL / NEEDS CODE OR DOC","Implement explicit status model and transition validation.","audit-artifacts\51x51-module-integrity\20260428_042020\evidence\04_Audit_Logging_07_Lifecycle_States_Defined.txt","P2"
"4","Platform Core","Audit Logging","Dev 1","9","Operations","Admin Operation Exists","REVIEW","CI-Gate-Wiring","PARTIAL / NEEDS UI/API","Add admin screen/API workflow.","audit-artifacts\51x51-module-integrity\20260428_042020\evidence\04_Audit_Logging_09_Admin_Operation_Exists.txt","P2"
"4","Platform Core","Audit Logging","Dev 1","10","Operations","User Operation Exists","REVIEW","Permission-Security","PARTIAL / NEEDS UI/API","Add role-facing screen and action flow.","audit-artifacts\51x51-module-integrity\20260428_042020\evidence\04_Audit_Logging_10_User_Operation_Exists.txt","P2"
"4","Platform Core","Audit Logging","Dev 1","11","Data","Canonical Data Model Exists","REVIEW","Data-Model","PARTIAL / NEEDS CODE","Create model/schema or approved contract.","audit-artifacts\51x51-module-integrity\20260428_042020\evidence\04_Audit_Logging_11_Canonical_Data_Model_Exists.txt","P2"
"4","Platform Core","Audit Logging","Dev 1","12","Data","No Shadow Record Risk","REVIEW","Data-Model","PARTIAL / NEEDS CODE OR DOC","Replace duplicate record ownership with Core references.","audit-artifacts\51x51-module-integrity\20260428_042020\evidence\04_Audit_Logging_12_No_Shadow_Record_Risk.txt","P2"
"4","Platform Core","Audit Logging","Dev 1","13","Data","Tenant Key Present","REVIEW","Tenant-Isolation","PARTIAL / NEEDS CODE","Add school/tenant FK and scoped access pattern.","audit-artifacts\51x51-module-integrity\20260428_042020\evidence\04_Audit_Logging_13_Tenant_Key_Present.txt","P2"
"4","Platform Core","Audit Logging","Dev 1","14","Data","Migration Exists","REVIEW","Data-Model","PARTIAL / NEEDS CODE","Generate and commit migrations.","audit-artifacts\51x51-module-integrity\20260428_042020\evidence\04_Audit_Logging_14_Migration_Exists.txt","P2"
"4","Platform Core","Audit Logging","Dev 1","15","Data","Seed/Demo Data Exists","REVIEW","Test-Coverage","PARTIAL / NEEDS CODE OR DOC","Add deterministic seed fixtures for sandbox testing.","audit-artifacts\51x51-module-integrity\20260428_042020\evidence\04_Audit_Logging_15_Seed_Demo_Data_Exists.txt","P2"
"4","Platform Core","Audit Logging","Dev 1","16","API","API Endpoint Exists","REVIEW","Frontend-Operations","PARTIAL / NEEDS CODE","Create API route/service.","audit-artifacts\51x51-module-integrity\20260428_042020\evidence\04_Audit_Logging_16_API_Endpoint_Exists.txt","P2"
"4","Platform Core","Audit Logging","Dev 1","17","API","Serializer/Schema Exists","REVIEW","Test-Coverage","PARTIAL / NEEDS CODE","Add serializers/schemas and validation tests.","audit-artifacts\51x51-module-integrity\20260428_042020\evidence\04_Audit_Logging_17_Serializer_Schema_Exists.txt","P2"
"4","Platform Core","Audit Logging","Dev 1","18","API","Service Layer Exists","REVIEW","CI-Gate-Wiring","PARTIAL / NEEDS CODE","Move workflow logic into service layer.","audit-artifacts\51x51-module-integrity\20260428_042020\evidence\04_Audit_Logging_18_Service_Layer_Exists.txt","P2"
"4","Platform Core","Audit Logging","Dev 1","19","API","Validation Exists","REVIEW","Test-Coverage","PARTIAL / NEEDS CODE + TEST","Add validation and negative tests.","audit-artifacts\51x51-module-integrity\20260428_042020\evidence\04_Audit_Logging_19_Validation_Exists.txt","P2"
"4","Platform Core","Audit Logging","Dev 1","20","API","Error Handling Exists","REVIEW","Backend-API","PARTIAL / NEEDS CODE","Add safe errors and logging.","audit-artifacts\51x51-module-integrity\20260428_042020\evidence\04_Audit_Logging_20_Error_Handling_Exists.txt","P2"
"4","Platform Core","Audit Logging","Dev 1","21","Security","Authentication Required","REVIEW","Test-Coverage","PARTIAL / NEEDS CODE + TEST","Enforce auth on APIs and routes.","audit-artifacts\51x51-module-integrity\20260428_042020\evidence\04_Audit_Logging_21_Authentication_Required.txt","P2"
"4","Platform Core","Audit Logging","Dev 1","22","Security","Permission Enforcement Exists","REVIEW","Permission-Security","PARTIAL / NEEDS CODE + TEST","Add RBAC checks and tests.","audit-artifacts\51x51-module-integrity\20260428_042020\evidence\04_Audit_Logging_22_Permission_Enforcement_Exists.txt","P2"
"4","Platform Core","Audit Logging","Dev 1","24","Security","Audit Logging Exists","REVIEW","Test-Coverage","PARTIAL / NEEDS CODE + TEST","Add audit events for mutations/access.","audit-artifacts\51x51-module-integrity\20260428_042020\evidence\04_Audit_Logging_24_Audit_Logging_Exists.txt","P2"
"4","Platform Core","Audit Logging","Dev 1","25","Security","Sensitive Data Handling Defined","REVIEW","Data-Model","PARTIAL / NEEDS CODE OR DOC","Add data classification and access rules.","audit-artifacts\51x51-module-integrity\20260428_042020\evidence\04_Audit_Logging_25_Sensitive_Data_Handling_Defined.txt","P2"
"4","Platform Core","Audit Logging","Dev 1","26","Frontend","Route Exists","REVIEW","Frontend-Operations","PARTIAL / NEEDS CODE","Add route and navigation entry.","audit-artifacts\51x51-module-integrity\20260428_042020\evidence\04_Audit_Logging_26_Route_Exists.txt","P2"
"4","Platform Core","Audit Logging","Dev 1","27","Frontend","Dashboard/Entry Card Exists","REVIEW","Frontend-Operations","PARTIAL / NEEDS CODE","Add dashboard card and module entry.","audit-artifacts\51x51-module-integrity\20260428_042020\evidence\04_Audit_Logging_27_Dashboard_Entry_Card_Exists.txt","P2"
"4","Platform Core","Audit Logging","Dev 1","28","Frontend","Form UI Exists","REVIEW","Frontend-Operations","PARTIAL / NEEDS CODE","Add standardized form UI.","audit-artifacts\51x51-module-integrity\20260428_042020\evidence\04_Audit_Logging_28_Form_UI_Exists.txt","P2"
"4","Platform Core","Audit Logging","Dev 1","29","Frontend","Table/List UI Exists","REVIEW","Frontend-Operations","PARTIAL / NEEDS CODE","Add list/table UI.","audit-artifacts\51x51-module-integrity\20260428_042020\evidence\04_Audit_Logging_29_Table_List_UI_Exists.txt","P2"
"4","Platform Core","Audit Logging","Dev 1","30","Frontend","Empty/Loading/Error States Exist","REVIEW","Frontend-Operations","PARTIAL / NEEDS CODE","Add complete UI states.","audit-artifacts\51x51-module-integrity\20260428_042020\evidence\04_Audit_Logging_30_Empty_Loading_Error_States_Exist.txt","P2"
"4","Platform Core","Audit Logging","Dev 1","32","KPI","KPI Data Source Exists","REVIEW","Backend-API","PARTIAL / NEEDS CODE","Wire KPI to backend query or service.","audit-artifacts\51x51-module-integrity\20260428_042020\evidence\04_Audit_Logging_32_KPI_Data_Source_Exists.txt","P2"
"4","Platform Core","Audit Logging","Dev 1","34","KPI","Reporting/Export Exists","REVIEW","Permission-Security","PARTIAL / NEEDS CODE","Add report/export path with RBAC and audit.","audit-artifacts\51x51-module-integrity\20260428_042020\evidence\04_Audit_Logging_34_Reporting_Export_Exists.txt","P2"
"4","Platform Core","Audit Logging","Dev 1","35","Integration","Core Wiring Exists","REVIEW","Product-Governance","PARTIAL / NEEDS CODE","Wire to Core canonical records.","audit-artifacts\51x51-module-integrity\20260428_042020\evidence\04_Audit_Logging_35_Core_Wiring_Exists.txt","P2"
"4","Platform Core","Audit Logging","Dev 1","36","Integration","Notification Wiring Exists","REVIEW","General-Remediation","PARTIAL / NEEDS CODE","Add notification hooks.","audit-artifacts\51x51-module-integrity\20260428_042020\evidence\04_Audit_Logging_36_Notification_Wiring_Exists.txt","P2"
"4","Platform Core","Audit Logging","Dev 1","37","Integration","Calendar Wiring Exists","REVIEW","General-Remediation","PARTIAL / NEEDS CODE","Add calendar/event integration or mark not applicable.","audit-artifacts\51x51-module-integrity\20260428_042020\evidence\04_Audit_Logging_37_Calendar_Wiring_Exists.txt","P2"
"4","Platform Core","Audit Logging","Dev 1","38","Integration","Microsoft/M365/Teams Posture Exists","REVIEW","General-Remediation","PARTIAL / NEEDS CODE OR DOC","Add enabled/deferred M365/Teams posture.","audit-artifacts\51x51-module-integrity\20260428_042020\evidence\04_Audit_Logging_38_Microsoft_M365_Teams_Posture_Exists.txt","P2"
"4","Platform Core","Audit Logging","Dev 1","39","Integration","External Webhook/API Contract Exists","REVIEW","Backend-API","PARTIAL / NEEDS CODE OR DOC","Add signed webhook/API contract.","audit-artifacts\51x51-module-integrity\20260428_042020\evidence\04_Audit_Logging_39_External_Webhook_API_Contract_Exists.txt","P2"
"4","Platform Core","Audit Logging","Dev 1","45","Release","Health/Integrity Check Exists","REVIEW","Test-Coverage","PARTIAL / NEEDS CODE + TEST","Add module to integrity gate.","audit-artifacts\51x51-module-integrity\20260428_042020\evidence\04_Audit_Logging_45_Health_Integrity_Check_Exists.txt","P2"
"4","Platform Core","Audit Logging","Dev 1","50","Quality","No Placeholder/Fake Production Data","REVIEW","Data-Model","PARTIAL / NEEDS CODE OR DOC","Replace placeholders or clearly sandbox-scope them.","audit-artifacts\51x51-module-integrity\20260428_042020\evidence\04_Audit_Logging_50_No_Placeholder_Fake_Production_Data.txt","P2"
"5","Platform Core","Notifications Framework","Dev 1","19","API","Validation Exists","REVIEW","Test-Coverage","IMPLEMENTED / TEST GAP","Add validation and negative tests.","audit-artifacts\51x51-module-integrity\20260428_042020\evidence\05_Notifications_Framework_19_Validation_Exists.txt","P2"
"5","Platform Core","Notifications Framework","Dev 1","21","Security","Authentication Required","REVIEW","Test-Coverage","IMPLEMENTED / TEST GAP","Enforce auth on APIs and routes.","audit-artifacts\51x51-module-integrity\20260428_042020\evidence\05_Notifications_Framework_21_Authentication_Required.txt","P2"
"5","Platform Core","Notifications Framework","Dev 1","22","Security","Permission Enforcement Exists","REVIEW","Permission-Security","IMPLEMENTED / TEST GAP","Add RBAC checks and tests.","audit-artifacts\51x51-module-integrity\20260428_042020\evidence\05_Notifications_Framework_22_Permission_Enforcement_Exists.txt","P2"
"5","Platform Core","Notifications Framework","Dev 1","24","Security","Audit Logging Exists","REVIEW","Test-Coverage","IMPLEMENTED / TEST GAP","Add audit events for mutations/access.","audit-artifacts\51x51-module-integrity\20260428_042020\evidence\05_Notifications_Framework_24_Audit_Logging_Exists.txt","P2"
"5","Platform Core","Notifications Framework","Dev 1","45","Release","Health/Integrity Check Exists","REVIEW","Test-Coverage","IMPLEMENTED / TEST GAP","Add module to integrity gate.","audit-artifacts\51x51-module-integrity\20260428_042020\evidence\05_Notifications_Framework_45_Health_Integrity_Check_Exists.txt","P2"
"6","Platform Core","Document / File Framework","Dev 1","19","API","Validation Exists","REVIEW","Test-Coverage","IMPLEMENTED / TEST GAP","Add validation and negative tests.","audit-artifacts\51x51-module-integrity\20260428_042020\evidence\06_Document_File_Framework_19_Validation_Exists.txt","P2"
"6","Platform Core","Document / File Framework","Dev 1","21","Security","Authentication Required","REVIEW","Test-Coverage","IMPLEMENTED / TEST GAP","Enforce auth on APIs and routes.","audit-artifacts\51x51-module-integrity\20260428_042020\evidence\06_Document_File_Framework_21_Authentication_Required.txt","P2"
"6","Platform Core","Document / File Framework","Dev 1","22","Security","Permission Enforcement Exists","REVIEW","Permission-Security","IMPLEMENTED / TEST GAP","Add RBAC checks and tests.","audit-artifacts\51x51-module-integrity\20260428_042020\evidence\06_Document_File_Framework_22_Permission_Enforcement_Exists.txt","P2"
"6","Platform Core","Document / File Framework","Dev 1","24","Security","Audit Logging Exists","REVIEW","Test-Coverage","IMPLEMENTED / TEST GAP","Add audit events for mutations/access.","audit-artifacts\51x51-module-integrity\20260428_042020\evidence\06_Document_File_Framework_24_Audit_Logging_Exists.txt","P2"
"6","Platform Core","Document / File Framework","Dev 1","45","Release","Health/Integrity Check Exists","REVIEW","Test-Coverage","IMPLEMENTED / TEST GAP","Add module to integrity gate.","audit-artifacts\51x51-module-integrity\20260428_042020\evidence\06_Document_File_Framework_45_Health_Integrity_Check_Exists.txt","P2"
"8","Platform Core","Shared Frontend Shell","Dev 4","19","API","Validation Exists","REVIEW","Test-Coverage","IMPLEMENTED / TEST GAP","Add validation and negative tests.","audit-artifacts\51x51-module-integrity\20260428_042020\evidence\08_Shared_Frontend_Shell_19_Validation_Exists.txt","P2"
"8","Platform Core","Shared Frontend Shell","Dev 4","21","Security","Authentication Required","REVIEW","Test-Coverage","IMPLEMENTED / TEST GAP","Enforce auth on APIs and routes.","audit-artifacts\51x51-module-integrity\20260428_042020\evidence\08_Shared_Frontend_Shell_21_Authentication_Required.txt","P2"
"8","Platform Core","Shared Frontend Shell","Dev 4","22","Security","Permission Enforcement Exists","REVIEW","Permission-Security","IMPLEMENTED / TEST GAP","Add RBAC checks and tests.","audit-artifacts\51x51-module-integrity\20260428_042020\evidence\08_Shared_Frontend_Shell_22_Permission_Enforcement_Exists.txt","P2"
"8","Platform Core","Shared Frontend Shell","Dev 4","24","Security","Audit Logging Exists","REVIEW","Test-Coverage","IMPLEMENTED / TEST GAP","Add audit events for mutations/access.","audit-artifacts\51x51-module-integrity\20260428_042020\evidence\08_Shared_Frontend_Shell_24_Audit_Logging_Exists.txt","P2"
"8","Platform Core","Shared Frontend Shell","Dev 4","45","Release","Health/Integrity Check Exists","REVIEW","Test-Coverage","IMPLEMENTED / TEST GAP","Add module to integrity gate.","audit-artifacts\51x51-module-integrity\20260428_042020\evidence\08_Shared_Frontend_Shell_45_Health_Integrity_Check_Exists.txt","P2"
"9","Platform Core","Shared Design System","Dev 4","19","API","Validation Exists","REVIEW","Test-Coverage","IMPLEMENTED / TEST GAP","Add validation and negative tests.","audit-artifacts\51x51-module-integrity\20260428_042020\evidence\09_Shared_Design_System_19_Validation_Exists.txt","P2"
"9","Platform Core","Shared Design System","Dev 4","21","Security","Authentication Required","REVIEW","Test-Coverage","IMPLEMENTED / TEST GAP","Enforce auth on APIs and routes.","audit-artifacts\51x51-module-integrity\20260428_042020\evidence\09_Shared_Design_System_21_Authentication_Required.txt","P2"
"9","Platform Core","Shared Design System","Dev 4","22","Security","Permission Enforcement Exists","REVIEW","Permission-Security","IMPLEMENTED / TEST GAP","Add RBAC checks and tests.","audit-artifacts\51x51-module-integrity\20260428_042020\evidence\09_Shared_Design_System_22_Permission_Enforcement_Exists.txt","P2"
"9","Platform Core","Shared Design System","Dev 4","24","Security","Audit Logging Exists","REVIEW","Test-Coverage","IMPLEMENTED / TEST GAP","Add audit events for mutations/access.","audit-artifacts\51x51-module-integrity\20260428_042020\evidence\09_Shared_Design_System_24_Audit_Logging_Exists.txt","P2"
"9","Platform Core","Shared Design System","Dev 4","45","Release","Health/Integrity Check Exists","REVIEW","Test-Coverage","IMPLEMENTED / TEST GAP","Add module to integrity gate.","audit-artifacts\51x51-module-integrity\20260428_042020\evidence\09_Shared_Design_System_45_Health_Integrity_Check_Exists.txt","P2"
"10","Platform Core","Reporting / Data Access Standards","Dev 5","19","API","Validation Exists","REVIEW","Test-Coverage","IMPLEMENTED / TEST GAP","Add validation and negative tests.","audit-artifacts\51x51-module-integrity\20260428_042020\evidence\10_Reporting_Data_Access_Standards_19_Validation_Exists.txt","P2"
"10","Platform Core","Reporting / Data Access Standards","Dev 5","21","Security","Authentication Required","REVIEW","Test-Coverage","IMPLEMENTED / TEST GAP","Enforce auth on APIs and routes.","audit-artifacts\51x51-module-integrity\20260428_042020\evidence\10_Reporting_Data_Access_Standards_21_Authentication_Required.txt","P2"
"10","Platform Core","Reporting / Data Access Standards","Dev 5","22","Security","Permission Enforcement Exists","REVIEW","Permission-Security","IMPLEMENTED / TEST GAP","Add RBAC checks and tests.","audit-artifacts\51x51-module-integrity\20260428_042020\evidence\10_Reporting_Data_Access_Standards_22_Permission_Enforcement_Exists.txt","P2"
"10","Platform Core","Reporting / Data Access Standards","Dev 5","24","Security","Audit Logging Exists","REVIEW","Test-Coverage","IMPLEMENTED / TEST GAP","Add audit events for mutations/access.","audit-artifacts\51x51-module-integrity\20260428_042020\evidence\10_Reporting_Data_Access_Standards_24_Audit_Logging_Exists.txt","P2"
"10","Platform Core","Reporting / Data Access Standards","Dev 5","45","Release","Health/Integrity Check Exists","REVIEW","Test-Coverage","IMPLEMENTED / TEST GAP","Add module to integrity gate.","audit-artifacts\51x51-module-integrity\20260428_042020\evidence\10_Reporting_Data_Access_Standards_45_Health_Integrity_Check_Exists.txt","P2"
"11","SIS Core","School Profile","Dev 2","1","Product","Canonical Definition Exists","REVIEW","Product-Governance","PARTIAL / NEEDS DOC","Create/approve module canon with scope, exclusions, owner, and acceptance.","audit-artifacts\51x51-module-integrity\20260428_042020\evidence\11_School_Profile_01_Canonical_Definition_Exists.txt","P2"
"11","SIS Core","School Profile","Dev 2","2","Product","Layer Classification Correct","REVIEW","Product-Governance","PARTIAL / NEEDS DOC","Fix taxonomy; move misplaced capabilities into correct layer.","audit-artifacts\51x51-module-integrity\20260428_042020\evidence\11_School_Profile_02_Layer_Classification_Correct.txt","P2"
"11","SIS Core","School Profile","Dev 2","3","Product","Owner Assigned","REVIEW","Product-Governance","PARTIAL / NEEDS DOC","Assign owner and add to module inventory.","audit-artifacts\51x51-module-integrity\20260428_042020\evidence\11_School_Profile_03_Owner_Assigned.txt","P2"
"11","SIS Core","School Profile","Dev 2","4","Product","Essential Functions Defined","REVIEW","Frontend-Operations","PARTIAL / NEEDS DOC","Write required functions and acceptance rules.","audit-artifacts\51x51-module-integrity\20260428_042020\evidence\11_School_Profile_04_Essential_Functions_Defined.txt","P2"
"11","SIS Core","School Profile","Dev 2","5","Product","Out-of-Scope Boundaries Defined","REVIEW","Product-Governance","PARTIAL / NEEDS DOC","Add exclusion rules to prevent module sprawl.","audit-artifacts\51x51-module-integrity\20260428_042020\evidence\11_School_Profile_05_Out-of-Scope_Boundaries_Defined.txt","P2"
"11","SIS Core","School Profile","Dev 2","6","Operations","Primary Workflows Designed","REVIEW","Permission-Security","PARTIAL / NEEDS DOC","Map role workflows and state transitions.","audit-artifacts\51x51-module-integrity\20260428_042020\evidence\11_School_Profile_06_Primary_Workflows_Designed.txt","P2"
"11","SIS Core","School Profile","Dev 2","7","Operations","Lifecycle States Defined","REVIEW","CI-Gate-Wiring","PARTIAL / NEEDS CODE OR DOC","Implement explicit status model and transition validation.","audit-artifacts\51x51-module-integrity\20260428_042020\evidence\11_School_Profile_07_Lifecycle_States_Defined.txt","P2"
"11","SIS Core","School Profile","Dev 2","8","Operations","Role Responsibilities Defined","REVIEW","Permission-Security","PARTIAL / NEEDS DOC","Define role-action matrix.","audit-artifacts\51x51-module-integrity\20260428_042020\evidence\11_School_Profile_08_Role_Responsibilities_Defined.txt","P2"
"11","SIS Core","School Profile","Dev 2","12","Data","No Shadow Record Risk","REVIEW","Data-Model","PARTIAL / NEEDS CODE OR DOC","Replace duplicate record ownership with Core references.","audit-artifacts\51x51-module-integrity\20260428_042020\evidence\11_School_Profile_12_No_Shadow_Record_Risk.txt","P2"
"11","SIS Core","School Profile","Dev 2","15","Data","Seed/Demo Data Exists","REVIEW","Test-Coverage","PARTIAL / NEEDS CODE OR DOC","Add deterministic seed fixtures for sandbox testing.","audit-artifacts\51x51-module-integrity\20260428_042020\evidence\11_School_Profile_15_Seed_Demo_Data_Exists.txt","P2"
"11","SIS Core","School Profile","Dev 2","19","API","Validation Exists","REVIEW","Test-Coverage","IMPLEMENTED / TEST GAP","Add validation and negative tests.","audit-artifacts\51x51-module-integrity\20260428_042020\evidence\11_School_Profile_19_Validation_Exists.txt","P2"
"11","SIS Core","School Profile","Dev 2","21","Security","Authentication Required","REVIEW","Test-Coverage","IMPLEMENTED / TEST GAP","Enforce auth on APIs and routes.","audit-artifacts\51x51-module-integrity\20260428_042020\evidence\11_School_Profile_21_Authentication_Required.txt","P2"
"11","SIS Core","School Profile","Dev 2","22","Security","Permission Enforcement Exists","REVIEW","Permission-Security","IMPLEMENTED / TEST GAP","Add RBAC checks and tests.","audit-artifacts\51x51-module-integrity\20260428_042020\evidence\11_School_Profile_22_Permission_Enforcement_Exists.txt","P2"
"11","SIS Core","School Profile","Dev 2","24","Security","Audit Logging Exists","REVIEW","Test-Coverage","IMPLEMENTED / TEST GAP","Add audit events for mutations/access.","audit-artifacts\51x51-module-integrity\20260428_042020\evidence\11_School_Profile_24_Audit_Logging_Exists.txt","P2"
"11","SIS Core","School Profile","Dev 2","25","Security","Sensitive Data Handling Defined","REVIEW","Data-Model","PARTIAL / NEEDS CODE OR DOC","Add data classification and access rules.","audit-artifacts\51x51-module-integrity\20260428_042020\evidence\11_School_Profile_25_Sensitive_Data_Handling_Defined.txt","P2"
"11","SIS Core","School Profile","Dev 2","38","Integration","Microsoft/M365/Teams Posture Exists","REVIEW","General-Remediation","PARTIAL / NEEDS CODE OR DOC","Add enabled/deferred M365/Teams posture.","audit-artifacts\51x51-module-integrity\20260428_042020\evidence\11_School_Profile_38_Microsoft_M365_Teams_Posture_Exists.txt","P2"
"11","SIS Core","School Profile","Dev 2","39","Integration","External Webhook/API Contract Exists","REVIEW","Backend-API","PARTIAL / NEEDS CODE OR DOC","Add signed webhook/API contract.","audit-artifacts\51x51-module-integrity\20260428_042020\evidence\11_School_Profile_39_External_Webhook_API_Contract_Exists.txt","P2"
"11","SIS Core","School Profile","Dev 2","45","Release","Health/Integrity Check Exists","REVIEW","Test-Coverage","IMPLEMENTED / TEST GAP","Add module to integrity gate.","audit-artifacts\51x51-module-integrity\20260428_042020\evidence\11_School_Profile_45_Health_Integrity_Check_Exists.txt","P2"
"11","SIS Core","School Profile","Dev 2","48","Release","Production Readiness Notes Exist","REVIEW","Product-Governance","PARTIAL / NEEDS DOC","Add production readiness note.","audit-artifacts\51x51-module-integrity\20260428_042020\evidence\11_School_Profile_48_Production_Readiness_Notes_Exist.txt","P2"
"11","SIS Core","School Profile","Dev 2","49","Operations","Support/Triage Path Exists","REVIEW","Product-Governance","PARTIAL / NEEDS DOC","Add owner/support escalation path.","audit-artifacts\51x51-module-integrity\20260428_042020\evidence\11_School_Profile_49_Support_Triage_Path_Exists.txt","P2"
"11","SIS Core","School Profile","Dev 2","50","Quality","No Placeholder/Fake Production Data","REVIEW","Data-Model","PARTIAL / NEEDS CODE OR DOC","Replace placeholders or clearly sandbox-scope them.","audit-artifacts\51x51-module-integrity\20260428_042020\evidence\11_School_Profile_50_No_Placeholder_Fake_Production_Data.txt","P2"
"12","SIS Core","School Year / Term","Dev 2","19","API","Validation Exists","REVIEW","Test-Coverage","IMPLEMENTED / TEST GAP","Add validation and negative tests.","audit-artifacts\51x51-module-integrity\20260428_042020\evidence\12_School_Year_Term_19_Validation_Exists.txt","P2"
"12","SIS Core","School Year / Term","Dev 2","21","Security","Authentication Required","REVIEW","Test-Coverage","IMPLEMENTED / TEST GAP","Enforce auth on APIs and routes.","audit-artifacts\51x51-module-integrity\20260428_042020\evidence\12_School_Year_Term_21_Authentication_Required.txt","P2"
"12","SIS Core","School Year / Term","Dev 2","22","Security","Permission Enforcement Exists","REVIEW","Permission-Security","IMPLEMENTED / TEST GAP","Add RBAC checks and tests.","audit-artifacts\51x51-module-integrity\20260428_042020\evidence\12_School_Year_Term_22_Permission_Enforcement_Exists.txt","P2"
"12","SIS Core","School Year / Term","Dev 2","24","Security","Audit Logging Exists","REVIEW","Test-Coverage","IMPLEMENTED / TEST GAP","Add audit events for mutations/access.","audit-artifacts\51x51-module-integrity\20260428_042020\evidence\12_School_Year_Term_24_Audit_Logging_Exists.txt","P2"
"12","SIS Core","School Year / Term","Dev 2","45","Release","Health/Integrity Check Exists","REVIEW","Test-Coverage","IMPLEMENTED / TEST GAP","Add module to integrity gate.","audit-artifacts\51x51-module-integrity\20260428_042020\evidence\12_School_Year_Term_45_Health_Integrity_Check_Exists.txt","P2"
"13","SIS Core","Student Master Record","Dev 2","1","Product","Canonical Definition Exists","REVIEW","Product-Governance","PARTIAL / NEEDS DOC","Create/approve module canon with scope, exclusions, owner, and acceptance.","audit-artifacts\51x51-module-integrity\20260428_042020\evidence\13_Student_Master_Record_01_Canonical_Definition_Exists.txt","P2"
"13","SIS Core","Student Master Record","Dev 2","2","Product","Layer Classification Correct","REVIEW","Product-Governance","PARTIAL / NEEDS DOC","Fix taxonomy; move misplaced capabilities into correct layer.","audit-artifacts\51x51-module-integrity\20260428_042020\evidence\13_Student_Master_Record_02_Layer_Classification_Correct.txt","P2"
"13","SIS Core","Student Master Record","Dev 2","3","Product","Owner Assigned","REVIEW","Product-Governance","PARTIAL / NEEDS DOC","Assign owner and add to module inventory.","audit-artifacts\51x51-module-integrity\20260428_042020\evidence\13_Student_Master_Record_03_Owner_Assigned.txt","P2"
"13","SIS Core","Student Master Record","Dev 2","4","Product","Essential Functions Defined","REVIEW","Frontend-Operations","PARTIAL / NEEDS DOC","Write required functions and acceptance rules.","audit-artifacts\51x51-module-integrity\20260428_042020\evidence\13_Student_Master_Record_04_Essential_Functions_Defined.txt","P2"
"13","SIS Core","Student Master Record","Dev 2","5","Product","Out-of-Scope Boundaries Defined","REVIEW","Product-Governance","PARTIAL / NEEDS DOC","Add exclusion rules to prevent module sprawl.","audit-artifacts\51x51-module-integrity\20260428_042020\evidence\13_Student_Master_Record_05_Out-of-Scope_Boundaries_Defined.txt","P2"
"13","SIS Core","Student Master Record","Dev 2","6","Operations","Primary Workflows Designed","REVIEW","Permission-Security","PARTIAL / NEEDS DOC","Map role workflows and state transitions.","audit-artifacts\51x51-module-integrity\20260428_042020\evidence\13_Student_Master_Record_06_Primary_Workflows_Designed.txt","P2"
"13","SIS Core","Student Master Record","Dev 2","7","Operations","Lifecycle States Defined","REVIEW","CI-Gate-Wiring","PARTIAL / NEEDS CODE OR DOC","Implement explicit status model and transition validation.","audit-artifacts\51x51-module-integrity\20260428_042020\evidence\13_Student_Master_Record_07_Lifecycle_States_Defined.txt","P2"
"13","SIS Core","Student Master Record","Dev 2","8","Operations","Role Responsibilities Defined","REVIEW","Permission-Security","PARTIAL / NEEDS DOC","Define role-action matrix.","audit-artifacts\51x51-module-integrity\20260428_042020\evidence\13_Student_Master_Record_08_Role_Responsibilities_Defined.txt","P2"
"13","SIS Core","Student Master Record","Dev 2","12","Data","No Shadow Record Risk","REVIEW","Data-Model","PARTIAL / NEEDS CODE OR DOC","Replace duplicate record ownership with Core references.","audit-artifacts\51x51-module-integrity\20260428_042020\evidence\13_Student_Master_Record_12_No_Shadow_Record_Risk.txt","P2"
"13","SIS Core","Student Master Record","Dev 2","15","Data","Seed/Demo Data Exists","REVIEW","Test-Coverage","PARTIAL / NEEDS CODE OR DOC","Add deterministic seed fixtures for sandbox testing.","audit-artifacts\51x51-module-integrity\20260428_042020\evidence\13_Student_Master_Record_15_Seed_Demo_Data_Exists.txt","P2"
"13","SIS Core","Student Master Record","Dev 2","19","API","Validation Exists","REVIEW","Test-Coverage","IMPLEMENTED / TEST GAP","Add validation and negative tests.","audit-artifacts\51x51-module-integrity\20260428_042020\evidence\13_Student_Master_Record_19_Validation_Exists.txt","P2"
"13","SIS Core","Student Master Record","Dev 2","21","Security","Authentication Required","REVIEW","Test-Coverage","IMPLEMENTED / TEST GAP","Enforce auth on APIs and routes.","audit-artifacts\51x51-module-integrity\20260428_042020\evidence\13_Student_Master_Record_21_Authentication_Required.txt","P2"
"13","SIS Core","Student Master Record","Dev 2","22","Security","Permission Enforcement Exists","REVIEW","Permission-Security","IMPLEMENTED / TEST GAP","Add RBAC checks and tests.","audit-artifacts\51x51-module-integrity\20260428_042020\evidence\13_Student_Master_Record_22_Permission_Enforcement_Exists.txt","P2"
"13","SIS Core","Student Master Record","Dev 2","24","Security","Audit Logging Exists","REVIEW","Test-Coverage","IMPLEMENTED / TEST GAP","Add audit events for mutations/access.","audit-artifacts\51x51-module-integrity\20260428_042020\evidence\13_Student_Master_Record_24_Audit_Logging_Exists.txt","P2"
"13","SIS Core","Student Master Record","Dev 2","25","Security","Sensitive Data Handling Defined","REVIEW","Data-Model","PARTIAL / NEEDS CODE OR DOC","Add data classification and access rules.","audit-artifacts\51x51-module-integrity\20260428_042020\evidence\13_Student_Master_Record_25_Sensitive_Data_Handling_Defined.txt","P2"
"13","SIS Core","Student Master Record","Dev 2","38","Integration","Microsoft/M365/Teams Posture Exists","REVIEW","General-Remediation","PARTIAL / NEEDS CODE OR DOC","Add enabled/deferred M365/Teams posture.","audit-artifacts\51x51-module-integrity\20260428_042020\evidence\13_Student_Master_Record_38_Microsoft_M365_Teams_Posture_Exists.txt","P2"
"13","SIS Core","Student Master Record","Dev 2","39","Integration","External Webhook/API Contract Exists","REVIEW","Backend-API","PARTIAL / NEEDS CODE OR DOC","Add signed webhook/API contract.","audit-artifacts\51x51-module-integrity\20260428_042020\evidence\13_Student_Master_Record_39_External_Webhook_API_Contract_Exists.txt","P2"
"13","SIS Core","Student Master Record","Dev 2","45","Release","Health/Integrity Check Exists","REVIEW","Test-Coverage","IMPLEMENTED / TEST GAP","Add module to integrity gate.","audit-artifacts\51x51-module-integrity\20260428_042020\evidence\13_Student_Master_Record_45_Health_Integrity_Check_Exists.txt","P2"
"13","SIS Core","Student Master Record","Dev 2","48","Release","Production Readiness Notes Exist","REVIEW","Product-Governance","PARTIAL / NEEDS DOC","Add production readiness note.","audit-artifacts\51x51-module-integrity\20260428_042020\evidence\13_Student_Master_Record_48_Production_Readiness_Notes_Exist.txt","P2"
"13","SIS Core","Student Master Record","Dev 2","49","Operations","Support/Triage Path Exists","REVIEW","Product-Governance","PARTIAL / NEEDS DOC","Add owner/support escalation path.","audit-artifacts\51x51-module-integrity\20260428_042020\evidence\13_Student_Master_Record_49_Support_Triage_Path_Exists.txt","P2"
"13","SIS Core","Student Master Record","Dev 2","50","Quality","No Placeholder/Fake Production Data","REVIEW","Data-Model","PARTIAL / NEEDS CODE OR DOC","Replace placeholders or clearly sandbox-scope them.","audit-artifacts\51x51-module-integrity\20260428_042020\evidence\13_Student_Master_Record_50_No_Placeholder_Fake_Production_Data.txt","P2"
"15","SIS Core","Staff / Faculty","Dev 2","19","API","Validation Exists","REVIEW","Test-Coverage","IMPLEMENTED / TEST GAP","Add validation and negative tests.","audit-artifacts\51x51-module-integrity\20260428_042020\evidence\15_Staff_Faculty_19_Validation_Exists.txt","P2"
"15","SIS Core","Staff / Faculty","Dev 2","21","Security","Authentication Required","REVIEW","Test-Coverage","IMPLEMENTED / TEST GAP","Enforce auth on APIs and routes.","audit-artifacts\51x51-module-integrity\20260428_042020\evidence\15_Staff_Faculty_21_Authentication_Required.txt","P2"
"15","SIS Core","Staff / Faculty","Dev 2","22","Security","Permission Enforcement Exists","REVIEW","Permission-Security","IMPLEMENTED / TEST GAP","Add RBAC checks and tests.","audit-artifacts\51x51-module-integrity\20260428_042020\evidence\15_Staff_Faculty_22_Permission_Enforcement_Exists.txt","P2"
"15","SIS Core","Staff / Faculty","Dev 2","24","Security","Audit Logging Exists","REVIEW","Test-Coverage","IMPLEMENTED / TEST GAP","Add audit events for mutations/access.","audit-artifacts\51x51-module-integrity\20260428_042020\evidence\15_Staff_Faculty_24_Audit_Logging_Exists.txt","P2"
"15","SIS Core","Staff / Faculty","Dev 2","45","Release","Health/Integrity Check Exists","REVIEW","Test-Coverage","IMPLEMENTED / TEST GAP","Add module to integrity gate.","audit-artifacts\51x51-module-integrity\20260428_042020\evidence\15_Staff_Faculty_45_Health_Integrity_Check_Exists.txt","P2"
"17","SIS Core","Grade Levels","Dev 2","19","API","Validation Exists","REVIEW","Test-Coverage","IMPLEMENTED / TEST GAP","Add validation and negative tests.","audit-artifacts\51x51-module-integrity\20260428_042020\evidence\17_Grade_Levels_19_Validation_Exists.txt","P2"
"17","SIS Core","Grade Levels","Dev 2","21","Security","Authentication Required","REVIEW","Test-Coverage","IMPLEMENTED / TEST GAP","Enforce auth on APIs and routes.","audit-artifacts\51x51-module-integrity\20260428_042020\evidence\17_Grade_Levels_21_Authentication_Required.txt","P2"
"17","SIS Core","Grade Levels","Dev 2","22","Security","Permission Enforcement Exists","REVIEW","Permission-Security","IMPLEMENTED / TEST GAP","Add RBAC checks and tests.","audit-artifacts\51x51-module-integrity\20260428_042020\evidence\17_Grade_Levels_22_Permission_Enforcement_Exists.txt","P2"
"17","SIS Core","Grade Levels","Dev 2","24","Security","Audit Logging Exists","REVIEW","Test-Coverage","IMPLEMENTED / TEST GAP","Add audit events for mutations/access.","audit-artifacts\51x51-module-integrity\20260428_042020\evidence\17_Grade_Levels_24_Audit_Logging_Exists.txt","P2"
"17","SIS Core","Grade Levels","Dev 2","45","Release","Health/Integrity Check Exists","REVIEW","Test-Coverage","IMPLEMENTED / TEST GAP","Add module to integrity gate.","audit-artifacts\51x51-module-integrity\20260428_042020\evidence\17_Grade_Levels_45_Health_Integrity_Check_Exists.txt","P2"
"20","SIS Core","Grades / Report Cards","Dev 2","19","API","Validation Exists","REVIEW","Test-Coverage","IMPLEMENTED / TEST GAP","Add validation and negative tests.","audit-artifacts\51x51-module-integrity\20260428_042020\evidence\20_Grades_Report_Cards_19_Validation_Exists.txt","P2"
"20","SIS Core","Grades / Report Cards","Dev 2","21","Security","Authentication Required","REVIEW","Test-Coverage","IMPLEMENTED / TEST GAP","Enforce auth on APIs and routes.","audit-artifacts\51x51-module-integrity\20260428_042020\evidence\20_Grades_Report_Cards_21_Authentication_Required.txt","P2"
"20","SIS Core","Grades / Report Cards","Dev 2","22","Security","Permission Enforcement Exists","REVIEW","Permission-Security","IMPLEMENTED / TEST GAP","Add RBAC checks and tests.","audit-artifacts\51x51-module-integrity\20260428_042020\evidence\20_Grades_Report_Cards_22_Permission_Enforcement_Exists.txt","P2"
"20","SIS Core","Grades / Report Cards","Dev 2","24","Security","Audit Logging Exists","REVIEW","Test-Coverage","IMPLEMENTED / TEST GAP","Add audit events for mutations/access.","audit-artifacts\51x51-module-integrity\20260428_042020\evidence\20_Grades_Report_Cards_24_Audit_Logging_Exists.txt","P2"
"20","SIS Core","Grades / Report Cards","Dev 2","45","Release","Health/Integrity Check Exists","REVIEW","Test-Coverage","IMPLEMENTED / TEST GAP","Add module to integrity gate.","audit-artifacts\51x51-module-integrity\20260428_042020\evidence\20_Grades_Report_Cards_45_Health_Integrity_Check_Exists.txt","P2"
"22","SIS Core","Student Care / Discipline Summary","Dev 2","19","API","Validation Exists","REVIEW","Test-Coverage","IMPLEMENTED / TEST GAP","Add validation and negative tests.","audit-artifacts\51x51-module-integrity\20260428_042020\evidence\22_Student_Care_Discipline_Summary_19_Validation_Exists.txt","P2"
"22","SIS Core","Student Care / Discipline Summary","Dev 2","21","Security","Authentication Required","REVIEW","Test-Coverage","IMPLEMENTED / TEST GAP","Enforce auth on APIs and routes.","audit-artifacts\51x51-module-integrity\20260428_042020\evidence\22_Student_Care_Discipline_Summary_21_Authentication_Required.txt","P2"
"22","SIS Core","Student Care / Discipline Summary","Dev 2","22","Security","Permission Enforcement Exists","REVIEW","Permission-Security","IMPLEMENTED / TEST GAP","Add RBAC checks and tests.","audit-artifacts\51x51-module-integrity\20260428_042020\evidence\22_Student_Care_Discipline_Summary_22_Permission_Enforcement_Exists.txt","P2"
"22","SIS Core","Student Care / Discipline Summary","Dev 2","24","Security","Audit Logging Exists","REVIEW","Test-Coverage","IMPLEMENTED / TEST GAP","Add audit events for mutations/access.","audit-artifacts\51x51-module-integrity\20260428_042020\evidence\22_Student_Care_Discipline_Summary_24_Audit_Logging_Exists.txt","P2"
"22","SIS Core","Student Care / Discipline Summary","Dev 2","45","Release","Health/Integrity Check Exists","REVIEW","Test-Coverage","IMPLEMENTED / TEST GAP","Add module to integrity gate.","audit-artifacts\51x51-module-integrity\20260428_042020\evidence\22_Student_Care_Discipline_Summary_45_Health_Integrity_Check_Exists.txt","P2"
"23","SIS Core","Emergency / Medical Essentials","Dev 2","1","Product","Canonical Definition Exists","REVIEW","Product-Governance","PARTIAL / NEEDS DOC","Create/approve module canon with scope, exclusions, owner, and acceptance.","audit-artifacts\51x51-module-integrity\20260428_042020\evidence\23_Emergency_Medical_Essentials_01_Canonical_Definition_Exists.txt","P2"
"23","SIS Core","Emergency / Medical Essentials","Dev 2","2","Product","Layer Classification Correct","REVIEW","Product-Governance","PARTIAL / NEEDS DOC","Fix taxonomy; move misplaced capabilities into correct layer.","audit-artifacts\51x51-module-integrity\20260428_042020\evidence\23_Emergency_Medical_Essentials_02_Layer_Classification_Correct.txt","P2"
"23","SIS Core","Emergency / Medical Essentials","Dev 2","3","Product","Owner Assigned","REVIEW","Product-Governance","PARTIAL / NEEDS DOC","Assign owner and add to module inventory.","audit-artifacts\51x51-module-integrity\20260428_042020\evidence\23_Emergency_Medical_Essentials_03_Owner_Assigned.txt","P2"
"23","SIS Core","Emergency / Medical Essentials","Dev 2","4","Product","Essential Functions Defined","REVIEW","Frontend-Operations","PARTIAL / NEEDS DOC","Write required functions and acceptance rules.","audit-artifacts\51x51-module-integrity\20260428_042020\evidence\23_Emergency_Medical_Essentials_04_Essential_Functions_Defined.txt","P2"
"23","SIS Core","Emergency / Medical Essentials","Dev 2","5","Product","Out-of-Scope Boundaries Defined","REVIEW","Product-Governance","PARTIAL / NEEDS DOC","Add exclusion rules to prevent module sprawl.","audit-artifacts\51x51-module-integrity\20260428_042020\evidence\23_Emergency_Medical_Essentials_05_Out-of-Scope_Boundaries_Defined.txt","P2"
"23","SIS Core","Emergency / Medical Essentials","Dev 2","6","Operations","Primary Workflows Designed","REVIEW","Permission-Security","PARTIAL / NEEDS DOC","Map role workflows and state transitions.","audit-artifacts\51x51-module-integrity\20260428_042020\evidence\23_Emergency_Medical_Essentials_06_Primary_Workflows_Designed.txt","P2"
"23","SIS Core","Emergency / Medical Essentials","Dev 2","7","Operations","Lifecycle States Defined","REVIEW","CI-Gate-Wiring","PARTIAL / NEEDS CODE OR DOC","Implement explicit status model and transition validation.","audit-artifacts\51x51-module-integrity\20260428_042020\evidence\23_Emergency_Medical_Essentials_07_Lifecycle_States_Defined.txt","P2"
"23","SIS Core","Emergency / Medical Essentials","Dev 2","8","Operations","Role Responsibilities Defined","REVIEW","Permission-Security","PARTIAL / NEEDS DOC","Define role-action matrix.","audit-artifacts\51x51-module-integrity\20260428_042020\evidence\23_Emergency_Medical_Essentials_08_Role_Responsibilities_Defined.txt","P2"
"23","SIS Core","Emergency / Medical Essentials","Dev 2","12","Data","No Shadow Record Risk","REVIEW","Data-Model","PARTIAL / NEEDS CODE OR DOC","Replace duplicate record ownership with Core references.","audit-artifacts\51x51-module-integrity\20260428_042020\evidence\23_Emergency_Medical_Essentials_12_No_Shadow_Record_Risk.txt","P2"
"23","SIS Core","Emergency / Medical Essentials","Dev 2","15","Data","Seed/Demo Data Exists","REVIEW","Test-Coverage","PARTIAL / NEEDS CODE OR DOC","Add deterministic seed fixtures for sandbox testing.","audit-artifacts\51x51-module-integrity\20260428_042020\evidence\23_Emergency_Medical_Essentials_15_Seed_Demo_Data_Exists.txt","P2"
"23","SIS Core","Emergency / Medical Essentials","Dev 2","19","API","Validation Exists","REVIEW","Test-Coverage","IMPLEMENTED / TEST GAP","Add validation and negative tests.","audit-artifacts\51x51-module-integrity\20260428_042020\evidence\23_Emergency_Medical_Essentials_19_Validation_Exists.txt","P2"
"23","SIS Core","Emergency / Medical Essentials","Dev 2","21","Security","Authentication Required","REVIEW","Test-Coverage","IMPLEMENTED / TEST GAP","Enforce auth on APIs and routes.","audit-artifacts\51x51-module-integrity\20260428_042020\evidence\23_Emergency_Medical_Essentials_21_Authentication_Required.txt","P2"
"23","SIS Core","Emergency / Medical Essentials","Dev 2","22","Security","Permission Enforcement Exists","REVIEW","Permission-Security","IMPLEMENTED / TEST GAP","Add RBAC checks and tests.","audit-artifacts\51x51-module-integrity\20260428_042020\evidence\23_Emergency_Medical_Essentials_22_Permission_Enforcement_Exists.txt","P2"
"23","SIS Core","Emergency / Medical Essentials","Dev 2","24","Security","Audit Logging Exists","REVIEW","Test-Coverage","IMPLEMENTED / TEST GAP","Add audit events for mutations/access.","audit-artifacts\51x51-module-integrity\20260428_042020\evidence\23_Emergency_Medical_Essentials_24_Audit_Logging_Exists.txt","P2"
"23","SIS Core","Emergency / Medical Essentials","Dev 2","25","Security","Sensitive Data Handling Defined","REVIEW","Data-Model","PARTIAL / NEEDS CODE OR DOC","Add data classification and access rules.","audit-artifacts\51x51-module-integrity\20260428_042020\evidence\23_Emergency_Medical_Essentials_25_Sensitive_Data_Handling_Defined.txt","P2"
"23","SIS Core","Emergency / Medical Essentials","Dev 2","38","Integration","Microsoft/M365/Teams Posture Exists","REVIEW","General-Remediation","PARTIAL / NEEDS CODE OR DOC","Add enabled/deferred M365/Teams posture.","audit-artifacts\51x51-module-integrity\20260428_042020\evidence\23_Emergency_Medical_Essentials_38_Microsoft_M365_Teams_Posture_Exists.txt","P2"
"23","SIS Core","Emergency / Medical Essentials","Dev 2","39","Integration","External Webhook/API Contract Exists","REVIEW","Backend-API","PARTIAL / NEEDS CODE OR DOC","Add signed webhook/API contract.","audit-artifacts\51x51-module-integrity\20260428_042020\evidence\23_Emergency_Medical_Essentials_39_External_Webhook_API_Contract_Exists.txt","P2"
"23","SIS Core","Emergency / Medical Essentials","Dev 2","45","Release","Health/Integrity Check Exists","REVIEW","Test-Coverage","IMPLEMENTED / TEST GAP","Add module to integrity gate.","audit-artifacts\51x51-module-integrity\20260428_042020\evidence\23_Emergency_Medical_Essentials_45_Health_Integrity_Check_Exists.txt","P2"
"23","SIS Core","Emergency / Medical Essentials","Dev 2","48","Release","Production Readiness Notes Exist","REVIEW","Product-Governance","PARTIAL / NEEDS DOC","Add production readiness note.","audit-artifacts\51x51-module-integrity\20260428_042020\evidence\23_Emergency_Medical_Essentials_48_Production_Readiness_Notes_Exist.txt","P2"
"23","SIS Core","Emergency / Medical Essentials","Dev 2","49","Operations","Support/Triage Path Exists","REVIEW","Product-Governance","PARTIAL / NEEDS DOC","Add owner/support escalation path.","audit-artifacts\51x51-module-integrity\20260428_042020\evidence\23_Emergency_Medical_Essentials_49_Support_Triage_Path_Exists.txt","P2"
"23","SIS Core","Emergency / Medical Essentials","Dev 2","50","Quality","No Placeholder/Fake Production Data","REVIEW","Data-Model","PARTIAL / NEEDS CODE OR DOC","Replace placeholders or clearly sandbox-scope them.","audit-artifacts\51x51-module-integrity\20260428_042020\evidence\23_Emergency_Medical_Essentials_50_No_Placeholder_Fake_Production_Data.txt","P2"
"27","First-Wave Module","Communications","Dev 3","19","API","Validation Exists","REVIEW","Test-Coverage","IMPLEMENTED / TEST GAP","Add validation and negative tests.","audit-artifacts\51x51-module-integrity\20260428_042020\evidence\27_Communications_19_Validation_Exists.txt","P2"
"27","First-Wave Module","Communications","Dev 3","21","Security","Authentication Required","REVIEW","Test-Coverage","IMPLEMENTED / TEST GAP","Enforce auth on APIs and routes.","audit-artifacts\51x51-module-integrity\20260428_042020\evidence\27_Communications_21_Authentication_Required.txt","P2"
"27","First-Wave Module","Communications","Dev 3","22","Security","Permission Enforcement Exists","REVIEW","Permission-Security","IMPLEMENTED / TEST GAP","Add RBAC checks and tests.","audit-artifacts\51x51-module-integrity\20260428_042020\evidence\27_Communications_22_Permission_Enforcement_Exists.txt","P2"
"27","First-Wave Module","Communications","Dev 3","24","Security","Audit Logging Exists","REVIEW","Test-Coverage","IMPLEMENTED / TEST GAP","Add audit events for mutations/access.","audit-artifacts\51x51-module-integrity\20260428_042020\evidence\27_Communications_24_Audit_Logging_Exists.txt","P2"
"27","First-Wave Module","Communications","Dev 3","45","Release","Health/Integrity Check Exists","REVIEW","Test-Coverage","IMPLEMENTED / TEST GAP","Add module to integrity gate.","audit-artifacts\51x51-module-integrity\20260428_042020\evidence\27_Communications_45_Health_Integrity_Check_Exists.txt","P2"
"28","First-Wave Module","Parent Portal","Dev 4","19","API","Validation Exists","REVIEW","Test-Coverage","IMPLEMENTED / TEST GAP","Add validation and negative tests.","audit-artifacts\51x51-module-integrity\20260428_042020\evidence\28_Parent_Portal_19_Validation_Exists.txt","P2"
"28","First-Wave Module","Parent Portal","Dev 4","21","Security","Authentication Required","REVIEW","Test-Coverage","IMPLEMENTED / TEST GAP","Enforce auth on APIs and routes.","audit-artifacts\51x51-module-integrity\20260428_042020\evidence\28_Parent_Portal_21_Authentication_Required.txt","P2"
"28","First-Wave Module","Parent Portal","Dev 4","22","Security","Permission Enforcement Exists","REVIEW","Permission-Security","IMPLEMENTED / TEST GAP","Add RBAC checks and tests.","audit-artifacts\51x51-module-integrity\20260428_042020\evidence\28_Parent_Portal_22_Permission_Enforcement_Exists.txt","P2"
"28","First-Wave Module","Parent Portal","Dev 4","24","Security","Audit Logging Exists","REVIEW","Test-Coverage","IMPLEMENTED / TEST GAP","Add audit events for mutations/access.","audit-artifacts\51x51-module-integrity\20260428_042020\evidence\28_Parent_Portal_24_Audit_Logging_Exists.txt","P2"
"28","First-Wave Module","Parent Portal","Dev 4","45","Release","Health/Integrity Check Exists","REVIEW","Test-Coverage","IMPLEMENTED / TEST GAP","Add module to integrity gate.","audit-artifacts\51x51-module-integrity\20260428_042020\evidence\28_Parent_Portal_45_Health_Integrity_Check_Exists.txt","P2"
"33","Second-Wave Module","Nurse Office / Health Office","Dev 3","19","API","Validation Exists","REVIEW","Test-Coverage","IMPLEMENTED / TEST GAP","Add validation and negative tests.","audit-artifacts\51x51-module-integrity\20260428_042020\evidence\33_Nurse_Office_Health_Office_19_Validation_Exists.txt","P2"
"33","Second-Wave Module","Nurse Office / Health Office","Dev 3","21","Security","Authentication Required","REVIEW","Test-Coverage","IMPLEMENTED / TEST GAP","Enforce auth on APIs and routes.","audit-artifacts\51x51-module-integrity\20260428_042020\evidence\33_Nurse_Office_Health_Office_21_Authentication_Required.txt","P2"
"33","Second-Wave Module","Nurse Office / Health Office","Dev 3","22","Security","Permission Enforcement Exists","REVIEW","Permission-Security","IMPLEMENTED / TEST GAP","Add RBAC checks and tests.","audit-artifacts\51x51-module-integrity\20260428_042020\evidence\33_Nurse_Office_Health_Office_22_Permission_Enforcement_Exists.txt","P2"
"33","Second-Wave Module","Nurse Office / Health Office","Dev 3","24","Security","Audit Logging Exists","REVIEW","Test-Coverage","IMPLEMENTED / TEST GAP","Add audit events for mutations/access.","audit-artifacts\51x51-module-integrity\20260428_042020\evidence\33_Nurse_Office_Health_Office_24_Audit_Logging_Exists.txt","P2"
"33","Second-Wave Module","Nurse Office / Health Office","Dev 3","45","Release","Health/Integrity Check Exists","REVIEW","Test-Coverage","IMPLEMENTED / TEST GAP","Add module to integrity gate.","audit-artifacts\51x51-module-integrity\20260428_042020\evidence\33_Nurse_Office_Health_Office_45_Health_Integrity_Check_Exists.txt","P2"
"34","Second-Wave Module","Transportation","Dev 3","19","API","Validation Exists","REVIEW","Test-Coverage","IMPLEMENTED / TEST GAP","Add validation and negative tests.","audit-artifacts\51x51-module-integrity\20260428_042020\evidence\34_Transportation_19_Validation_Exists.txt","P2"
"34","Second-Wave Module","Transportation","Dev 3","21","Security","Authentication Required","REVIEW","Test-Coverage","IMPLEMENTED / TEST GAP","Enforce auth on APIs and routes.","audit-artifacts\51x51-module-integrity\20260428_042020\evidence\34_Transportation_21_Authentication_Required.txt","P2"
"34","Second-Wave Module","Transportation","Dev 3","22","Security","Permission Enforcement Exists","REVIEW","Permission-Security","IMPLEMENTED / TEST GAP","Add RBAC checks and tests.","audit-artifacts\51x51-module-integrity\20260428_042020\evidence\34_Transportation_22_Permission_Enforcement_Exists.txt","P2"
"34","Second-Wave Module","Transportation","Dev 3","24","Security","Audit Logging Exists","REVIEW","Test-Coverage","IMPLEMENTED / TEST GAP","Add audit events for mutations/access.","audit-artifacts\51x51-module-integrity\20260428_042020\evidence\34_Transportation_24_Audit_Logging_Exists.txt","P2"
"34","Second-Wave Module","Transportation","Dev 3","45","Release","Health/Integrity Check Exists","REVIEW","Test-Coverage","IMPLEMENTED / TEST GAP","Add module to integrity gate.","audit-artifacts\51x51-module-integrity\20260428_042020\evidence\34_Transportation_45_Health_Integrity_Check_Exists.txt","P2"
"36","Second-Wave Module","Volunteer / Family Engagement","Dev 3","19","API","Validation Exists","REVIEW","Test-Coverage","IMPLEMENTED / TEST GAP","Add validation and negative tests.","audit-artifacts\51x51-module-integrity\20260428_042020\evidence\36_Volunteer_Family_Engagement_19_Validation_Exists.txt","P2"
"36","Second-Wave Module","Volunteer / Family Engagement","Dev 3","21","Security","Authentication Required","REVIEW","Test-Coverage","IMPLEMENTED / TEST GAP","Enforce auth on APIs and routes.","audit-artifacts\51x51-module-integrity\20260428_042020\evidence\36_Volunteer_Family_Engagement_21_Authentication_Required.txt","P2"
"36","Second-Wave Module","Volunteer / Family Engagement","Dev 3","22","Security","Permission Enforcement Exists","REVIEW","Permission-Security","IMPLEMENTED / TEST GAP","Add RBAC checks and tests.","audit-artifacts\51x51-module-integrity\20260428_042020\evidence\36_Volunteer_Family_Engagement_22_Permission_Enforcement_Exists.txt","P2"
"36","Second-Wave Module","Volunteer / Family Engagement","Dev 3","24","Security","Audit Logging Exists","REVIEW","Test-Coverage","IMPLEMENTED / TEST GAP","Add audit events for mutations/access.","audit-artifacts\51x51-module-integrity\20260428_042020\evidence\36_Volunteer_Family_Engagement_24_Audit_Logging_Exists.txt","P2"
"36","Second-Wave Module","Volunteer / Family Engagement","Dev 3","45","Release","Health/Integrity Check Exists","REVIEW","Test-Coverage","IMPLEMENTED / TEST GAP","Add module to integrity gate.","audit-artifacts\51x51-module-integrity\20260428_042020\evidence\36_Volunteer_Family_Engagement_45_Health_Integrity_Check_Exists.txt","P2"
"38","Second-Wave Module","Extended Discipline Workflows","Dev 3","19","API","Validation Exists","REVIEW","Test-Coverage","IMPLEMENTED / TEST GAP","Add validation and negative tests.","audit-artifacts\51x51-module-integrity\20260428_042020\evidence\38_Extended_Discipline_Workflows_19_Validation_Exists.txt","P2"
"38","Second-Wave Module","Extended Discipline Workflows","Dev 3","21","Security","Authentication Required","REVIEW","Test-Coverage","IMPLEMENTED / TEST GAP","Enforce auth on APIs and routes.","audit-artifacts\51x51-module-integrity\20260428_042020\evidence\38_Extended_Discipline_Workflows_21_Authentication_Required.txt","P2"
"38","Second-Wave Module","Extended Discipline Workflows","Dev 3","22","Security","Permission Enforcement Exists","REVIEW","Permission-Security","IMPLEMENTED / TEST GAP","Add RBAC checks and tests.","audit-artifacts\51x51-module-integrity\20260428_042020\evidence\38_Extended_Discipline_Workflows_22_Permission_Enforcement_Exists.txt","P2"
"38","Second-Wave Module","Extended Discipline Workflows","Dev 3","24","Security","Audit Logging Exists","REVIEW","Test-Coverage","IMPLEMENTED / TEST GAP","Add audit events for mutations/access.","audit-artifacts\51x51-module-integrity\20260428_042020\evidence\38_Extended_Discipline_Workflows_24_Audit_Logging_Exists.txt","P2"
"38","Second-Wave Module","Extended Discipline Workflows","Dev 3","45","Release","Health/Integrity Check Exists","REVIEW","Test-Coverage","IMPLEMENTED / TEST GAP","Add module to integrity gate.","audit-artifacts\51x51-module-integrity\20260428_042020\evidence\38_Extended_Discipline_Workflows_45_Health_Integrity_Check_Exists.txt","P2"
"40","First-Wave Add-on","Service & Outreach","Product + Dev 3","19","API","Validation Exists","REVIEW","Test-Coverage","IMPLEMENTED / TEST GAP","Add validation and negative tests.","audit-artifacts\51x51-module-integrity\20260428_042020\evidence\40_Service_Outreach_19_Validation_Exists.txt","P2"
"40","First-Wave Add-on","Service & Outreach","Product + Dev 3","21","Security","Authentication Required","REVIEW","Test-Coverage","IMPLEMENTED / TEST GAP","Enforce auth on APIs and routes.","audit-artifacts\51x51-module-integrity\20260428_042020\evidence\40_Service_Outreach_21_Authentication_Required.txt","P2"
"40","First-Wave Add-on","Service & Outreach","Product + Dev 3","22","Security","Permission Enforcement Exists","REVIEW","Permission-Security","IMPLEMENTED / TEST GAP","Add RBAC checks and tests.","audit-artifacts\51x51-module-integrity\20260428_042020\evidence\40_Service_Outreach_22_Permission_Enforcement_Exists.txt","P2"
"40","First-Wave Add-on","Service & Outreach","Product + Dev 3","24","Security","Audit Logging Exists","REVIEW","Test-Coverage","IMPLEMENTED / TEST GAP","Add audit events for mutations/access.","audit-artifacts\51x51-module-integrity\20260428_042020\evidence\40_Service_Outreach_24_Audit_Logging_Exists.txt","P2"
"40","First-Wave Add-on","Service & Outreach","Product + Dev 3","45","Release","Health/Integrity Check Exists","REVIEW","Test-Coverage","IMPLEMENTED / TEST GAP","Add module to integrity gate.","audit-artifacts\51x51-module-integrity\20260428_042020\evidence\40_Service_Outreach_45_Health_Integrity_Check_Exists.txt","P2"
"41","First-Wave Add-on","Crown Compass","Product + Dev 5","19","API","Validation Exists","REVIEW","Test-Coverage","IMPLEMENTED / TEST GAP","Add validation and negative tests.","audit-artifacts\51x51-module-integrity\20260428_042020\evidence\41_Crown_Compass_19_Validation_Exists.txt","P2"
"41","First-Wave Add-on","Crown Compass","Product + Dev 5","21","Security","Authentication Required","REVIEW","Test-Coverage","IMPLEMENTED / TEST GAP","Enforce auth on APIs and routes.","audit-artifacts\51x51-module-integrity\20260428_042020\evidence\41_Crown_Compass_21_Authentication_Required.txt","P2"
"41","First-Wave Add-on","Crown Compass","Product + Dev 5","22","Security","Permission Enforcement Exists","REVIEW","Permission-Security","IMPLEMENTED / TEST GAP","Add RBAC checks and tests.","audit-artifacts\51x51-module-integrity\20260428_042020\evidence\41_Crown_Compass_22_Permission_Enforcement_Exists.txt","P2"
"41","First-Wave Add-on","Crown Compass","Product + Dev 5","24","Security","Audit Logging Exists","REVIEW","Test-Coverage","IMPLEMENTED / TEST GAP","Add audit events for mutations/access.","audit-artifacts\51x51-module-integrity\20260428_042020\evidence\41_Crown_Compass_24_Audit_Logging_Exists.txt","P2"
"41","First-Wave Add-on","Crown Compass","Product + Dev 5","45","Release","Health/Integrity Check Exists","REVIEW","Test-Coverage","IMPLEMENTED / TEST GAP","Add module to integrity gate.","audit-artifacts\51x51-module-integrity\20260428_042020\evidence\41_Crown_Compass_45_Health_Integrity_Check_Exists.txt","P2"
"42","First-Wave Add-on","Board Governance Suite","Product + Dev 5","7","Operations","Lifecycle States Defined","REVIEW","CI-Gate-Wiring","PARTIAL / NEEDS CODE OR DOC","Implement explicit status model and transition validation.","audit-artifacts\51x51-module-integrity\20260428_042020\evidence\42_Board_Governance_Suite_07_Lifecycle_States_Defined.txt","P2"
"42","First-Wave Add-on","Board Governance Suite","Product + Dev 5","9","Operations","Admin Operation Exists","REVIEW","CI-Gate-Wiring","PARTIAL / NEEDS UI/API","Add admin screen/API workflow.","audit-artifacts\51x51-module-integrity\20260428_042020\evidence\42_Board_Governance_Suite_09_Admin_Operation_Exists.txt","P2"
"42","First-Wave Add-on","Board Governance Suite","Product + Dev 5","10","Operations","User Operation Exists","REVIEW","Permission-Security","PARTIAL / NEEDS UI/API","Add role-facing screen and action flow.","audit-artifacts\51x51-module-integrity\20260428_042020\evidence\42_Board_Governance_Suite_10_User_Operation_Exists.txt","P2"
"42","First-Wave Add-on","Board Governance Suite","Product + Dev 5","11","Data","Canonical Data Model Exists","REVIEW","Data-Model","PARTIAL / NEEDS CODE","Create model/schema or approved contract.","audit-artifacts\51x51-module-integrity\20260428_042020\evidence\42_Board_Governance_Suite_11_Canonical_Data_Model_Exists.txt","P2"
"42","First-Wave Add-on","Board Governance Suite","Product + Dev 5","12","Data","No Shadow Record Risk","REVIEW","Data-Model","PARTIAL / NEEDS CODE OR DOC","Replace duplicate record ownership with Core references.","audit-artifacts\51x51-module-integrity\20260428_042020\evidence\42_Board_Governance_Suite_12_No_Shadow_Record_Risk.txt","P2"
"42","First-Wave Add-on","Board Governance Suite","Product + Dev 5","13","Data","Tenant Key Present","REVIEW","Tenant-Isolation","PARTIAL / NEEDS CODE","Add school/tenant FK and scoped access pattern.","audit-artifacts\51x51-module-integrity\20260428_042020\evidence\42_Board_Governance_Suite_13_Tenant_Key_Present.txt","P2"
"42","First-Wave Add-on","Board Governance Suite","Product + Dev 5","14","Data","Migration Exists","REVIEW","Data-Model","PARTIAL / NEEDS CODE","Generate and commit migrations.","audit-artifacts\51x51-module-integrity\20260428_042020\evidence\42_Board_Governance_Suite_14_Migration_Exists.txt","P2"
"42","First-Wave Add-on","Board Governance Suite","Product + Dev 5","15","Data","Seed/Demo Data Exists","REVIEW","Test-Coverage","PARTIAL / NEEDS CODE OR DOC","Add deterministic seed fixtures for sandbox testing.","audit-artifacts\51x51-module-integrity\20260428_042020\evidence\42_Board_Governance_Suite_15_Seed_Demo_Data_Exists.txt","P2"
"42","First-Wave Add-on","Board Governance Suite","Product + Dev 5","16","API","API Endpoint Exists","REVIEW","Frontend-Operations","PARTIAL / NEEDS CODE","Create API route/service.","audit-artifacts\51x51-module-integrity\20260428_042020\evidence\42_Board_Governance_Suite_16_API_Endpoint_Exists.txt","P2"
"42","First-Wave Add-on","Board Governance Suite","Product + Dev 5","17","API","Serializer/Schema Exists","REVIEW","Test-Coverage","PARTIAL / NEEDS CODE","Add serializers/schemas and validation tests.","audit-artifacts\51x51-module-integrity\20260428_042020\evidence\42_Board_Governance_Suite_17_Serializer_Schema_Exists.txt","P2"
"42","First-Wave Add-on","Board Governance Suite","Product + Dev 5","18","API","Service Layer Exists","REVIEW","CI-Gate-Wiring","PARTIAL / NEEDS CODE","Move workflow logic into service layer.","audit-artifacts\51x51-module-integrity\20260428_042020\evidence\42_Board_Governance_Suite_18_Service_Layer_Exists.txt","P2"
"42","First-Wave Add-on","Board Governance Suite","Product + Dev 5","19","API","Validation Exists","REVIEW","Test-Coverage","PARTIAL / NEEDS CODE + TEST","Add validation and negative tests.","audit-artifacts\51x51-module-integrity\20260428_042020\evidence\42_Board_Governance_Suite_19_Validation_Exists.txt","P2"
"42","First-Wave Add-on","Board Governance Suite","Product + Dev 5","20","API","Error Handling Exists","REVIEW","Backend-API","PARTIAL / NEEDS CODE","Add safe errors and logging.","audit-artifacts\51x51-module-integrity\20260428_042020\evidence\42_Board_Governance_Suite_20_Error_Handling_Exists.txt","P2"
"42","First-Wave Add-on","Board Governance Suite","Product + Dev 5","21","Security","Authentication Required","REVIEW","Test-Coverage","PARTIAL / NEEDS CODE + TEST","Enforce auth on APIs and routes.","audit-artifacts\51x51-module-integrity\20260428_042020\evidence\42_Board_Governance_Suite_21_Authentication_Required.txt","P2"
"42","First-Wave Add-on","Board Governance Suite","Product + Dev 5","22","Security","Permission Enforcement Exists","REVIEW","Permission-Security","PARTIAL / NEEDS CODE + TEST","Add RBAC checks and tests.","audit-artifacts\51x51-module-integrity\20260428_042020\evidence\42_Board_Governance_Suite_22_Permission_Enforcement_Exists.txt","P2"
"42","First-Wave Add-on","Board Governance Suite","Product + Dev 5","24","Security","Audit Logging Exists","REVIEW","Test-Coverage","PARTIAL / NEEDS CODE + TEST","Add audit events for mutations/access.","audit-artifacts\51x51-module-integrity\20260428_042020\evidence\42_Board_Governance_Suite_24_Audit_Logging_Exists.txt","P2"
"42","First-Wave Add-on","Board Governance Suite","Product + Dev 5","25","Security","Sensitive Data Handling Defined","REVIEW","Data-Model","PARTIAL / NEEDS CODE OR DOC","Add data classification and access rules.","audit-artifacts\51x51-module-integrity\20260428_042020\evidence\42_Board_Governance_Suite_25_Sensitive_Data_Handling_Defined.txt","P2"
"42","First-Wave Add-on","Board Governance Suite","Product + Dev 5","26","Frontend","Route Exists","REVIEW","Frontend-Operations","PARTIAL / NEEDS CODE","Add route and navigation entry.","audit-artifacts\51x51-module-integrity\20260428_042020\evidence\42_Board_Governance_Suite_26_Route_Exists.txt","P2"
"42","First-Wave Add-on","Board Governance Suite","Product + Dev 5","27","Frontend","Dashboard/Entry Card Exists","REVIEW","Frontend-Operations","PARTIAL / NEEDS CODE","Add dashboard card and module entry.","audit-artifacts\51x51-module-integrity\20260428_042020\evidence\42_Board_Governance_Suite_27_Dashboard_Entry_Card_Exists.txt","P2"
"42","First-Wave Add-on","Board Governance Suite","Product + Dev 5","28","Frontend","Form UI Exists","REVIEW","Frontend-Operations","PARTIAL / NEEDS CODE","Add standardized form UI.","audit-artifacts\51x51-module-integrity\20260428_042020\evidence\42_Board_Governance_Suite_28_Form_UI_Exists.txt","P2"
"42","First-Wave Add-on","Board Governance Suite","Product + Dev 5","29","Frontend","Table/List UI Exists","REVIEW","Frontend-Operations","PARTIAL / NEEDS CODE","Add list/table UI.","audit-artifacts\51x51-module-integrity\20260428_042020\evidence\42_Board_Governance_Suite_29_Table_List_UI_Exists.txt","P2"
"42","First-Wave Add-on","Board Governance Suite","Product + Dev 5","30","Frontend","Empty/Loading/Error States Exist","REVIEW","Frontend-Operations","PARTIAL / NEEDS CODE","Add complete UI states.","audit-artifacts\51x51-module-integrity\20260428_042020\evidence\42_Board_Governance_Suite_30_Empty_Loading_Error_States_Exist.txt","P2"
"42","First-Wave Add-on","Board Governance Suite","Product + Dev 5","32","KPI","KPI Data Source Exists","REVIEW","Backend-API","PARTIAL / NEEDS CODE","Wire KPI to backend query or service.","audit-artifacts\51x51-module-integrity\20260428_042020\evidence\42_Board_Governance_Suite_32_KPI_Data_Source_Exists.txt","P2"
"42","First-Wave Add-on","Board Governance Suite","Product + Dev 5","34","KPI","Reporting/Export Exists","REVIEW","Permission-Security","PARTIAL / NEEDS CODE","Add report/export path with RBAC and audit.","audit-artifacts\51x51-module-integrity\20260428_042020\evidence\42_Board_Governance_Suite_34_Reporting_Export_Exists.txt","P2"
"42","First-Wave Add-on","Board Governance Suite","Product + Dev 5","35","Integration","Core Wiring Exists","REVIEW","Product-Governance","PARTIAL / NEEDS CODE","Wire to Core canonical records.","audit-artifacts\51x51-module-integrity\20260428_042020\evidence\42_Board_Governance_Suite_35_Core_Wiring_Exists.txt","P2"
"42","First-Wave Add-on","Board Governance Suite","Product + Dev 5","36","Integration","Notification Wiring Exists","REVIEW","General-Remediation","PARTIAL / NEEDS CODE","Add notification hooks.","audit-artifacts\51x51-module-integrity\20260428_042020\evidence\42_Board_Governance_Suite_36_Notification_Wiring_Exists.txt","P2"
"42","First-Wave Add-on","Board Governance Suite","Product + Dev 5","37","Integration","Calendar Wiring Exists","REVIEW","General-Remediation","PARTIAL / NEEDS CODE","Add calendar/event integration or mark not applicable.","audit-artifacts\51x51-module-integrity\20260428_042020\evidence\42_Board_Governance_Suite_37_Calendar_Wiring_Exists.txt","P2"
"42","First-Wave Add-on","Board Governance Suite","Product + Dev 5","38","Integration","Microsoft/M365/Teams Posture Exists","REVIEW","General-Remediation","PARTIAL / NEEDS CODE OR DOC","Add enabled/deferred M365/Teams posture.","audit-artifacts\51x51-module-integrity\20260428_042020\evidence\42_Board_Governance_Suite_38_Microsoft_M365_Teams_Posture_Exists.txt","P2"
"42","First-Wave Add-on","Board Governance Suite","Product + Dev 5","39","Integration","External Webhook/API Contract Exists","REVIEW","Backend-API","PARTIAL / NEEDS CODE OR DOC","Add signed webhook/API contract.","audit-artifacts\51x51-module-integrity\20260428_042020\evidence\42_Board_Governance_Suite_39_External_Webhook_API_Contract_Exists.txt","P2"
"42","First-Wave Add-on","Board Governance Suite","Product + Dev 5","45","Release","Health/Integrity Check Exists","REVIEW","Test-Coverage","PARTIAL / NEEDS CODE + TEST","Add module to integrity gate.","audit-artifacts\51x51-module-integrity\20260428_042020\evidence\42_Board_Governance_Suite_45_Health_Integrity_Check_Exists.txt","P2"
"42","First-Wave Add-on","Board Governance Suite","Product + Dev 5","50","Quality","No Placeholder/Fake Production Data","REVIEW","Data-Model","PARTIAL / NEEDS CODE OR DOC","Replace placeholders or clearly sandbox-scope them.","audit-artifacts\51x51-module-integrity\20260428_042020\evidence\42_Board_Governance_Suite_50_No_Placeholder_Fake_Production_Data.txt","P2"
"43","First-Wave Add-on","Christian PD Hub","Product + Dev 5","7","Operations","Lifecycle States Defined","REVIEW","CI-Gate-Wiring","PARTIAL / NEEDS CODE OR DOC","Implement explicit status model and transition validation.","audit-artifacts\51x51-module-integrity\20260428_042020\evidence\43_Christian_PD_Hub_07_Lifecycle_States_Defined.txt","P2"
"43","First-Wave Add-on","Christian PD Hub","Product + Dev 5","9","Operations","Admin Operation Exists","REVIEW","CI-Gate-Wiring","PARTIAL / NEEDS UI/API","Add admin screen/API workflow.","audit-artifacts\51x51-module-integrity\20260428_042020\evidence\43_Christian_PD_Hub_09_Admin_Operation_Exists.txt","P2"
"43","First-Wave Add-on","Christian PD Hub","Product + Dev 5","10","Operations","User Operation Exists","REVIEW","Permission-Security","PARTIAL / NEEDS UI/API","Add role-facing screen and action flow.","audit-artifacts\51x51-module-integrity\20260428_042020\evidence\43_Christian_PD_Hub_10_User_Operation_Exists.txt","P2"
"43","First-Wave Add-on","Christian PD Hub","Product + Dev 5","11","Data","Canonical Data Model Exists","REVIEW","Data-Model","PARTIAL / NEEDS CODE","Create model/schema or approved contract.","audit-artifacts\51x51-module-integrity\20260428_042020\evidence\43_Christian_PD_Hub_11_Canonical_Data_Model_Exists.txt","P2"
"43","First-Wave Add-on","Christian PD Hub","Product + Dev 5","12","Data","No Shadow Record Risk","REVIEW","Data-Model","PARTIAL / NEEDS CODE OR DOC","Replace duplicate record ownership with Core references.","audit-artifacts\51x51-module-integrity\20260428_042020\evidence\43_Christian_PD_Hub_12_No_Shadow_Record_Risk.txt","P2"
"43","First-Wave Add-on","Christian PD Hub","Product + Dev 5","13","Data","Tenant Key Present","REVIEW","Tenant-Isolation","PARTIAL / NEEDS CODE","Add school/tenant FK and scoped access pattern.","audit-artifacts\51x51-module-integrity\20260428_042020\evidence\43_Christian_PD_Hub_13_Tenant_Key_Present.txt","P2"
"43","First-Wave Add-on","Christian PD Hub","Product + Dev 5","14","Data","Migration Exists","REVIEW","Data-Model","PARTIAL / NEEDS CODE","Generate and commit migrations.","audit-artifacts\51x51-module-integrity\20260428_042020\evidence\43_Christian_PD_Hub_14_Migration_Exists.txt","P2"
"43","First-Wave Add-on","Christian PD Hub","Product + Dev 5","15","Data","Seed/Demo Data Exists","REVIEW","Test-Coverage","PARTIAL / NEEDS CODE OR DOC","Add deterministic seed fixtures for sandbox testing.","audit-artifacts\51x51-module-integrity\20260428_042020\evidence\43_Christian_PD_Hub_15_Seed_Demo_Data_Exists.txt","P2"
"43","First-Wave Add-on","Christian PD Hub","Product + Dev 5","16","API","API Endpoint Exists","REVIEW","Frontend-Operations","PARTIAL / NEEDS CODE","Create API route/service.","audit-artifacts\51x51-module-integrity\20260428_042020\evidence\43_Christian_PD_Hub_16_API_Endpoint_Exists.txt","P2"
"43","First-Wave Add-on","Christian PD Hub","Product + Dev 5","17","API","Serializer/Schema Exists","REVIEW","Test-Coverage","PARTIAL / NEEDS CODE","Add serializers/schemas and validation tests.","audit-artifacts\51x51-module-integrity\20260428_042020\evidence\43_Christian_PD_Hub_17_Serializer_Schema_Exists.txt","P2"
"43","First-Wave Add-on","Christian PD Hub","Product + Dev 5","18","API","Service Layer Exists","REVIEW","CI-Gate-Wiring","PARTIAL / NEEDS CODE","Move workflow logic into service layer.","audit-artifacts\51x51-module-integrity\20260428_042020\evidence\43_Christian_PD_Hub_18_Service_Layer_Exists.txt","P2"
"43","First-Wave Add-on","Christian PD Hub","Product + Dev 5","19","API","Validation Exists","REVIEW","Test-Coverage","PARTIAL / NEEDS CODE + TEST","Add validation and negative tests.","audit-artifacts\51x51-module-integrity\20260428_042020\evidence\43_Christian_PD_Hub_19_Validation_Exists.txt","P2"
"43","First-Wave Add-on","Christian PD Hub","Product + Dev 5","20","API","Error Handling Exists","REVIEW","Backend-API","PARTIAL / NEEDS CODE","Add safe errors and logging.","audit-artifacts\51x51-module-integrity\20260428_042020\evidence\43_Christian_PD_Hub_20_Error_Handling_Exists.txt","P2"
"43","First-Wave Add-on","Christian PD Hub","Product + Dev 5","21","Security","Authentication Required","REVIEW","Test-Coverage","PARTIAL / NEEDS CODE + TEST","Enforce auth on APIs and routes.","audit-artifacts\51x51-module-integrity\20260428_042020\evidence\43_Christian_PD_Hub_21_Authentication_Required.txt","P2"
"43","First-Wave Add-on","Christian PD Hub","Product + Dev 5","22","Security","Permission Enforcement Exists","REVIEW","Permission-Security","PARTIAL / NEEDS CODE + TEST","Add RBAC checks and tests.","audit-artifacts\51x51-module-integrity\20260428_042020\evidence\43_Christian_PD_Hub_22_Permission_Enforcement_Exists.txt","P2"
"43","First-Wave Add-on","Christian PD Hub","Product + Dev 5","24","Security","Audit Logging Exists","REVIEW","Test-Coverage","PARTIAL / NEEDS CODE + TEST","Add audit events for mutations/access.","audit-artifacts\51x51-module-integrity\20260428_042020\evidence\43_Christian_PD_Hub_24_Audit_Logging_Exists.txt","P2"
"43","First-Wave Add-on","Christian PD Hub","Product + Dev 5","25","Security","Sensitive Data Handling Defined","REVIEW","Data-Model","PARTIAL / NEEDS CODE OR DOC","Add data classification and access rules.","audit-artifacts\51x51-module-integrity\20260428_042020\evidence\43_Christian_PD_Hub_25_Sensitive_Data_Handling_Defined.txt","P2"
"43","First-Wave Add-on","Christian PD Hub","Product + Dev 5","26","Frontend","Route Exists","REVIEW","Frontend-Operations","PARTIAL / NEEDS CODE","Add route and navigation entry.","audit-artifacts\51x51-module-integrity\20260428_042020\evidence\43_Christian_PD_Hub_26_Route_Exists.txt","P2"
"43","First-Wave Add-on","Christian PD Hub","Product + Dev 5","27","Frontend","Dashboard/Entry Card Exists","REVIEW","Frontend-Operations","PARTIAL / NEEDS CODE","Add dashboard card and module entry.","audit-artifacts\51x51-module-integrity\20260428_042020\evidence\43_Christian_PD_Hub_27_Dashboard_Entry_Card_Exists.txt","P2"
"43","First-Wave Add-on","Christian PD Hub","Product + Dev 5","28","Frontend","Form UI Exists","REVIEW","Frontend-Operations","PARTIAL / NEEDS CODE","Add standardized form UI.","audit-artifacts\51x51-module-integrity\20260428_042020\evidence\43_Christian_PD_Hub_28_Form_UI_Exists.txt","P2"
"43","First-Wave Add-on","Christian PD Hub","Product + Dev 5","29","Frontend","Table/List UI Exists","REVIEW","Frontend-Operations","PARTIAL / NEEDS CODE","Add list/table UI.","audit-artifacts\51x51-module-integrity\20260428_042020\evidence\43_Christian_PD_Hub_29_Table_List_UI_Exists.txt","P2"
"43","First-Wave Add-on","Christian PD Hub","Product + Dev 5","30","Frontend","Empty/Loading/Error States Exist","REVIEW","Frontend-Operations","PARTIAL / NEEDS CODE","Add complete UI states.","audit-artifacts\51x51-module-integrity\20260428_042020\evidence\43_Christian_PD_Hub_30_Empty_Loading_Error_States_Exist.txt","P2"
"43","First-Wave Add-on","Christian PD Hub","Product + Dev 5","32","KPI","KPI Data Source Exists","REVIEW","Backend-API","PARTIAL / NEEDS CODE","Wire KPI to backend query or service.","audit-artifacts\51x51-module-integrity\20260428_042020\evidence\43_Christian_PD_Hub_32_KPI_Data_Source_Exists.txt","P2"
"43","First-Wave Add-on","Christian PD Hub","Product + Dev 5","34","KPI","Reporting/Export Exists","REVIEW","Permission-Security","PARTIAL / NEEDS CODE","Add report/export path with RBAC and audit.","audit-artifacts\51x51-module-integrity\20260428_042020\evidence\43_Christian_PD_Hub_34_Reporting_Export_Exists.txt","P2"
"43","First-Wave Add-on","Christian PD Hub","Product + Dev 5","35","Integration","Core Wiring Exists","REVIEW","Product-Governance","PARTIAL / NEEDS CODE","Wire to Core canonical records.","audit-artifacts\51x51-module-integrity\20260428_042020\evidence\43_Christian_PD_Hub_35_Core_Wiring_Exists.txt","P2"
"43","First-Wave Add-on","Christian PD Hub","Product + Dev 5","36","Integration","Notification Wiring Exists","REVIEW","General-Remediation","PARTIAL / NEEDS CODE","Add notification hooks.","audit-artifacts\51x51-module-integrity\20260428_042020\evidence\43_Christian_PD_Hub_36_Notification_Wiring_Exists.txt","P2"
"43","First-Wave Add-on","Christian PD Hub","Product + Dev 5","37","Integration","Calendar Wiring Exists","REVIEW","General-Remediation","PARTIAL / NEEDS CODE","Add calendar/event integration or mark not applicable.","audit-artifacts\51x51-module-integrity\20260428_042020\evidence\43_Christian_PD_Hub_37_Calendar_Wiring_Exists.txt","P2"
"43","First-Wave Add-on","Christian PD Hub","Product + Dev 5","38","Integration","Microsoft/M365/Teams Posture Exists","REVIEW","General-Remediation","PARTIAL / NEEDS CODE OR DOC","Add enabled/deferred M365/Teams posture.","audit-artifacts\51x51-module-integrity\20260428_042020\evidence\43_Christian_PD_Hub_38_Microsoft_M365_Teams_Posture_Exists.txt","P2"
"43","First-Wave Add-on","Christian PD Hub","Product + Dev 5","39","Integration","External Webhook/API Contract Exists","REVIEW","Backend-API","PARTIAL / NEEDS CODE OR DOC","Add signed webhook/API contract.","audit-artifacts\51x51-module-integrity\20260428_042020\evidence\43_Christian_PD_Hub_39_External_Webhook_API_Contract_Exists.txt","P2"
"43","First-Wave Add-on","Christian PD Hub","Product + Dev 5","45","Release","Health/Integrity Check Exists","REVIEW","Test-Coverage","PARTIAL / NEEDS CODE + TEST","Add module to integrity gate.","audit-artifacts\51x51-module-integrity\20260428_042020\evidence\43_Christian_PD_Hub_45_Health_Integrity_Check_Exists.txt","P2"
"43","First-Wave Add-on","Christian PD Hub","Product + Dev 5","50","Quality","No Placeholder/Fake Production Data","REVIEW","Data-Model","PARTIAL / NEEDS CODE OR DOC","Replace placeholders or clearly sandbox-scope them.","audit-artifacts\51x51-module-integrity\20260428_042020\evidence\43_Christian_PD_Hub_50_No_Placeholder_Fake_Production_Data.txt","P2"
"44","Later Add-on","Chaplain / Pastoral Care","Product + Dev 3","19","API","Validation Exists","REVIEW","Test-Coverage","IMPLEMENTED / TEST GAP","Add validation and negative tests.","audit-artifacts\51x51-module-integrity\20260428_042020\evidence\44_Chaplain_Pastoral_Care_19_Validation_Exists.txt","P2"
"44","Later Add-on","Chaplain / Pastoral Care","Product + Dev 3","21","Security","Authentication Required","REVIEW","Test-Coverage","IMPLEMENTED / TEST GAP","Enforce auth on APIs and routes.","audit-artifacts\51x51-module-integrity\20260428_042020\evidence\44_Chaplain_Pastoral_Care_21_Authentication_Required.txt","P2"
"44","Later Add-on","Chaplain / Pastoral Care","Product + Dev 3","22","Security","Permission Enforcement Exists","REVIEW","Permission-Security","IMPLEMENTED / TEST GAP","Add RBAC checks and tests.","audit-artifacts\51x51-module-integrity\20260428_042020\evidence\44_Chaplain_Pastoral_Care_22_Permission_Enforcement_Exists.txt","P2"
"44","Later Add-on","Chaplain / Pastoral Care","Product + Dev 3","24","Security","Audit Logging Exists","REVIEW","Test-Coverage","IMPLEMENTED / TEST GAP","Add audit events for mutations/access.","audit-artifacts\51x51-module-integrity\20260428_042020\evidence\44_Chaplain_Pastoral_Care_24_Audit_Logging_Exists.txt","P2"
"44","Later Add-on","Chaplain / Pastoral Care","Product + Dev 3","45","Release","Health/Integrity Check Exists","REVIEW","Test-Coverage","IMPLEMENTED / TEST GAP","Add module to integrity gate.","audit-artifacts\51x51-module-integrity\20260428_042020\evidence\44_Chaplain_Pastoral_Care_45_Health_Integrity_Check_Exists.txt","P2"
"45","Later Add-on","Portrait of the Graduate","Product + Dev 3","19","API","Validation Exists","REVIEW","Test-Coverage","IMPLEMENTED / TEST GAP","Add validation and negative tests.","audit-artifacts\51x51-module-integrity\20260428_042020\evidence\45_Portrait_of_the_Graduate_19_Validation_Exists.txt","P2"
"45","Later Add-on","Portrait of the Graduate","Product + Dev 3","21","Security","Authentication Required","REVIEW","Test-Coverage","IMPLEMENTED / TEST GAP","Enforce auth on APIs and routes.","audit-artifacts\51x51-module-integrity\20260428_042020\evidence\45_Portrait_of_the_Graduate_21_Authentication_Required.txt","P2"
"45","Later Add-on","Portrait of the Graduate","Product + Dev 3","22","Security","Permission Enforcement Exists","REVIEW","Permission-Security","IMPLEMENTED / TEST GAP","Add RBAC checks and tests.","audit-artifacts\51x51-module-integrity\20260428_042020\evidence\45_Portrait_of_the_Graduate_22_Permission_Enforcement_Exists.txt","P2"
"45","Later Add-on","Portrait of the Graduate","Product + Dev 3","24","Security","Audit Logging Exists","REVIEW","Test-Coverage","IMPLEMENTED / TEST GAP","Add audit events for mutations/access.","audit-artifacts\51x51-module-integrity\20260428_042020\evidence\45_Portrait_of_the_Graduate_24_Audit_Logging_Exists.txt","P2"
"45","Later Add-on","Portrait of the Graduate","Product + Dev 3","45","Release","Health/Integrity Check Exists","REVIEW","Test-Coverage","IMPLEMENTED / TEST GAP","Add module to integrity gate.","audit-artifacts\51x51-module-integrity\20260428_042020\evidence\45_Portrait_of_the_Graduate_45_Health_Integrity_Check_Exists.txt","P2"
"46","Later Add-on","Mission Metrics","Product + Dev 5","19","API","Validation Exists","REVIEW","Test-Coverage","IMPLEMENTED / TEST GAP","Add validation and negative tests.","audit-artifacts\51x51-module-integrity\20260428_042020\evidence\46_Mission_Metrics_19_Validation_Exists.txt","P2"
"46","Later Add-on","Mission Metrics","Product + Dev 5","21","Security","Authentication Required","REVIEW","Test-Coverage","IMPLEMENTED / TEST GAP","Enforce auth on APIs and routes.","audit-artifacts\51x51-module-integrity\20260428_042020\evidence\46_Mission_Metrics_21_Authentication_Required.txt","P2"
"46","Later Add-on","Mission Metrics","Product + Dev 5","22","Security","Permission Enforcement Exists","REVIEW","Permission-Security","IMPLEMENTED / TEST GAP","Add RBAC checks and tests.","audit-artifacts\51x51-module-integrity\20260428_042020\evidence\46_Mission_Metrics_22_Permission_Enforcement_Exists.txt","P2"
"46","Later Add-on","Mission Metrics","Product + Dev 5","24","Security","Audit Logging Exists","REVIEW","Test-Coverage","IMPLEMENTED / TEST GAP","Add audit events for mutations/access.","audit-artifacts\51x51-module-integrity\20260428_042020\evidence\46_Mission_Metrics_24_Audit_Logging_Exists.txt","P2"
"46","Later Add-on","Mission Metrics","Product + Dev 5","45","Release","Health/Integrity Check Exists","REVIEW","Test-Coverage","IMPLEMENTED / TEST GAP","Add module to integrity gate.","audit-artifacts\51x51-module-integrity\20260428_042020\evidence\46_Mission_Metrics_45_Health_Integrity_Check_Exists.txt","P2"
"47","Later Add-on","CRM / Marketing Suite","Product + Dev 3","7","Operations","Lifecycle States Defined","REVIEW","CI-Gate-Wiring","PARTIAL / NEEDS CODE OR DOC","Implement explicit status model and transition validation.","audit-artifacts\51x51-module-integrity\20260428_042020\evidence\47_CRM_Marketing_Suite_07_Lifecycle_States_Defined.txt","P2"
"47","Later Add-on","CRM / Marketing Suite","Product + Dev 3","9","Operations","Admin Operation Exists","REVIEW","CI-Gate-Wiring","PARTIAL / NEEDS UI/API","Add admin screen/API workflow.","audit-artifacts\51x51-module-integrity\20260428_042020\evidence\47_CRM_Marketing_Suite_09_Admin_Operation_Exists.txt","P2"
"47","Later Add-on","CRM / Marketing Suite","Product + Dev 3","10","Operations","User Operation Exists","REVIEW","Permission-Security","PARTIAL / NEEDS UI/API","Add role-facing screen and action flow.","audit-artifacts\51x51-module-integrity\20260428_042020\evidence\47_CRM_Marketing_Suite_10_User_Operation_Exists.txt","P2"
"47","Later Add-on","CRM / Marketing Suite","Product + Dev 3","11","Data","Canonical Data Model Exists","REVIEW","Data-Model","PARTIAL / NEEDS CODE","Create model/schema or approved contract.","audit-artifacts\51x51-module-integrity\20260428_042020\evidence\47_CRM_Marketing_Suite_11_Canonical_Data_Model_Exists.txt","P2"
"47","Later Add-on","CRM / Marketing Suite","Product + Dev 3","12","Data","No Shadow Record Risk","REVIEW","Data-Model","PARTIAL / NEEDS CODE OR DOC","Replace duplicate record ownership with Core references.","audit-artifacts\51x51-module-integrity\20260428_042020\evidence\47_CRM_Marketing_Suite_12_No_Shadow_Record_Risk.txt","P2"
"47","Later Add-on","CRM / Marketing Suite","Product + Dev 3","13","Data","Tenant Key Present","REVIEW","Tenant-Isolation","PARTIAL / NEEDS CODE","Add school/tenant FK and scoped access pattern.","audit-artifacts\51x51-module-integrity\20260428_042020\evidence\47_CRM_Marketing_Suite_13_Tenant_Key_Present.txt","P2"
"47","Later Add-on","CRM / Marketing Suite","Product + Dev 3","14","Data","Migration Exists","REVIEW","Data-Model","PARTIAL / NEEDS CODE","Generate and commit migrations.","audit-artifacts\51x51-module-integrity\20260428_042020\evidence\47_CRM_Marketing_Suite_14_Migration_Exists.txt","P2"
"47","Later Add-on","CRM / Marketing Suite","Product + Dev 3","15","Data","Seed/Demo Data Exists","REVIEW","Test-Coverage","PARTIAL / NEEDS CODE OR DOC","Add deterministic seed fixtures for sandbox testing.","audit-artifacts\51x51-module-integrity\20260428_042020\evidence\47_CRM_Marketing_Suite_15_Seed_Demo_Data_Exists.txt","P2"
"47","Later Add-on","CRM / Marketing Suite","Product + Dev 3","16","API","API Endpoint Exists","REVIEW","Frontend-Operations","PARTIAL / NEEDS CODE","Create API route/service.","audit-artifacts\51x51-module-integrity\20260428_042020\evidence\47_CRM_Marketing_Suite_16_API_Endpoint_Exists.txt","P2"
"47","Later Add-on","CRM / Marketing Suite","Product + Dev 3","17","API","Serializer/Schema Exists","REVIEW","Test-Coverage","PARTIAL / NEEDS CODE","Add serializers/schemas and validation tests.","audit-artifacts\51x51-module-integrity\20260428_042020\evidence\47_CRM_Marketing_Suite_17_Serializer_Schema_Exists.txt","P2"
"47","Later Add-on","CRM / Marketing Suite","Product + Dev 3","18","API","Service Layer Exists","REVIEW","CI-Gate-Wiring","PARTIAL / NEEDS CODE","Move workflow logic into service layer.","audit-artifacts\51x51-module-integrity\20260428_042020\evidence\47_CRM_Marketing_Suite_18_Service_Layer_Exists.txt","P2"
"47","Later Add-on","CRM / Marketing Suite","Product + Dev 3","19","API","Validation Exists","REVIEW","Test-Coverage","PARTIAL / NEEDS CODE + TEST","Add validation and negative tests.","audit-artifacts\51x51-module-integrity\20260428_042020\evidence\47_CRM_Marketing_Suite_19_Validation_Exists.txt","P2"
"47","Later Add-on","CRM / Marketing Suite","Product + Dev 3","20","API","Error Handling Exists","REVIEW","Backend-API","PARTIAL / NEEDS CODE","Add safe errors and logging.","audit-artifacts\51x51-module-integrity\20260428_042020\evidence\47_CRM_Marketing_Suite_20_Error_Handling_Exists.txt","P2"
"47","Later Add-on","CRM / Marketing Suite","Product + Dev 3","21","Security","Authentication Required","REVIEW","Test-Coverage","PARTIAL / NEEDS CODE + TEST","Enforce auth on APIs and routes.","audit-artifacts\51x51-module-integrity\20260428_042020\evidence\47_CRM_Marketing_Suite_21_Authentication_Required.txt","P2"
"47","Later Add-on","CRM / Marketing Suite","Product + Dev 3","22","Security","Permission Enforcement Exists","REVIEW","Permission-Security","PARTIAL / NEEDS CODE + TEST","Add RBAC checks and tests.","audit-artifacts\51x51-module-integrity\20260428_042020\evidence\47_CRM_Marketing_Suite_22_Permission_Enforcement_Exists.txt","P2"
"47","Later Add-on","CRM / Marketing Suite","Product + Dev 3","24","Security","Audit Logging Exists","REVIEW","Test-Coverage","PARTIAL / NEEDS CODE + TEST","Add audit events for mutations/access.","audit-artifacts\51x51-module-integrity\20260428_042020\evidence\47_CRM_Marketing_Suite_24_Audit_Logging_Exists.txt","P2"
"47","Later Add-on","CRM / Marketing Suite","Product + Dev 3","25","Security","Sensitive Data Handling Defined","REVIEW","Data-Model","PARTIAL / NEEDS CODE OR DOC","Add data classification and access rules.","audit-artifacts\51x51-module-integrity\20260428_042020\evidence\47_CRM_Marketing_Suite_25_Sensitive_Data_Handling_Defined.txt","P2"
"47","Later Add-on","CRM / Marketing Suite","Product + Dev 3","26","Frontend","Route Exists","REVIEW","Frontend-Operations","PARTIAL / NEEDS CODE","Add route and navigation entry.","audit-artifacts\51x51-module-integrity\20260428_042020\evidence\47_CRM_Marketing_Suite_26_Route_Exists.txt","P2"
"47","Later Add-on","CRM / Marketing Suite","Product + Dev 3","27","Frontend","Dashboard/Entry Card Exists","REVIEW","Frontend-Operations","PARTIAL / NEEDS CODE","Add dashboard card and module entry.","audit-artifacts\51x51-module-integrity\20260428_042020\evidence\47_CRM_Marketing_Suite_27_Dashboard_Entry_Card_Exists.txt","P2"
"47","Later Add-on","CRM / Marketing Suite","Product + Dev 3","28","Frontend","Form UI Exists","REVIEW","Frontend-Operations","PARTIAL / NEEDS CODE","Add standardized form UI.","audit-artifacts\51x51-module-integrity\20260428_042020\evidence\47_CRM_Marketing_Suite_28_Form_UI_Exists.txt","P2"
"47","Later Add-on","CRM / Marketing Suite","Product + Dev 3","29","Frontend","Table/List UI Exists","REVIEW","Frontend-Operations","PARTIAL / NEEDS CODE","Add list/table UI.","audit-artifacts\51x51-module-integrity\20260428_042020\evidence\47_CRM_Marketing_Suite_29_Table_List_UI_Exists.txt","P2"
"47","Later Add-on","CRM / Marketing Suite","Product + Dev 3","30","Frontend","Empty/Loading/Error States Exist","REVIEW","Frontend-Operations","PARTIAL / NEEDS CODE","Add complete UI states.","audit-artifacts\51x51-module-integrity\20260428_042020\evidence\47_CRM_Marketing_Suite_30_Empty_Loading_Error_States_Exist.txt","P2"
"47","Later Add-on","CRM / Marketing Suite","Product + Dev 3","32","KPI","KPI Data Source Exists","REVIEW","Backend-API","PARTIAL / NEEDS CODE","Wire KPI to backend query or service.","audit-artifacts\51x51-module-integrity\20260428_042020\evidence\47_CRM_Marketing_Suite_32_KPI_Data_Source_Exists.txt","P2"
"47","Later Add-on","CRM / Marketing Suite","Product + Dev 3","34","KPI","Reporting/Export Exists","REVIEW","Permission-Security","PARTIAL / NEEDS CODE","Add report/export path with RBAC and audit.","audit-artifacts\51x51-module-integrity\20260428_042020\evidence\47_CRM_Marketing_Suite_34_Reporting_Export_Exists.txt","P2"
"47","Later Add-on","CRM / Marketing Suite","Product + Dev 3","35","Integration","Core Wiring Exists","REVIEW","Product-Governance","PARTIAL / NEEDS CODE","Wire to Core canonical records.","audit-artifacts\51x51-module-integrity\20260428_042020\evidence\47_CRM_Marketing_Suite_35_Core_Wiring_Exists.txt","P2"
"47","Later Add-on","CRM / Marketing Suite","Product + Dev 3","36","Integration","Notification Wiring Exists","REVIEW","General-Remediation","PARTIAL / NEEDS CODE","Add notification hooks.","audit-artifacts\51x51-module-integrity\20260428_042020\evidence\47_CRM_Marketing_Suite_36_Notification_Wiring_Exists.txt","P2"
"47","Later Add-on","CRM / Marketing Suite","Product + Dev 3","37","Integration","Calendar Wiring Exists","REVIEW","General-Remediation","PARTIAL / NEEDS CODE","Add calendar/event integration or mark not applicable.","audit-artifacts\51x51-module-integrity\20260428_042020\evidence\47_CRM_Marketing_Suite_37_Calendar_Wiring_Exists.txt","P2"
"47","Later Add-on","CRM / Marketing Suite","Product + Dev 3","38","Integration","Microsoft/M365/Teams Posture Exists","REVIEW","General-Remediation","PARTIAL / NEEDS CODE OR DOC","Add enabled/deferred M365/Teams posture.","audit-artifacts\51x51-module-integrity\20260428_042020\evidence\47_CRM_Marketing_Suite_38_Microsoft_M365_Teams_Posture_Exists.txt","P2"
"47","Later Add-on","CRM / Marketing Suite","Product + Dev 3","39","Integration","External Webhook/API Contract Exists","REVIEW","Backend-API","PARTIAL / NEEDS CODE OR DOC","Add signed webhook/API contract.","audit-artifacts\51x51-module-integrity\20260428_042020\evidence\47_CRM_Marketing_Suite_39_External_Webhook_API_Contract_Exists.txt","P2"
"47","Later Add-on","CRM / Marketing Suite","Product + Dev 3","45","Release","Health/Integrity Check Exists","REVIEW","Test-Coverage","PARTIAL / NEEDS CODE + TEST","Add module to integrity gate.","audit-artifacts\51x51-module-integrity\20260428_042020\evidence\47_CRM_Marketing_Suite_45_Health_Integrity_Check_Exists.txt","P2"
"47","Later Add-on","CRM / Marketing Suite","Product + Dev 3","50","Quality","No Placeholder/Fake Production Data","REVIEW","Data-Model","PARTIAL / NEEDS CODE OR DOC","Replace placeholders or clearly sandbox-scope them.","audit-artifacts\51x51-module-integrity\20260428_042020\evidence\47_CRM_Marketing_Suite_50_No_Placeholder_Fake_Production_Data.txt","P2"
"48","Later Add-on","Mobile App / Family App","Product + Dev 4","19","API","Validation Exists","REVIEW","Test-Coverage","IMPLEMENTED / TEST GAP","Add validation and negative tests.","audit-artifacts\51x51-module-integrity\20260428_042020\evidence\48_Mobile_App_Family_App_19_Validation_Exists.txt","P2"
"48","Later Add-on","Mobile App / Family App","Product + Dev 4","21","Security","Authentication Required","REVIEW","Test-Coverage","IMPLEMENTED / TEST GAP","Enforce auth on APIs and routes.","audit-artifacts\51x51-module-integrity\20260428_042020\evidence\48_Mobile_App_Family_App_21_Authentication_Required.txt","P2"
"48","Later Add-on","Mobile App / Family App","Product + Dev 4","22","Security","Permission Enforcement Exists","REVIEW","Permission-Security","IMPLEMENTED / TEST GAP","Add RBAC checks and tests.","audit-artifacts\51x51-module-integrity\20260428_042020\evidence\48_Mobile_App_Family_App_22_Permission_Enforcement_Exists.txt","P2"
"48","Later Add-on","Mobile App / Family App","Product + Dev 4","24","Security","Audit Logging Exists","REVIEW","Test-Coverage","IMPLEMENTED / TEST GAP","Add audit events for mutations/access.","audit-artifacts\51x51-module-integrity\20260428_042020\evidence\48_Mobile_App_Family_App_24_Audit_Logging_Exists.txt","P2"
"48","Later Add-on","Mobile App / Family App","Product + Dev 4","45","Release","Health/Integrity Check Exists","REVIEW","Test-Coverage","IMPLEMENTED / TEST GAP","Add module to integrity gate.","audit-artifacts\51x51-module-integrity\20260428_042020\evidence\48_Mobile_App_Family_App_45_Health_Integrity_Check_Exists.txt","P2"
"49","Later Add-on","Survey / Sentiment Engine","Product + Dev 5","7","Operations","Lifecycle States Defined","REVIEW","CI-Gate-Wiring","PARTIAL / NEEDS CODE OR DOC","Implement explicit status model and transition validation.","audit-artifacts\51x51-module-integrity\20260428_042020\evidence\49_Survey_Sentiment_Engine_07_Lifecycle_States_Defined.txt","P2"
"49","Later Add-on","Survey / Sentiment Engine","Product + Dev 5","9","Operations","Admin Operation Exists","REVIEW","CI-Gate-Wiring","PARTIAL / NEEDS UI/API","Add admin screen/API workflow.","audit-artifacts\51x51-module-integrity\20260428_042020\evidence\49_Survey_Sentiment_Engine_09_Admin_Operation_Exists.txt","P2"
"49","Later Add-on","Survey / Sentiment Engine","Product + Dev 5","10","Operations","User Operation Exists","REVIEW","Permission-Security","PARTIAL / NEEDS UI/API","Add role-facing screen and action flow.","audit-artifacts\51x51-module-integrity\20260428_042020\evidence\49_Survey_Sentiment_Engine_10_User_Operation_Exists.txt","P2"
"49","Later Add-on","Survey / Sentiment Engine","Product + Dev 5","11","Data","Canonical Data Model Exists","REVIEW","Data-Model","PARTIAL / NEEDS CODE","Create model/schema or approved contract.","audit-artifacts\51x51-module-integrity\20260428_042020\evidence\49_Survey_Sentiment_Engine_11_Canonical_Data_Model_Exists.txt","P2"
"49","Later Add-on","Survey / Sentiment Engine","Product + Dev 5","12","Data","No Shadow Record Risk","REVIEW","Data-Model","PARTIAL / NEEDS CODE OR DOC","Replace duplicate record ownership with Core references.","audit-artifacts\51x51-module-integrity\20260428_042020\evidence\49_Survey_Sentiment_Engine_12_No_Shadow_Record_Risk.txt","P2"
"49","Later Add-on","Survey / Sentiment Engine","Product + Dev 5","13","Data","Tenant Key Present","REVIEW","Tenant-Isolation","PARTIAL / NEEDS CODE","Add school/tenant FK and scoped access pattern.","audit-artifacts\51x51-module-integrity\20260428_042020\evidence\49_Survey_Sentiment_Engine_13_Tenant_Key_Present.txt","P2"
"49","Later Add-on","Survey / Sentiment Engine","Product + Dev 5","14","Data","Migration Exists","REVIEW","Data-Model","PARTIAL / NEEDS CODE","Generate and commit migrations.","audit-artifacts\51x51-module-integrity\20260428_042020\evidence\49_Survey_Sentiment_Engine_14_Migration_Exists.txt","P2"
"49","Later Add-on","Survey / Sentiment Engine","Product + Dev 5","15","Data","Seed/Demo Data Exists","REVIEW","Test-Coverage","PARTIAL / NEEDS CODE OR DOC","Add deterministic seed fixtures for sandbox testing.","audit-artifacts\51x51-module-integrity\20260428_042020\evidence\49_Survey_Sentiment_Engine_15_Seed_Demo_Data_Exists.txt","P2"
"49","Later Add-on","Survey / Sentiment Engine","Product + Dev 5","16","API","API Endpoint Exists","REVIEW","Frontend-Operations","PARTIAL / NEEDS CODE","Create API route/service.","audit-artifacts\51x51-module-integrity\20260428_042020\evidence\49_Survey_Sentiment_Engine_16_API_Endpoint_Exists.txt","P2"
"49","Later Add-on","Survey / Sentiment Engine","Product + Dev 5","17","API","Serializer/Schema Exists","REVIEW","Test-Coverage","PARTIAL / NEEDS CODE","Add serializers/schemas and validation tests.","audit-artifacts\51x51-module-integrity\20260428_042020\evidence\49_Survey_Sentiment_Engine_17_Serializer_Schema_Exists.txt","P2"
"49","Later Add-on","Survey / Sentiment Engine","Product + Dev 5","18","API","Service Layer Exists","REVIEW","CI-Gate-Wiring","PARTIAL / NEEDS CODE","Move workflow logic into service layer.","audit-artifacts\51x51-module-integrity\20260428_042020\evidence\49_Survey_Sentiment_Engine_18_Service_Layer_Exists.txt","P2"
"49","Later Add-on","Survey / Sentiment Engine","Product + Dev 5","19","API","Validation Exists","REVIEW","Test-Coverage","PARTIAL / NEEDS CODE + TEST","Add validation and negative tests.","audit-artifacts\51x51-module-integrity\20260428_042020\evidence\49_Survey_Sentiment_Engine_19_Validation_Exists.txt","P2"
"49","Later Add-on","Survey / Sentiment Engine","Product + Dev 5","20","API","Error Handling Exists","REVIEW","Backend-API","PARTIAL / NEEDS CODE","Add safe errors and logging.","audit-artifacts\51x51-module-integrity\20260428_042020\evidence\49_Survey_Sentiment_Engine_20_Error_Handling_Exists.txt","P2"
"49","Later Add-on","Survey / Sentiment Engine","Product + Dev 5","21","Security","Authentication Required","REVIEW","Test-Coverage","PARTIAL / NEEDS CODE + TEST","Enforce auth on APIs and routes.","audit-artifacts\51x51-module-integrity\20260428_042020\evidence\49_Survey_Sentiment_Engine_21_Authentication_Required.txt","P2"
"49","Later Add-on","Survey / Sentiment Engine","Product + Dev 5","22","Security","Permission Enforcement Exists","REVIEW","Permission-Security","PARTIAL / NEEDS CODE + TEST","Add RBAC checks and tests.","audit-artifacts\51x51-module-integrity\20260428_042020\evidence\49_Survey_Sentiment_Engine_22_Permission_Enforcement_Exists.txt","P2"
"49","Later Add-on","Survey / Sentiment Engine","Product + Dev 5","24","Security","Audit Logging Exists","REVIEW","Test-Coverage","PARTIAL / NEEDS CODE + TEST","Add audit events for mutations/access.","audit-artifacts\51x51-module-integrity\20260428_042020\evidence\49_Survey_Sentiment_Engine_24_Audit_Logging_Exists.txt","P2"
"49","Later Add-on","Survey / Sentiment Engine","Product + Dev 5","25","Security","Sensitive Data Handling Defined","REVIEW","Data-Model","PARTIAL / NEEDS CODE OR DOC","Add data classification and access rules.","audit-artifacts\51x51-module-integrity\20260428_042020\evidence\49_Survey_Sentiment_Engine_25_Sensitive_Data_Handling_Defined.txt","P2"
"49","Later Add-on","Survey / Sentiment Engine","Product + Dev 5","26","Frontend","Route Exists","REVIEW","Frontend-Operations","PARTIAL / NEEDS CODE","Add route and navigation entry.","audit-artifacts\51x51-module-integrity\20260428_042020\evidence\49_Survey_Sentiment_Engine_26_Route_Exists.txt","P2"
"49","Later Add-on","Survey / Sentiment Engine","Product + Dev 5","27","Frontend","Dashboard/Entry Card Exists","REVIEW","Frontend-Operations","PARTIAL / NEEDS CODE","Add dashboard card and module entry.","audit-artifacts\51x51-module-integrity\20260428_042020\evidence\49_Survey_Sentiment_Engine_27_Dashboard_Entry_Card_Exists.txt","P2"
"49","Later Add-on","Survey / Sentiment Engine","Product + Dev 5","28","Frontend","Form UI Exists","REVIEW","Frontend-Operations","PARTIAL / NEEDS CODE","Add standardized form UI.","audit-artifacts\51x51-module-integrity\20260428_042020\evidence\49_Survey_Sentiment_Engine_28_Form_UI_Exists.txt","P2"
"49","Later Add-on","Survey / Sentiment Engine","Product + Dev 5","29","Frontend","Table/List UI Exists","REVIEW","Frontend-Operations","PARTIAL / NEEDS CODE","Add list/table UI.","audit-artifacts\51x51-module-integrity\20260428_042020\evidence\49_Survey_Sentiment_Engine_29_Table_List_UI_Exists.txt","P2"
"49","Later Add-on","Survey / Sentiment Engine","Product + Dev 5","30","Frontend","Empty/Loading/Error States Exist","REVIEW","Frontend-Operations","PARTIAL / NEEDS CODE","Add complete UI states.","audit-artifacts\51x51-module-integrity\20260428_042020\evidence\49_Survey_Sentiment_Engine_30_Empty_Loading_Error_States_Exist.txt","P2"
"49","Later Add-on","Survey / Sentiment Engine","Product + Dev 5","32","KPI","KPI Data Source Exists","REVIEW","Backend-API","PARTIAL / NEEDS CODE","Wire KPI to backend query or service.","audit-artifacts\51x51-module-integrity\20260428_042020\evidence\49_Survey_Sentiment_Engine_32_KPI_Data_Source_Exists.txt","P2"
"49","Later Add-on","Survey / Sentiment Engine","Product + Dev 5","34","KPI","Reporting/Export Exists","REVIEW","Permission-Security","PARTIAL / NEEDS CODE","Add report/export path with RBAC and audit.","audit-artifacts\51x51-module-integrity\20260428_042020\evidence\49_Survey_Sentiment_Engine_34_Reporting_Export_Exists.txt","P2"
"49","Later Add-on","Survey / Sentiment Engine","Product + Dev 5","35","Integration","Core Wiring Exists","REVIEW","Product-Governance","PARTIAL / NEEDS CODE","Wire to Core canonical records.","audit-artifacts\51x51-module-integrity\20260428_042020\evidence\49_Survey_Sentiment_Engine_35_Core_Wiring_Exists.txt","P2"
"49","Later Add-on","Survey / Sentiment Engine","Product + Dev 5","36","Integration","Notification Wiring Exists","REVIEW","General-Remediation","PARTIAL / NEEDS CODE","Add notification hooks.","audit-artifacts\51x51-module-integrity\20260428_042020\evidence\49_Survey_Sentiment_Engine_36_Notification_Wiring_Exists.txt","P2"
"49","Later Add-on","Survey / Sentiment Engine","Product + Dev 5","37","Integration","Calendar Wiring Exists","REVIEW","General-Remediation","PARTIAL / NEEDS CODE","Add calendar/event integration or mark not applicable.","audit-artifacts\51x51-module-integrity\20260428_042020\evidence\49_Survey_Sentiment_Engine_37_Calendar_Wiring_Exists.txt","P2"
"49","Later Add-on","Survey / Sentiment Engine","Product + Dev 5","38","Integration","Microsoft/M365/Teams Posture Exists","REVIEW","General-Remediation","PARTIAL / NEEDS CODE OR DOC","Add enabled/deferred M365/Teams posture.","audit-artifacts\51x51-module-integrity\20260428_042020\evidence\49_Survey_Sentiment_Engine_38_Microsoft_M365_Teams_Posture_Exists.txt","P2"
"49","Later Add-on","Survey / Sentiment Engine","Product + Dev 5","39","Integration","External Webhook/API Contract Exists","REVIEW","Backend-API","PARTIAL / NEEDS CODE OR DOC","Add signed webhook/API contract.","audit-artifacts\51x51-module-integrity\20260428_042020\evidence\49_Survey_Sentiment_Engine_39_External_Webhook_API_Contract_Exists.txt","P2"
"49","Later Add-on","Survey / Sentiment Engine","Product + Dev 5","45","Release","Health/Integrity Check Exists","REVIEW","Test-Coverage","PARTIAL / NEEDS CODE + TEST","Add module to integrity gate.","audit-artifacts\51x51-module-integrity\20260428_042020\evidence\49_Survey_Sentiment_Engine_45_Health_Integrity_Check_Exists.txt","P2"
"49","Later Add-on","Survey / Sentiment Engine","Product + Dev 5","50","Quality","No Placeholder/Fake Production Data","REVIEW","Data-Model","PARTIAL / NEEDS CODE OR DOC","Replace placeholders or clearly sandbox-scope them.","audit-artifacts\51x51-module-integrity\20260428_042020\evidence\49_Survey_Sentiment_Engine_50_No_Placeholder_Fake_Production_Data.txt","P2"
"51","Later Add-on","Standalone Schedule Builder","Product + Dev 5","19","API","Validation Exists","REVIEW","Test-Coverage","IMPLEMENTED / TEST GAP","Add validation and negative tests.","audit-artifacts\51x51-module-integrity\20260428_042020\evidence\51_Standalone_Schedule_Builder_19_Validation_Exists.txt","P2"
"51","Later Add-on","Standalone Schedule Builder","Product + Dev 5","21","Security","Authentication Required","REVIEW","Test-Coverage","IMPLEMENTED / TEST GAP","Enforce auth on APIs and routes.","audit-artifacts\51x51-module-integrity\20260428_042020\evidence\51_Standalone_Schedule_Builder_21_Authentication_Required.txt","P2"
"51","Later Add-on","Standalone Schedule Builder","Product + Dev 5","22","Security","Permission Enforcement Exists","REVIEW","Permission-Security","IMPLEMENTED / TEST GAP","Add RBAC checks and tests.","audit-artifacts\51x51-module-integrity\20260428_042020\evidence\51_Standalone_Schedule_Builder_22_Permission_Enforcement_Exists.txt","P2"
"51","Later Add-on","Standalone Schedule Builder","Product + Dev 5","24","Security","Audit Logging Exists","REVIEW","Test-Coverage","IMPLEMENTED / TEST GAP","Add audit events for mutations/access.","audit-artifacts\51x51-module-integrity\20260428_042020\evidence\51_Standalone_Schedule_Builder_24_Audit_Logging_Exists.txt","P2"
"51","Later Add-on","Standalone Schedule Builder","Product + Dev 5","45","Release","Health/Integrity Check Exists","REVIEW","Test-Coverage","IMPLEMENTED / TEST GAP","Add module to integrity gate.","audit-artifacts\51x51-module-integrity\20260428_042020\evidence\51_Standalone_Schedule_Builder_45_Health_Integrity_Check_Exists.txt","P2"
