proof-ceremony	UNKNOWN STEP	∩╗┐2026-05-25T00:43:55.2818451Z Current runner version: '2.334.0'
proof-ceremony	UNKNOWN STEP	2026-05-25T00:43:55.2839973Z ##[group]Runner Image Provisioner
proof-ceremony	UNKNOWN STEP	2026-05-25T00:43:55.2840730Z Hosted Compute Agent
proof-ceremony	UNKNOWN STEP	2026-05-25T00:43:55.2841173Z Version: 20260213.493
proof-ceremony	UNKNOWN STEP	2026-05-25T00:43:55.2841638Z Commit: 5c115507f6dd24b8de37d8bbe0bb4509d0cc0fa3
proof-ceremony	UNKNOWN STEP	2026-05-25T00:43:55.2842463Z Build Date: 2026-02-13T00:28:41Z
proof-ceremony	UNKNOWN STEP	2026-05-25T00:43:55.2843030Z Worker ID: {6c828978-5f5b-4b4e-a46e-08a357f4d4da}
proof-ceremony	UNKNOWN STEP	2026-05-25T00:43:55.2843557Z Azure Region: westus3
proof-ceremony	UNKNOWN STEP	2026-05-25T00:43:55.2844039Z ##[endgroup]
proof-ceremony	UNKNOWN STEP	2026-05-25T00:43:55.2845092Z ##[group]Operating System
proof-ceremony	UNKNOWN STEP	2026-05-25T00:43:55.2845575Z Ubuntu
proof-ceremony	UNKNOWN STEP	2026-05-25T00:43:55.2846011Z 24.04.4
proof-ceremony	UNKNOWN STEP	2026-05-25T00:43:55.2846388Z LTS
proof-ceremony	UNKNOWN STEP	2026-05-25T00:43:55.2846759Z ##[endgroup]
proof-ceremony	UNKNOWN STEP	2026-05-25T00:43:55.2847198Z ##[group]Runner Image
proof-ceremony	UNKNOWN STEP	2026-05-25T00:43:55.2847618Z Image: ubuntu-24.04
proof-ceremony	UNKNOWN STEP	2026-05-25T00:43:55.2848037Z Version: 20260518.149.1
proof-ceremony	UNKNOWN STEP	2026-05-25T00:43:55.2849076Z Included Software: https://github.com/actions/runner-images/blob/ubuntu24/20260518.149/images/ubuntu/Ubuntu2404-Readme.md
proof-ceremony	UNKNOWN STEP	2026-05-25T00:43:55.2850333Z Image Release: https://github.com/actions/runner-images/releases/tag/ubuntu24%2F20260518.149
proof-ceremony	UNKNOWN STEP	2026-05-25T00:43:55.2851159Z ##[endgroup]
proof-ceremony	UNKNOWN STEP	2026-05-25T00:43:55.2852188Z ##[group]GITHUB_TOKEN Permissions
proof-ceremony	UNKNOWN STEP	2026-05-25T00:43:55.2853884Z Contents: read
proof-ceremony	UNKNOWN STEP	2026-05-25T00:43:55.2854378Z Metadata: read
proof-ceremony	UNKNOWN STEP	2026-05-25T00:43:55.2854789Z ##[endgroup]
proof-ceremony	UNKNOWN STEP	2026-05-25T00:43:55.2856669Z Secret source: Actions
proof-ceremony	UNKNOWN STEP	2026-05-25T00:43:55.2857249Z Prepare workflow directory
proof-ceremony	UNKNOWN STEP	2026-05-25T00:43:55.3349060Z Prepare all required actions
proof-ceremony	UNKNOWN STEP	2026-05-25T00:43:55.3383436Z Getting action download info
proof-ceremony	UNKNOWN STEP	2026-05-25T00:43:55.7835656Z Download action repository 'actions/checkout@b4ffde65f46336ab88eb53be808477a3936bae11' (SHA:b4ffde65f46336ab88eb53be808477a3936bae11)
proof-ceremony	UNKNOWN STEP	2026-05-25T00:43:55.9834607Z Download action repository 'actions/setup-python@7f4fc3e22c37d6ff65e88745f38bd3157c663f7c' (SHA:7f4fc3e22c37d6ff65e88745f38bd3157c663f7c)
proof-ceremony	UNKNOWN STEP	2026-05-25T00:43:56.3379507Z Download action repository 'actions/upload-artifact@ea165f8d65b6e75b540449e92b4886f43607fa02' (SHA:ea165f8d65b6e75b540449e92b4886f43607fa02)
proof-ceremony	UNKNOWN STEP	2026-05-25T00:43:56.6190290Z Complete job name: proof-ceremony
proof-ceremony	UNKNOWN STEP	2026-05-25T00:43:56.6500966Z ##[group]Checking docker version
proof-ceremony	UNKNOWN STEP	2026-05-25T00:43:56.6509833Z ##[command]/usr/bin/docker version --format '{{.Server.APIVersion}}'
proof-ceremony	UNKNOWN STEP	2026-05-25T00:43:56.6895353Z '1.48'
proof-ceremony	UNKNOWN STEP	2026-05-25T00:43:56.6902659Z Docker daemon API version: '1.48'
proof-ceremony	UNKNOWN STEP	2026-05-25T00:43:56.6903355Z ##[command]/usr/bin/docker version --format '{{.Client.APIVersion}}'
proof-ceremony	UNKNOWN STEP	2026-05-25T00:43:56.7032763Z '1.48'
proof-ceremony	UNKNOWN STEP	2026-05-25T00:43:56.7043033Z Docker client API version: '1.48'
proof-ceremony	UNKNOWN STEP	2026-05-25T00:43:56.7047839Z ##[endgroup]
proof-ceremony	UNKNOWN STEP	2026-05-25T00:43:56.7049176Z ##[group]Clean up resources from previous jobs
proof-ceremony	UNKNOWN STEP	2026-05-25T00:43:56.7053192Z ##[command]/usr/bin/docker ps --all --quiet --no-trunc --filter "label=3e7597"
proof-ceremony	UNKNOWN STEP	2026-05-25T00:43:56.7165257Z ##[command]/usr/bin/docker network prune --force --filter "label=3e7597"
proof-ceremony	UNKNOWN STEP	2026-05-25T00:43:56.7269729Z ##[endgroup]
proof-ceremony	UNKNOWN STEP	2026-05-25T00:43:56.7270044Z ##[group]Create local container network
proof-ceremony	UNKNOWN STEP	2026-05-25T00:43:56.7276947Z ##[command]/usr/bin/docker network create --label 3e7597 github_network_e7f869cf1f3948c39cb06d0a9c135331
proof-ceremony	UNKNOWN STEP	2026-05-25T00:43:56.8988252Z ea5a757d26e3e60981d3452bbed1aca223a7d5ff25de14e0f88d3d0abf94b512
proof-ceremony	UNKNOWN STEP	2026-05-25T00:43:56.8996260Z ##[endgroup]
proof-ceremony	UNKNOWN STEP	2026-05-25T00:43:56.9013776Z ##[group]Starting postgres service container
proof-ceremony	UNKNOWN STEP	2026-05-25T00:43:56.9027199Z ##[command]/usr/bin/docker pull postgres:15
proof-ceremony	UNKNOWN STEP	2026-05-25T00:43:58.2453103Z 15: Pulling from library/postgres
proof-ceremony	UNKNOWN STEP	2026-05-25T00:43:58.8521542Z 5b4d6ff92fc4: Pulling fs layer
proof-ceremony	UNKNOWN STEP	2026-05-25T00:43:58.8522566Z faac557a4014: Pulling fs layer
proof-ceremony	UNKNOWN STEP	2026-05-25T00:43:58.8523192Z 23ae1f680f8f: Pulling fs layer
proof-ceremony	UNKNOWN STEP	2026-05-25T00:43:58.8543899Z d85a6fe690f8: Pulling fs layer
proof-ceremony	UNKNOWN STEP	2026-05-25T00:43:58.8545388Z a1b56273edfa: Pulling fs layer
proof-ceremony	UNKNOWN STEP	2026-05-25T00:43:58.8545788Z 74e78423263b: Pulling fs layer
proof-ceremony	UNKNOWN STEP	2026-05-25T00:43:58.8546119Z e64c84d18f15: Pulling fs layer
proof-ceremony	UNKNOWN STEP	2026-05-25T00:43:58.8546448Z e15d3b4493f3: Pulling fs layer
proof-ceremony	UNKNOWN STEP	2026-05-25T00:43:58.8546774Z 450a0feadfd8: Pulling fs layer
proof-ceremony	UNKNOWN STEP	2026-05-25T00:43:58.8547564Z 4f7b5a6f4005: Pulling fs layer
proof-ceremony	UNKNOWN STEP	2026-05-25T00:43:58.8547869Z 02dde53e1bfd: Pulling fs layer
proof-ceremony	UNKNOWN STEP	2026-05-25T00:43:58.8548216Z ec2378712a6f: Pulling fs layer
proof-ceremony	UNKNOWN STEP	2026-05-25T00:43:58.8548538Z 1622e7a6bba6: Pulling fs layer
proof-ceremony	UNKNOWN STEP	2026-05-25T00:43:58.8548863Z 3b99619cea16: Pulling fs layer
proof-ceremony	UNKNOWN STEP	2026-05-25T00:43:58.8549500Z d85a6fe690f8: Waiting
proof-ceremony	UNKNOWN STEP	2026-05-25T00:43:58.8549693Z 4f7b5a6f4005: Waiting
proof-ceremony	UNKNOWN STEP	2026-05-25T00:43:58.8549902Z a1b56273edfa: Waiting
proof-ceremony	UNKNOWN STEP	2026-05-25T00:43:58.8550052Z 02dde53e1bfd: Waiting
proof-ceremony	UNKNOWN STEP	2026-05-25T00:43:58.8550206Z ec2378712a6f: Waiting
proof-ceremony	UNKNOWN STEP	2026-05-25T00:43:58.8550383Z 74e78423263b: Waiting
proof-ceremony	UNKNOWN STEP	2026-05-25T00:43:58.8550478Z 1622e7a6bba6: Waiting
proof-ceremony	UNKNOWN STEP	2026-05-25T00:43:58.8550581Z e64c84d18f15: Waiting
proof-ceremony	UNKNOWN STEP	2026-05-25T00:43:58.8550678Z 3b99619cea16: Waiting
proof-ceremony	UNKNOWN STEP	2026-05-25T00:43:58.8550775Z e15d3b4493f3: Waiting
proof-ceremony	UNKNOWN STEP	2026-05-25T00:43:58.8550875Z 450a0feadfd8: Waiting
proof-ceremony	UNKNOWN STEP	2026-05-25T00:43:59.0618377Z faac557a4014: Download complete
proof-ceremony	UNKNOWN STEP	2026-05-25T00:43:59.1642187Z 23ae1f680f8f: Verifying Checksum
proof-ceremony	UNKNOWN STEP	2026-05-25T00:43:59.1642756Z 23ae1f680f8f: Download complete
proof-ceremony	UNKNOWN STEP	2026-05-25T00:43:59.2311667Z 5b4d6ff92fc4: Verifying Checksum
proof-ceremony	UNKNOWN STEP	2026-05-25T00:43:59.2335449Z 5b4d6ff92fc4: Download complete
proof-ceremony	UNKNOWN STEP	2026-05-25T00:43:59.3409833Z d85a6fe690f8: Verifying Checksum
proof-ceremony	UNKNOWN STEP	2026-05-25T00:43:59.3410983Z d85a6fe690f8: Download complete
proof-ceremony	UNKNOWN STEP	2026-05-25T00:43:59.4810221Z a1b56273edfa: Verifying Checksum
proof-ceremony	UNKNOWN STEP	2026-05-25T00:43:59.4812143Z a1b56273edfa: Download complete
proof-ceremony	UNKNOWN STEP	2026-05-25T00:43:59.4937923Z 74e78423263b: Verifying Checksum
proof-ceremony	UNKNOWN STEP	2026-05-25T00:43:59.4938547Z 74e78423263b: Download complete
proof-ceremony	UNKNOWN STEP	2026-05-25T00:43:59.5535377Z e64c84d18f15: Verifying Checksum
proof-ceremony	UNKNOWN STEP	2026-05-25T00:43:59.5537480Z e64c84d18f15: Download complete
proof-ceremony	UNKNOWN STEP	2026-05-25T00:43:59.7018388Z e15d3b4493f3: Download complete
proof-ceremony	UNKNOWN STEP	2026-05-25T00:43:59.7802963Z 4f7b5a6f4005: Verifying Checksum
proof-ceremony	UNKNOWN STEP	2026-05-25T00:43:59.7804667Z 4f7b5a6f4005: Download complete
proof-ceremony	UNKNOWN STEP	2026-05-25T00:43:59.9230469Z 02dde53e1bfd: Verifying Checksum
proof-ceremony	UNKNOWN STEP	2026-05-25T00:43:59.9231419Z 02dde53e1bfd: Download complete
proof-ceremony	UNKNOWN STEP	2026-05-25T00:44:00.0064465Z ec2378712a6f: Verifying Checksum
proof-ceremony	UNKNOWN STEP	2026-05-25T00:44:00.0066215Z ec2378712a6f: Download complete
proof-ceremony	UNKNOWN STEP	2026-05-25T00:44:00.0927633Z 450a0feadfd8: Verifying Checksum
proof-ceremony	UNKNOWN STEP	2026-05-25T00:44:00.0928985Z 450a0feadfd8: Download complete
proof-ceremony	UNKNOWN STEP	2026-05-25T00:44:00.1438592Z 1622e7a6bba6: Verifying Checksum
proof-ceremony	UNKNOWN STEP	2026-05-25T00:44:00.1439146Z 1622e7a6bba6: Download complete
proof-ceremony	UNKNOWN STEP	2026-05-25T00:44:00.2306986Z 3b99619cea16: Verifying Checksum
proof-ceremony	UNKNOWN STEP	2026-05-25T00:44:00.2307716Z 3b99619cea16: Download complete
proof-ceremony	UNKNOWN STEP	2026-05-25T00:44:00.8224818Z 5b4d6ff92fc4: Pull complete
proof-ceremony	UNKNOWN STEP	2026-05-25T00:44:07.2691981Z faac557a4014: Pull complete
proof-ceremony	UNKNOWN STEP	2026-05-25T00:44:07.6152312Z 23ae1f680f8f: Pull complete
proof-ceremony	UNKNOWN STEP	2026-05-25T00:44:07.7677193Z d85a6fe690f8: Pull complete
proof-ceremony	UNKNOWN STEP	2026-05-25T00:44:08.3296269Z a1b56273edfa: Pull complete
proof-ceremony	UNKNOWN STEP	2026-05-25T00:44:08.5405761Z 74e78423263b: Pull complete
proof-ceremony	UNKNOWN STEP	2026-05-25T00:44:08.5548417Z e64c84d18f15: Pull complete
proof-ceremony	UNKNOWN STEP	2026-05-25T00:44:08.5738672Z e15d3b4493f3: Pull complete
proof-ceremony	UNKNOWN STEP	2026-05-25T00:44:14.3635366Z 450a0feadfd8: Pull complete
proof-ceremony	UNKNOWN STEP	2026-05-25T00:44:14.8297480Z 4f7b5a6f4005: Pull complete
proof-ceremony	UNKNOWN STEP	2026-05-25T00:44:14.9975611Z 02dde53e1bfd: Pull complete
proof-ceremony	UNKNOWN STEP	2026-05-25T00:44:15.0280080Z ec2378712a6f: Pull complete
proof-ceremony	UNKNOWN STEP	2026-05-25T00:44:15.0450043Z 1622e7a6bba6: Pull complete
proof-ceremony	UNKNOWN STEP	2026-05-25T00:44:15.0629571Z 3b99619cea16: Pull complete
proof-ceremony	UNKNOWN STEP	2026-05-25T00:44:15.0689524Z Digest: sha256:1b92e7a80c021647bf70f5d3eb66066a998e4f5cf43c07bb9dc9f729782cf88e
proof-ceremony	UNKNOWN STEP	2026-05-25T00:44:15.0703214Z Status: Downloaded newer image for postgres:15
proof-ceremony	UNKNOWN STEP	2026-05-25T00:44:15.0710108Z docker.io/library/postgres:15
proof-ceremony	UNKNOWN STEP	2026-05-25T00:44:15.0760460Z ##[command]/usr/bin/docker create --name ea6e8e9ec43f4a0095da19c8554f0e68_postgres15_96add5 --label 3e7597 --network github_network_e7f869cf1f3948c39cb06d0a9c135331 --network-alias postgres -p 5432:5432 --health-cmd pg_isready --health-interval 10s --health-timeout 5s --health-retries 5 -e "POSTGRES_USER=crown" -e "POSTGRES_PASSWORD=crown_test_pw" -e "POSTGRES_DB=crown_test" -e GITHUB_ACTIONS=true -e CI=true postgres:15
proof-ceremony	UNKNOWN STEP	2026-05-25T00:44:15.4091595Z 3cb321a2526c5904e328049800c546e4ca5ff6e70760a92839ce1816cd3d7ac9
proof-ceremony	UNKNOWN STEP	2026-05-25T00:44:15.4111156Z ##[command]/usr/bin/docker start 3cb321a2526c5904e328049800c546e4ca5ff6e70760a92839ce1816cd3d7ac9
proof-ceremony	UNKNOWN STEP	2026-05-25T00:44:16.1371407Z 3cb321a2526c5904e328049800c546e4ca5ff6e70760a92839ce1816cd3d7ac9
proof-ceremony	UNKNOWN STEP	2026-05-25T00:44:16.1397634Z ##[command]/usr/bin/docker ps --all --filter id=3cb321a2526c5904e328049800c546e4ca5ff6e70760a92839ce1816cd3d7ac9 --filter status=running --no-trunc --format "{{.ID}} {{.Status}}"
proof-ceremony	UNKNOWN STEP	2026-05-25T00:44:16.1492745Z 3cb321a2526c5904e328049800c546e4ca5ff6e70760a92839ce1816cd3d7ac9 Up Less than a second (health: starting)
proof-ceremony	UNKNOWN STEP	2026-05-25T00:44:16.3106396Z ##[command]/usr/bin/docker port 3cb321a2526c5904e328049800c546e4ca5ff6e70760a92839ce1816cd3d7ac9
proof-ceremony	UNKNOWN STEP	2026-05-25T00:44:16.3239079Z 5432/tcp -> 0.0.0.0:5432
proof-ceremony	UNKNOWN STEP	2026-05-25T00:44:16.3240523Z 5432/tcp -> [::]:5432
proof-ceremony	UNKNOWN STEP	2026-05-25T00:44:16.3292307Z ##[endgroup]
proof-ceremony	UNKNOWN STEP	2026-05-25T00:44:16.3300614Z ##[group]Waiting for all services to be ready
proof-ceremony	UNKNOWN STEP	2026-05-25T00:44:16.3313506Z ##[command]/usr/bin/docker inspect --format="{{if .Config.Healthcheck}}{{print .State.Health.Status}}{{end}}" 3cb321a2526c5904e328049800c546e4ca5ff6e70760a92839ce1816cd3d7ac9
proof-ceremony	UNKNOWN STEP	2026-05-25T00:44:16.3459687Z starting
proof-ceremony	UNKNOWN STEP	2026-05-25T00:44:16.3473510Z postgres service is starting, waiting 2 seconds before checking again.
proof-ceremony	UNKNOWN STEP	2026-05-25T00:44:18.3482697Z ##[command]/usr/bin/docker inspect --format="{{if .Config.Healthcheck}}{{print .State.Health.Status}}{{end}}" 3cb321a2526c5904e328049800c546e4ca5ff6e70760a92839ce1816cd3d7ac9
proof-ceremony	UNKNOWN STEP	2026-05-25T00:44:18.3579417Z starting
proof-ceremony	UNKNOWN STEP	2026-05-25T00:44:18.3590550Z postgres service is starting, waiting 4 seconds before checking again.
proof-ceremony	UNKNOWN STEP	2026-05-25T00:44:22.6332480Z ##[command]/usr/bin/docker inspect --format="{{if .Config.Healthcheck}}{{print .State.Health.Status}}{{end}}" 3cb321a2526c5904e328049800c546e4ca5ff6e70760a92839ce1816cd3d7ac9
proof-ceremony	UNKNOWN STEP	2026-05-25T00:44:22.6425501Z starting
proof-ceremony	UNKNOWN STEP	2026-05-25T00:44:22.6439027Z postgres service is starting, waiting 7 seconds before checking again.
proof-ceremony	UNKNOWN STEP	2026-05-25T00:44:29.6861610Z ##[command]/usr/bin/docker inspect --format="{{if .Config.Healthcheck}}{{print .State.Health.Status}}{{end}}" 3cb321a2526c5904e328049800c546e4ca5ff6e70760a92839ce1816cd3d7ac9
proof-ceremony	UNKNOWN STEP	2026-05-25T00:44:29.7020309Z healthy
proof-ceremony	UNKNOWN STEP	2026-05-25T00:44:29.7035497Z postgres service is healthy.
proof-ceremony	UNKNOWN STEP	2026-05-25T00:44:29.7035859Z ##[endgroup]
proof-ceremony	UNKNOWN STEP	2026-05-25T00:44:29.7200448Z ##[group]Run actions/checkout@b4ffde65f46336ab88eb53be808477a3936bae11
proof-ceremony	UNKNOWN STEP	2026-05-25T00:44:29.7200738Z with:
proof-ceremony	UNKNOWN STEP	2026-05-25T00:44:29.7200847Z   repository: tcmegahan/Crown2026
proof-ceremony	UNKNOWN STEP	2026-05-25T00:44:29.7201123Z   token: ***
proof-ceremony	UNKNOWN STEP	2026-05-25T00:44:29.7201222Z   ssh-strict: true
proof-ceremony	UNKNOWN STEP	2026-05-25T00:44:29.7201334Z   persist-credentials: true
proof-ceremony	UNKNOWN STEP	2026-05-25T00:44:29.7201456Z   clean: true
proof-ceremony	UNKNOWN STEP	2026-05-25T00:44:29.7201569Z   sparse-checkout-cone-mode: true
proof-ceremony	UNKNOWN STEP	2026-05-25T00:44:29.7201700Z   fetch-depth: 1
proof-ceremony	UNKNOWN STEP	2026-05-25T00:44:29.7202040Z   fetch-tags: false
proof-ceremony	UNKNOWN STEP	2026-05-25T00:44:29.7202210Z   show-progress: true
proof-ceremony	UNKNOWN STEP	2026-05-25T00:44:29.7202330Z   lfs: false
proof-ceremony	UNKNOWN STEP	2026-05-25T00:44:29.7202423Z   submodules: false
proof-ceremony	UNKNOWN STEP	2026-05-25T00:44:29.7202532Z   set-safe-directory: true
proof-ceremony	UNKNOWN STEP	2026-05-25T00:44:29.7202754Z env:
proof-ceremony	UNKNOWN STEP	2026-05-25T00:44:29.7202860Z   DJANGO_SETTINGS_MODULE: crown_api.settings
proof-ceremony	UNKNOWN STEP	2026-05-25T00:44:29.7203033Z   DJANGO_SECRET_KEY: ci-test-secret-key
proof-ceremony	UNKNOWN STEP	2026-05-25T00:44:29.7203305Z   DATABASE_URL: ***localhost:5432/crown_test
proof-ceremony	UNKNOWN STEP	2026-05-25T00:44:29.7203493Z   CROWN_PASSWORD: ***
proof-ceremony	UNKNOWN STEP	2026-05-25T00:44:29.7203601Z ##[endgroup]
proof-ceremony	UNKNOWN STEP	2026-05-25T00:44:29.7818119Z Syncing repository: tcmegahan/Crown2026
proof-ceremony	UNKNOWN STEP	2026-05-25T00:44:29.7824303Z ##[group]Getting Git version info
proof-ceremony	UNKNOWN STEP	2026-05-25T00:44:29.7824654Z Working directory is '/home/runner/work/Crown2026/Crown2026'
proof-ceremony	UNKNOWN STEP	2026-05-25T00:44:29.7825124Z [command]/usr/bin/git version
proof-ceremony	UNKNOWN STEP	2026-05-25T00:44:29.7852749Z git version 2.54.0
proof-ceremony	UNKNOWN STEP	2026-05-25T00:44:29.7868191Z ##[endgroup]
proof-ceremony	UNKNOWN STEP	2026-05-25T00:44:29.7879150Z Temporarily overriding HOME='/home/runner/work/_temp/b9f33971-aeb1-422e-9298-257e80c8fae9' before making global git config changes
proof-ceremony	UNKNOWN STEP	2026-05-25T00:44:29.7879917Z Adding repository directory to the temporary git global config as a safe directory
proof-ceremony	UNKNOWN STEP	2026-05-25T00:44:29.7882609Z [command]/usr/bin/git config --global --add safe.directory /home/runner/work/Crown2026/Crown2026
proof-ceremony	UNKNOWN STEP	2026-05-25T00:44:29.7909971Z Deleting the contents of '/home/runner/work/Crown2026/Crown2026'
proof-ceremony	UNKNOWN STEP	2026-05-25T00:44:29.7912951Z ##[group]Initializing the repository
proof-ceremony	UNKNOWN STEP	2026-05-25T00:44:29.7915287Z [command]/usr/bin/git init /home/runner/work/Crown2026/Crown2026
proof-ceremony	UNKNOWN STEP	2026-05-25T00:44:29.8062077Z hint: Using 'master' as the name for the initial branch. This default branch name
proof-ceremony	UNKNOWN STEP	2026-05-25T00:44:29.8065447Z hint: will change to "main" in Git 3.0. To configure the initial branch name
proof-ceremony	UNKNOWN STEP	2026-05-25T00:44:29.8066871Z hint: to use in all of your new repositories, which will suppress this warning,
proof-ceremony	UNKNOWN STEP	2026-05-25T00:44:29.8067263Z hint: call:
proof-ceremony	UNKNOWN STEP	2026-05-25T00:44:29.8067504Z hint:
proof-ceremony	UNKNOWN STEP	2026-05-25T00:44:29.8067826Z hint: 	git config --global init.defaultBranch <name>
proof-ceremony	UNKNOWN STEP	2026-05-25T00:44:29.8068179Z hint:
proof-ceremony	UNKNOWN STEP	2026-05-25T00:44:29.8068507Z hint: Names commonly chosen instead of 'master' are 'main', 'trunk' and
proof-ceremony	UNKNOWN STEP	2026-05-25T00:44:29.8068998Z hint: 'development'. The just-created branch can be renamed via this command:
proof-ceremony	UNKNOWN STEP	2026-05-25T00:44:29.8069370Z hint:
proof-ceremony	UNKNOWN STEP	2026-05-25T00:44:29.8069598Z hint: 	git branch -m <name>
proof-ceremony	UNKNOWN STEP	2026-05-25T00:44:29.8069874Z hint:
proof-ceremony	UNKNOWN STEP	2026-05-25T00:44:29.8070250Z hint: Disable this message with "git config set advice.defaultBranchName false"
proof-ceremony	UNKNOWN STEP	2026-05-25T00:44:29.8070834Z Initialized empty Git repository in /home/runner/work/Crown2026/Crown2026/.git/
proof-ceremony	UNKNOWN STEP	2026-05-25T00:44:29.8072911Z [command]/usr/bin/git remote add origin https://github.com/tcmegahan/Crown2026
proof-ceremony	UNKNOWN STEP	2026-05-25T00:44:29.8099057Z ##[endgroup]
proof-ceremony	UNKNOWN STEP	2026-05-25T00:44:29.8099482Z ##[group]Disabling automatic garbage collection
proof-ceremony	UNKNOWN STEP	2026-05-25T00:44:29.8101633Z [command]/usr/bin/git config --local gc.auto 0
proof-ceremony	UNKNOWN STEP	2026-05-25T00:44:29.8124939Z ##[endgroup]
proof-ceremony	UNKNOWN STEP	2026-05-25T00:44:29.8125305Z ##[group]Setting up auth
proof-ceremony	UNKNOWN STEP	2026-05-25T00:44:29.8129262Z [command]/usr/bin/git config --local --name-only --get-regexp core\.sshCommand
proof-ceremony	UNKNOWN STEP	2026-05-25T00:44:29.8151584Z [command]/usr/bin/git submodule foreach --recursive sh -c "git config --local --name-only --get-regexp 'core\.sshCommand' && git config --local --unset-all 'core.sshCommand' || :"
proof-ceremony	UNKNOWN STEP	2026-05-25T00:44:29.8459109Z [command]/usr/bin/git config --local --name-only --get-regexp http\.https\:\/\/github\.com\/\.extraheader
proof-ceremony	UNKNOWN STEP	2026-05-25T00:44:29.8481607Z [command]/usr/bin/git submodule foreach --recursive sh -c "git config --local --name-only --get-regexp 'http\.https\:\/\/github\.com\/\.extraheader' && git config --local --unset-all 'http.https://github.com/.extraheader' || :"
proof-ceremony	UNKNOWN STEP	2026-05-25T00:44:29.8656024Z [command]/usr/bin/git config --local http.https://github.com/.extraheader AUTHORIZATION: basic ***
proof-ceremony	UNKNOWN STEP	2026-05-25T00:44:29.8682768Z ##[endgroup]
proof-ceremony	UNKNOWN STEP	2026-05-25T00:44:29.8683209Z ##[group]Fetching the repository
proof-ceremony	UNKNOWN STEP	2026-05-25T00:44:29.8688702Z [command]/usr/bin/git -c protocol.version=2 fetch --no-tags --prune --no-recurse-submodules --depth=1 origin +1df88739d118943ad1617865cb06ba5c8422d341:refs/remotes/pull/847/merge
proof-ceremony	UNKNOWN STEP	2026-05-25T00:44:36.9806108Z From https://github.com/tcmegahan/Crown2026
proof-ceremony	UNKNOWN STEP	2026-05-25T00:44:36.9806893Z  * [new ref]         1df88739d118943ad1617865cb06ba5c8422d341 -> pull/847/merge
proof-ceremony	UNKNOWN STEP	2026-05-25T00:44:36.9826505Z ##[endgroup]
proof-ceremony	UNKNOWN STEP	2026-05-25T00:44:36.9827001Z ##[group]Determining the checkout info
proof-ceremony	UNKNOWN STEP	2026-05-25T00:44:36.9828424Z ##[endgroup]
proof-ceremony	UNKNOWN STEP	2026-05-25T00:44:36.9828848Z ##[group]Checking out the ref
proof-ceremony	UNKNOWN STEP	2026-05-25T00:44:36.9832562Z [command]/usr/bin/git checkout --progress --force refs/remotes/pull/847/merge
proof-ceremony	UNKNOWN STEP	2026-05-25T00:44:37.6117393Z Note: switching to 'refs/remotes/pull/847/merge'.
proof-ceremony	UNKNOWN STEP	2026-05-25T00:44:37.6120650Z 
proof-ceremony	UNKNOWN STEP	2026-05-25T00:44:37.6120949Z You are in 'detached HEAD' state. You can look around, make experimental
proof-ceremony	UNKNOWN STEP	2026-05-25T00:44:37.6121534Z changes and commit them, and you can discard any commits you make in this
proof-ceremony	UNKNOWN STEP	2026-05-25T00:44:37.6122308Z state without impacting any branches by switching back to a branch.
proof-ceremony	UNKNOWN STEP	2026-05-25T00:44:37.6122642Z 
proof-ceremony	UNKNOWN STEP	2026-05-25T00:44:37.6122904Z If you want to create a new branch to retain commits you create, you may
proof-ceremony	UNKNOWN STEP	2026-05-25T00:44:37.6123471Z do so (now or later) by using -c with the switch command. Example:
proof-ceremony	UNKNOWN STEP	2026-05-25T00:44:37.6123794Z 
proof-ceremony	UNKNOWN STEP	2026-05-25T00:44:37.6123996Z   git switch -c <new-branch-name>
proof-ceremony	UNKNOWN STEP	2026-05-25T00:44:37.6124542Z 
proof-ceremony	UNKNOWN STEP	2026-05-25T00:44:37.6124744Z Or undo this operation with:
proof-ceremony	UNKNOWN STEP	2026-05-25T00:44:37.6124980Z 
proof-ceremony	UNKNOWN STEP	2026-05-25T00:44:37.6125164Z   git switch -
proof-ceremony	UNKNOWN STEP	2026-05-25T00:44:37.6125388Z 
proof-ceremony	UNKNOWN STEP	2026-05-25T00:44:37.6125668Z Turn off this advice by setting config variable advice.detachedHead to false
proof-ceremony	UNKNOWN STEP	2026-05-25T00:44:37.6126029Z 
proof-ceremony	UNKNOWN STEP	2026-05-25T00:44:37.6126426Z HEAD is now at 1df8873 Merge 6f75892aa31cf8e6a8eab6d18fa18ba5bf03a1ca into d6da200523eedf48498abf37a07a80f81bb6c0af
proof-ceremony	UNKNOWN STEP	2026-05-25T00:44:37.6161076Z ##[endgroup]
proof-ceremony	UNKNOWN STEP	2026-05-25T00:44:37.6198250Z [command]/usr/bin/git log -1 --format='%H'
proof-ceremony	UNKNOWN STEP	2026-05-25T00:44:37.6219598Z '1df88739d118943ad1617865cb06ba5c8422d341'
proof-ceremony	UNKNOWN STEP	2026-05-25T00:44:37.6345805Z ##[group]Run echo "HOST=$(hostname)"
proof-ceremony	UNKNOWN STEP	2026-05-25T00:44:37.6346013Z [36;1mecho "HOST=$(hostname)"[0m
proof-ceremony	UNKNOWN STEP	2026-05-25T00:44:37.6346144Z [36;1mecho "WHO=$(whoami)"[0m
proof-ceremony	UNKNOWN STEP	2026-05-25T00:44:37.6346309Z [36;1mpython3 --version || python --version || true[0m
proof-ceremony	UNKNOWN STEP	2026-05-25T00:44:37.6346472Z [36;1mnode --version || true[0m
proof-ceremony	UNKNOWN STEP	2026-05-25T00:44:37.6346597Z [36;1mnpm --version || true[0m
proof-ceremony	UNKNOWN STEP	2026-05-25T00:44:37.6346732Z [36;1mdocker --version || true[0m
proof-ceremony	UNKNOWN STEP	2026-05-25T00:44:37.6346856Z [36;1mdf -h || true[0m
proof-ceremony	UNKNOWN STEP	2026-05-25T00:44:37.6376142Z shell: /usr/bin/bash -e {0}
proof-ceremony	UNKNOWN STEP	2026-05-25T00:44:37.6376278Z env:
proof-ceremony	UNKNOWN STEP	2026-05-25T00:44:37.6376388Z   DJANGO_SETTINGS_MODULE: crown_api.settings
proof-ceremony	UNKNOWN STEP	2026-05-25T00:44:37.6376538Z   DJANGO_SECRET_KEY: ci-test-secret-key
proof-ceremony	UNKNOWN STEP	2026-05-25T00:44:37.6376950Z   DATABASE_URL: ***localhost:5432/crown_test
proof-ceremony	UNKNOWN STEP	2026-05-25T00:44:37.6377110Z   CROWN_PASSWORD: ***
proof-ceremony	UNKNOWN STEP	2026-05-25T00:44:37.6377222Z ##[endgroup]
proof-ceremony	UNKNOWN STEP	2026-05-25T00:44:37.6445869Z HOST=runnervmg397c
proof-ceremony	UNKNOWN STEP	2026-05-25T00:44:37.6460164Z WHO=runner
proof-ceremony	UNKNOWN STEP	2026-05-25T00:44:37.6469243Z Python 3.12.3
proof-ceremony	UNKNOWN STEP	2026-05-25T00:44:38.0236840Z v22.22.3
proof-ceremony	UNKNOWN STEP	2026-05-25T00:44:38.1505308Z 10.9.8
proof-ceremony	UNKNOWN STEP	2026-05-25T00:44:38.1642113Z Docker version 28.0.4, build b8034c0
proof-ceremony	UNKNOWN STEP	2026-05-25T00:44:38.1804269Z Filesystem       Size  Used Avail Use% Mounted on
proof-ceremony	UNKNOWN STEP	2026-05-25T00:44:38.1804706Z /dev/root         72G   56G   17G  78% /
proof-ceremony	UNKNOWN STEP	2026-05-25T00:44:38.1805023Z tmpfs            3.9G   84K  3.9G   1% /dev/shm
proof-ceremony	UNKNOWN STEP	2026-05-25T00:44:38.1808522Z tmpfs            1.6G  1.1M  1.6G   1% /run
proof-ceremony	UNKNOWN STEP	2026-05-25T00:44:38.1808801Z tmpfs            5.0M     0  5.0M   0% /run/lock
proof-ceremony	UNKNOWN STEP	2026-05-25T00:44:38.1809081Z /dev/nvme0n1p16  881M   64M  756M   8% /boot
proof-ceremony	UNKNOWN STEP	2026-05-25T00:44:38.1809593Z /dev/nvme0n1p15  105M  6.2M   99M   6% /boot/efi
proof-ceremony	UNKNOWN STEP	2026-05-25T00:44:38.1809829Z tmpfs            794M   12K  794M   1% /run/user/1001
proof-ceremony	UNKNOWN STEP	2026-05-25T00:44:38.1866423Z ##[group]Run actions/setup-python@7f4fc3e22c37d6ff65e88745f38bd3157c663f7c
proof-ceremony	UNKNOWN STEP	2026-05-25T00:44:38.1866621Z with:
proof-ceremony	UNKNOWN STEP	2026-05-25T00:44:38.1866722Z   python-version: 3.12
proof-ceremony	UNKNOWN STEP	2026-05-25T00:44:38.1866828Z   cache: pip
proof-ceremony	UNKNOWN STEP	2026-05-25T00:44:38.1866941Z   cache-dependency-path: requirements.txt
proof-ceremony	UNKNOWN STEP	2026-05-25T00:44:38.1867081Z   check-latest: false
proof-ceremony	UNKNOWN STEP	2026-05-25T00:44:38.1867249Z   token: ***
proof-ceremony	UNKNOWN STEP	2026-05-25T00:44:38.1867348Z   update-environment: true
proof-ceremony	UNKNOWN STEP	2026-05-25T00:44:38.1867473Z   allow-prereleases: false
proof-ceremony	UNKNOWN STEP	2026-05-25T00:44:38.1867583Z env:
proof-ceremony	UNKNOWN STEP	2026-05-25T00:44:38.1867687Z   DJANGO_SETTINGS_MODULE: crown_api.settings
proof-ceremony	UNKNOWN STEP	2026-05-25T00:44:38.1867846Z   DJANGO_SECRET_KEY: ci-test-secret-key
proof-ceremony	UNKNOWN STEP	2026-05-25T00:44:38.1868075Z   DATABASE_URL: ***localhost:5432/crown_test
proof-ceremony	UNKNOWN STEP	2026-05-25T00:44:38.1868221Z   CROWN_PASSWORD: ***
proof-ceremony	UNKNOWN STEP	2026-05-25T00:44:38.1868327Z ##[endgroup]
proof-ceremony	UNKNOWN STEP	2026-05-25T00:44:38.2918443Z ##[group]Installed versions
proof-ceremony	UNKNOWN STEP	2026-05-25T00:44:38.3008649Z Successfully set up CPython (3.12.13)
proof-ceremony	UNKNOWN STEP	2026-05-25T00:44:38.3009191Z ##[endgroup]
proof-ceremony	UNKNOWN STEP	2026-05-25T00:44:38.3210948Z [command]/opt/hostedtoolcache/Python/3.12.13/x64/bin/pip cache dir
proof-ceremony	UNKNOWN STEP	2026-05-25T00:44:38.5935773Z /home/runner/.cache/pip
proof-ceremony	UNKNOWN STEP	2026-05-25T00:44:38.8331379Z Cache hit for: setup-python-Linux-24.04-Ubuntu-python-3.12.13-pip-8f4e0cb6d51bc2a91a41bfea39676636732fe04f05e5b05217ba8e0010214eb2
proof-ceremony	UNKNOWN STEP	2026-05-25T00:44:40.1103822Z Received 29360128 of 68211050 (43.0%), 28.0 MBs/sec
proof-ceremony	UNKNOWN STEP	2026-05-25T00:44:40.3871753Z Received 68211050 of 68211050 (100.0%), 50.9 MBs/sec
proof-ceremony	UNKNOWN STEP	2026-05-25T00:44:40.3873270Z Cache Size: ~65 MB (68211050 B)
proof-ceremony	UNKNOWN STEP	2026-05-25T00:44:40.4015270Z [command]/usr/bin/tar -xf /home/runner/work/_temp/f115fa5f-fb24-49d4-abbf-c0cf237c9bd8/cache.tzst -P -C /home/runner/work/Crown2026/Crown2026 --use-compress-program unzstd
proof-ceremony	UNKNOWN STEP	2026-05-25T00:44:40.5058798Z Cache restored successfully
proof-ceremony	UNKNOWN STEP	2026-05-25T00:44:40.5103358Z Cache restored from key: setup-python-Linux-24.04-Ubuntu-python-3.12.13-pip-8f4e0cb6d51bc2a91a41bfea39676636732fe04f05e5b05217ba8e0010214eb2
proof-ceremony	UNKNOWN STEP	2026-05-25T00:44:40.5218937Z ##[group]Run python -m pip install --upgrade pip
proof-ceremony	UNKNOWN STEP	2026-05-25T00:44:40.5219152Z [36;1mpython -m pip install --upgrade pip[0m
proof-ceremony	UNKNOWN STEP	2026-05-25T00:44:40.5219315Z [36;1mpip install -r requirements.txt[0m
proof-ceremony	UNKNOWN STEP	2026-05-25T00:44:40.5251530Z shell: /usr/bin/bash -e {0}
proof-ceremony	UNKNOWN STEP	2026-05-25T00:44:40.5251669Z env:
proof-ceremony	UNKNOWN STEP	2026-05-25T00:44:40.5251930Z   DJANGO_SETTINGS_MODULE: crown_api.settings
proof-ceremony	UNKNOWN STEP	2026-05-25T00:44:40.5252110Z   DJANGO_SECRET_KEY: ci-test-secret-key
proof-ceremony	UNKNOWN STEP	2026-05-25T00:44:40.5252523Z   DATABASE_URL: ***localhost:5432/crown_test
proof-ceremony	UNKNOWN STEP	2026-05-25T00:44:40.5252695Z   CROWN_PASSWORD: ***
proof-ceremony	UNKNOWN STEP	2026-05-25T00:44:40.5252857Z   pythonLocation: /opt/hostedtoolcache/Python/3.12.13/x64
proof-ceremony	UNKNOWN STEP	2026-05-25T00:44:40.5253111Z   PKG_CONFIG_PATH: /opt/hostedtoolcache/Python/3.12.13/x64/lib/pkgconfig
proof-ceremony	UNKNOWN STEP	2026-05-25T00:44:40.5253336Z   Python_ROOT_DIR: /opt/hostedtoolcache/Python/3.12.13/x64
proof-ceremony	UNKNOWN STEP	2026-05-25T00:44:40.5253536Z   Python2_ROOT_DIR: /opt/hostedtoolcache/Python/3.12.13/x64
proof-ceremony	UNKNOWN STEP	2026-05-25T00:44:40.5253782Z   Python3_ROOT_DIR: /opt/hostedtoolcache/Python/3.12.13/x64
proof-ceremony	UNKNOWN STEP	2026-05-25T00:44:40.5253989Z   LD_LIBRARY_PATH: /opt/hostedtoolcache/Python/3.12.13/x64/lib
proof-ceremony	UNKNOWN STEP	2026-05-25T00:44:40.5254161Z ##[endgroup]
proof-ceremony	UNKNOWN STEP	2026-05-25T00:44:41.6481062Z Requirement already satisfied: pip in /opt/hostedtoolcache/Python/3.12.13/x64/lib/python3.12/site-packages (26.1.1)
proof-ceremony	UNKNOWN STEP	2026-05-25T00:44:42.4223044Z Collecting Django==5.2.14 (from -r /home/runner/work/Crown2026/Crown2026/backend/requirements.txt (line 3))
proof-ceremony	UNKNOWN STEP	2026-05-25T00:44:42.4233637Z   Using cached django-5.2.14-py3-none-any.whl.metadata (4.1 kB)
proof-ceremony	UNKNOWN STEP	2026-05-25T00:44:42.4437285Z Collecting djangorestframework==3.15.2 (from -r /home/runner/work/Crown2026/Crown2026/backend/requirements.txt (line 4))
proof-ceremony	UNKNOWN STEP	2026-05-25T00:44:42.4448700Z   Using cached djangorestframework-3.15.2-py3-none-any.whl.metadata (10 kB)
proof-ceremony	UNKNOWN STEP	2026-05-25T00:44:42.4628395Z Collecting django-extensions==4.1 (from -r /home/runner/work/Crown2026/Crown2026/backend/requirements.txt (line 5))
proof-ceremony	UNKNOWN STEP	2026-05-25T00:44:42.4637567Z   Using cached django_extensions-4.1-py3-none-any.whl.metadata (6.1 kB)
proof-ceremony	UNKNOWN STEP	2026-05-25T00:44:42.4783692Z Collecting python-dotenv==1.2.2 (from -r /home/runner/work/Crown2026/Crown2026/backend/requirements.txt (line 6))
proof-ceremony	UNKNOWN STEP	2026-05-25T00:44:42.4791464Z   Using cached python_dotenv-1.2.2-py3-none-any.whl.metadata (27 kB)
proof-ceremony	UNKNOWN STEP	2026-05-25T00:44:42.4944254Z Collecting gunicorn==22.0.0 (from -r /home/runner/work/Crown2026/Crown2026/backend/requirements.txt (line 7))
proof-ceremony	UNKNOWN STEP	2026-05-25T00:44:42.4952370Z   Using cached gunicorn-22.0.0-py3-none-any.whl.metadata (4.4 kB)
proof-ceremony	UNKNOWN STEP	2026-05-25T00:44:42.6596112Z Collecting dj-database-url==2.3.0 (from -r /home/runner/work/Crown2026/Crown2026/backend/requirements.txt (line 8))
proof-ceremony	UNKNOWN STEP	2026-05-25T00:44:42.6604295Z   Using cached dj_database_url-2.3.0-py3-none-any.whl.metadata (12 kB)
proof-ceremony	UNKNOWN STEP	2026-05-25T00:44:42.6750979Z Collecting psycopg==3.3.2 (from psycopg[binary]==3.3.2->-r /home/runner/work/Crown2026/Crown2026/backend/requirements.txt (line 11))
proof-ceremony	UNKNOWN STEP	2026-05-25T00:44:42.6759065Z   Using cached psycopg-3.3.2-py3-none-any.whl.metadata (4.3 kB)
proof-ceremony	UNKNOWN STEP	2026-05-25T00:44:42.7056806Z Collecting pytest==9.0.3 (from -r /home/runner/work/Crown2026/Crown2026/backend/requirements.txt (line 13))
proof-ceremony	UNKNOWN STEP	2026-05-25T00:44:42.7065559Z   Using cached pytest-9.0.3-py3-none-any.whl.metadata (7.6 kB)
proof-ceremony	UNKNOWN STEP	2026-05-25T00:44:42.7214386Z Collecting pytest-django==4.7.0 (from -r /home/runner/work/Crown2026/Crown2026/backend/requirements.txt (line 14))
proof-ceremony	UNKNOWN STEP	2026-05-25T00:44:42.7222383Z   Using cached pytest_django-4.7.0-py3-none-any.whl.metadata (8.3 kB)
proof-ceremony	UNKNOWN STEP	2026-05-25T00:44:42.7375481Z Collecting djangorestframework-simplejwt>=5.3.1 (from -r /home/runner/work/Crown2026/Crown2026/backend/requirements.txt (line 16))
proof-ceremony	UNKNOWN STEP	2026-05-25T00:44:42.7386098Z   Using cached djangorestframework_simplejwt-5.5.1-py3-none-any.whl.metadata (4.6 kB)
proof-ceremony	UNKNOWN STEP	2026-05-25T00:44:42.7548332Z Collecting PyJWT==2.12.0 (from -r /home/runner/work/Crown2026/Crown2026/backend/requirements.txt (line 17))
proof-ceremony	UNKNOWN STEP	2026-05-25T00:44:42.7556288Z   Using cached pyjwt-2.12.0-py3-none-any.whl.metadata (4.0 kB)
proof-ceremony	UNKNOWN STEP	2026-05-25T00:44:42.7697389Z Collecting django-cors-headers==4.3.1 (from -r /home/runner/work/Crown2026/Crown2026/backend/requirements.txt (line 19))
proof-ceremony	UNKNOWN STEP	2026-05-25T00:44:42.7705280Z   Using cached django_cors_headers-4.3.1-py3-none-any.whl.metadata (16 kB)
proof-ceremony	UNKNOWN STEP	2026-05-25T00:44:42.7886146Z Collecting drf-spectacular>=0.27.2 (from -r /home/runner/work/Crown2026/Crown2026/backend/requirements.txt (line 20))
proof-ceremony	UNKNOWN STEP	2026-05-25T00:44:42.7894816Z   Using cached drf_spectacular-0.29.0-py3-none-any.whl.metadata (14 kB)
proof-ceremony	UNKNOWN STEP	2026-05-25T00:44:42.8092946Z Collecting drf-spectacular-sidecar>=2025.3.1 (from -r /home/runner/work/Crown2026/Crown2026/backend/requirements.txt (line 21))
proof-ceremony	UNKNOWN STEP	2026-05-25T00:44:42.8100775Z   Using cached drf_spectacular_sidecar-2026.5.1-py3-none-any.whl.metadata (3.6 kB)
proof-ceremony	UNKNOWN STEP	2026-05-25T00:44:42.8263366Z Collecting authlib>=1.6.8 (from -r /home/runner/work/Crown2026/Crown2026/backend/requirements.txt (line 23))
proof-ceremony	UNKNOWN STEP	2026-05-25T00:44:42.8265687Z   Using cached authlib-1.7.2-py2.py3-none-any.whl.metadata (10 kB)
proof-ceremony	UNKNOWN STEP	2026-05-25T00:44:42.8422456Z Collecting requests>=2.32.0 (from -r /home/runner/work/Crown2026/Crown2026/backend/requirements.txt (line 24))
proof-ceremony	UNKNOWN STEP	2026-05-25T00:44:42.8430212Z   Using cached requests-2.34.2-py3-none-any.whl.metadata (4.8 kB)
proof-ceremony	UNKNOWN STEP	2026-05-25T00:44:42.9314078Z Collecting cryptography>=43.0.0 (from -r /home/runner/work/Crown2026/Crown2026/backend/requirements.txt (line 25))
proof-ceremony	UNKNOWN STEP	2026-05-25T00:44:42.9324015Z   Using cached cryptography-48.0.0-cp311-abi3-manylinux_2_34_x86_64.whl.metadata (4.3 kB)
proof-ceremony	UNKNOWN STEP	2026-05-25T00:44:42.9586375Z Collecting sentry-sdk>=2.0.0 (from -r /home/runner/work/Crown2026/Crown2026/backend/requirements.txt (line 27))
proof-ceremony	UNKNOWN STEP	2026-05-25T00:44:42.9595963Z   Using cached sentry_sdk-2.60.0-py3-none-any.whl.metadata (10 kB)
proof-ceremony	UNKNOWN STEP	2026-05-25T00:44:42.9843394Z Collecting celery>=5.4.0 (from -r /home/runner/work/Crown2026/Crown2026/backend/requirements.txt (line 29))
proof-ceremony	UNKNOWN STEP	2026-05-25T00:44:42.9851299Z   Using cached celery-5.6.3-py3-none-any.whl.metadata (23 kB)
proof-ceremony	UNKNOWN STEP	2026-05-25T00:44:43.0087123Z Collecting redis>=5.0.0 (from -r /home/runner/work/Crown2026/Crown2026/backend/requirements.txt (line 30))
proof-ceremony	UNKNOWN STEP	2026-05-25T00:44:43.0095130Z   Using cached redis-7.4.0-py3-none-any.whl.metadata (12 kB)
proof-ceremony	UNKNOWN STEP	2026-05-25T00:44:43.0428900Z Collecting stripe>=10.0.0 (from -r /home/runner/work/Crown2026/Crown2026/backend/requirements.txt (line 32))
proof-ceremony	UNKNOWN STEP	2026-05-25T00:44:43.0437323Z   Using cached stripe-15.1.0-py3-none-any.whl.metadata (18 kB)
proof-ceremony	UNKNOWN STEP	2026-05-25T00:44:43.1920207Z Collecting twilio>=9.0.0 (from -r /home/runner/work/Crown2026/Crown2026/backend/requirements.txt (line 34))
proof-ceremony	UNKNOWN STEP	2026-05-25T00:44:43.1928545Z   Using cached twilio-9.10.9-py2.py3-none-any.whl.metadata (13 kB)
proof-ceremony	UNKNOWN STEP	2026-05-25T00:44:43.2486598Z Collecting reportlab>=4.2.0 (from -r /home/runner/work/Crown2026/Crown2026/backend/requirements.txt (line 36))
proof-ceremony	UNKNOWN STEP	2026-05-25T00:44:43.2497358Z   Using cached reportlab-4.5.1-py3-none-any.whl.metadata (1.7 kB)
proof-ceremony	UNKNOWN STEP	2026-05-25T00:44:43.3583743Z Collecting numpy>=1.26.4 (from -r /home/runner/work/Crown2026/Crown2026/backend/requirements.txt (line 37))
proof-ceremony	UNKNOWN STEP	2026-05-25T00:44:43.3593135Z   Using cached numpy-2.4.6-cp312-cp312-manylinux_2_27_x86_64.manylinux_2_28_x86_64.whl.metadata (6.6 kB)
proof-ceremony	UNKNOWN STEP	2026-05-25T00:44:43.3743339Z Collecting asgiref>=3.8.1 (from Django==5.2.14->-r /home/runner/work/Crown2026/Crown2026/backend/requirements.txt (line 3))
proof-ceremony	UNKNOWN STEP	2026-05-25T00:44:43.3752631Z   Using cached asgiref-3.11.1-py3-none-any.whl.metadata (9.3 kB)
proof-ceremony	UNKNOWN STEP	2026-05-25T00:44:43.3885707Z Collecting sqlparse>=0.3.1 (from Django==5.2.14->-r /home/runner/work/Crown2026/Crown2026/backend/requirements.txt (line 3))
proof-ceremony	UNKNOWN STEP	2026-05-25T00:44:43.3892973Z   Using cached sqlparse-0.5.5-py3-none-any.whl.metadata (4.7 kB)
proof-ceremony	UNKNOWN STEP	2026-05-25T00:44:43.4058397Z Collecting packaging (from gunicorn==22.0.0->-r /home/runner/work/Crown2026/Crown2026/backend/requirements.txt (line 7))
proof-ceremony	UNKNOWN STEP	2026-05-25T00:44:43.4064102Z   Using cached packaging-26.2-py3-none-any.whl.metadata (3.5 kB)
proof-ceremony	UNKNOWN STEP	2026-05-25T00:44:43.4215992Z Collecting typing-extensions>=3.10.0.0 (from dj-database-url==2.3.0->-r /home/runner/work/Crown2026/Crown2026/backend/requirements.txt (line 8))
proof-ceremony	UNKNOWN STEP	2026-05-25T00:44:43.4223475Z   Using cached typing_extensions-4.15.0-py3-none-any.whl.metadata (3.3 kB)
proof-ceremony	UNKNOWN STEP	2026-05-25T00:44:43.4356456Z Collecting iniconfig>=1.0.1 (from pytest==9.0.3->-r /home/runner/work/Crown2026/Crown2026/backend/requirements.txt (line 13))
proof-ceremony	UNKNOWN STEP	2026-05-25T00:44:43.4363552Z   Using cached iniconfig-2.3.0-py3-none-any.whl.metadata (2.5 kB)
proof-ceremony	UNKNOWN STEP	2026-05-25T00:44:43.5485934Z Collecting pluggy<2,>=1.5 (from pytest==9.0.3->-r /home/runner/work/Crown2026/Crown2026/backend/requirements.txt (line 13))
proof-ceremony	UNKNOWN STEP	2026-05-25T00:44:43.5497382Z   Using cached pluggy-1.6.0-py3-none-any.whl.metadata (4.8 kB)
proof-ceremony	UNKNOWN STEP	2026-05-25T00:44:43.5654911Z Collecting pygments>=2.7.2 (from pytest==9.0.3->-r /home/runner/work/Crown2026/Crown2026/backend/requirements.txt (line 13))
proof-ceremony	UNKNOWN STEP	2026-05-25T00:44:43.5662605Z   Using cached pygments-2.20.0-py3-none-any.whl.metadata (2.5 kB)
proof-ceremony	UNKNOWN STEP	2026-05-25T00:44:43.6480336Z Collecting psycopg-binary==3.3.2 (from psycopg[binary]==3.3.2->-r /home/runner/work/Crown2026/Crown2026/backend/requirements.txt (line 11))
proof-ceremony	UNKNOWN STEP	2026-05-25T00:44:43.6490478Z   Using cached psycopg_binary-3.3.2-cp312-cp312-manylinux2014_x86_64.manylinux_2_17_x86_64.whl.metadata (2.7 kB)
proof-ceremony	UNKNOWN STEP	2026-05-25T00:44:43.6654972Z Collecting uritemplate>=2.0.0 (from drf-spectacular>=0.27.2->-r /home/runner/work/Crown2026/Crown2026/backend/requirements.txt (line 20))
proof-ceremony	UNKNOWN STEP	2026-05-25T00:44:43.6674350Z   Using cached uritemplate-4.2.0-py3-none-any.whl.metadata (2.6 kB)
proof-ceremony	UNKNOWN STEP	2026-05-25T00:44:43.6899857Z Collecting PyYAML>=5.1 (from drf-spectacular>=0.27.2->-r /home/runner/work/Crown2026/Crown2026/backend/requirements.txt (line 20))
proof-ceremony	UNKNOWN STEP	2026-05-25T00:44:43.6908176Z   Using cached pyyaml-6.0.3-cp312-cp312-manylinux2014_x86_64.manylinux_2_17_x86_64.manylinux_2_28_x86_64.whl.metadata (2.4 kB)
proof-ceremony	UNKNOWN STEP	2026-05-25T00:44:43.7080156Z Collecting jsonschema>=2.6.0 (from drf-spectacular>=0.27.2->-r /home/runner/work/Crown2026/Crown2026/backend/requirements.txt (line 20))
proof-ceremony	UNKNOWN STEP	2026-05-25T00:44:43.7087703Z   Using cached jsonschema-4.26.0-py3-none-any.whl.metadata (7.6 kB)
proof-ceremony	UNKNOWN STEP	2026-05-25T00:44:43.7232802Z Collecting inflection>=0.3.1 (from drf-spectacular>=0.27.2->-r /home/runner/work/Crown2026/Crown2026/backend/requirements.txt (line 20))
proof-ceremony	UNKNOWN STEP	2026-05-25T00:44:43.7239842Z   Using cached inflection-0.5.1-py2.py3-none-any.whl.metadata (1.7 kB)
proof-ceremony	UNKNOWN STEP	2026-05-25T00:44:43.7391115Z Collecting joserfc>=1.6.0 (from authlib>=1.6.8->-r /home/runner/work/Crown2026/Crown2026/backend/requirements.txt (line 23))
proof-ceremony	UNKNOWN STEP	2026-05-25T00:44:43.7398435Z   Using cached joserfc-1.6.7-py3-none-any.whl.metadata (3.2 kB)
proof-ceremony	UNKNOWN STEP	2026-05-25T00:44:43.7972315Z Collecting charset_normalizer<4,>=2 (from requests>=2.32.0->-r /home/runner/work/Crown2026/Crown2026/backend/requirements.txt (line 24))
proof-ceremony	UNKNOWN STEP	2026-05-25T00:44:43.7980165Z   Using cached charset_normalizer-3.4.7-cp312-cp312-manylinux2014_x86_64.manylinux_2_17_x86_64.manylinux_2_28_x86_64.whl.metadata (40 kB)
proof-ceremony	UNKNOWN STEP	2026-05-25T00:44:43.8134091Z Collecting idna<4,>=2.5 (from requests>=2.32.0->-r /home/runner/work/Crown2026/Crown2026/backend/requirements.txt (line 24))
proof-ceremony	UNKNOWN STEP	2026-05-25T00:44:43.8145987Z   Using cached idna-3.16-py3-none-any.whl.metadata (6.4 kB)
proof-ceremony	UNKNOWN STEP	2026-05-25T00:44:43.8307869Z Collecting urllib3<3,>=1.26 (from requests>=2.32.0->-r /home/runner/work/Crown2026/Crown2026/backend/requirements.txt (line 24))
proof-ceremony	UNKNOWN STEP	2026-05-25T00:44:43.8315794Z   Using cached urllib3-2.7.0-py3-none-any.whl.metadata (6.9 kB)
proof-ceremony	UNKNOWN STEP	2026-05-25T00:44:43.8575655Z Collecting certifi>=2023.5.7 (from requests>=2.32.0->-r /home/runner/work/Crown2026/Crown2026/backend/requirements.txt (line 24))
proof-ceremony	UNKNOWN STEP	2026-05-25T00:44:43.8582879Z   Using cached certifi-2026.5.20-py3-none-any.whl.metadata (2.5 kB)
proof-ceremony	UNKNOWN STEP	2026-05-25T00:44:43.9081002Z Collecting cffi>=2.0.0 (from cryptography>=43.0.0->-r /home/runner/work/Crown2026/Crown2026/backend/requirements.txt (line 25))
proof-ceremony	UNKNOWN STEP	2026-05-25T00:44:43.9088946Z   Using cached cffi-2.0.0-cp312-cp312-manylinux2014_x86_64.manylinux_2_17_x86_64.whl.metadata (2.6 kB)
proof-ceremony	UNKNOWN STEP	2026-05-25T00:44:43.9253882Z Collecting billiard<5.0,>=4.2.1 (from celery>=5.4.0->-r /home/runner/work/Crown2026/Crown2026/backend/requirements.txt (line 29))
proof-ceremony	UNKNOWN STEP	2026-05-25T00:44:43.9283232Z   Using cached billiard-4.2.4-py3-none-any.whl.metadata (4.8 kB)
proof-ceremony	UNKNOWN STEP	2026-05-25T00:44:43.9520522Z Collecting kombu>=5.6.0 (from celery>=5.4.0->-r /home/runner/work/Crown2026/Crown2026/backend/requirements.txt (line 29))
proof-ceremony	UNKNOWN STEP	2026-05-25T00:44:43.9527990Z   Using cached kombu-5.6.2-py3-none-any.whl.metadata (3.5 kB)
proof-ceremony	UNKNOWN STEP	2026-05-25T00:44:43.9660885Z Collecting vine<6.0,>=5.1.0 (from celery>=5.4.0->-r /home/runner/work/Crown2026/Crown2026/backend/requirements.txt (line 29))
proof-ceremony	UNKNOWN STEP	2026-05-25T00:44:43.9668280Z   Using cached vine-5.1.0-py3-none-any.whl.metadata (2.7 kB)
proof-ceremony	UNKNOWN STEP	2026-05-25T00:44:43.9936367Z Collecting click<9.0,>=8.1.2 (from celery>=5.4.0->-r /home/runner/work/Crown2026/Crown2026/backend/requirements.txt (line 29))
proof-ceremony	UNKNOWN STEP	2026-05-25T00:44:43.9943867Z   Using cached click-8.4.1-py3-none-any.whl.metadata (2.6 kB)
proof-ceremony	UNKNOWN STEP	2026-05-25T00:44:44.0068302Z Collecting click-didyoumean>=0.3.0 (from celery>=5.4.0->-r /home/runner/work/Crown2026/Crown2026/backend/requirements.txt (line 29))
proof-ceremony	UNKNOWN STEP	2026-05-25T00:44:44.0075586Z   Using cached click_didyoumean-0.3.1-py3-none-any.whl.metadata (3.9 kB)
proof-ceremony	UNKNOWN STEP	2026-05-25T00:44:44.0189618Z Collecting click-repl>=0.2.0 (from celery>=5.4.0->-r /home/runner/work/Crown2026/Crown2026/backend/requirements.txt (line 29))
proof-ceremony	UNKNOWN STEP	2026-05-25T00:44:44.0196513Z   Using cached click_repl-0.3.0-py3-none-any.whl.metadata (3.6 kB)
proof-ceremony	UNKNOWN STEP	2026-05-25T00:44:44.0369456Z Collecting click-plugins>=1.1.1 (from celery>=5.4.0->-r /home/runner/work/Crown2026/Crown2026/backend/requirements.txt (line 29))
proof-ceremony	UNKNOWN STEP	2026-05-25T00:44:44.0376876Z   Using cached click_plugins-1.1.1.2-py2.py3-none-any.whl.metadata (6.5 kB)
proof-ceremony	UNKNOWN STEP	2026-05-25T00:44:44.0528822Z Collecting python-dateutil>=2.8.2 (from celery>=5.4.0->-r /home/runner/work/Crown2026/Crown2026/backend/requirements.txt (line 29))
proof-ceremony	UNKNOWN STEP	2026-05-25T00:44:44.0536623Z   Using cached python_dateutil-2.9.0.post0-py2.py3-none-any.whl.metadata (8.4 kB)
proof-ceremony	UNKNOWN STEP	2026-05-25T00:44:44.0878371Z Collecting tzlocal (from celery>=5.4.0->-r /home/runner/work/Crown2026/Crown2026/backend/requirements.txt (line 29))
proof-ceremony	UNKNOWN STEP	2026-05-25T00:44:44.0887371Z   Using cached tzlocal-5.3.1-py3-none-any.whl.metadata (7.6 kB)
proof-ceremony	UNKNOWN STEP	2026-05-25T00:44:44.3632096Z Collecting aiohttp>=3.8.4 (from twilio>=9.0.0->-r /home/runner/work/Crown2026/Crown2026/backend/requirements.txt (line 34))
proof-ceremony	UNKNOWN STEP	2026-05-25T00:44:44.3642329Z   Using cached aiohttp-3.13.5-cp312-cp312-manylinux2014_x86_64.manylinux_2_17_x86_64.manylinux_2_28_x86_64.whl.metadata (8.1 kB)
proof-ceremony	UNKNOWN STEP	2026-05-25T00:44:44.7131552Z Collecting aiohttp-retry>=2.8.3 (from twilio>=9.0.0->-r /home/runner/work/Crown2026/Crown2026/backend/requirements.txt (line 34))
proof-ceremony	UNKNOWN STEP	2026-05-25T00:44:44.7141163Z   Using cached aiohttp_retry-2.9.1-py3-none-any.whl.metadata (8.8 kB)
proof-ceremony	UNKNOWN STEP	2026-05-25T00:44:44.8180044Z Collecting pillow>=9.0.0 (from reportlab>=4.2.0->-r /home/runner/work/Crown2026/Crown2026/backend/requirements.txt (line 36))
proof-ceremony	UNKNOWN STEP	2026-05-25T00:44:44.8189966Z   Using cached pillow-12.2.0-cp312-cp312-manylinux_2_27_x86_64.manylinux_2_28_x86_64.whl.metadata (8.8 kB)
proof-ceremony	UNKNOWN STEP	2026-05-25T00:44:44.8348603Z Collecting aiohappyeyeballs>=2.5.0 (from aiohttp>=3.8.4->twilio>=9.0.0->-r /home/runner/work/Crown2026/Crown2026/backend/requirements.txt (line 34))
proof-ceremony	UNKNOWN STEP	2026-05-25T00:44:44.8356497Z   Using cached aiohappyeyeballs-2.6.2-py3-none-any.whl.metadata (5.9 kB)
proof-ceremony	UNKNOWN STEP	2026-05-25T00:44:44.8472772Z Collecting aiosignal>=1.4.0 (from aiohttp>=3.8.4->twilio>=9.0.0->-r /home/runner/work/Crown2026/Crown2026/backend/requirements.txt (line 34))
proof-ceremony	UNKNOWN STEP	2026-05-25T00:44:44.8480814Z   Using cached aiosignal-1.4.0-py3-none-any.whl.metadata (3.7 kB)
proof-ceremony	UNKNOWN STEP	2026-05-25T00:44:44.8612115Z Collecting attrs>=17.3.0 (from aiohttp>=3.8.4->twilio>=9.0.0->-r /home/runner/work/Crown2026/Crown2026/backend/requirements.txt (line 34))
proof-ceremony	UNKNOWN STEP	2026-05-25T00:44:44.8619317Z   Using cached attrs-26.1.0-py3-none-any.whl.metadata (8.8 kB)
proof-ceremony	UNKNOWN STEP	2026-05-25T00:44:44.9312778Z Collecting frozenlist>=1.1.1 (from aiohttp>=3.8.4->twilio>=9.0.0->-r /home/runner/work/Crown2026/Crown2026/backend/requirements.txt (line 34))
proof-ceremony	UNKNOWN STEP	2026-05-25T00:44:44.9332645Z   Using cached frozenlist-1.8.0-cp312-cp312-manylinux1_x86_64.manylinux_2_28_x86_64.manylinux_2_5_x86_64.whl.metadata (20 kB)
proof-ceremony	UNKNOWN STEP	2026-05-25T00:44:45.0490170Z Collecting multidict<7.0,>=4.5 (from aiohttp>=3.8.4->twilio>=9.0.0->-r /home/runner/work/Crown2026/Crown2026/backend/requirements.txt (line 34))
proof-ceremony	UNKNOWN STEP	2026-05-25T00:44:45.0513968Z   Using cached multidict-6.7.1-cp312-cp312-manylinux2014_x86_64.manylinux_2_17_x86_64.manylinux_2_28_x86_64.whl.metadata (5.3 kB)
proof-ceremony	UNKNOWN STEP	2026-05-25T00:44:45.2094628Z Collecting propcache>=0.2.0 (from aiohttp>=3.8.4->twilio>=9.0.0->-r /home/runner/work/Crown2026/Crown2026/backend/requirements.txt (line 34))
proof-ceremony	UNKNOWN STEP	2026-05-25T00:44:45.2103093Z   Using cached propcache-0.5.2-cp312-cp312-manylinux2014_x86_64.manylinux_2_17_x86_64.manylinux_2_28_x86_64.whl.metadata (16 kB)
proof-ceremony	UNKNOWN STEP	2026-05-25T00:44:45.3323132Z Collecting yarl<2.0,>=1.17.0 (from aiohttp>=3.8.4->twilio>=9.0.0->-r /home/runner/work/Crown2026/Crown2026/backend/requirements.txt (line 34))
proof-ceremony	UNKNOWN STEP	2026-05-25T00:44:45.3333191Z   Using cached yarl-1.24.2-cp312-cp312-manylinux2014_x86_64.manylinux_2_17_x86_64.manylinux_2_28_x86_64.whl.metadata (94 kB)
proof-ceremony	UNKNOWN STEP	2026-05-25T00:44:45.3565275Z Collecting pycparser (from cffi>=2.0.0->cryptography>=43.0.0->-r /home/runner/work/Crown2026/Crown2026/backend/requirements.txt (line 25))
proof-ceremony	UNKNOWN STEP	2026-05-25T00:44:45.3573641Z   Using cached pycparser-3.0-py3-none-any.whl.metadata (8.2 kB)
proof-ceremony	UNKNOWN STEP	2026-05-25T00:44:45.3776943Z Collecting prompt-toolkit>=3.0.36 (from click-repl>=0.2.0->celery>=5.4.0->-r /home/runner/work/Crown2026/Crown2026/backend/requirements.txt (line 29))
proof-ceremony	UNKNOWN STEP	2026-05-25T00:44:45.3784901Z   Using cached prompt_toolkit-3.0.52-py3-none-any.whl.metadata (6.4 kB)
proof-ceremony	UNKNOWN STEP	2026-05-25T00:44:45.3958483Z Collecting jsonschema-specifications>=2023.03.6 (from jsonschema>=2.6.0->drf-spectacular>=0.27.2->-r /home/runner/work/Crown2026/Crown2026/backend/requirements.txt (line 20))
proof-ceremony	UNKNOWN STEP	2026-05-25T00:44:45.3966703Z   Using cached jsonschema_specifications-2025.9.1-py3-none-any.whl.metadata (2.9 kB)
proof-ceremony	UNKNOWN STEP	2026-05-25T00:44:45.4151584Z Collecting referencing>=0.28.4 (from jsonschema>=2.6.0->drf-spectacular>=0.27.2->-r /home/runner/work/Crown2026/Crown2026/backend/requirements.txt (line 20))
proof-ceremony	UNKNOWN STEP	2026-05-25T00:44:45.4160605Z   Using cached referencing-0.37.0-py3-none-any.whl.metadata (2.8 kB)
proof-ceremony	UNKNOWN STEP	2026-05-25T00:44:45.5822413Z Collecting rpds-py>=0.25.0 (from jsonschema>=2.6.0->drf-spectacular>=0.27.2->-r /home/runner/work/Crown2026/Crown2026/backend/requirements.txt (line 20))
proof-ceremony	UNKNOWN STEP	2026-05-25T00:44:45.5832609Z   Using cached rpds_py-0.30.0-cp312-cp312-manylinux_2_17_x86_64.manylinux2014_x86_64.whl.metadata (4.1 kB)
proof-ceremony	UNKNOWN STEP	2026-05-25T00:44:45.5990860Z Collecting amqp<6.0.0,>=5.1.1 (from kombu>=5.6.0->celery>=5.4.0->-r /home/runner/work/Crown2026/Crown2026/backend/requirements.txt (line 29))
proof-ceremony	UNKNOWN STEP	2026-05-25T00:44:45.5999068Z   Using cached amqp-5.3.1-py3-none-any.whl.metadata (8.9 kB)
proof-ceremony	UNKNOWN STEP	2026-05-25T00:44:45.6132045Z Collecting tzdata>=2025.2 (from kombu>=5.6.0->celery>=5.4.0->-r /home/runner/work/Crown2026/Crown2026/backend/requirements.txt (line 29))
proof-ceremony	UNKNOWN STEP	2026-05-25T00:44:45.6139821Z   Using cached tzdata-2026.2-py2.py3-none-any.whl.metadata (1.4 kB)
proof-ceremony	UNKNOWN STEP	2026-05-25T00:44:45.6290940Z Collecting wcwidth (from prompt-toolkit>=3.0.36->click-repl>=0.2.0->celery>=5.4.0->-r /home/runner/work/Crown2026/Crown2026/backend/requirements.txt (line 29))
proof-ceremony	UNKNOWN STEP	2026-05-25T00:44:45.6298899Z   Using cached wcwidth-0.7.0-py3-none-any.whl.metadata (36 kB)
proof-ceremony	UNKNOWN STEP	2026-05-25T00:44:45.6449205Z Collecting six>=1.5 (from python-dateutil>=2.8.2->celery>=5.4.0->-r /home/runner/work/Crown2026/Crown2026/backend/requirements.txt (line 29))
proof-ceremony	UNKNOWN STEP	2026-05-25T00:44:45.6457324Z   Using cached six-1.17.0-py2.py3-none-any.whl.metadata (1.7 kB)
proof-ceremony	UNKNOWN STEP	2026-05-25T00:44:45.6527786Z Using cached django-5.2.14-py3-none-any.whl (8.3 MB)
proof-ceremony	UNKNOWN STEP	2026-05-25T00:44:45.6555770Z Using cached djangorestframework-3.15.2-py3-none-any.whl (1.1 MB)
proof-ceremony	UNKNOWN STEP	2026-05-25T00:44:45.6565572Z Using cached django_extensions-4.1-py3-none-any.whl (232 kB)
proof-ceremony	UNKNOWN STEP	2026-05-25T00:44:45.6573481Z Using cached python_dotenv-1.2.2-py3-none-any.whl (22 kB)
proof-ceremony	UNKNOWN STEP	2026-05-25T00:44:45.6580596Z Using cached gunicorn-22.0.0-py3-none-any.whl (84 kB)
proof-ceremony	UNKNOWN STEP	2026-05-25T00:44:45.6588285Z Using cached dj_database_url-2.3.0-py3-none-any.whl (7.8 kB)
proof-ceremony	UNKNOWN STEP	2026-05-25T00:44:45.6595585Z Using cached psycopg-3.3.2-py3-none-any.whl (212 kB)
proof-ceremony	UNKNOWN STEP	2026-05-25T00:44:45.6603270Z Using cached pytest-9.0.3-py3-none-any.whl (375 kB)
proof-ceremony	UNKNOWN STEP	2026-05-25T00:44:45.6611155Z Using cached pytest_django-4.7.0-py3-none-any.whl (23 kB)
proof-ceremony	UNKNOWN STEP	2026-05-25T00:44:45.6618115Z Using cached pyjwt-2.12.0-py3-none-any.whl (29 kB)
proof-ceremony	UNKNOWN STEP	2026-05-25T00:44:45.6625309Z Using cached django_cors_headers-4.3.1-py3-none-any.whl (12 kB)
proof-ceremony	UNKNOWN STEP	2026-05-25T00:44:45.6632416Z Using cached psycopg_binary-3.3.2-cp312-cp312-manylinux2014_x86_64.manylinux_2_17_x86_64.whl (5.1 MB)
proof-ceremony	UNKNOWN STEP	2026-05-25T00:44:45.6651470Z Using cached pluggy-1.6.0-py3-none-any.whl (20 kB)
proof-ceremony	UNKNOWN STEP	2026-05-25T00:44:45.6658548Z Using cached djangorestframework_simplejwt-5.5.1-py3-none-any.whl (107 kB)
proof-ceremony	UNKNOWN STEP	2026-05-25T00:44:45.6665867Z Using cached drf_spectacular-0.29.0-py3-none-any.whl (105 kB)
proof-ceremony	UNKNOWN STEP	2026-05-25T00:44:45.6673108Z Using cached drf_spectacular_sidecar-2026.5.1-py3-none-any.whl (2.5 MB)
proof-ceremony	UNKNOWN STEP	2026-05-25T00:44:45.6686949Z Using cached authlib-1.7.2-py2.py3-none-any.whl (259 kB)
proof-ceremony	UNKNOWN STEP	2026-05-25T00:44:45.6694563Z Using cached requests-2.34.2-py3-none-any.whl (73 kB)
proof-ceremony	UNKNOWN STEP	2026-05-25T00:44:45.6702758Z Using cached charset_normalizer-3.4.7-cp312-cp312-manylinux2014_x86_64.manylinux_2_17_x86_64.manylinux_2_28_x86_64.whl (216 kB)
proof-ceremony	UNKNOWN STEP	2026-05-25T00:44:45.6710034Z Using cached idna-3.16-py3-none-any.whl (74 kB)
proof-ceremony	UNKNOWN STEP	2026-05-25T00:44:45.6717322Z Using cached urllib3-2.7.0-py3-none-any.whl (131 kB)
proof-ceremony	UNKNOWN STEP	2026-05-25T00:44:45.6724758Z Using cached cryptography-48.0.0-cp311-abi3-manylinux_2_34_x86_64.whl (4.7 MB)
proof-ceremony	UNKNOWN STEP	2026-05-25T00:44:45.6743006Z Using cached sentry_sdk-2.60.0-py3-none-any.whl (475 kB)
proof-ceremony	UNKNOWN STEP	2026-05-25T00:44:45.6750861Z Using cached celery-5.6.3-py3-none-any.whl (451 kB)
proof-ceremony	UNKNOWN STEP	2026-05-25T00:44:45.6758820Z Using cached billiard-4.2.4-py3-none-any.whl (87 kB)
proof-ceremony	UNKNOWN STEP	2026-05-25T00:44:45.6766193Z Using cached click-8.4.1-py3-none-any.whl (116 kB)
proof-ceremony	UNKNOWN STEP	2026-05-25T00:44:45.6773346Z Using cached vine-5.1.0-py3-none-any.whl (9.6 kB)
proof-ceremony	UNKNOWN STEP	2026-05-25T00:44:45.6780154Z Using cached redis-7.4.0-py3-none-any.whl (409 kB)
proof-ceremony	UNKNOWN STEP	2026-05-25T00:44:45.6789399Z Using cached stripe-15.1.0-py3-none-any.whl (2.1 MB)
proof-ceremony	UNKNOWN STEP	2026-05-25T00:44:45.6812086Z Using cached twilio-9.10.9-py2.py3-none-any.whl (2.5 MB)
proof-ceremony	UNKNOWN STEP	2026-05-25T00:44:45.6821334Z Using cached reportlab-4.5.1-py3-none-any.whl (2.0 MB)
proof-ceremony	UNKNOWN STEP	2026-05-25T00:44:45.6833339Z Using cached numpy-2.4.6-cp312-cp312-manylinux_2_27_x86_64.manylinux_2_28_x86_64.whl (16.6 MB)
proof-ceremony	UNKNOWN STEP	2026-05-25T00:44:45.6878996Z Using cached aiohttp-3.13.5-cp312-cp312-manylinux2014_x86_64.manylinux_2_17_x86_64.manylinux_2_28_x86_64.whl (1.8 MB)
proof-ceremony	UNKNOWN STEP	2026-05-25T00:44:45.6890126Z Using cached multidict-6.7.1-cp312-cp312-manylinux2014_x86_64.manylinux_2_17_x86_64.manylinux_2_28_x86_64.whl (256 kB)
proof-ceremony	UNKNOWN STEP	2026-05-25T00:44:45.6897916Z Using cached yarl-1.24.2-cp312-cp312-manylinux2014_x86_64.manylinux_2_17_x86_64.manylinux_2_28_x86_64.whl (105 kB)
proof-ceremony	UNKNOWN STEP	2026-05-25T00:44:45.6905393Z Using cached aiohappyeyeballs-2.6.2-py3-none-any.whl (15 kB)
proof-ceremony	UNKNOWN STEP	2026-05-25T00:44:45.6912486Z Using cached aiohttp_retry-2.9.1-py3-none-any.whl (10.0 kB)
proof-ceremony	UNKNOWN STEP	2026-05-25T00:44:45.6919416Z Using cached aiosignal-1.4.0-py3-none-any.whl (7.5 kB)
proof-ceremony	UNKNOWN STEP	2026-05-25T00:44:45.6926312Z Using cached asgiref-3.11.1-py3-none-any.whl (24 kB)
proof-ceremony	UNKNOWN STEP	2026-05-25T00:44:45.6933289Z Using cached attrs-26.1.0-py3-none-any.whl (67 kB)
proof-ceremony	UNKNOWN STEP	2026-05-25T00:44:45.6940270Z Using cached certifi-2026.5.20-py3-none-any.whl (134 kB)
proof-ceremony	UNKNOWN STEP	2026-05-25T00:44:45.6947459Z Using cached cffi-2.0.0-cp312-cp312-manylinux2014_x86_64.manylinux_2_17_x86_64.whl (219 kB)
proof-ceremony	UNKNOWN STEP	2026-05-25T00:44:45.6955249Z Using cached click_didyoumean-0.3.1-py3-none-any.whl (3.6 kB)
proof-ceremony	UNKNOWN STEP	2026-05-25T00:44:45.6962064Z Using cached click_plugins-1.1.1.2-py2.py3-none-any.whl (11 kB)
proof-ceremony	UNKNOWN STEP	2026-05-25T00:44:45.6968679Z Using cached click_repl-0.3.0-py3-none-any.whl (10 kB)
proof-ceremony	UNKNOWN STEP	2026-05-25T00:44:45.6975867Z Using cached frozenlist-1.8.0-cp312-cp312-manylinux1_x86_64.manylinux_2_28_x86_64.manylinux_2_5_x86_64.whl (242 kB)
proof-ceremony	UNKNOWN STEP	2026-05-25T00:44:45.6983283Z Using cached inflection-0.5.1-py2.py3-none-any.whl (9.5 kB)
proof-ceremony	UNKNOWN STEP	2026-05-25T00:44:45.6989551Z Using cached iniconfig-2.3.0-py3-none-any.whl (7.5 kB)
proof-ceremony	UNKNOWN STEP	2026-05-25T00:44:45.6995910Z Using cached joserfc-1.6.7-py3-none-any.whl (70 kB)
proof-ceremony	UNKNOWN STEP	2026-05-25T00:44:45.7002445Z Using cached jsonschema-4.26.0-py3-none-any.whl (90 kB)
proof-ceremony	UNKNOWN STEP	2026-05-25T00:44:45.7009350Z Using cached jsonschema_specifications-2025.9.1-py3-none-any.whl (18 kB)
proof-ceremony	UNKNOWN STEP	2026-05-25T00:44:45.7015709Z Using cached kombu-5.6.2-py3-none-any.whl (214 kB)
proof-ceremony	UNKNOWN STEP	2026-05-25T00:44:45.7022633Z Using cached amqp-5.3.1-py3-none-any.whl (50 kB)
proof-ceremony	UNKNOWN STEP	2026-05-25T00:44:45.7029484Z Using cached packaging-26.2-py3-none-any.whl (100 kB)
proof-ceremony	UNKNOWN STEP	2026-05-25T00:44:45.7036481Z Using cached pillow-12.2.0-cp312-cp312-manylinux_2_27_x86_64.manylinux_2_28_x86_64.whl (7.1 MB)
proof-ceremony	UNKNOWN STEP	2026-05-25T00:44:45.7059498Z Using cached prompt_toolkit-3.0.52-py3-none-any.whl (391 kB)
proof-ceremony	UNKNOWN STEP	2026-05-25T00:44:45.7067073Z Using cached propcache-0.5.2-cp312-cp312-manylinux2014_x86_64.manylinux_2_17_x86_64.manylinux_2_28_x86_64.whl (61 kB)
proof-ceremony	UNKNOWN STEP	2026-05-25T00:44:45.7073531Z Using cached pygments-2.20.0-py3-none-any.whl (1.2 MB)
proof-ceremony	UNKNOWN STEP	2026-05-25T00:44:45.7084089Z Using cached python_dateutil-2.9.0.post0-py2.py3-none-any.whl (229 kB)
proof-ceremony	UNKNOWN STEP	2026-05-25T00:44:45.7090381Z Using cached pyyaml-6.0.3-cp312-cp312-manylinux2014_x86_64.manylinux_2_17_x86_64.manylinux_2_28_x86_64.whl (807 kB)
proof-ceremony	UNKNOWN STEP	2026-05-25T00:44:45.7098692Z Using cached referencing-0.37.0-py3-none-any.whl (26 kB)
proof-ceremony	UNKNOWN STEP	2026-05-25T00:44:45.7105249Z Using cached rpds_py-0.30.0-cp312-cp312-manylinux_2_17_x86_64.manylinux2014_x86_64.whl (394 kB)
proof-ceremony	UNKNOWN STEP	2026-05-25T00:44:45.7112419Z Using cached six-1.17.0-py2.py3-none-any.whl (11 kB)
proof-ceremony	UNKNOWN STEP	2026-05-25T00:44:45.7118603Z Using cached sqlparse-0.5.5-py3-none-any.whl (46 kB)
proof-ceremony	UNKNOWN STEP	2026-05-25T00:44:45.7125365Z Using cached typing_extensions-4.15.0-py3-none-any.whl (44 kB)
proof-ceremony	UNKNOWN STEP	2026-05-25T00:44:45.7131673Z Using cached tzdata-2026.2-py2.py3-none-any.whl (349 kB)
proof-ceremony	UNKNOWN STEP	2026-05-25T00:44:45.7152771Z Using cached uritemplate-4.2.0-py3-none-any.whl (11 kB)
proof-ceremony	UNKNOWN STEP	2026-05-25T00:44:45.7153231Z Using cached pycparser-3.0-py3-none-any.whl (48 kB)
proof-ceremony	UNKNOWN STEP	2026-05-25T00:44:45.7156674Z Using cached tzlocal-5.3.1-py3-none-any.whl (18 kB)
proof-ceremony	UNKNOWN STEP	2026-05-25T00:44:45.7165558Z Using cached wcwidth-0.7.0-py3-none-any.whl (110 kB)
proof-ceremony	UNKNOWN STEP	2026-05-25T00:44:45.8806699Z Installing collected packages: wcwidth, vine, urllib3, uritemplate, tzlocal, tzdata, typing-extensions, sqlparse, six, rpds-py, redis, PyYAML, python-dotenv, PyJWT, pygments, pycparser, psycopg-binary, propcache, pluggy, pillow, packaging, numpy, multidict, iniconfig, inflection, idna, frozenlist, click, charset_normalizer, certifi, billiard, attrs, asgiref, aiohappyeyeballs, yarl, sentry-sdk, requests, reportlab, referencing, python-dateutil, pytest, psycopg, prompt-toolkit, gunicorn, Django, click-plugins, click-didyoumean, cffi, amqp, aiosignal, stripe, pytest-django, kombu, jsonschema-specifications, drf-spectacular-sidecar, djangorestframework, django-extensions, django-cors-headers, dj-database-url, cryptography, click-repl, aiohttp, jsonschema, joserfc, djangorestframework-simplejwt, celery, aiohttp-retry, twilio, drf-spectacular, authlib
proof-ceremony	UNKNOWN STEP	2026-05-25T00:44:59.2740530Z 
proof-ceremony	UNKNOWN STEP	2026-05-25T00:44:59.2776443Z Successfully installed Django-5.2.14 PyJWT-2.12.0 PyYAML-6.0.3 aiohappyeyeballs-2.6.2 aiohttp-3.13.5 aiohttp-retry-2.9.1 aiosignal-1.4.0 amqp-5.3.1 asgiref-3.11.1 attrs-26.1.0 authlib-1.7.2 billiard-4.2.4 celery-5.6.3 certifi-2026.5.20 cffi-2.0.0 charset_normalizer-3.4.7 click-8.4.1 click-didyoumean-0.3.1 click-plugins-1.1.1.2 click-repl-0.3.0 cryptography-48.0.0 dj-database-url-2.3.0 django-cors-headers-4.3.1 django-extensions-4.1 djangorestframework-3.15.2 djangorestframework-simplejwt-5.5.1 drf-spectacular-0.29.0 drf-spectacular-sidecar-2026.5.1 frozenlist-1.8.0 gunicorn-22.0.0 idna-3.16 inflection-0.5.1 iniconfig-2.3.0 joserfc-1.6.7 jsonschema-4.26.0 jsonschema-specifications-2025.9.1 kombu-5.6.2 multidict-6.7.1 numpy-2.4.6 packaging-26.2 pillow-12.2.0 pluggy-1.6.0 prompt-toolkit-3.0.52 propcache-0.5.2 psycopg-3.3.2 psycopg-binary-3.3.2 pycparser-3.0 pygments-2.20.0 pytest-9.0.3 pytest-django-4.7.0 python-dateutil-2.9.0.post0 python-dotenv-1.2.2 redis-7.4.0 referencing-0.37.0 reportlab-4.5.1 requests-2.34.2 rpds-py-0.30.0 sentry-sdk-2.60.0 six-1.17.0 sqlparse-0.5.5 stripe-15.1.0 twilio-9.10.9 typing-extensions-4.15.0 tzdata-2026.2 tzlocal-5.3.1 uritemplate-4.2.0 urllib3-2.7.0 vine-5.1.0 wcwidth-0.7.0 yarl-1.24.2
proof-ceremony	UNKNOWN STEP	2026-05-25T00:44:59.8409351Z ##[group]Run python -c "import sys; print(sys.version)"
proof-ceremony	UNKNOWN STEP	2026-05-25T00:44:59.8409757Z [36;1mpython -c "import sys; print(sys.version)"[0m
proof-ceremony	UNKNOWN STEP	2026-05-25T00:44:59.8410101Z [36;1mpython -c "import psycopg; print('psycopg:', psycopg.__version__)"[0m
proof-ceremony	UNKNOWN STEP	2026-05-25T00:44:59.8410553Z [36;1mpython -c "import psycopg2; print('psycopg2:', psycopg2.__version__)" || true[0m
proof-ceremony	UNKNOWN STEP	2026-05-25T00:44:59.8449059Z shell: /usr/bin/bash -e {0}
proof-ceremony	UNKNOWN STEP	2026-05-25T00:44:59.8449276Z env:
proof-ceremony	UNKNOWN STEP	2026-05-25T00:44:59.8449466Z   DJANGO_SETTINGS_MODULE: crown_api.settings
proof-ceremony	UNKNOWN STEP	2026-05-25T00:44:59.8449724Z   DJANGO_SECRET_KEY: ci-test-secret-key
proof-ceremony	UNKNOWN STEP	2026-05-25T00:44:59.8450650Z   DATABASE_URL: ***localhost:5432/crown_test
proof-ceremony	UNKNOWN STEP	2026-05-25T00:44:59.8450933Z   CROWN_PASSWORD: ***
proof-ceremony	UNKNOWN STEP	2026-05-25T00:44:59.8451358Z   pythonLocation: /opt/hostedtoolcache/Python/3.12.13/x64
proof-ceremony	UNKNOWN STEP	2026-05-25T00:44:59.8451733Z   PKG_CONFIG_PATH: /opt/hostedtoolcache/Python/3.12.13/x64/lib/pkgconfig
proof-ceremony	UNKNOWN STEP	2026-05-25T00:44:59.8453014Z   Python_ROOT_DIR: /opt/hostedtoolcache/Python/3.12.13/x64
proof-ceremony	UNKNOWN STEP	2026-05-25T00:44:59.8453348Z   Python2_ROOT_DIR: /opt/hostedtoolcache/Python/3.12.13/x64
proof-ceremony	UNKNOWN STEP	2026-05-25T00:44:59.8453682Z   Python3_ROOT_DIR: /opt/hostedtoolcache/Python/3.12.13/x64
proof-ceremony	UNKNOWN STEP	2026-05-25T00:44:59.8454016Z   LD_LIBRARY_PATH: /opt/hostedtoolcache/Python/3.12.13/x64/lib
proof-ceremony	UNKNOWN STEP	2026-05-25T00:44:59.8454298Z ##[endgroup]
proof-ceremony	UNKNOWN STEP	2026-05-25T00:44:59.9241930Z 3.12.13 (main, Mar  4 2026, 02:26:36) [GCC 13.3.0]
proof-ceremony	UNKNOWN STEP	2026-05-25T00:45:01.2308427Z psycopg: 3.3.2
proof-ceremony	UNKNOWN STEP	2026-05-25T00:45:01.2540418Z Traceback (most recent call last):
proof-ceremony	UNKNOWN STEP	2026-05-25T00:45:01.2547077Z   File "<string>", line 1, in <module>
proof-ceremony	UNKNOWN STEP	2026-05-25T00:45:01.2547691Z ModuleNotFoundError: No module named 'psycopg2'
proof-ceremony	UNKNOWN STEP	2026-05-25T00:45:01.2578906Z ##[group]Run cd backend
proof-ceremony	UNKNOWN STEP	2026-05-25T00:45:01.2579054Z [36;1mcd backend[0m
proof-ceremony	UNKNOWN STEP	2026-05-25T00:45:01.2579193Z [36;1mpython manage.py migrate --noinput[0m
proof-ceremony	UNKNOWN STEP	2026-05-25T00:45:01.2609662Z shell: /usr/bin/bash -e {0}
proof-ceremony	UNKNOWN STEP	2026-05-25T00:45:01.2609851Z env:
proof-ceremony	UNKNOWN STEP	2026-05-25T00:45:01.2610020Z   DJANGO_SETTINGS_MODULE: crown_api.settings
proof-ceremony	UNKNOWN STEP	2026-05-25T00:45:01.2610255Z   DJANGO_SECRET_KEY: ci-test-secret-key
proof-ceremony	UNKNOWN STEP	2026-05-25T00:45:01.2610763Z   DATABASE_URL: ***localhost:5432/crown_test
proof-ceremony	UNKNOWN STEP	2026-05-25T00:45:01.2611051Z   CROWN_PASSWORD: ***
proof-ceremony	UNKNOWN STEP	2026-05-25T00:45:01.2611279Z   pythonLocation: /opt/hostedtoolcache/Python/3.12.13/x64
proof-ceremony	UNKNOWN STEP	2026-05-25T00:45:01.2611605Z   PKG_CONFIG_PATH: /opt/hostedtoolcache/Python/3.12.13/x64/lib/pkgconfig
proof-ceremony	UNKNOWN STEP	2026-05-25T00:45:01.2612069Z   Python_ROOT_DIR: /opt/hostedtoolcache/Python/3.12.13/x64
proof-ceremony	UNKNOWN STEP	2026-05-25T00:45:01.2612371Z   Python2_ROOT_DIR: /opt/hostedtoolcache/Python/3.12.13/x64
proof-ceremony	UNKNOWN STEP	2026-05-25T00:45:01.2612685Z   Python3_ROOT_DIR: /opt/hostedtoolcache/Python/3.12.13/x64
proof-ceremony	UNKNOWN STEP	2026-05-25T00:45:01.2613040Z   LD_LIBRARY_PATH: /opt/hostedtoolcache/Python/3.12.13/x64/lib
proof-ceremony	UNKNOWN STEP	2026-05-25T00:45:01.2613298Z ##[endgroup]
proof-ceremony	UNKNOWN STEP	2026-05-25T00:45:05.1365358Z Operations to perform:
proof-ceremony	UNKNOWN STEP	2026-05-25T00:45:05.1369009Z   Apply all migrations: academic_year_wizard, academics, academics_ro, accounting, admin, admissions, advancement, aftercare, aid, analytics, applications, athletics, attendance_codes_wizard, attendance_rules_wizard, audit, auth, bell_schedule_wizard, billing, billing_wizard, board_oversight, classroom, comms, comms_wizard, compliance, contenttypes, core, course_catalog_wizard, crown_api, curricula, curriculum, discipline, enrollment_conversion_wizard, enrollment_period_wizard, exports, facops, fee_schedule_wizard, finance, finance_setup, financial_aid, financial_aid_wizard, grade_scale_wizard, grade_weights_wizard, gradebook, gradebook_setup_wizard, graduation, guardian_household_wizard, households, hr, integrations, invoice_run_wizard, journal, ledger, onboarding, outreach, payments, pdhub, platform_ops, promotion_wizard, reenrollment, room_setup_wizard, safety, scheduling_wizard, section_assign_wizard, section_scheduler_wizard, section_staffing_wizard, servicehours, sessions, signals, solomon, spiritual_life, staff_onboarding_wizard, staff_setup_wizard, student_import_wizard, subscriptions, support, tenants, term_structure_wizard, transportation
proof-ceremony	UNKNOWN STEP	2026-05-25T00:45:05.1373178Z Running migrations:
proof-ceremony	UNKNOWN STEP	2026-05-25T00:45:05.1600953Z   Applying contenttypes.0001_initial... OK
proof-ceremony	UNKNOWN STEP	2026-05-25T00:45:05.1632291Z   Applying contenttypes.0002_remove_content_type_name... OK
proof-ceremony	UNKNOWN STEP	2026-05-25T00:45:05.2106562Z   Applying auth.0001_initial... OK
proof-ceremony	UNKNOWN STEP	2026-05-25T00:45:05.2133707Z   Applying auth.0002_alter_permission_name_max_length... OK
proof-ceremony	UNKNOWN STEP	2026-05-25T00:45:05.2162730Z   Applying auth.0003_alter_user_email_max_length... OK
proof-ceremony	UNKNOWN STEP	2026-05-25T00:45:05.2261636Z   Applying auth.0004_alter_user_username_opts... OK
proof-ceremony	UNKNOWN STEP	2026-05-25T00:45:05.2433564Z   Applying auth.0005_alter_user_last_login_null... OK
proof-ceremony	UNKNOWN STEP	2026-05-25T00:45:05.2441649Z   Applying auth.0006_require_contenttypes_0002... OK
proof-ceremony	UNKNOWN STEP	2026-05-25T00:45:05.2469564Z   Applying auth.0007_alter_validators_add_error_messages... OK
proof-ceremony	UNKNOWN STEP	2026-05-25T00:45:05.2497359Z   Applying auth.0008_alter_user_username_max_length... OK
proof-ceremony	UNKNOWN STEP	2026-05-25T00:45:05.2578747Z   Applying auth.0009_alter_user_last_name_max_length... OK
proof-ceremony	UNKNOWN STEP	2026-05-25T00:45:05.2607122Z   Applying auth.0010_alter_group_name_max_length... OK
proof-ceremony	UNKNOWN STEP	2026-05-25T00:45:05.2734969Z   Applying auth.0011_update_proxy_permissions... OK
proof-ceremony	UNKNOWN STEP	2026-05-25T00:45:05.2897579Z   Applying auth.0012_alter_user_first_name_max_length... OK
proof-ceremony	UNKNOWN STEP	2026-05-25T00:45:05.7686403Z   Applying core.0001_initial... OK
proof-ceremony	UNKNOWN STEP	2026-05-25T00:45:05.8139743Z   Applying finance.0001_initial... OK
proof-ceremony	UNKNOWN STEP	2026-05-25T00:45:06.9762510Z   Applying core.0002_initial... OK
proof-ceremony	UNKNOWN STEP	2026-05-25T00:45:07.1483426Z   Applying core.0003_remove_aiddocument_aid_application_and_more... OK
proof-ceremony	UNKNOWN STEP	2026-05-25T00:45:07.1638247Z   Applying core.0004_seedrun... OK
proof-ceremony	UNKNOWN STEP	2026-05-25T00:45:07.1747839Z   Applying core.0005_crown_permission_engine... OK
proof-ceremony	UNKNOWN STEP	2026-05-25T00:45:07.1918644Z   Applying academic_year_wizard.0001_initial... OK
proof-ceremony	UNKNOWN STEP	2026-05-25T00:45:07.2441910Z   Applying crown_api.0001_initial... OK
proof-ceremony	UNKNOWN STEP	2026-05-25T00:45:07.2872975Z   Applying crown_api.0002_identity_user_person_link... OK
proof-ceremony	UNKNOWN STEP	2026-05-25T00:45:07.3199236Z   Applying crown_api.0003_student_profile... OK
proof-ceremony	UNKNOWN STEP	2026-05-25T00:45:07.7129214Z   Applying crown_api.0004_course_graderecord_attendancerecord_courseenrollment... OK
proof-ceremony	UNKNOWN STEP	2026-05-25T00:45:07.9097915Z   Applying crown_api.0005_invoice_payment... OK
proof-ceremony	UNKNOWN STEP	2026-05-25T00:45:08.1527134Z   Applying crown_api.0006_term_section_sectionenrollment_and_more... OK
proof-ceremony	UNKNOWN STEP	2026-05-25T00:45:08.3366337Z   Applying crown_api.0007_messagethread_message_and_more... OK
proof-ceremony	UNKNOWN STEP	2026-05-25T00:45:08.5854158Z   Applying households.0008_households_guardians_students... OK
proof-ceremony	UNKNOWN STEP	2026-05-25T00:45:08.6104659Z   Applying financial_aid.0020_financial_aid_core... OK
proof-ceremony	UNKNOWN STEP	2026-05-25T00:45:08.8117143Z   Applying academics.0030_academics_core... OK
proof-ceremony	UNKNOWN STEP	2026-05-25T00:45:09.7969764Z   Applying academics.0031_academics_readonly... OK
proof-ceremony	UNKNOWN STEP	2026-05-25T00:45:09.7982265Z   Applying academics.0032_rename_teacher_ass_school__7df83a_idx_teacher_ass_school__e963a3_idx_and_more... OK
proof-ceremony	UNKNOWN STEP	2026-05-25T00:45:10.1042930Z   Applying academics.0033_assignmentcategory_assignment_and_more... OK
proof-ceremony	UNKNOWN STEP	2026-05-25T00:45:10.1226995Z   Applying academics.0034_course_term_spine_fields... OK
proof-ceremony	UNKNOWN STEP	2026-05-25T00:45:10.1281622Z   Applying academics.0035_section_teacher_id... OK
proof-ceremony	UNKNOWN STEP	2026-05-25T00:45:10.1750795Z   Applying academics.0036_remove_section_teacher_id_section_teacher... OK
proof-ceremony	UNKNOWN STEP	2026-05-25T00:45:10.9955595Z   Applying academics.0037_lesson_curriculumsource_assignment_lesson_and_more... OK
proof-ceremony	UNKNOWN STEP	2026-05-25T00:45:11.2036803Z   Applying academics.0038_lesson_plan_and_resource... OK
proof-ceremony	UNKNOWN STEP	2026-05-25T00:45:11.2112336Z   Applying academics.0039_term_uniq_term_year_code... OK
proof-ceremony	UNKNOWN STEP	2026-05-25T00:45:11.2132170Z   Applying academics_ro.0001_initial... OK
proof-ceremony	UNKNOWN STEP	2026-05-25T00:45:11.2632379Z   Applying accounting.0001_initial... OK
proof-ceremony	UNKNOWN STEP	2026-05-25T00:45:11.4008512Z   Applying admin.0001_initial... OK
proof-ceremony	UNKNOWN STEP	2026-05-25T00:45:11.4126742Z   Applying admin.0002_logentry_remove_auto_add... OK
proof-ceremony	UNKNOWN STEP	2026-05-25T00:45:11.4237113Z   Applying admin.0003_logentry_add_action_flag_choices... OK
proof-ceremony	UNKNOWN STEP	2026-05-25T00:45:12.7780720Z   Applying admissions.0001_initial... OK
proof-ceremony	UNKNOWN STEP	2026-05-25T00:45:12.8684663Z   Applying admissions.0002_link_household_student... OK
proof-ceremony	UNKNOWN STEP	2026-05-25T00:45:13.0218402Z   Applying admissions.0003_alter_admissionsapplication_status... OK
proof-ceremony	UNKNOWN STEP	2026-05-25T00:45:13.0973200Z   Applying advancement.0001_initial... OK
proof-ceremony	UNKNOWN STEP	2026-05-25T00:45:13.1803199Z   Applying advancement.0002_stage1_advancement... OK
proof-ceremony	UNKNOWN STEP	2026-05-25T00:45:13.3004212Z   Applying advancement.0003_stage2_advancement... OK
proof-ceremony	UNKNOWN STEP	2026-05-25T00:45:14.0833068Z   Applying advancement.0004_stage3_advancement... OK
proof-ceremony	UNKNOWN STEP	2026-05-25T00:45:14.2422549Z   Applying advancement.0005_stage3_1_2_3_seat_checkout... OK
proof-ceremony	UNKNOWN STEP	2026-05-25T00:45:14.3400694Z   Applying advancement.0006_receipt_sponsorasset_eventsponsorplacement... OK
proof-ceremony	UNKNOWN STEP	2026-05-25T00:45:14.4508113Z   Applying aftercare.0001_initial... OK
proof-ceremony	UNKNOWN STEP	2026-05-25T00:45:14.7017025Z   Applying aftercare.0002_add_uuid_fks... OK
proof-ceremony	UNKNOWN STEP	2026-05-25T00:45:15.4443315Z   Applying aid.0001_initial... OK
proof-ceremony	UNKNOWN STEP	2026-05-25T00:45:15.5362022Z   Applying aid.0002_aidapplication_last_contacted_at_and_more... OK
proof-ceremony	UNKNOWN STEP	2026-05-25T00:45:16.0390798Z   Applying aid.0003_phase75_policy_budget_engine_fields... OK
proof-ceremony	UNKNOWN STEP	2026-05-25T00:45:16.0438333Z   Applying core.0006_add_data_retention_policy... OK
proof-ceremony	UNKNOWN STEP	2026-05-25T00:45:16.0498154Z   Applying core.0007_data_destruction_certificate... OK
proof-ceremony	UNKNOWN STEP	2026-05-25T00:45:16.0521475Z   Applying core.0008_delete_datadestructioncertificate... OK
proof-ceremony	UNKNOWN STEP	2026-05-25T00:45:16.1617840Z   Applying core.0009_household_family_link... OK
proof-ceremony	UNKNOWN STEP	2026-05-25T00:45:16.2380631Z   Applying core.0010_backfill_household_family_link... OK
proof-ceremony	UNKNOWN STEP	2026-05-25T00:45:16.2849576Z   Applying analytics.0001_initial... OK
proof-ceremony	UNKNOWN STEP	2026-05-25T00:45:16.4573079Z   Applying analytics.0002_predictivemodelrun... OK
proof-ceremony	UNKNOWN STEP	2026-05-25T00:45:16.7022361Z   Applying applications.0009_applications_core... OK
proof-ceremony	UNKNOWN STEP	2026-05-25T00:45:16.7197605Z   Applying applications.0010_applicant_flags_applicant_source... OK
proof-ceremony	UNKNOWN STEP	2026-05-25T00:45:18.4588183Z   Applying athletics.0001_initial_athletics... OK
proof-ceremony	UNKNOWN STEP	2026-05-25T00:45:18.5396890Z   Applying attendance_codes_wizard.0001_initial... OK
proof-ceremony	UNKNOWN STEP	2026-05-25T00:45:18.6035571Z   Applying attendance_rules_wizard.0001_initial... OK
proof-ceremony	UNKNOWN STEP	2026-05-25T00:45:18.6098259Z   Applying audit.0001_initial... OK
proof-ceremony	UNKNOWN STEP	2026-05-25T00:45:18.7790238Z   Applying bell_schedule_wizard.0001_initial... OK
proof-ceremony	UNKNOWN STEP	2026-05-25T00:45:19.5703330Z   Applying bell_schedule_wizard.0002_replace_stub_with_models... OK
proof-ceremony	UNKNOWN STEP	2026-05-25T00:45:20.0232495Z   Applying ledger.0010_ledger_core... OK
proof-ceremony	UNKNOWN STEP	2026-05-25T00:45:20.2236637Z   Applying billing.0040_billing_core... OK
proof-ceremony	UNKNOWN STEP	2026-05-25T00:45:20.3690544Z   Applying billing.0080_billing_installments... OK
proof-ceremony	UNKNOWN STEP	2026-05-25T00:45:20.4335815Z   Applying billing.0081_billingauditevent... OK
proof-ceremony	UNKNOWN STEP	2026-05-25T00:45:20.4632893Z   Applying billing.0082_alter_billingauditevent_id... OK
proof-ceremony	UNKNOWN STEP	2026-05-25T00:45:20.6293274Z   Applying billing.0083_alter_billingauditevent_id... OK
proof-ceremony	UNKNOWN STEP	2026-05-25T00:45:20.6884538Z   Applying billing.0084_stage2_household_delinquency... OK
proof-ceremony	UNKNOWN STEP	2026-05-25T00:45:20.7812810Z   Applying billing_wizard.0001_initial... OK
proof-ceremony	UNKNOWN STEP	2026-05-25T00:45:20.8180090Z   Applying board_oversight.0001_initial... OK
proof-ceremony	UNKNOWN STEP	2026-05-25T00:45:20.8441247Z   Applying board_oversight.0002_stage4_governance... OK
proof-ceremony	UNKNOWN STEP	2026-05-25T00:45:21.4666762Z   Applying classroom.0001_initial... OK
proof-ceremony	UNKNOWN STEP	2026-05-25T00:45:21.5205349Z   Applying classroom.0002_alter_classroom_school... OK
proof-ceremony	UNKNOWN STEP	2026-05-25T00:45:21.8163120Z   Applying comms.0001_initial... OK
proof-ceremony	UNKNOWN STEP	2026-05-25T00:45:22.2668753Z   Applying comms.0002_outbox_message... OK
proof-ceremony	UNKNOWN STEP	2026-05-25T00:45:22.3981257Z   Applying comms_wizard.0001_initial... OK
proof-ceremony	UNKNOWN STEP	2026-05-25T00:45:22.6154775Z   Applying comms_wizard.0002_message_template... OK
proof-ceremony	UNKNOWN STEP	2026-05-25T00:45:22.8843434Z   Applying comms_wizard.0003_rename_comms_wizar_school__idx1_comms_wizar_school__2f2841_idx_and_more... OK
proof-ceremony	UNKNOWN STEP	2026-05-25T00:45:22.8894665Z   Applying comms_wizard.0004_delete_messagetemplate... OK
proof-ceremony	UNKNOWN STEP	2026-05-25T00:45:22.9515023Z   Applying compliance.0001_initial... OK
proof-ceremony	UNKNOWN STEP	2026-05-25T00:45:22.9585992Z   Applying core.0011_retentionpurgeaudit... OK
proof-ceremony	UNKNOWN STEP	2026-05-25T00:45:23.1500980Z   Applying course_catalog_wizard.0001_initial... OK
proof-ceremony	UNKNOWN STEP	2026-05-25T00:45:23.2146886Z   Applying crown_api.0008_auditevent... OK
proof-ceremony	UNKNOWN STEP	2026-05-25T00:45:23.2552363Z   Applying crown_api.0009_crownuser... OK
proof-ceremony	UNKNOWN STEP	2026-05-25T00:45:23.5586815Z   Applying crown_api.0010_alter_courseenrollment_options_and_more... OK
proof-ceremony	UNKNOWN STEP	2026-05-25T00:45:23.8572120Z   Applying crown_api.0011_alter_sectionenrollment_options_and_more... OK
proof-ceremony	UNKNOWN STEP	2026-05-25T00:45:23.8888573Z   Applying crown_api.0012_dashboard_snapshot... OK
proof-ceremony	UNKNOWN STEP	2026-05-25T00:45:24.4062764Z   Applying curricula.0001_initial... OK
proof-ceremony	UNKNOWN STEP	2026-05-25T00:45:24.8885429Z   Applying curricula.0002_curriculummap_grade_band_curriculummap_subject_and_more... OK
proof-ceremony	UNKNOWN STEP	2026-05-25T00:45:25.5752670Z   Applying curriculum.0001_initial... OK
proof-ceremony	UNKNOWN STEP	2026-05-25T00:45:26.1563530Z   Applying discipline.0001_initial... OK
proof-ceremony	UNKNOWN STEP	2026-05-25T00:45:26.1826842Z   Applying discipline.0002_alter_disciplineaction_action_type... OK
proof-ceremony	UNKNOWN STEP	2026-05-25T00:45:26.2064270Z   Applying discipline.0003_alter_disciplineaction_action_type... OK
proof-ceremony	UNKNOWN STEP	2026-05-25T00:45:26.2921648Z   Applying enrollment_conversion_wizard.0001_initial... OK
proof-ceremony	UNKNOWN STEP	2026-05-25T00:45:26.6817715Z   Applying enrollment_period_wizard.0001_initial... OK
proof-ceremony	UNKNOWN STEP	2026-05-25T00:45:26.7682618Z   Applying exports.0001_initial... OK
proof-ceremony	UNKNOWN STEP	2026-05-25T00:45:26.7919400Z   Applying exports.0002_exportauditlog_school_override_id... OK
proof-ceremony	UNKNOWN STEP	2026-05-25T00:45:28.8579721Z   Applying facops.0001_initial... OK
proof-ceremony	UNKNOWN STEP	2026-05-25T00:45:29.4702834Z   Applying fee_schedule_wizard.0001_initial... OK
proof-ceremony	UNKNOWN STEP	2026-05-25T00:45:29.4732354Z   Applying finance.0002_financeledgerentry_financestudenttuition_and_more... OK
proof-ceremony	UNKNOWN STEP	2026-05-25T00:45:32.2219078Z   Applying finance.0003_phase8_obligations_invoices_payments... OK
proof-ceremony	UNKNOWN STEP	2026-05-25T00:45:32.4403175Z   Applying finance_setup.0001_initial... OK
proof-ceremony	UNKNOWN STEP	2026-05-25T00:45:32.6904825Z   Applying finance_setup.0002_alter_discountpolicy_max_discount_percent_bp_and_more... OK
proof-ceremony	UNKNOWN STEP	2026-05-25T00:45:32.7734801Z   Applying financial_aid_wizard.0001_initial... OK
proof-ceremony	UNKNOWN STEP	2026-05-25T00:45:33.4855215Z   Applying grade_scale_wizard.0001_initial... OK
proof-ceremony	UNKNOWN STEP	2026-05-25T00:45:33.5684201Z   Applying grade_weights_wizard.0001_initial... OK
proof-ceremony	UNKNOWN STEP	2026-05-25T00:45:33.9953114Z   Applying gradebook.0001_initial... OK
proof-ceremony	UNKNOWN STEP	2026-05-25T00:45:34.0873243Z   Applying gradebook.0002_gradeentry_assignment... OK
proof-ceremony	UNKNOWN STEP	2026-05-25T00:45:34.1808560Z   Applying gradebook.0003_populate_assignment_fk...[gradebook 0003] created categories: 0, created assignments: 0, linked GradeEntry rows: 0
proof-ceremony	UNKNOWN STEP	2026-05-25T00:45:34.1812075Z  OK
proof-ceremony	UNKNOWN STEP	2026-05-25T00:45:34.2844307Z   Applying gradebook_setup_wizard.0001_initial... OK
proof-ceremony	UNKNOWN STEP	2026-05-25T00:45:34.5640306Z   Applying graduation.0001_initial... OK
proof-ceremony	UNKNOWN STEP	2026-05-25T00:45:34.6631347Z   Applying guardian_household_wizard.0001_initial... OK
proof-ceremony	UNKNOWN STEP	2026-05-25T00:45:34.6697485Z   Applying hr.0001_initial... OK
proof-ceremony	UNKNOWN STEP	2026-05-25T00:45:34.6902595Z   Applying integrations.0001_initial... OK
proof-ceremony	UNKNOWN STEP	2026-05-25T00:45:34.7854252Z   Applying integrations.0002_teamspreviewaudit... OK
proof-ceremony	UNKNOWN STEP	2026-05-25T00:45:34.8753356Z   Applying invoice_run_wizard.0001_initial... OK
proof-ceremony	UNKNOWN STEP	2026-05-25T00:45:36.0645833Z   Applying journal.0001_initial... OK
proof-ceremony	UNKNOWN STEP	2026-05-25T00:45:36.2020923Z   Applying journal.0002_journalentry_reversal_of... OK
proof-ceremony	UNKNOWN STEP	2026-05-25T00:45:36.2194308Z   Applying ledger.0050_ledger_allocations... OK
proof-ceremony	UNKNOWN STEP	2026-05-25T00:45:36.2432347Z   Applying ledger.0060_ledger_payment_source... OK
proof-ceremony	UNKNOWN STEP	2026-05-25T00:45:36.2511601Z   Applying ledger.0061_payment_is_void... OK
proof-ceremony	UNKNOWN STEP	2026-05-25T00:45:36.4818174Z   Applying ledger.0062_stage2_dunning_chargeback_audit... OK
proof-ceremony	UNKNOWN STEP	2026-05-25T00:45:36.6713843Z   Applying onboarding.0001_initial... OK
proof-ceremony	UNKNOWN STEP	2026-05-25T00:45:37.2375699Z   Applying onboarding.0002_stage3_onboarding_tasks... OK
proof-ceremony	UNKNOWN STEP	2026-05-25T00:45:37.2407243Z   Applying onboarding.0003_delete_importfieldmapping... OK
proof-ceremony	UNKNOWN STEP	2026-05-25T00:45:37.4915329Z   Applying onboarding.0004_solomonaudience_solomoncategory_solomontopic_and_more... OK
proof-ceremony	UNKNOWN STEP	2026-05-25T00:45:38.3627498Z   Applying outreach.0001_initial_outreach... OK
proof-ceremony	UNKNOWN STEP	2026-05-25T00:45:38.5741407Z   Applying payments.0001_initial... OK
proof-ceremony	UNKNOWN STEP	2026-05-25T00:45:38.6352686Z   Applying payments.0002_providerdispute_providerpayoutbatch_and_more... OK
proof-ceremony	UNKNOWN STEP	2026-05-25T00:45:39.8904856Z   Applying payments.0003_savedpaymentmethod_paymentsupportexception_and_more... OK
proof-ceremony	UNKNOWN STEP	2026-05-25T00:45:40.3648149Z   Applying payments.0004_bankstatementimport_bankstatemententry_and_more... OK
proof-ceremony	UNKNOWN STEP	2026-05-25T00:45:40.3767772Z   Applying pdhub.0001_initial... OK
proof-ceremony	UNKNOWN STEP	2026-05-25T00:45:40.4824840Z   Applying platform_ops.0001_initial... OK
proof-ceremony	UNKNOWN STEP	2026-05-25T00:45:40.8413216Z   Applying promotion_wizard.0001_initial... OK
proof-ceremony	UNKNOWN STEP	2026-05-25T00:45:40.9581160Z   Applying reenrollment.0001_initial... OK
proof-ceremony	UNKNOWN STEP	2026-05-25T00:45:41.2237784Z   Applying room_setup_wizard.0001_initial... OK
proof-ceremony	UNKNOWN STEP	2026-05-25T00:45:41.2293569Z   Applying safety.0001_initial... OK
proof-ceremony	UNKNOWN STEP	2026-05-25T00:45:41.3656419Z   Applying scheduling_wizard.0001_initial... OK
proof-ceremony	UNKNOWN STEP	2026-05-25T00:45:41.6831688Z   Applying section_assign_wizard.0001_initial... OK
proof-ceremony	UNKNOWN STEP	2026-05-25T00:45:41.8822576Z   Applying staff_setup_wizard.0001_initial... OK
proof-ceremony	UNKNOWN STEP	2026-05-25T00:45:42.1717740Z   Applying section_scheduler_wizard.0001_initial... OK
proof-ceremony	UNKNOWN STEP	2026-05-25T00:45:42.7493211Z   Applying section_scheduler_wizard.0002_initial... OK
proof-ceremony	UNKNOWN STEP	2026-05-25T00:45:42.8669255Z   Applying section_staffing_wizard.0001_initial... OK
proof-ceremony	UNKNOWN STEP	2026-05-25T00:45:43.0431376Z   Applying servicehours.0001_initial... OK
proof-ceremony	UNKNOWN STEP	2026-05-25T00:45:43.0601864Z   Applying sessions.0001_initial... OK
proof-ceremony	UNKNOWN STEP	2026-05-25T00:45:43.1576134Z   Applying signals.0001_initial... OK
proof-ceremony	UNKNOWN STEP	2026-05-25T00:45:44.1634758Z   Applying signals.0002_rebuild_uuid_fks... OK
proof-ceremony	UNKNOWN STEP	2026-05-25T00:45:44.8525035Z   Applying signals.0003_rename_signals_bem2_date_idx_signals_boa_school__824a80_idx_and_more... OK
proof-ceremony	UNKNOWN STEP	2026-05-25T00:45:44.9640966Z   Applying solomon.0001_initial... OK
proof-ceremony	UNKNOWN STEP	2026-05-25T00:45:48.4142860Z   Applying spiritual_life.0001_initial_spiritual_life... OK
proof-ceremony	UNKNOWN STEP	2026-05-25T00:45:48.5610315Z   Applying staff_onboarding_wizard.0001_initial... OK
proof-ceremony	UNKNOWN STEP	2026-05-25T00:45:48.7844774Z   Applying student_import_wizard.0001_initial... OK
proof-ceremony	UNKNOWN STEP	2026-05-25T00:45:48.8829061Z   Applying subscriptions.0001_initial... OK
proof-ceremony	UNKNOWN STEP	2026-05-25T00:45:48.8914910Z   Applying subscriptions.0002_remove_tenant_subscription_school_id_unique... OK
proof-ceremony	UNKNOWN STEP	2026-05-25T00:45:49.2982786Z   Applying subscriptions.0003_schoolmodule... OK
proof-ceremony	UNKNOWN STEP	2026-05-25T00:45:49.3081656Z   Applying support.0001_initial... OK
proof-ceremony	UNKNOWN STEP	2026-05-25T00:45:49.7743543Z   Applying tenants.0001_initial... OK
proof-ceremony	UNKNOWN STEP	2026-05-25T00:45:50.8026336Z   Applying term_structure_wizard.0001_initial... OK
proof-ceremony	UNKNOWN STEP	2026-05-25T00:45:54.7742766Z   Applying transportation.0001_initial... OK
proof-ceremony	UNKNOWN STEP	2026-05-25T00:45:55.2536502Z ##[group]Run cd backend
proof-ceremony	UNKNOWN STEP	2026-05-25T00:45:55.2536875Z [36;1mcd backend[0m
proof-ceremony	UNKNOWN STEP	2026-05-25T00:45:55.2537147Z [36;1mpython manage.py seed_demo_school --wipe[0m
proof-ceremony	UNKNOWN STEP	2026-05-25T00:45:55.2572465Z shell: /usr/bin/bash -e {0}
proof-ceremony	UNKNOWN STEP	2026-05-25T00:45:55.2572715Z env:
proof-ceremony	UNKNOWN STEP	2026-05-25T00:45:55.2572904Z   DJANGO_SETTINGS_MODULE: crown_api.settings
proof-ceremony	UNKNOWN STEP	2026-05-25T00:45:55.2573185Z   DJANGO_SECRET_KEY: ci-test-secret-key
proof-ceremony	UNKNOWN STEP	2026-05-25T00:45:55.2573634Z   DATABASE_URL: ***localhost:5432/crown_test
proof-ceremony	UNKNOWN STEP	2026-05-25T00:45:55.2573902Z   CROWN_PASSWORD: ***
proof-ceremony	UNKNOWN STEP	2026-05-25T00:45:55.2574171Z   pythonLocation: /opt/hostedtoolcache/Python/3.12.13/x64
proof-ceremony	UNKNOWN STEP	2026-05-25T00:45:55.2574464Z   PKG_CONFIG_PATH: /opt/hostedtoolcache/Python/3.12.13/x64/lib/pkgconfig
proof-ceremony	UNKNOWN STEP	2026-05-25T00:45:55.2574744Z   Python_ROOT_DIR: /opt/hostedtoolcache/Python/3.12.13/x64
proof-ceremony	UNKNOWN STEP	2026-05-25T00:45:55.2575040Z   Python2_ROOT_DIR: /opt/hostedtoolcache/Python/3.12.13/x64
proof-ceremony	UNKNOWN STEP	2026-05-25T00:45:55.2575311Z   Python3_ROOT_DIR: /opt/hostedtoolcache/Python/3.12.13/x64
proof-ceremony	UNKNOWN STEP	2026-05-25T00:45:55.2575847Z   LD_LIBRARY_PATH: /opt/hostedtoolcache/Python/3.12.13/x64/lib
proof-ceremony	UNKNOWN STEP	2026-05-25T00:45:55.2576160Z ##[endgroup]
proof-ceremony	UNKNOWN STEP	2026-05-25T00:45:59.0934211Z Seeding: Crown Demo Christian Academy | 2026ΓÇô2027 | students=300 | tuition=$12000 | aid=35%
proof-ceremony	UNKNOWN STEP	2026-05-25T00:45:59.0950378Z Wipe complete.
proof-ceremony	UNKNOWN STEP	2026-05-25T00:45:59.0950599Z Families created/ensured: 180
proof-ceremony	UNKNOWN STEP	2026-05-25T00:45:59.0950804Z Students created/ensured: 300
proof-ceremony	UNKNOWN STEP	2026-05-25T00:45:59.0950992Z Tuition posted to ledger.
proof-ceremony	UNKNOWN STEP	2026-05-25T00:45:59.0951172Z Aid applications created: 63
proof-ceremony	UNKNOWN STEP	2026-05-25T00:45:59.0951391Z Aid awards created+accepted+posted: 77 (created 99)
proof-ceremony	UNKNOWN STEP	2026-05-25T00:45:59.0951653Z Attendance demo records seeded: 150 new rows.
proof-ceremony	UNKNOWN STEP	2026-05-25T00:45:59.0952122Z Γ£à Demo school seed complete. Now review in Django Admin.
proof-ceremony	UNKNOWN STEP	2026-05-25T00:45:59.3135549Z ##[group]Run cd backend
proof-ceremony	UNKNOWN STEP	2026-05-25T00:45:59.3135975Z [36;1mcd backend[0m
proof-ceremony	UNKNOWN STEP	2026-05-25T00:45:59.3136180Z [36;1mpython manage.py runserver 127.0.0.1:8000 &[0m
proof-ceremony	UNKNOWN STEP	2026-05-25T00:45:59.3136424Z [36;1msleep 5[0m
proof-ceremony	UNKNOWN STEP	2026-05-25T00:45:59.3173207Z shell: /usr/bin/bash -e {0}
proof-ceremony	UNKNOWN STEP	2026-05-25T00:45:59.3173413Z env:
proof-ceremony	UNKNOWN STEP	2026-05-25T00:45:59.3173587Z   DJANGO_SETTINGS_MODULE: crown_api.settings
proof-ceremony	UNKNOWN STEP	2026-05-25T00:45:59.3173824Z   DJANGO_SECRET_KEY: ci-test-secret-key
proof-ceremony	UNKNOWN STEP	2026-05-25T00:45:59.3174207Z   DATABASE_URL: ***localhost:5432/crown_test
proof-ceremony	UNKNOWN STEP	2026-05-25T00:45:59.3174373Z   CROWN_PASSWORD: ***
proof-ceremony	UNKNOWN STEP	2026-05-25T00:45:59.3174528Z   pythonLocation: /opt/hostedtoolcache/Python/3.12.13/x64
proof-ceremony	UNKNOWN STEP	2026-05-25T00:45:59.3174743Z   PKG_CONFIG_PATH: /opt/hostedtoolcache/Python/3.12.13/x64/lib/pkgconfig
proof-ceremony	UNKNOWN STEP	2026-05-25T00:45:59.3174954Z   Python_ROOT_DIR: /opt/hostedtoolcache/Python/3.12.13/x64
proof-ceremony	UNKNOWN STEP	2026-05-25T00:45:59.3175143Z   Python2_ROOT_DIR: /opt/hostedtoolcache/Python/3.12.13/x64
proof-ceremony	UNKNOWN STEP	2026-05-25T00:45:59.3175362Z   Python3_ROOT_DIR: /opt/hostedtoolcache/Python/3.12.13/x64
proof-ceremony	UNKNOWN STEP	2026-05-25T00:45:59.3175560Z   LD_LIBRARY_PATH: /opt/hostedtoolcache/Python/3.12.13/x64/lib
proof-ceremony	UNKNOWN STEP	2026-05-25T00:45:59.3175721Z ##[endgroup]
proof-ceremony	UNKNOWN STEP	2026-05-25T00:46:09.3267271Z ##[group]Run curl --max-time 30 -f -sf http://127.0.0.1:8000/health/ | tee proof_health.json || (echo "Health check FAILED"; exit 1)
proof-ceremony	UNKNOWN STEP	2026-05-25T00:46:09.3267874Z [36;1mcurl --max-time 30 -f -sf http://127.0.0.1:8000/health/ | tee proof_health.json || (echo "Health check FAILED"; exit 1)[0m
proof-ceremony	UNKNOWN STEP	2026-05-25T00:46:09.3268216Z [36;1mecho ""[0m
proof-ceremony	UNKNOWN STEP	2026-05-25T00:46:09.3268443Z [36;1mecho "--- build_sha in health response ---"[0m
proof-ceremony	UNKNOWN STEP	2026-05-25T00:46:09.3268657Z [36;1mpython3 -c "[0m
proof-ceremony	UNKNOWN STEP	2026-05-25T00:46:09.3268845Z [36;1mimport json, sys[0m
proof-ceremony	UNKNOWN STEP	2026-05-25T00:46:09.3269050Z [36;1mtry:[0m
proof-ceremony	UNKNOWN STEP	2026-05-25T00:46:09.3269291Z [36;1m    d = json.load(open('proof_health.json'))[0m
proof-ceremony	UNKNOWN STEP	2026-05-25T00:46:09.3269501Z [36;1m    sha = d.get('build_sha', 'MISSING')[0m
proof-ceremony	UNKNOWN STEP	2026-05-25T00:46:09.3269748Z [36;1m    status = d.get('status', 'MISSING')[0m
proof-ceremony	UNKNOWN STEP	2026-05-25T00:46:09.3269984Z [36;1m    print(f'build_sha={sha}')[0m
proof-ceremony	UNKNOWN STEP	2026-05-25T00:46:09.3270210Z [36;1m    print(f'status={status}')[0m
proof-ceremony	UNKNOWN STEP	2026-05-25T00:46:09.3270528Z [36;1m    if sha == 'MISSING':[0m
proof-ceremony	UNKNOWN STEP	2026-05-25T00:46:09.3270733Z [36;1m        sys.exit(1)[0m
proof-ceremony	UNKNOWN STEP	2026-05-25T00:46:09.3270947Z [36;1mexcept Exception as e:[0m
proof-ceremony	UNKNOWN STEP	2026-05-25T00:46:09.3271185Z [36;1m    print(f'ERROR parsing health response: {e}')[0m
proof-ceremony	UNKNOWN STEP	2026-05-25T00:46:09.3271414Z [36;1m    sys.exit(1)[0m
proof-ceremony	UNKNOWN STEP	2026-05-25T00:46:09.3271590Z [36;1m" || exit 1[0m
proof-ceremony	UNKNOWN STEP	2026-05-25T00:46:09.3299200Z shell: /usr/bin/bash -e {0}
proof-ceremony	UNKNOWN STEP	2026-05-25T00:46:09.3299406Z env:
proof-ceremony	UNKNOWN STEP	2026-05-25T00:46:09.3299566Z   DJANGO_SETTINGS_MODULE: crown_api.settings
proof-ceremony	UNKNOWN STEP	2026-05-25T00:46:09.3299814Z   DJANGO_SECRET_KEY: ci-test-secret-key
proof-ceremony	UNKNOWN STEP	2026-05-25T00:46:09.3300263Z   DATABASE_URL: ***localhost:5432/crown_test
proof-ceremony	UNKNOWN STEP	2026-05-25T00:46:09.3300473Z   CROWN_PASSWORD: ***
proof-ceremony	UNKNOWN STEP	2026-05-25T00:46:09.3300726Z   pythonLocation: /opt/hostedtoolcache/Python/3.12.13/x64
proof-ceremony	UNKNOWN STEP	2026-05-25T00:46:09.3301014Z   PKG_CONFIG_PATH: /opt/hostedtoolcache/Python/3.12.13/x64/lib/pkgconfig
proof-ceremony	UNKNOWN STEP	2026-05-25T00:46:09.3301294Z   Python_ROOT_DIR: /opt/hostedtoolcache/Python/3.12.13/x64
proof-ceremony	UNKNOWN STEP	2026-05-25T00:46:09.3301634Z   Python2_ROOT_DIR: /opt/hostedtoolcache/Python/3.12.13/x64
proof-ceremony	UNKNOWN STEP	2026-05-25T00:46:09.3301995Z   Python3_ROOT_DIR: /opt/hostedtoolcache/Python/3.12.13/x64
proof-ceremony	UNKNOWN STEP	2026-05-25T00:46:09.3302256Z   LD_LIBRARY_PATH: /opt/hostedtoolcache/Python/3.12.13/x64/lib
proof-ceremony	UNKNOWN STEP	2026-05-25T00:46:09.3302536Z ##[endgroup]
proof-ceremony	UNKNOWN STEP	2026-05-25T00:46:09.3495520Z {"ok": true, "status": "ok", "demo_mode": false, "build_sha": "1df88739d118943ad1617865cb06ba5c8422d341", "prod_deploy_tag": "", "env": "dev", "build_time_utc": "2026-05-25T00:46:09.341979+00:00", "version": "crown-0.4.0-rc1", "db": "ok", "deploy_run_id": "", "deploy_workflow": ""}
proof-ceremony	UNKNOWN STEP	2026-05-25T00:46:09.3497800Z --- build_sha in health response ---
proof-ceremony	UNKNOWN STEP	2026-05-25T00:46:09.3606715Z build_sha=1df88739d118943ad1617865cb06ba5c8422d341
proof-ceremony	UNKNOWN STEP	2026-05-25T00:46:09.3607195Z status=ok
proof-ceremony	UNKNOWN STEP	2026-05-25T00:46:09.3648843Z ##[group]Run cd backend
proof-ceremony	UNKNOWN STEP	2026-05-25T00:46:09.3649087Z [36;1mcd backend[0m
proof-ceremony	UNKNOWN STEP	2026-05-25T00:46:09.3649363Z [36;1mpython manage.py check[0m
proof-ceremony	UNKNOWN STEP	2026-05-25T00:46:09.3673345Z shell: /usr/bin/bash -e {0}
proof-ceremony	UNKNOWN STEP	2026-05-25T00:46:09.3673524Z env:
proof-ceremony	UNKNOWN STEP	2026-05-25T00:46:09.3673767Z   DJANGO_SETTINGS_MODULE: crown_api.settings
proof-ceremony	UNKNOWN STEP	2026-05-25T00:46:09.3673991Z   DJANGO_SECRET_KEY: ci-test-secret-key
proof-ceremony	UNKNOWN STEP	2026-05-25T00:46:09.3674396Z   DATABASE_URL: ***localhost:5432/crown_test
proof-ceremony	UNKNOWN STEP	2026-05-25T00:46:09.3674637Z   CROWN_PASSWORD: ***
proof-ceremony	UNKNOWN STEP	2026-05-25T00:46:09.3674834Z   pythonLocation: /opt/hostedtoolcache/Python/3.12.13/x64
proof-ceremony	UNKNOWN STEP	2026-05-25T00:46:09.3675139Z   PKG_CONFIG_PATH: /opt/hostedtoolcache/Python/3.12.13/x64/lib/pkgconfig
proof-ceremony	UNKNOWN STEP	2026-05-25T00:46:09.3675459Z   Python_ROOT_DIR: /opt/hostedtoolcache/Python/3.12.13/x64
proof-ceremony	UNKNOWN STEP	2026-05-25T00:46:09.3675718Z   Python2_ROOT_DIR: /opt/hostedtoolcache/Python/3.12.13/x64
proof-ceremony	UNKNOWN STEP	2026-05-25T00:46:09.3676005Z   Python3_ROOT_DIR: /opt/hostedtoolcache/Python/3.12.13/x64
proof-ceremony	UNKNOWN STEP	2026-05-25T00:46:09.3676312Z   LD_LIBRARY_PATH: /opt/hostedtoolcache/Python/3.12.13/x64/lib
proof-ceremony	UNKNOWN STEP	2026-05-25T00:46:09.3676564Z ##[endgroup]
proof-ceremony	UNKNOWN STEP	2026-05-25T00:46:10.1851319Z System check identified no issues (0 silenced).
proof-ceremony	UNKNOWN STEP	2026-05-25T00:46:10.3943501Z ##[group]Run cd backend
proof-ceremony	UNKNOWN STEP	2026-05-25T00:46:10.3943752Z [36;1mcd backend[0m
proof-ceremony	UNKNOWN STEP	2026-05-25T00:46:10.3944160Z [36;1mpython -m pytest tests/test_director_actions.py -v --tb=short 2>&1 | tee ../proof_pytest.txt[0m
proof-ceremony	UNKNOWN STEP	2026-05-25T00:46:10.3944607Z [36;1m# Extract summary line (last 'passed/failed' line)[0m
proof-ceremony	UNKNOWN STEP	2026-05-25T00:46:10.3944961Z [36;1mgrep -E "passed|failed|error" ../proof_pytest.txt | tail -3 || true[0m
proof-ceremony	UNKNOWN STEP	2026-05-25T00:46:10.3945303Z [36;1m# Fail if pytest failed (tee masks exit code)[0m
proof-ceremony	UNKNOWN STEP	2026-05-25T00:46:10.3945624Z [36;1mgrep -qE "^FAILED|error in" ../proof_pytest.txt && exit 1 || true[0m
proof-ceremony	UNKNOWN STEP	2026-05-25T00:46:10.3945988Z [36;1mgrep -qE "[0-9]+ failed" ../proof_pytest.txt && exit 1 || true[0m
proof-ceremony	UNKNOWN STEP	2026-05-25T00:46:10.3979467Z shell: /usr/bin/bash -e {0}
proof-ceremony	UNKNOWN STEP	2026-05-25T00:46:10.3979615Z env:
proof-ceremony	UNKNOWN STEP	2026-05-25T00:46:10.3979740Z   DJANGO_SETTINGS_MODULE: crown_api.settings
proof-ceremony	UNKNOWN STEP	2026-05-25T00:46:10.3979902Z   DJANGO_SECRET_KEY: ci-test-secret-key
proof-ceremony	UNKNOWN STEP	2026-05-25T00:46:10.3980298Z   DATABASE_URL: ***localhost:5432/crown_test
proof-ceremony	UNKNOWN STEP	2026-05-25T00:46:10.3980467Z   CROWN_PASSWORD: ***
proof-ceremony	UNKNOWN STEP	2026-05-25T00:46:10.3980623Z   pythonLocation: /opt/hostedtoolcache/Python/3.12.13/x64
proof-ceremony	UNKNOWN STEP	2026-05-25T00:46:10.3980841Z   PKG_CONFIG_PATH: /opt/hostedtoolcache/Python/3.12.13/x64/lib/pkgconfig
proof-ceremony	UNKNOWN STEP	2026-05-25T00:46:10.3981056Z   Python_ROOT_DIR: /opt/hostedtoolcache/Python/3.12.13/x64
proof-ceremony	UNKNOWN STEP	2026-05-25T00:46:10.3981246Z   Python2_ROOT_DIR: /opt/hostedtoolcache/Python/3.12.13/x64
proof-ceremony	UNKNOWN STEP	2026-05-25T00:46:10.3981437Z   Python3_ROOT_DIR: /opt/hostedtoolcache/Python/3.12.13/x64
proof-ceremony	UNKNOWN STEP	2026-05-25T00:46:10.3981632Z   LD_LIBRARY_PATH: /opt/hostedtoolcache/Python/3.12.13/x64/lib
proof-ceremony	UNKNOWN STEP	2026-05-25T00:46:10.3982036Z ##[endgroup]
proof-ceremony	UNKNOWN STEP	2026-05-25T00:46:11.3993171Z 
proof-ceremony	UNKNOWN STEP	2026-05-25T00:46:11.3993731Z === PYTEST DJANGO DIAGNOSTICS (EARLY) ===
proof-ceremony	UNKNOWN STEP	2026-05-25T00:46:11.3994281Z DJANGO_SETTINGS_MODULE env: crown_api.settings
proof-ceremony	UNKNOWN STEP	2026-05-25T00:46:11.3994638Z settings module: crown_api.settings
proof-ceremony	UNKNOWN STEP	2026-05-25T00:46:11.3994978Z INSTALLED_APPS has core?: True
proof-ceremony	UNKNOWN STEP	2026-05-25T00:46:11.3995340Z MIGRATION_MODULES: {}
proof-ceremony	UNKNOWN STEP	2026-05-25T00:46:11.3995650Z MIGRATION_MODULES['core']: None
proof-ceremony	UNKNOWN STEP	2026-05-25T00:46:11.3995958Z MIGRATION_MODULES['finance']: None
proof-ceremony	UNKNOWN STEP	2026-05-25T00:46:11.3996397Z core.__file__: /home/runner/work/Crown2026/Crown2026/backend/core/__init__.py
proof-ceremony	UNKNOWN STEP	2026-05-25T00:46:11.3997013Z core.migrations.__file__: /home/runner/work/Crown2026/Crown2026/backend/core/migrations/__init__.py
proof-ceremony	UNKNOWN STEP	2026-05-25T00:46:11.3997552Z === END DIAGNOSTICS ===
proof-ceremony	UNKNOWN STEP	2026-05-25T00:46:11.3997786Z 
proof-ceremony	UNKNOWN STEP	2026-05-25T00:46:11.3998013Z ============================= test session starts ==============================
proof-ceremony	UNKNOWN STEP	2026-05-25T00:46:11.3998579Z platform linux -- Python 3.12.13, pytest-9.0.3, pluggy-1.6.0 -- /opt/hostedtoolcache/Python/3.12.13/x64/bin/python
proof-ceremony	UNKNOWN STEP	2026-05-25T00:46:11.3999102Z cachedir: .pytest_cache
proof-ceremony	UNKNOWN STEP	2026-05-25T00:46:11.3999459Z django: version: 5.2.14, settings: crown_api.settings (from env)
proof-ceremony	UNKNOWN STEP	2026-05-25T00:46:11.3999885Z rootdir: /home/runner/work/Crown2026/Crown2026
proof-ceremony	UNKNOWN STEP	2026-05-25T00:46:11.4000231Z configfile: pytest.ini
proof-ceremony	UNKNOWN STEP	2026-05-25T00:46:11.4000758Z plugins: django-4.7.0
proof-ceremony	UNKNOWN STEP	2026-05-25T00:46:11.4452412Z collecting ... collected 1 item
proof-ceremony	UNKNOWN STEP	2026-05-25T00:46:11.4452940Z 
proof-ceremony	UNKNOWN STEP	2026-05-25T00:46:59.2304050Z tests/test_director_actions.py::test_post_director_actions PASSED        [100%]
proof-ceremony	UNKNOWN STEP	2026-05-25T00:46:59.2304946Z 
proof-ceremony	UNKNOWN STEP	2026-05-25T00:46:59.2305221Z ============================== 1 passed in 47.42s ==============================
proof-ceremony	UNKNOWN STEP	2026-05-25T00:46:59.5689081Z ============================== 1 passed in 47.42s ==============================
proof-ceremony	UNKNOWN STEP	2026-05-25T00:46:59.5743477Z ##[group]Run cd backend
proof-ceremony	UNKNOWN STEP	2026-05-25T00:46:59.5743731Z [36;1mcd backend[0m
proof-ceremony	UNKNOWN STEP	2026-05-25T00:46:59.5744017Z [36;1mecho "--- CrownMagus III: Write-RBAC, Object-Level, Idempotency, Audit ---"[0m
proof-ceremony	UNKNOWN STEP	2026-05-25T00:46:59.5744366Z [36;1mpython -m pytest \[0m
proof-ceremony	UNKNOWN STEP	2026-05-25T00:46:59.5744604Z [36;1m  crown_api/tests/test_rbac_matrix_writes.py \[0m
proof-ceremony	UNKNOWN STEP	2026-05-25T00:46:59.5744940Z [36;1m  crown_api/tests/test_object_level_permissions.py \[0m
proof-ceremony	UNKNOWN STEP	2026-05-25T00:46:59.5745250Z [36;1m  crown_api/tests/test_idempotency_keys.py \[0m
proof-ceremony	UNKNOWN STEP	2026-05-25T00:46:59.5745566Z [36;1m  crown_api/tests/test_audit_log_contract.py \[0m
proof-ceremony	UNKNOWN STEP	2026-05-25T00:46:59.5745859Z [36;1m  -v --tb=short 2>&1 | tee ../proof_magus3.txt[0m
proof-ceremony	UNKNOWN STEP	2026-05-25T00:46:59.5746109Z [36;1m# Surface summary[0m
proof-ceremony	UNKNOWN STEP	2026-05-25T00:46:59.5746422Z [36;1mgrep -E "passed|failed|error|warning" ../proof_magus3.txt | tail -5 || true[0m
proof-ceremony	UNKNOWN STEP	2026-05-25T00:46:59.5746801Z [36;1m# Propagate failure (tee masks exit code)[0m
proof-ceremony	UNKNOWN STEP	2026-05-25T00:46:59.5747168Z [36;1mgrep -qE "^FAILED|error in" ../proof_magus3.txt && exit 1 || true[0m
proof-ceremony	UNKNOWN STEP	2026-05-25T00:46:59.5747541Z [36;1mgrep -qE "[0-9]+ failed" ../proof_magus3.txt && exit 1 || true[0m
proof-ceremony	UNKNOWN STEP	2026-05-25T00:46:59.5783156Z shell: /usr/bin/bash -e {0}
proof-ceremony	UNKNOWN STEP	2026-05-25T00:46:59.5783304Z env:
proof-ceremony	UNKNOWN STEP	2026-05-25T00:46:59.5783430Z   DJANGO_SETTINGS_MODULE: crown_api.settings
proof-ceremony	UNKNOWN STEP	2026-05-25T00:46:59.5783590Z   DJANGO_SECRET_KEY: ci-test-secret-key
proof-ceremony	UNKNOWN STEP	2026-05-25T00:46:59.5784023Z   DATABASE_URL: ***localhost:5432/crown_test
proof-ceremony	UNKNOWN STEP	2026-05-25T00:46:59.5784294Z   CROWN_PASSWORD: ***
proof-ceremony	UNKNOWN STEP	2026-05-25T00:46:59.5784540Z   pythonLocation: /opt/hostedtoolcache/Python/3.12.13/x64
proof-ceremony	UNKNOWN STEP	2026-05-25T00:46:59.5784900Z   PKG_CONFIG_PATH: /opt/hostedtoolcache/Python/3.12.13/x64/lib/pkgconfig
proof-ceremony	UNKNOWN STEP	2026-05-25T00:46:59.5785251Z   Python_ROOT_DIR: /opt/hostedtoolcache/Python/3.12.13/x64
proof-ceremony	UNKNOWN STEP	2026-05-25T00:46:59.5785572Z   Python2_ROOT_DIR: /opt/hostedtoolcache/Python/3.12.13/x64
proof-ceremony	UNKNOWN STEP	2026-05-25T00:46:59.5785894Z   Python3_ROOT_DIR: /opt/hostedtoolcache/Python/3.12.13/x64
proof-ceremony	UNKNOWN STEP	2026-05-25T00:46:59.5786229Z   LD_LIBRARY_PATH: /opt/hostedtoolcache/Python/3.12.13/x64/lib
proof-ceremony	UNKNOWN STEP	2026-05-25T00:46:59.5786502Z ##[endgroup]
proof-ceremony	UNKNOWN STEP	2026-05-25T00:46:59.5832641Z --- CrownMagus III: Write-RBAC, Object-Level, Idempotency, Audit ---
proof-ceremony	UNKNOWN STEP	2026-05-25T00:47:00.1501428Z ============================= test session starts ==============================
proof-ceremony	UNKNOWN STEP	2026-05-25T00:47:00.1502853Z platform linux -- Python 3.12.13, pytest-9.0.3, pluggy-1.6.0 -- /opt/hostedtoolcache/Python/3.12.13/x64/bin/python
proof-ceremony	UNKNOWN STEP	2026-05-25T00:47:00.1503426Z cachedir: .pytest_cache
proof-ceremony	UNKNOWN STEP	2026-05-25T00:47:00.1503792Z django: version: 5.2.14, settings: crown_api.settings (from env)
proof-ceremony	UNKNOWN STEP	2026-05-25T00:47:00.1504261Z rootdir: /home/runner/work/Crown2026/Crown2026
proof-ceremony	UNKNOWN STEP	2026-05-25T00:47:00.1504588Z configfile: pytest.ini
proof-ceremony	UNKNOWN STEP	2026-05-25T00:47:00.1504865Z plugins: django-4.7.0
proof-ceremony	UNKNOWN STEP	2026-05-25T00:47:00.2201239Z collecting ... collected 38 items
proof-ceremony	UNKNOWN STEP	2026-05-25T00:47:00.2201730Z 
proof-ceremony	UNKNOWN STEP	2026-05-25T00:47:45.5845738Z crown_api/tests/test_rbac_matrix_writes.py::AdmissionsEnrollRbacTests::test_non_staff_enroll_returns_403 PASSED [  2%]
proof-ceremony	UNKNOWN STEP	2026-05-25T00:47:45.9158964Z crown_api/tests/test_rbac_matrix_writes.py::AdmissionsEnrollRbacTests::test_staff_enroll_passes_gate PASSED [  5%]
proof-ceremony	UNKNOWN STEP	2026-05-25T00:47:46.2573428Z crown_api/tests/test_rbac_matrix_writes.py::AdmissionsEnrollRbacTests::test_unauthenticated_enroll_returns_401 PASSED [  7%]
proof-ceremony	UNKNOWN STEP	2026-05-25T00:47:46.6822995Z crown_api/tests/test_rbac_matrix_writes.py::BillingInstallmentPlansRbacTests::test_non_staff_can_post_installment_plan FAILED [ 10%]
proof-ceremony	UNKNOWN STEP	2026-05-25T00:47:47.0129931Z crown_api/tests/test_rbac_matrix_writes.py::BillingInstallmentPlansRbacTests::test_staff_can_post_installment_plan FAILED [ 13%]
proof-ceremony	UNKNOWN STEP	2026-05-25T00:47:47.3651203Z crown_api/tests/test_rbac_matrix_writes.py::BillingInstallmentPlansRbacTests::test_unauthenticated_installment_plan_post_returns_401 PASSED [ 15%]
proof-ceremony	UNKNOWN STEP	2026-05-25T00:47:47.7091247Z crown_api/tests/test_rbac_matrix_writes.py::FinancialAidApplicationsRbacTests::test_authenticated_user_can_attempt_faid_application_post PASSED [ 18%]
proof-ceremony	UNKNOWN STEP	2026-05-25T00:47:48.0452726Z crown_api/tests/test_rbac_matrix_writes.py::FinancialAidApplicationsRbacTests::test_unauthenticated_faid_application_post_returns_401 PASSED [ 21%]
proof-ceremony	UNKNOWN STEP	2026-05-25T00:47:48.3935644Z crown_api/tests/test_rbac_matrix_writes.py::FinancePaymentIntentRbacTests::test_authenticated_payment_intent_passes_auth_gate PASSED [ 23%]
proof-ceremony	UNKNOWN STEP	2026-05-25T00:47:48.7283860Z crown_api/tests/test_rbac_matrix_writes.py::FinancePaymentIntentRbacTests::test_no_write_without_school_context PASSED [ 26%]
proof-ceremony	UNKNOWN STEP	2026-05-25T00:47:49.0590994Z crown_api/tests/test_rbac_matrix_writes.py::FinancePaymentIntentRbacTests::test_unauthenticated_payment_intent_returns_401 PASSED [ 28%]
proof-ceremony	UNKNOWN STEP	2026-05-25T00:47:49.4023944Z crown_api/tests/test_object_level_permissions.py::StaffGatedActionsTests::test_plain_user_cannot_enroll_applicant PASSED [ 31%]
proof-ceremony	UNKNOWN STEP	2026-05-25T00:47:49.7309532Z crown_api/tests/test_object_level_permissions.py::StaffGatedActionsTests::test_plain_user_cannot_issue_refund PASSED [ 34%]
proof-ceremony	UNKNOWN STEP	2026-05-25T00:47:50.0608642Z crown_api/tests/test_object_level_permissions.py::StaffGatedActionsTests::test_plain_user_cannot_settle_payment PASSED [ 36%]
proof-ceremony	UNKNOWN STEP	2026-05-25T00:47:50.4051324Z crown_api/tests/test_object_level_permissions.py::StaffGatedActionsTests::test_staff_user_passes_enroll_gate PASSED [ 39%]
proof-ceremony	UNKNOWN STEP	2026-05-25T00:47:50.7353018Z crown_api/tests/test_object_level_permissions.py::StaffGatedActionsTests::test_staff_user_passes_settle_gate PASSED [ 42%]
proof-ceremony	UNKNOWN STEP	2026-05-25T00:47:51.0850824Z crown_api/tests/test_object_level_permissions.py::PaymentOwnershipBoundaryTests::test_staff_can_settle_any_school_payment_not_just_own PASSED [ 44%]
proof-ceremony	UNKNOWN STEP	2026-05-25T00:47:51.4323308Z crown_api/tests/test_object_level_permissions.py::SharedSchoolResourceAccessTests::test_shared_installment_plan_list_accessible_to_all_school_members SKIPPED [ 47%]
proof-ceremony	UNKNOWN STEP	2026-05-25T00:47:51.7716362Z crown_api/tests/test_object_level_permissions.py::EnrollmentTransitionGuardTests::test_409_response_does_not_expose_internal_details PASSED [ 50%]
proof-ceremony	UNKNOWN STEP	2026-05-25T00:47:52.1030415Z crown_api/tests/test_object_level_permissions.py::EnrollmentTransitionGuardTests::test_enroll_from_draft_returns_409 PASSED [ 52%]
proof-ceremony	UNKNOWN STEP	2026-05-25T00:47:52.4503794Z crown_api/tests/test_object_level_permissions.py::EnrollmentTransitionGuardTests::test_enroll_from_submitted_returns_409 PASSED [ 55%]
proof-ceremony	UNKNOWN STEP	2026-05-25T00:47:52.6353194Z crown_api/tests/test_idempotency_keys.py::PaymentIntentIdempotencyTests::test_different_keys_create_separate_payments PASSED [ 57%]
proof-ceremony	UNKNOWN STEP	2026-05-25T00:47:52.8158753Z crown_api/tests/test_idempotency_keys.py::PaymentIntentIdempotencyTests::test_duplicate_call_does_not_create_extra_db_row PASSED [ 60%]
proof-ceremony	UNKNOWN STEP	2026-05-25T00:47:53.6808672Z crown_api/tests/test_idempotency_keys.py::PaymentIntentIdempotencyTests::test_first_call_with_key_returns_201 PASSED [ 63%]
proof-ceremony	UNKNOWN STEP	2026-05-25T00:47:53.6810009Z crown_api/tests/test_idempotency_keys.py::PaymentIntentIdempotencyTests::test_no_key_always_creates_new_payment PASSED [ 65%]
proof-ceremony	UNKNOWN STEP	2026-05-25T00:47:53.6810882Z crown_api/tests/test_idempotency_keys.py::PaymentIntentIdempotencyTests::test_same_key_returns_same_payment_id PASSED [ 68%]
proof-ceremony	UNKNOWN STEP	2026-05-25T00:47:53.6811712Z crown_api/tests/test_idempotency_keys.py::PaymentIntentIdempotencyTests::test_second_call_with_same_key_returns_200 PASSED [ 71%]
proof-ceremony	UNKNOWN STEP	2026-05-25T00:47:53.8671340Z crown_api/tests/test_idempotency_keys.py::IdempotencyKeyScopingTests::test_same_key_across_schools_creates_two_payments PASSED [ 73%]
proof-ceremony	UNKNOWN STEP	2026-05-25T00:47:54.0405072Z crown_api/tests/test_audit_log_contract.py::AuditLogCreationTests::test_get_request_does_not_create_audit_log PASSED [ 76%]
proof-ceremony	UNKNOWN STEP	2026-05-25T00:47:54.2100527Z crown_api/tests/test_audit_log_contract.py::AuditLogCreationTests::test_post_to_installment_plans_creates_audit_log PASSED [ 78%]
proof-ceremony	UNKNOWN STEP	2026-05-25T00:47:54.3930528Z crown_api/tests/test_audit_log_contract.py::AuditLogCreationTests::test_post_to_payment_intent_creates_audit_log PASSED [ 81%]
proof-ceremony	UNKNOWN STEP	2026-05-25T00:47:54.5691211Z crown_api/tests/test_audit_log_contract.py::AuditLogFieldContractTests::test_audit_entry_has_correct_action_field PASSED [ 84%]
proof-ceremony	UNKNOWN STEP	2026-05-25T00:47:54.7381633Z crown_api/tests/test_audit_log_contract.py::AuditLogFieldContractTests::test_audit_entry_has_status_code_in_metadata PASSED [ 86%]
proof-ceremony	UNKNOWN STEP	2026-05-25T00:47:54.9078553Z crown_api/tests/test_audit_log_contract.py::AuditLogFieldContractTests::test_audit_entry_model_field_is_request_path PASSED [ 89%]
proof-ceremony	UNKNOWN STEP	2026-05-25T00:47:55.0827828Z crown_api/tests/test_audit_log_contract.py::AuditLogFieldContractTests::test_audit_entry_records_user_id_for_authenticated_request PASSED [ 92%]
proof-ceremony	UNKNOWN STEP	2026-05-25T00:47:55.2650533Z crown_api/tests/test_audit_log_contract.py::AuditLogFieldContractTests::test_multiple_writes_each_produce_own_audit_entry PASSED [ 94%]
proof-ceremony	UNKNOWN STEP	2026-05-25T00:47:55.4538351Z crown_api/tests/test_audit_log_contract.py::AuditLogFailedWriteTests::test_failed_entry_has_4xx_status_code_in_metadata PASSED [ 97%]
proof-ceremony	UNKNOWN STEP	2026-05-25T00:47:56.3405873Z crown_api/tests/test_audit_log_contract.py::AuditLogFailedWriteTests::test_failed_post_with_bad_payload_still_creates_audit_log PASSED [100%]
proof-ceremony	UNKNOWN STEP	2026-05-25T00:47:56.3406271Z 
proof-ceremony	UNKNOWN STEP	2026-05-25T00:47:56.3406431Z =================================== FAILURES ===================================
proof-ceremony	UNKNOWN STEP	2026-05-25T00:47:56.3406865Z __ BillingInstallmentPlansRbacTests.test_non_staff_can_post_installment_plan ___
proof-ceremony	UNKNOWN STEP	2026-05-25T00:47:56.3407282Z crown_api/tests/test_rbac_matrix_writes.py:181: in test_non_staff_can_post_installment_plan
proof-ceremony	UNKNOWN STEP	2026-05-25T00:47:56.3407590Z     self.assertNotIn(
proof-ceremony	UNKNOWN STEP	2026-05-25T00:47:56.3407989Z E   AssertionError: 403 unexpectedly found in (401, 403, 500) : Non-staff installment plan POST unexpectedly blocked: 403.
proof-ceremony	UNKNOWN STEP	2026-05-25T00:47:56.3408394Z ----------------------------- Captured stderr call -----------------------------
proof-ceremony	UNKNOWN STEP	2026-05-25T00:47:56.3408825Z [24/May/2026 20:47:46,593] WARNING django.request: Forbidden: /api/v1/billing/installment-plans/
proof-ceremony	UNKNOWN STEP	2026-05-25T00:47:56.3409271Z ____ BillingInstallmentPlansRbacTests.test_staff_can_post_installment_plan _____
proof-ceremony	UNKNOWN STEP	2026-05-25T00:47:56.3409666Z crown_api/tests/test_rbac_matrix_writes.py:195: in test_staff_can_post_installment_plan
proof-ceremony	UNKNOWN STEP	2026-05-25T00:47:56.3409955Z     self.assertNotIn(
proof-ceremony	UNKNOWN STEP	2026-05-25T00:47:56.3410300Z E   AssertionError: 403 unexpectedly found in (401, 403, 500) : Staff installment plan POST failed unexpectedly: 403.
proof-ceremony	UNKNOWN STEP	2026-05-25T00:47:56.3410679Z ----------------------------- Captured stderr call -----------------------------
proof-ceremony	UNKNOWN STEP	2026-05-25T00:47:56.3411090Z [24/May/2026 20:47:47,008] WARNING django.request: Forbidden: /api/v1/billing/installment-plans/
proof-ceremony	UNKNOWN STEP	2026-05-25T00:47:56.3411427Z =========================== short test summary info ============================
proof-ceremony	UNKNOWN STEP	2026-05-25T00:47:56.3412278Z SKIPPED [1] crown_api/tests/test_object_level_permissions.py:272: Plan creation returned 403 ΓÇö skipping shared access test.
proof-ceremony	UNKNOWN STEP	2026-05-25T00:47:56.3413035Z FAILED crown_api/tests/test_rbac_matrix_writes.py::BillingInstallmentPlansRbacTests::test_non_staff_can_post_installment_plan - AssertionError: 403 unexpectedly found in (401, 403, 500) : Non-staff installment plan POST unexpectedly blocked: 403.
proof-ceremony	UNKNOWN STEP	2026-05-25T00:47:56.3413995Z FAILED crown_api/tests/test_rbac_matrix_writes.py::BillingInstallmentPlansRbacTests::test_staff_can_post_installment_plan - AssertionError: 403 unexpectedly found in (401, 403, 500) : Staff installment plan POST failed unexpectedly: 403.
proof-ceremony	UNKNOWN STEP	2026-05-25T00:47:56.3414565Z =================== 2 failed, 35 passed, 1 skipped in 55.56s ===================
proof-ceremony	UNKNOWN STEP	2026-05-25T00:47:56.3415079Z crown_api/tests/test_audit_log_contract.py::AuditLogFailedWriteTests::test_failed_entry_has_4xx_status_code_in_metadata PASSED [ 97%]
proof-ceremony	UNKNOWN STEP	2026-05-25T00:47:56.3415669Z crown_api/tests/test_audit_log_contract.py::AuditLogFailedWriteTests::test_failed_post_with_bad_payload_still_creates_audit_log PASSED [100%]
proof-ceremony	UNKNOWN STEP	2026-05-25T00:47:56.3416449Z E   AssertionError: 403 unexpectedly found in (401, 403, 500) : Staff installment plan POST failed unexpectedly: 403.
proof-ceremony	UNKNOWN STEP	2026-05-25T00:47:56.3417142Z FAILED crown_api/tests/test_rbac_matrix_writes.py::BillingInstallmentPlansRbacTests::test_staff_can_post_installment_plan - AssertionError: 403 unexpectedly found in (401, 403, 500) : Staff installment plan POST failed unexpectedly: 403.
proof-ceremony	UNKNOWN STEP	2026-05-25T00:47:56.3417822Z =================== 2 failed, 35 passed, 1 skipped in 55.56s ===================
proof-ceremony	UNKNOWN STEP	2026-05-25T00:47:56.3427377Z ##[error]Process completed with exit code 1.
proof-ceremony	UNKNOWN STEP	2026-05-25T00:47:56.3472848Z ##[group]Run echo "=== PROOF ARTIFACT MANIFEST ===" > proof_manifest.txt
proof-ceremony	UNKNOWN STEP	2026-05-25T00:47:56.3473122Z [36;1mecho "=== PROOF ARTIFACT MANIFEST ===" > proof_manifest.txt[0m
proof-ceremony	UNKNOWN STEP	2026-05-25T00:47:56.3473323Z [36;1mecho "SHA: ${GITHUB_SHA}" >> proof_manifest.txt[0m
proof-ceremony	UNKNOWN STEP	2026-05-25T00:47:56.3473504Z [36;1mecho "RUN: ${GITHUB_RUN_ID}" >> proof_manifest.txt[0m
proof-ceremony	UNKNOWN STEP	2026-05-25T00:47:56.3473702Z [36;1mecho "REPO: ${GITHUB_REPOSITORY}" >> proof_manifest.txt[0m
proof-ceremony	UNKNOWN STEP	2026-05-25T00:47:56.3473909Z [36;1mecho "REF: ${GITHUB_REF_NAME}" >> proof_manifest.txt[0m
proof-ceremony	UNKNOWN STEP	2026-05-25T00:47:56.3474077Z [36;1mecho "" >> proof_manifest.txt[0m
proof-ceremony	UNKNOWN STEP	2026-05-25T00:47:56.3474244Z [36;1mecho "--- health response ---" >> proof_manifest.txt[0m
proof-ceremony	UNKNOWN STEP	2026-05-25T00:47:56.3474537Z [36;1mcat proof_health.json >> proof_manifest.txt 2>/dev/null || echo "(health not captured)" >> proof_manifest.txt[0m
proof-ceremony	UNKNOWN STEP	2026-05-25T00:47:56.3474794Z [36;1mecho "" >> proof_manifest.txt[0m
proof-ceremony	UNKNOWN STEP	2026-05-25T00:47:56.3474989Z [36;1mecho "--- pytest summary ---" >> proof_manifest.txt[0m
proof-ceremony	UNKNOWN STEP	2026-05-25T00:47:56.3475342Z [36;1mgrep -E "passed|failed|error|warning" proof_pytest.txt | tail -5 >> proof_manifest.txt 2>/dev/null || echo "(pytest not captured)" >> proof_manifest.txt[0m
proof-ceremony	UNKNOWN STEP	2026-05-25T00:47:56.3475662Z [36;1mecho "" >> proof_manifest.txt[0m
proof-ceremony	UNKNOWN STEP	2026-05-25T00:47:56.3475822Z [36;1mecho "--- magus3 summary ---" >> proof_manifest.txt[0m
proof-ceremony	UNKNOWN STEP	2026-05-25T00:47:56.3476162Z [36;1mgrep -E "passed|failed|error|warning" proof_magus3.txt | tail -5 >> proof_manifest.txt 2>/dev/null || echo "(magus3 not captured)" >> proof_manifest.txt[0m
proof-ceremony	UNKNOWN STEP	2026-05-25T00:47:56.3502954Z shell: /usr/bin/bash -e {0}
proof-ceremony	UNKNOWN STEP	2026-05-25T00:47:56.3503075Z env:
proof-ceremony	UNKNOWN STEP	2026-05-25T00:47:56.3503190Z   DJANGO_SETTINGS_MODULE: crown_api.settings
proof-ceremony	UNKNOWN STEP	2026-05-25T00:47:56.3503341Z   DJANGO_SECRET_KEY: ci-test-secret-key
proof-ceremony	UNKNOWN STEP	2026-05-25T00:47:56.3503646Z   DATABASE_URL: ***localhost:5432/crown_test
proof-ceremony	UNKNOWN STEP	2026-05-25T00:47:56.3503813Z   CROWN_PASSWORD: ***
proof-ceremony	UNKNOWN STEP	2026-05-25T00:47:56.3503968Z   pythonLocation: /opt/hostedtoolcache/Python/3.12.13/x64
proof-ceremony	UNKNOWN STEP	2026-05-25T00:47:56.3504193Z   PKG_CONFIG_PATH: /opt/hostedtoolcache/Python/3.12.13/x64/lib/pkgconfig
proof-ceremony	UNKNOWN STEP	2026-05-25T00:47:56.3504410Z   Python_ROOT_DIR: /opt/hostedtoolcache/Python/3.12.13/x64
proof-ceremony	UNKNOWN STEP	2026-05-25T00:47:56.3504603Z   Python2_ROOT_DIR: /opt/hostedtoolcache/Python/3.12.13/x64
proof-ceremony	UNKNOWN STEP	2026-05-25T00:47:56.3504798Z   Python3_ROOT_DIR: /opt/hostedtoolcache/Python/3.12.13/x64
proof-ceremony	UNKNOWN STEP	2026-05-25T00:47:56.3504996Z   LD_LIBRARY_PATH: /opt/hostedtoolcache/Python/3.12.13/x64/lib
proof-ceremony	UNKNOWN STEP	2026-05-25T00:47:56.3505173Z ##[endgroup]
proof-ceremony	UNKNOWN STEP	2026-05-25T00:47:56.3621720Z ##[group]Run actions/upload-artifact@ea165f8d65b6e75b540449e92b4886f43607fa02
proof-ceremony	UNKNOWN STEP	2026-05-25T00:47:56.3622207Z with:
proof-ceremony	UNKNOWN STEP	2026-05-25T00:47:56.3622354Z   name: proof-ceremony-1df88739d118943ad1617865cb06ba5c8422d341
proof-ceremony	UNKNOWN STEP	2026-05-25T00:47:56.3622597Z   path: proof_health.json
proof-ceremony	UNKNOWN STEP	proof_pytest.txt
proof-ceremony	UNKNOWN STEP	proof_magus3.txt
proof-ceremony	UNKNOWN STEP	proof_manifest.txt
proof-ceremony	UNKNOWN STEP	
proof-ceremony	UNKNOWN STEP	2026-05-25T00:47:56.3622795Z   retention-days: 90
proof-ceremony	UNKNOWN STEP	2026-05-25T00:47:56.3622909Z   if-no-files-found: warn
proof-ceremony	UNKNOWN STEP	2026-05-25T00:47:56.3623020Z   compression-level: 6
proof-ceremony	UNKNOWN STEP	2026-05-25T00:47:56.3623126Z   overwrite: false
proof-ceremony	UNKNOWN STEP	2026-05-25T00:47:56.3623233Z   include-hidden-files: false
proof-ceremony	UNKNOWN STEP	2026-05-25T00:47:56.3623349Z env:
proof-ceremony	UNKNOWN STEP	2026-05-25T00:47:56.3623453Z   DJANGO_SETTINGS_MODULE: crown_api.settings
proof-ceremony	UNKNOWN STEP	2026-05-25T00:47:56.3623597Z   DJANGO_SECRET_KEY: ci-test-secret-key
proof-ceremony	UNKNOWN STEP	2026-05-25T00:47:56.3623905Z   DATABASE_URL: ***localhost:5432/crown_test
proof-ceremony	UNKNOWN STEP	2026-05-25T00:47:56.3624063Z   CROWN_PASSWORD: ***
proof-ceremony	UNKNOWN STEP	2026-05-25T00:47:56.3624209Z   pythonLocation: /opt/hostedtoolcache/Python/3.12.13/x64
proof-ceremony	UNKNOWN STEP	2026-05-25T00:47:56.3624581Z   PKG_CONFIG_PATH: /opt/hostedtoolcache/Python/3.12.13/x64/lib/pkgconfig
proof-ceremony	UNKNOWN STEP	2026-05-25T00:47:56.3624791Z   Python_ROOT_DIR: /opt/hostedtoolcache/Python/3.12.13/x64
proof-ceremony	UNKNOWN STEP	2026-05-25T00:47:56.3624979Z   Python2_ROOT_DIR: /opt/hostedtoolcache/Python/3.12.13/x64
proof-ceremony	UNKNOWN STEP	2026-05-25T00:47:56.3625167Z   Python3_ROOT_DIR: /opt/hostedtoolcache/Python/3.12.13/x64
proof-ceremony	UNKNOWN STEP	2026-05-25T00:47:56.3625772Z   LD_LIBRARY_PATH: /opt/hostedtoolcache/Python/3.12.13/x64/lib
proof-ceremony	UNKNOWN STEP	2026-05-25T00:47:56.3625932Z ##[endgroup]
proof-ceremony	UNKNOWN STEP	2026-05-25T00:47:56.4901178Z Multiple search paths detected. Calculating the least common ancestor of all paths
proof-ceremony	UNKNOWN STEP	2026-05-25T00:47:56.4904116Z The least common ancestor is /home/runner/work/Crown2026/Crown2026. This will be the root directory of the artifact
proof-ceremony	UNKNOWN STEP	2026-05-25T00:47:56.4904719Z With the provided path, there will be 4 files uploaded
proof-ceremony	UNKNOWN STEP	2026-05-25T00:47:56.4907261Z Artifact name is valid!
proof-ceremony	UNKNOWN STEP	2026-05-25T00:47:56.4907930Z Root directory input is valid!
proof-ceremony	UNKNOWN STEP	2026-05-25T00:47:56.7652552Z Beginning upload of artifact content to blob storage
proof-ceremony	UNKNOWN STEP	2026-05-25T00:47:56.9860353Z Uploaded bytes 3448
proof-ceremony	UNKNOWN STEP	2026-05-25T00:47:57.0397733Z Finished uploading artifact content to blob storage!
proof-ceremony	UNKNOWN STEP	2026-05-25T00:47:57.0399933Z SHA256 digest of uploaded artifact zip is 5b4b98fca3aa455acf3905fb61a2c5aabd98f629a85228c9af76fafef995d9b8
proof-ceremony	UNKNOWN STEP	2026-05-25T00:47:57.0401206Z Finalizing artifact upload
proof-ceremony	UNKNOWN STEP	2026-05-25T00:47:57.2081943Z Artifact proof-ceremony-1df88739d118943ad1617865cb06ba5c8422d341.zip successfully finalized. Artifact ID 7189781416
proof-ceremony	UNKNOWN STEP	2026-05-25T00:47:57.2082878Z Artifact proof-ceremony-1df88739d118943ad1617865cb06ba5c8422d341 has been successfully uploaded! Final size is 3448 bytes. Artifact ID is 7189781416
proof-ceremony	UNKNOWN STEP	2026-05-25T00:47:57.2085614Z Artifact download URL: https://github.com/tcmegahan/Crown2026/actions/runs/26377212304/artifacts/7189781416
proof-ceremony	UNKNOWN STEP	2026-05-25T00:47:57.2173533Z ##[group]Run echo "=========================================="
proof-ceremony	UNKNOWN STEP	2026-05-25T00:47:57.2173890Z [36;1mecho "=========================================="[0m
proof-ceremony	UNKNOWN STEP	2026-05-25T00:47:57.2174150Z [36;1mecho "PROOF CEREMONY RESULTS"[0m
proof-ceremony	UNKNOWN STEP	2026-05-25T00:47:57.2174436Z [36;1mecho "=========================================="[0m
proof-ceremony	UNKNOWN STEP	2026-05-25T00:47:57.2174685Z [36;1mecho "SHA:        ${GITHUB_SHA}"[0m
proof-ceremony	UNKNOWN STEP	2026-05-25T00:47:57.2174919Z [36;1mecho "Run ID:     ${GITHUB_RUN_ID}"[0m
proof-ceremony	UNKNOWN STEP	2026-05-25T00:47:57.2175439Z [36;1mBUILD_SHA=$(python3 -c "import json; d=json.load(open('proof_health.json')); print(d.get('build_sha','missing'))" 2>/dev/null || echo "n/a")[0m
proof-ceremony	UNKNOWN STEP	2026-05-25T00:47:57.2175946Z [36;1mecho "Build SHA:  ${BUILD_SHA}"[0m
proof-ceremony	UNKNOWN STEP	2026-05-25T00:47:57.2176172Z [36;1mecho "Health check: PASSED"[0m
proof-ceremony	UNKNOWN STEP	2026-05-25T00:47:57.2176369Z [36;1mecho "Django check: PASSED"[0m
proof-ceremony	UNKNOWN STEP	2026-05-25T00:47:57.2176505Z [36;1mecho "Pytest:       PASSED"[0m
proof-ceremony	UNKNOWN STEP	2026-05-25T00:47:57.2176636Z [36;1mecho "Magus III:    PASSED"[0m
proof-ceremony	UNKNOWN STEP	2026-05-25T00:47:57.2176828Z [36;1mecho "Artifacts:    proof-ceremony-${GITHUB_SHA}"[0m
proof-ceremony	UNKNOWN STEP	2026-05-25T00:47:57.2177014Z [36;1mecho "=========================================="[0m
proof-ceremony	UNKNOWN STEP	2026-05-25T00:47:57.2204308Z shell: /usr/bin/bash -e {0}
proof-ceremony	UNKNOWN STEP	2026-05-25T00:47:57.2204439Z env:
proof-ceremony	UNKNOWN STEP	2026-05-25T00:47:57.2204553Z   DJANGO_SETTINGS_MODULE: crown_api.settings
proof-ceremony	UNKNOWN STEP	2026-05-25T00:47:57.2204706Z   DJANGO_SECRET_KEY: ci-test-secret-key
proof-ceremony	UNKNOWN STEP	2026-05-25T00:47:57.2205010Z   DATABASE_URL: ***localhost:5432/crown_test
proof-ceremony	UNKNOWN STEP	2026-05-25T00:47:57.2205173Z   CROWN_PASSWORD: ***
proof-ceremony	UNKNOWN STEP	2026-05-25T00:47:57.2205329Z   pythonLocation: /opt/hostedtoolcache/Python/3.12.13/x64
proof-ceremony	UNKNOWN STEP	2026-05-25T00:47:57.2205551Z   PKG_CONFIG_PATH: /opt/hostedtoolcache/Python/3.12.13/x64/lib/pkgconfig
proof-ceremony	UNKNOWN STEP	2026-05-25T00:47:57.2205764Z   Python_ROOT_DIR: /opt/hostedtoolcache/Python/3.12.13/x64
proof-ceremony	UNKNOWN STEP	2026-05-25T00:47:57.2205955Z   Python2_ROOT_DIR: /opt/hostedtoolcache/Python/3.12.13/x64
proof-ceremony	UNKNOWN STEP	2026-05-25T00:47:57.2206149Z   Python3_ROOT_DIR: /opt/hostedtoolcache/Python/3.12.13/x64
proof-ceremony	UNKNOWN STEP	2026-05-25T00:47:57.2206348Z   LD_LIBRARY_PATH: /opt/hostedtoolcache/Python/3.12.13/x64/lib
proof-ceremony	UNKNOWN STEP	2026-05-25T00:47:57.2206514Z ##[endgroup]
proof-ceremony	UNKNOWN STEP	2026-05-25T00:47:57.2246829Z ==========================================
proof-ceremony	UNKNOWN STEP	2026-05-25T00:47:57.2247212Z PROOF CEREMONY RESULTS
proof-ceremony	UNKNOWN STEP	2026-05-25T00:47:57.2247711Z ==========================================
proof-ceremony	UNKNOWN STEP	2026-05-25T00:47:57.2248085Z SHA:        1df88739d118943ad1617865cb06ba5c8422d341
proof-ceremony	UNKNOWN STEP	2026-05-25T00:47:57.2248433Z Run ID:     26377212304
proof-ceremony	UNKNOWN STEP	2026-05-25T00:47:57.2384416Z Build SHA:  1df88739d118943ad1617865cb06ba5c8422d341
proof-ceremony	UNKNOWN STEP	2026-05-25T00:47:57.2384862Z Health check: PASSED
proof-ceremony	UNKNOWN STEP	2026-05-25T00:47:57.2385183Z Django check: PASSED
proof-ceremony	UNKNOWN STEP	2026-05-25T00:47:57.2385541Z Pytest:       PASSED
proof-ceremony	UNKNOWN STEP	2026-05-25T00:47:57.2385859Z Magus III:    PASSED
proof-ceremony	UNKNOWN STEP	2026-05-25T00:47:57.2386423Z Artifacts:    proof-ceremony-1df88739d118943ad1617865cb06ba5c8422d341
proof-ceremony	UNKNOWN STEP	2026-05-25T00:47:57.2386897Z ==========================================
proof-ceremony	UNKNOWN STEP	2026-05-25T00:47:57.2422309Z Post job cleanup.
proof-ceremony	UNKNOWN STEP	2026-05-25T00:47:57.2886937Z [command]/usr/bin/git version
proof-ceremony	UNKNOWN STEP	2026-05-25T00:47:57.2914458Z git version 2.54.0
proof-ceremony	UNKNOWN STEP	2026-05-25T00:47:57.2942179Z Temporarily overriding HOME='/home/runner/work/_temp/5e933571-5c64-4b45-84f0-9d4b5ccd3054' before making global git config changes
proof-ceremony	UNKNOWN STEP	2026-05-25T00:47:57.2942998Z Adding repository directory to the temporary git global config as a safe directory
proof-ceremony	UNKNOWN STEP	2026-05-25T00:47:57.2945336Z [command]/usr/bin/git config --global --add safe.directory /home/runner/work/Crown2026/Crown2026
proof-ceremony	UNKNOWN STEP	2026-05-25T00:47:57.2971051Z [command]/usr/bin/git config --local --name-only --get-regexp core\.sshCommand
proof-ceremony	UNKNOWN STEP	2026-05-25T00:47:57.2994690Z [command]/usr/bin/git submodule foreach --recursive sh -c "git config --local --name-only --get-regexp 'core\.sshCommand' && git config --local --unset-all 'core.sshCommand' || :"
proof-ceremony	UNKNOWN STEP	2026-05-25T00:47:57.3192682Z [command]/usr/bin/git config --local --name-only --get-regexp http\.https\:\/\/github\.com\/\.extraheader
proof-ceremony	UNKNOWN STEP	2026-05-25T00:47:57.3222403Z http.https://github.com/.extraheader
proof-ceremony	UNKNOWN STEP	2026-05-25T00:47:57.3226018Z [command]/usr/bin/git config --local --unset-all http.https://github.com/.extraheader
proof-ceremony	UNKNOWN STEP	2026-05-25T00:47:57.3258290Z [command]/usr/bin/git submodule foreach --recursive sh -c "git config --local --name-only --get-regexp 'http\.https\:\/\/github\.com\/\.extraheader' && git config --local --unset-all 'http.https://github.com/.extraheader' || :"
proof-ceremony	UNKNOWN STEP	2026-05-25T00:47:57.3566326Z Print service container logs: ea6e8e9ec43f4a0095da19c8554f0e68_postgres15_96add5
proof-ceremony	UNKNOWN STEP	2026-05-25T00:47:57.3569164Z ##[command]/usr/bin/docker logs --details 3cb321a2526c5904e328049800c546e4ca5ff6e70760a92839ce1816cd3d7ac9
proof-ceremony	UNKNOWN STEP	2026-05-25T00:47:57.3670258Z  The files belonging to this database system will be owned by user "postgres".
proof-ceremony	UNKNOWN STEP	2026-05-25T00:47:57.3670739Z  This user must also own the server process.
proof-ceremony	UNKNOWN STEP	2026-05-25T00:47:57.3672847Z  initdb: warning: enabling "trust" authentication for local connections
proof-ceremony	UNKNOWN STEP	2026-05-25T00:47:57.3673173Z  
proof-ceremony	UNKNOWN STEP	2026-05-25T00:47:57.3673990Z  initdb: hint: You can change this by editing pg_hba.conf or using the option -A, or --auth-local and --auth-host, the next time you run initdb.
proof-ceremony	UNKNOWN STEP	2026-05-25T00:47:57.3674759Z  The database cluster will be initialized with locale "en_US.utf8".
proof-ceremony	UNKNOWN STEP	2026-05-25T00:47:57.3676250Z  2026-05-25 00:44:18.284 UTC [1] LOG:  starting PostgreSQL 15.18 (Debian 15.18-1.pgdg13+1) on x86_64-pc-linux-gnu, compiled by gcc (Debian 14.2.0-19) 14.2.0, 64-bit
proof-ceremony	UNKNOWN STEP	2026-05-25T00:47:57.3677716Z  The default database encoding has accordingly been set to "UTF8".
proof-ceremony	UNKNOWN STEP	2026-05-25T00:47:57.3678179Z  The default text search configuration will be set to "english".
proof-ceremony	UNKNOWN STEP	2026-05-25T00:47:57.3678555Z  
proof-ceremony	UNKNOWN STEP	2026-05-25T00:47:57.3678817Z  Data page checksums are disabled.
proof-ceremony	UNKNOWN STEP	2026-05-25T00:47:57.3679122Z  
proof-ceremony	UNKNOWN STEP	2026-05-25T00:47:57.3679466Z  fixing permissions on existing directory /var/lib/postgresql/data ... ok
proof-ceremony	UNKNOWN STEP	2026-05-25T00:47:57.3679892Z  creating subdirectories ... ok
proof-ceremony	UNKNOWN STEP	2026-05-25T00:47:57.3680268Z  selecting dynamic shared memory implementation ... posix
proof-ceremony	UNKNOWN STEP	2026-05-25T00:47:57.3680658Z  selecting default max_connections ... 100
proof-ceremony	UNKNOWN STEP	2026-05-25T00:47:57.3681004Z  selecting default shared_buffers ... 128MB
proof-ceremony	UNKNOWN STEP	2026-05-25T00:47:57.3681346Z  selecting default time zone ... Etc/UTC
proof-ceremony	UNKNOWN STEP	2026-05-25T00:47:57.3681676Z  creating configuration files ... ok
proof-ceremony	UNKNOWN STEP	2026-05-25T00:47:57.3682131Z  running bootstrap script ... ok
proof-ceremony	UNKNOWN STEP	2026-05-25T00:47:57.3682477Z  performing post-bootstrap initialization ... ok
proof-ceremony	UNKNOWN STEP	2026-05-25T00:47:57.3683087Z  syncing data to disk ... ok
proof-ceremony	UNKNOWN STEP	2026-05-25T00:47:57.3683375Z  
proof-ceremony	UNKNOWN STEP	2026-05-25T00:47:57.3683610Z  
proof-ceremony	UNKNOWN STEP	2026-05-25T00:47:57.3683897Z  Success. You can now start the database server using:
proof-ceremony	UNKNOWN STEP	2026-05-25T00:47:57.3684243Z  
proof-ceremony	UNKNOWN STEP	2026-05-25T00:47:57.3684569Z      pg_ctl -D /var/lib/postgresql/data -l logfile start
proof-ceremony	UNKNOWN STEP	2026-05-25T00:47:57.3684927Z  
proof-ceremony	UNKNOWN STEP	2026-05-25T00:47:57.3685562Z  waiting for server to start....2026-05-25 00:44:17.448 UTC [47] LOG:  starting PostgreSQL 15.18 (Debian 15.18-1.pgdg13+1) on x86_64-pc-linux-gnu, compiled by gcc (Debian 14.2.0-19) 14.2.0, 64-bit
proof-ceremony	UNKNOWN STEP	2026-05-25T00:47:57.3686405Z  2026-05-25 00:44:17.586 UTC [47] LOG:  listening on Unix socket "/var/run/postgresql/.s.PGSQL.5432"
proof-ceremony	UNKNOWN STEP	2026-05-25T00:47:57.3686987Z  2026-05-25 00:44:17.589 UTC [50] LOG:  database system was shut down at 2026-05-25 00:44:16 UTC
proof-ceremony	UNKNOWN STEP	2026-05-25T00:47:57.3687515Z  2026-05-25 00:44:17.592 UTC [47] LOG:  database system is ready to accept connections
proof-ceremony	UNKNOWN STEP	2026-05-25T00:47:57.3688290Z  2026-05-25 00:44:18.284 UTC [1] LOG:  listening on IPv4 address "0.0.0.0", port 5432
proof-ceremony	UNKNOWN STEP	2026-05-25T00:47:57.3688789Z  2026-05-25 00:44:18.284 UTC [1] LOG:  listening on IPv6 address "::", port 5432
proof-ceremony	UNKNOWN STEP	2026-05-25T00:47:57.3689214Z  2026-05-25 00:44:18.288 UTC [1] LOG:  listening on Unix socket "/var/run/postgresql/.s.PGSQL.5432"
proof-ceremony	UNKNOWN STEP	2026-05-25T00:47:57.3689676Z  2026-05-25 00:44:18.291 UTC [63] LOG:  database system was shut down at 2026-05-25 00:44:18 UTC
proof-ceremony	UNKNOWN STEP	2026-05-25T00:47:57.3690098Z  2026-05-25 00:44:18.293 UTC [1] LOG:  database system is ready to accept connections
proof-ceremony	UNKNOWN STEP	2026-05-25T00:47:57.3690466Z  2026-05-25 00:44:26.178 UTC [74] FATAL:  role "root" does not exist
proof-ceremony	UNKNOWN STEP	2026-05-25T00:47:57.3690788Z  2026-05-25 00:44:36.231 UTC [82] FATAL:  role "root" does not exist
proof-ceremony	UNKNOWN STEP	2026-05-25T00:47:57.3691111Z  2026-05-25 00:44:46.310 UTC [91] FATAL:  role "root" does not exist
proof-ceremony	UNKNOWN STEP	2026-05-25T00:47:57.3691433Z  2026-05-25 00:44:56.381 UTC [100] FATAL:  role "root" does not exist
proof-ceremony	UNKNOWN STEP	2026-05-25T00:47:57.3691924Z  2026-05-25 00:45:06.428 UTC [110] FATAL:  role "root" does not exist
proof-ceremony	UNKNOWN STEP	2026-05-25T00:47:57.3692524Z  2026-05-25 00:45:16.487 UTC [118] FATAL:  role "root" does not exist
proof-ceremony	UNKNOWN STEP	2026-05-25T00:47:57.3692858Z  2026-05-25 00:45:26.547 UTC [127] FATAL:  role "root" does not exist
proof-ceremony	UNKNOWN STEP	2026-05-25T00:47:57.3693175Z  2026-05-25 00:45:36.597 UTC [135] FATAL:  role "root" does not exist
proof-ceremony	UNKNOWN STEP	2026-05-25T00:47:57.3693507Z  2026-05-25 00:45:46.659 UTC [143] FATAL:  role "root" does not exist
proof-ceremony	UNKNOWN STEP	2026-05-25T00:47:57.3693831Z  2026-05-25 00:45:56.715 UTC [153] FATAL:  role "root" does not exist
proof-ceremony	UNKNOWN STEP	2026-05-25T00:47:57.3694154Z  2026-05-25 00:46:06.758 UTC [161] FATAL:  role "root" does not exist
proof-ceremony	UNKNOWN STEP	2026-05-25T00:47:57.3694477Z  2026-05-25 00:46:16.815 UTC [174] FATAL:  role "root" does not exist
proof-ceremony	UNKNOWN STEP	2026-05-25T00:47:57.3694854Z  2026-05-25 00:46:26.877 UTC [182] FATAL:  role "root" does not exist
proof-ceremony	UNKNOWN STEP	2026-05-25T00:47:57.3695177Z  2026-05-25 00:46:36.961 UTC [191] FATAL:  role "root" does not exist
proof-ceremony	UNKNOWN STEP	2026-05-25T00:47:57.3695500Z  2026-05-25 00:46:47.017 UTC [200] FATAL:  role "root" does not exist
proof-ceremony	UNKNOWN STEP	2026-05-25T00:47:57.3695829Z  2026-05-25 00:46:57.083 UTC [208] FATAL:  role "root" does not exist
proof-ceremony	UNKNOWN STEP	2026-05-25T00:47:57.3696182Z  2026-05-25 00:46:58.277 UTC [61] LOG:  checkpoint starting: immediate force wait
proof-ceremony	UNKNOWN STEP	2026-05-25T00:47:57.3697032Z  2026-05-25 00:46:58.750 UTC [61] LOG:  checkpoint complete: wrote 1390 buffers (8.5%); 0 WAL file(s) added, 0 removed, 2 recycled; write=0.089 s, sync=0.191 s, total=0.474 s; sync files=2712, longest=0.030 s, average=0.001 s; distance=30775 kB, estimate=30775 kB
proof-ceremony	UNKNOWN STEP	2026-05-25T00:47:57.3697859Z  2026-05-25 00:47:07.141 UTC [219] FATAL:  role "root" does not exist
proof-ceremony	UNKNOWN STEP	2026-05-25T00:47:57.3698184Z  2026-05-25 00:47:17.198 UTC [228] FATAL:  role "root" does not exist
proof-ceremony	UNKNOWN STEP	2026-05-25T00:47:57.3698508Z  2026-05-25 00:47:27.253 UTC [236] FATAL:  role "root" does not exist
proof-ceremony	UNKNOWN STEP	2026-05-25T00:47:57.3698837Z  2026-05-25 00:47:37.311 UTC [245] FATAL:  role "root" does not exist
proof-ceremony	UNKNOWN STEP	2026-05-25T00:47:57.3699045Z  2026-05-25 00:47:47.372 UTC [256] FATAL:  role "root" does not exist
proof-ceremony	UNKNOWN STEP	2026-05-25T00:47:57.3699272Z  2026-05-25 00:47:55.633 UTC [61] LOG:  checkpoint starting: immediate force wait
proof-ceremony	UNKNOWN STEP	2026-05-25T00:47:57.3699878Z  2026-05-25 00:47:55.645 UTC [61] LOG:  checkpoint complete: wrote 130 buffers (0.8%); 0 WAL file(s) added, 0 removed, 1 recycled; write=0.007 s, sync=0.003 s, total=0.012 s; sync files=33, longest=0.001 s, average=0.001 s; distance=16910 kB, estimate=29388 kB
proof-ceremony	UNKNOWN STEP	2026-05-25T00:47:57.3700337Z   done
proof-ceremony	UNKNOWN STEP	2026-05-25T00:47:57.3700435Z  server started
proof-ceremony	UNKNOWN STEP	2026-05-25T00:47:57.3700543Z  CREATE DATABASE
proof-ceremony	UNKNOWN STEP	2026-05-25T00:47:57.3700646Z  
proof-ceremony	UNKNOWN STEP	2026-05-25T00:47:57.3700976Z  
proof-ceremony	UNKNOWN STEP	2026-05-25T00:47:57.3701225Z  /usr/local/bin/docker-entrypoint.sh: ignoring /docker-entrypoint-initdb.d/*
proof-ceremony	UNKNOWN STEP	2026-05-25T00:47:57.3701538Z  
proof-ceremony	UNKNOWN STEP	2026-05-25T00:47:57.3701969Z  waiting for server to shut down....2026-05-25 00:44:17.892 UTC [47] LOG:  received fast shutdown request
proof-ceremony	UNKNOWN STEP	2026-05-25T00:47:57.3702415Z  2026-05-25 00:44:17.893 UTC [47] LOG:  aborting any active transactions
proof-ceremony	UNKNOWN STEP	2026-05-25T00:47:57.3702883Z  2026-05-25 00:44:17.895 UTC [47] LOG:  background worker "logical replication launcher" (PID 53) exited with exit code 1
proof-ceremony	UNKNOWN STEP	2026-05-25T00:47:57.3703387Z  2026-05-25 00:44:17.895 UTC [48] LOG:  shutting down
proof-ceremony	UNKNOWN STEP	2026-05-25T00:47:57.3703791Z  2026-05-25 00:44:17.895 UTC [48] LOG:  checkpoint starting: shutdown immediate
proof-ceremony	UNKNOWN STEP	2026-05-25T00:47:57.3704579Z  2026-05-25 00:44:18.087 UTC [48] LOG:  checkpoint complete: wrote 922 buffers (5.6%); 0 WAL file(s) added, 0 removed, 0 recycled; write=0.149 s, sync=0.042 s, total=0.193 s; sync files=301, longest=0.015 s, average=0.001 s; distance=4239 kB, estimate=4239 kB
proof-ceremony	UNKNOWN STEP	2026-05-25T00:47:57.3705340Z  2026-05-25 00:44:18.093 UTC [47] LOG:  database system is shut down
proof-ceremony	UNKNOWN STEP	2026-05-25T00:47:57.3705605Z   done
proof-ceremony	UNKNOWN STEP	2026-05-25T00:47:57.3705705Z  server stopped
proof-ceremony	UNKNOWN STEP	2026-05-25T00:47:57.3705807Z  
proof-ceremony	UNKNOWN STEP	2026-05-25T00:47:57.3705934Z  PostgreSQL init process complete; ready for start up.
proof-ceremony	UNKNOWN STEP	2026-05-25T00:47:57.3706091Z  
proof-ceremony	UNKNOWN STEP	2026-05-25T00:47:57.3709804Z Stop and remove container: ea6e8e9ec43f4a0095da19c8554f0e68_postgres15_96add5
proof-ceremony	UNKNOWN STEP	2026-05-25T00:47:57.3713967Z ##[command]/usr/bin/docker rm --force 3cb321a2526c5904e328049800c546e4ca5ff6e70760a92839ce1816cd3d7ac9
proof-ceremony	UNKNOWN STEP	2026-05-25T00:47:57.4971140Z 3cb321a2526c5904e328049800c546e4ca5ff6e70760a92839ce1816cd3d7ac9
proof-ceremony	UNKNOWN STEP	2026-05-25T00:47:57.4981396Z Remove container network: github_network_e7f869cf1f3948c39cb06d0a9c135331
proof-ceremony	UNKNOWN STEP	2026-05-25T00:47:57.4985430Z ##[command]/usr/bin/docker network rm github_network_e7f869cf1f3948c39cb06d0a9c135331
proof-ceremony	UNKNOWN STEP	2026-05-25T00:47:57.5623870Z github_network_e7f869cf1f3948c39cb06d0a9c135331
proof-ceremony	UNKNOWN STEP	2026-05-25T00:47:57.5674129Z Cleaning up orphan processes
proof-ceremony	UNKNOWN STEP	2026-05-25T00:47:57.5886610Z Terminate orphan process: pid (2657) (python)
proof-ceremony	UNKNOWN STEP	2026-05-25T00:47:57.5902662Z Terminate orphan process: pid (2659) (python)
proof-ceremony	UNKNOWN STEP	2026-05-25T00:47:57.5927227Z ##[warning]Node.js 20 actions are deprecated. The following actions are running on Node.js 20 and may not work as expected: actions/checkout@b4ffde65f46336ab88eb53be808477a3936bae11, actions/setup-python@7f4fc3e22c37d6ff65e88745f38bd3157c663f7c, actions/upload-artifact@ea165f8d65b6e75b540449e92b4886f43607fa02. Actions will be forced to run with Node.js 24 by default starting June 2nd, 2026. Node.js 20 will be removed from the runner on September 16th, 2026. Please check if updated versions of these actions are available that support Node.js 24. To opt into Node.js 24 now, set the FORCE_JAVASCRIPT_ACTIONS_TO_NODE24=true environment variable on the runner or in your workflow file. Once Node.js 24 becomes the default, you can temporarily opt out by setting ACTIONS_ALLOW_USE_UNSECURE_NODE_VERSION=true. For more information see: https://github.blog/changelog/2025-09-19-deprecation-of-node-20-on-github-actions-runners/
