"area","path","keywords","is_test"
"pdf_engine","backend/requirements.txt","reportlab, pdf","False"
"pdf_engine","backend/_spectacular_after_priority_fix.txt","pdf","False"
"pdf_engine","backend/_spectacular_now.txt","pdf","False"
"pdf_engine","backend/academics/models.py","pdf","False"
"pdf_engine","backend/academics/management/commands/seed_curriculum_vertical_slice.py","pdf","False"
"pdf_engine","backend/academics/tests/test_lesson_plans.py","pdf","True"
"pdf_engine","backend/advancement/api.py","pdf","False"
"pdf_engine","backend/advancement/models_stage3_4.py","pdf","False"
"pdf_engine","backend/advancement/receipt_render.py","reportlab, pdf","False"
"pdf_engine","backend/advancement/services_stage3_2.py","pdf","False"
"pdf_engine","backend/advancement/tickets_render.py","reportlab, pdf","False"
"pdf_engine","backend/advancement/tests/test_advancement_stage3_1_2_3.py","pdf","True"
"pdf_engine","backend/advancement/tests/test_advancement_stage3_4.py","pdf","True"
"pdf_engine","backend/board_oversight/api_governance.py","reportlab, pdf","False"
"pdf_engine","backend/board_oversight/services_pdf.py","reportlab, pdf","False"
"pdf_engine","backend/crown_api/exports/pdf_utils.py","reportlab, pdf","False"
"pdf_engine","backend/discipline/services/metrics_service.py","pdf","False"
"pdf_engine","backend/discipline/services/report_service.py","reportlab, pdf","False"
"pdf_engine","backend/discipline/tests/test_discipline_pdf_reports.py","pdf","True"
"pdf_engine","backend/discipline/tests/test_discipline_release_proof.py","pdf","True"
"pdf_engine","backend/documents/services.py","pdf","False"
"pdf_engine","backend/documents/tests.py","pdf","False"
"pdf_engine","backend/governance/services.py","pdf","False"
"pdf_engine","backend/release_closure/api.py","pdf","False"
"pdf_engine","backend/release_closure/tests.py","pdf","False"
"pdf_engine","backend/student_records/models.py","pdf","False"
"pdf_engine","backend/student_records/migrations/0001_initial.py","pdf","False"
"pdf_engine","frontend/dashboards/package-lock.json","pdf","False"
"pdf_engine","frontend/dashboards/playwright-report/index.html","pdf","False"
"pdf_engine","frontend/dashboards/src/features/aid/components/VerificationUploadPanel.tsx","pdf","False"
"pdf_engine","frontend/dashboards/src/features/attendance/components/AttendanceReportRunList.tsx","pdf","False"
"pdf_engine","frontend/dashboards/src/features/attendance/components/ExcuseDocumentUploadPanel.tsx","pdf","False"
"pdf_engine","frontend/dashboards/src/features/attendance/pages/AttendanceReportsPage.tsx","pdf","False"
"pdf_engine","frontend/dashboards/src/features/discipline/api/discipline.ts","pdf","False"
"pdf_engine","frontend/dashboards/src/features/discipline/components/DisciplineReportRunList.tsx","pdf","False"
"pdf_engine","frontend/dashboards/src/features/discipline/pages/DisciplineDashboardPage.tsx","pdf","False"
"pdf_engine","frontend/dashboards/src/features/discipline/pages/DisciplineRecordDetailPage.tsx","pdf","False"
"pdf_engine","frontend/dashboards/src/features/discipline/pages/DisciplineReportsPage.tsx","pdf","False"
"pdf_engine","frontend/dashboards/src/features/governance/pages/BoardMemberDashboardPage.jsx","pdf","False"
"pdf_engine","frontend/dashboards/src/features/governance/pages/BoardPacksPage.jsx","pdf","False"
"pdf_engine","frontend/dashboards/src/modules/advancement/BestAvailableCheckout.jsx","pdf","False"
"pdf_engine","frontend/dashboards/src/modules/advancement/TicketSuccessPage.jsx","pdf","False"
"pdf_engine","frontend/dashboards/src/pages/admin/AdminAttendancePage.jsx","pdf","False"
"pdf_engine","frontend/dashboards/src/pages/admin/AdminDisciplinePage.jsx","pdf","False"
"pdf_engine","frontend/dashboards/src/pages/board/BoardDashboard.tsx","pdf","False"
"pdf_engine","docs/M365_POWER_AUTOMATE_FLOW_CONTRACT.md","pdf","False"
"pdf_engine","docs/MODULE_INVENTORY.md","reportlab","False"
"pdf_engine","docs/module_status_matrix.csv","reportlab","False"
"pdf_engine","docs/PRODUCTION_STATUS_MATRIX.md","reportlab","False"
"pdf_engine","docs/authority/RELEASE_GAP_CLOSURE_PLAN.md","pdf","False"
"pdf_engine","docs/maps/CROWN_MAGUS_SPRINT_MAP.md","pdf","False"
"pdf_engine","docs/openapi/attendance.openapi.yaml","pdf","False"
"pdf_engine","docs/openapi/crown-openapi-current.yaml","pdf","False"
"pdf_engine","docs/openapi/crown-openapi-validated.yaml","pdf","False"
"pdf_engine","docs/openapi/crown-openapi.yaml","pdf","False"
"pdf_engine","docs/openapi/discipline.openapi.yaml","pdf","False"
"pdf_engine","docs/release/LIVE_BACKEND_VERIFICATION.json","pdf","False"
"pdf_engine","docs/release/LIVE_REPORTING_EXPORT_AUDIT.json","reportlab, pdf","False"
"pdf_engine","docs/release/LIVE_REPORTING_EXPORT_AUDIT.md","reportlab, pdf","False"
"pdf_engine","docs/release/advanced_board_reporting_closeout/05_export_packet_proof.md","pdf","False"
"pdf_engine","docs/release/live-audit/phase4/phase4_backend_test_inventory.csv","pdf","True"
"pdf_engine","docs/release/live-audit/phase9/phase9_reporting_export_area_status.csv","pdf","False"
"pdf_engine","docs/release/live-audit/phase9/phase9_reporting_export_dependency_hits.csv","reportlab","False"
"pdf_engine","docs/release/live-audit/phase9/phase9_reporting_export_hits.csv","reportlab, pdf","False"
"pdf_engine","docs/release/live-audit/phase9/phase9_reporting_export_pdf_transcript_gap_audit.json","pdf","False"
"pdf_engine","docs/release/live-audit/phase9/phase9_reporting_export_pdf_transcript_gap_audit.md","reportlab, pdf","False"
"pdf_engine","docs/release/release_closeout/01_release_scope_and_gap_lock.md","pdf","False"
"pdf_engine","docs/release/release_closeout/01_scope_and_gap_lock.md","pdf","False"
"pdf_engine","docs/release/release_closeout/04_gap_disposition.md","pdf","False"
"pdf_engine","docs/release/release_closeout/05_golden_path_proof.md","pdf","False"
"pdf_engine","docs/release/release_closeout/11_product_gap_closeout.md","pdf","False"
"pdf_engine","docs/release/release_closeout/api_schema.yaml","pdf","False"
"pdf_engine","docs/release/release_closeout/openapi/api_schema.yaml","pdf","False"
"pdf_engine","docs/release/release_closeout/openapi/crown-openapi.yaml","pdf","False"
"pdf_engine","docs/spine/TENANT_PRIVACY_CANON.md","pdf","False"
"pdf_engine","docs/status/CROWN_MAGUS_COVERAGE_MATRIX.md","pdf","False"
"reporting_exports","backend/create_superuser.py","export","False"
"reporting_exports","backend/requirements.txt","report","False"
"reporting_exports","backend/_spectacular_after_priority_fix.txt","export, csv, report, download","False"
"reporting_exports","backend/_spectacular_latest.txt","export, csv, report, download","False"
"reporting_exports","backend/_spectacular_now.txt","export, csv, report, download","False"
"reporting_exports","backend/admissions/tests.py","report","False"
"reporting_exports","backend/advancement/receipt_render.py","report","False"
"reporting_exports","backend/advancement/tickets_render.py","report","False"
"reporting_exports","backend/analytics/api_health.py","export, download","False"
"reporting_exports","backend/board_oversight/admin.py","report","False"
"reporting_exports","backend/board_oversight/api_governance.py","report, download","False"
"reporting_exports","backend/board_oversight/models.py","report","False"
"reporting_exports","backend/board_oversight/serializers.py","report","False"
"reporting_exports","backend/board_oversight/services_pdf.py","report","False"
"reporting_exports","backend/board_oversight/views.py","report","False"
"reporting_exports","backend/board_oversight/migrations/0001_initial.py","report","False"
"reporting_exports","backend/comms/models.py","export","False"
"reporting_exports","backend/comms/outbox.py","export","False"
"reporting_exports","backend/core/models_export.py","export","False"
"reporting_exports","backend/core/serializers.py","export","False"
"reporting_exports","backend/core/urls.py","export","False"
"reporting_exports","backend/core/management/commands/purge_expired_records.py","report","False"
"reporting_exports","backend/core/management/commands/seed_expansion.py","report","False"
"reporting_exports","backend/core/services/audit_timeline_service.py","export, download","False"
"reporting_exports","backend/core/services/export_service.py","export, csv","False"
"reporting_exports","backend/core/services/import_service.py","csv","False"
"reporting_exports","backend/crown_api/api_urls.py","export, download","False"
"reporting_exports","backend/crown_api/api_v1_urls.py","export","False"
"reporting_exports","backend/crown_api/metrics_views.py","report","False"
"reporting_exports","backend/crown_api/settings.py","export, csv","False"
"reporting_exports","backend/crown_api/views_integrity.py","report","False"
"reporting_exports","backend/crown_api/wizard_common.py","export","False"
"reporting_exports","backend/crown_api/wizard_registry.py","report","False"
"reporting_exports","backend/crown_api/dashboards/summary.py","report","False"
"reporting_exports","backend/crown_api/exports/admin.py","export","False"
"reporting_exports","backend/crown_api/exports/apps.py","export","False"
"reporting_exports","backend/crown_api/exports/audit.py","export","False"
"reporting_exports","backend/crown_api/exports/models.py","export, csv","False"
"reporting_exports","backend/crown_api/exports/model_resolver.py","export","False"
"reporting_exports","backend/crown_api/exports/pdf_utils.py","export, report","False"
"reporting_exports","backend/crown_api/exports/permissions.py","export","False"
"reporting_exports","backend/crown_api/exports/throttles.py","export","False"
"reporting_exports","backend/crown_api/exports/urls.py","export, csv","False"
"reporting_exports","backend/crown_api/exports/views.py","export, csv","False"
"reporting_exports","backend/crown_api/exports/__init__.py","export","False"
"reporting_exports","backend/crown_api/exports/migrations/0001_initial.py","export","False"
"reporting_exports","backend/crown_api/exports/migrations/0002_exportauditlog_school_override_id.py","export","False"
"reporting_exports","backend/crown_api/exports/migrations/__init__.py","export","False"
"reporting_exports","backend/crown_api/exports/templates/admin/exports/export_console.html","export","False"
"reporting_exports","backend/crown_api/exports/tests/test_exports_accounting_qb_csv.py","export, csv","True"
"reporting_exports","backend/crown_api/exports/tests/test_exports_admin_console.py","export","True"
"reporting_exports","backend/crown_api/exports/tests/test_exports_audit_log.py","export, csv","True"
"reporting_exports","backend/crown_api/exports/tests/test_exports_csv.py","export, csv","True"
"reporting_exports","backend/crown_api/exports/tests/test_exports_financial_csv.py","export, csv","True"
"reporting_exports","backend/crown_api/exports/tests/test_exports_jwt_auth.py","export, csv","True"
"reporting_exports","backend/crown_api/exports/tests/test_exports_roster_csv.py","export, csv","True"
"reporting_exports","backend/crown_api/exports/tests/test_exports_statements_csv.py","export, csv","True"
"reporting_exports","backend/crown_api/exports/tests/test_exports_statement_lines_csv.py","export, csv","True"
"reporting_exports","backend/crown_api/exports/tests/test_exports_throttling.py","export, csv","True"
"reporting_exports","backend/crown_api/exports/tests/test_exports_year_end_csv.py","export, csv","True"
"reporting_exports","backend/crown_api/tests/test_api_version_alias.py","export, report","True"
"reporting_exports","backend/discipline/models.py","report","False"
"reporting_exports","backend/discipline/serializers.py","report","False"
"reporting_exports","backend/discipline/urls.py","export, csv, report","False"
"reporting_exports","backend/discipline/api/serializers.py","report","False"
"reporting_exports","backend/discipline/api/views.py","report","False"
"reporting_exports","backend/discipline/management/commands/seed_discipline_demo.py","report","False"
"reporting_exports","backend/discipline/migrations/0001_initial.py","report","False"
"reporting_exports","backend/discipline/services/metrics_service.py","report","False"
"reporting_exports","backend/discipline/services/report_service.py","export, report","False"
"reporting_exports","backend/discipline/services/__init__.py","report","False"
"reporting_exports","backend/discipline/tests/test_discipline_pdf_reports.py","report","True"
"reporting_exports","backend/discipline/tests/test_discipline_release_proof.py","export, report","True"
"reporting_exports","backend/documents/api.py","report","False"
"reporting_exports","backend/documents/services.py","csv","False"
"reporting_exports","backend/documents/tests.py","report","False"
"reporting_exports","backend/documents/urls.py","report","False"
"reporting_exports","backend/facops/models.py","report","False"
"reporting_exports","backend/facops/api/serializers.py","report","False"
"reporting_exports","backend/facops/api/views.py","report","False"
"reporting_exports","backend/facops/migrations/0001_initial.py","report","False"
"reporting_exports","backend/finance_setup/wizard_api.py","export, report","False"
"reporting_exports","backend/financial_aid/workflows.py","report","False"
"reporting_exports","backend/financial_aid/tests/test_phase4b_ledger_integration.py","report","True"
"reporting_exports","backend/governance/services.py","report, download","False"
"reporting_exports","backend/gradebook/tests/test_seed_gradebook_demo.py","report","True"
"reporting_exports","backend/grade_scale_wizard/models.py","report","False"
"reporting_exports","backend/grade_scale_wizard/views.py","report","False"
"reporting_exports","backend/grade_scale_wizard/tests/test_views.py","report","True"
"reporting_exports","backend/imports/models.py","csv","False"
"reporting_exports","backend/imports/tasks.py","csv","False"
"reporting_exports","backend/imports/views.py","csv, report, download","False"
"reporting_exports","backend/imports/migrations/0001_initial.py","csv","False"
"reporting_exports","backend/imports/services/mapper.py","csv","False"
"reporting_exports","backend/imports/services/platforms.py","export, csv, report","False"
"reporting_exports","backend/integrations/oneroster.py","export, csv","False"
"reporting_exports","backend/integrations/urls.py","export","False"
"reporting_exports","backend/integrations/tests/test_oneroster.py","export, csv","True"
"reporting_exports","backend/integrations_real/services.py","report","False"
"reporting_exports","backend/ledger/api.py","report","False"
"reporting_exports","backend/ledger/services_reconciliation.py","report","False"
"reporting_exports","backend/onboarding/models.py","csv","False"
"reporting_exports","backend/onboarding/solomon_seed.py","export, report","False"
"reporting_exports","backend/onboarding/urls.py","csv","False"
"reporting_exports","backend/onboarding/views.py","csv, report","False"
"reporting_exports","backend/onboarding/migrations/0001_initial.py","csv","False"
"reporting_exports","backend/onboarding/migrations/0002_stage3_onboarding_tasks.py","csv","False"
"reporting_exports","backend/onboarding/tests/test_views.py","csv, xlsx","True"
"reporting_exports","backend/outreach/api/views.py","report","False"
"reporting_exports","backend/outreach/tests/test_outreach.py","report","True"
"reporting_exports","backend/payments/api_urls.py","export, csv","False"
"reporting_exports","backend/payments/bank_recon_api.py","csv","False"
"reporting_exports","backend/payments/export_api.py","export, csv","False"
"reporting_exports","backend/payments/models.py","export, csv","False"
"reporting_exports","backend/payments/migrations/0003_savedpaymentmethod_paymentsupportexception_and_more.py","export, csv","False"
"reporting_exports","backend/payments/tests/test_bank_reconciliation.py","csv","True"
"reporting_exports","backend/release_closure/api.py","export","False"
"reporting_exports","backend/release_closure/tests.py","export, report","False"
"reporting_exports","backend/release_closure/urls.py","export, report","False"
"reporting_exports","backend/safety/admin.py","report","False"
"reporting_exports","backend/safety/api.py","report","False"
"reporting_exports","backend/safety/models.py","report","False"
"reporting_exports","backend/safety/serializers.py","report","False"
"reporting_exports","backend/safety/migrations/0001_initial.py","report","False"
"reporting_exports","backend/student_import_wizard/views.py","csv","False"
"reporting_exports","backend/student_records/admin.py","export","False"
"reporting_exports","backend/student_records/models.py","export, csv","False"
"reporting_exports","backend/student_records/serializers.py","export, download","False"
"reporting_exports","backend/student_records/services.py","export, report, download","False"
"reporting_exports","backend/student_records/urls.py","export","False"
"reporting_exports","backend/student_records/views.py","export, download","False"
"reporting_exports","backend/student_records/migrations/0001_initial.py","export, csv","False"
"reporting_exports","backend/student_records/tests/test_student_records_api.py","export, download","True"
"reporting_exports","backend/subscriptions/management/commands/seed_plans.py","export, report","False"
"reporting_exports","backend/tests/test_core_release_services.py","export","True"
"reporting_exports","backend/tests/test_seed_category_weights_command.py","report","True"
"reporting_exports","frontend/dashboards/eslint.config.js","export","False"
"reporting_exports","frontend/dashboards/package-lock.json","csv, xlsx, download","False"
"reporting_exports","frontend/dashboards/package.json","report","False"
"reporting_exports","frontend/dashboards/playwright.config.ts","export, report","False"
"reporting_exports","frontend/dashboards/vite.config.js","export, report","False"
"reporting_exports","frontend/dashboards/.mypy_cache/3.12/_markupbase.data.json","report","False"
"reporting_exports","frontend/dashboards/.mypy_cache/3.12/core/models.data.json","export, report","False"
"reporting_exports","frontend/dashboards/.mypy_cache/3.12/core/models.meta.json","export","False"
"reporting_exports","frontend/dashboards/.mypy_cache/3.12/crown_api/exports/models.data.json","export","False"
"reporting_exports","frontend/dashboards/.mypy_cache/3.12/crown_api/exports/models.meta.json","export","False"
"reporting_exports","frontend/dashboards/.mypy_cache/3.12/crown_api/exports/__init__.data.json","export","False"
"reporting_exports","frontend/dashboards/.mypy_cache/3.12/crown_api/exports/__init__.meta.json","export","False"
"reporting_exports","frontend/dashboards/.mypy_cache/3.12/discipline/models.data.json","report","False"
"reporting_exports","frontend/dashboards/.mypy_cache/3.12/django/conf/global_settings.data.json","report","False"
"reporting_exports","frontend/dashboards/.mypy_cache/3.12/facops/models.data.json","report","False"
"reporting_exports","frontend/dashboards/.mypy_cache/3.12/html/parser.data.json","report","False"
"reporting_exports","frontend/dashboards/.mypy_cache/3.12/http/client.data.json","report","False"
"reporting_exports","frontend/dashboards/.mypy_cache/3.12/http/__init__.data.json","report","False"
"reporting_exports","frontend/dashboards/.mypy_cache/3.12/onboarding/models.data.json","csv","False"
"reporting_exports","frontend/dashboards/.mypy_cache/3.12/payments/models.data.json","export","False"
"reporting_exports","frontend/dashboards/.mypy_cache/3.12/redis/commands/cluster.data.json","report","False"
"reporting_exports","frontend/dashboards/.mypy_cache/3.12/redis/_parsers/base.data.json","export","False"
"reporting_exports","frontend/dashboards/.mypy_cache/3.12/sentry_sdk/consts.data.json","report","False"
"reporting_exports","frontend/dashboards/.mypy_cache/3.12/sentry_sdk/transport.data.json","report","False"
"reporting_exports","frontend/dashboards/.mypy_cache/3.12/urllib/request.data.json","report","False"
"reporting_exports","frontend/dashboards/playwright-report/index.html","export, csv, xlsx, report, download","False"
"reporting_exports","frontend/dashboards/playwright-report/data/15e84d3a1a65e9a89a176acad153e1ef84cf62ee.png","report","False"
"reporting_exports","frontend/dashboards/playwright-report/data/2b13a61bab5d28e716755b14002ae202cc4dd9d9.md","report","False"
"reporting_exports","frontend/dashboards/playwright-report/data/4ec38f57f02b54cd75b067b036a9f0414911c1f9.png","report","False"
"reporting_exports","frontend/dashboards/playwright-report/data/56694ca67b905bbb13afd568a32c7aa20cdef0e8.png","report","False"
"reporting_exports","frontend/dashboards/playwright-report/data/727cf8dc345b6cc22423098402bec4a692693045.md","report","False"
"reporting_exports","frontend/dashboards/playwright-report/data/7a33d5db6370b6de345e990751aa1f1da65ad675.png","report","False"
"reporting_exports","frontend/dashboards/playwright-report/data/86c72fa6ac54e18643d4fa5fbb3bea792f7b4853.md","report","False"
"reporting_exports","frontend/dashboards/playwright-report/data/88c42bb904bc2602cb9f061cce1174d4ec858891.png","report","False"
"reporting_exports","frontend/dashboards/playwright-report/data/d96e22d9c023266a768befa3312e61eadaaddebb.md","report","False"
"reporting_exports","frontend/dashboards/playwright-report/data/dc01c63832ff6000dc3e0273de7e1cb2fceec709.png","report","False"
"reporting_exports","frontend/dashboards/src/adapters/adminDashboardAdapter.js","export","False"
"reporting_exports","frontend/dashboards/src/adapters/adminSectionAdapter.js","export, report","False"
"reporting_exports","frontend/dashboards/src/api/academics.js","export","False"
"reporting_exports","frontend/dashboards/src/api/academicsWeights.js","export","False"
"reporting_exports","frontend/dashboards/src/api/admissions.js","export","False"
"reporting_exports","frontend/dashboards/src/api/aftercareApi.js","export","False"
"reporting_exports","frontend/dashboards/src/api/apiClient.js","export","False"
"reporting_exports","frontend/dashboards/src/api/attendance_codes_wizard.js","export","False"
"reporting_exports","frontend/dashboards/src/api/attendance_rules_wizard.js","export","False"
"reporting_exports","frontend/dashboards/src/api/bell_schedule_wizard.js","export","False"
"reporting_exports","frontend/dashboards/src/api/billing_wizard.js","export","False"
"reporting_exports","frontend/dashboards/src/api/boardApi.js","export","False"
"reporting_exports","frontend/dashboards/src/api/classrooms.js","export","False"
"reporting_exports","frontend/dashboards/src/api/client.js","export","False"
"reporting_exports","frontend/dashboards/src/api/comms_wizard.js","export","False"
"reporting_exports","frontend/dashboards/src/api/communications.js","export","False"
"reporting_exports","frontend/dashboards/src/api/compuwerxOps.js","export","False"
"reporting_exports","frontend/dashboards/src/api/compuwerxPackage3.js","export, csv","False"
"reporting_exports","frontend/dashboards/src/api/compuwerxPackage4.js","export, csv","False"
"reporting_exports","frontend/dashboards/src/api/compuwerxPayments.js","export","False"
"reporting_exports","frontend/dashboards/src/api/curriculum.js","export","False"
"reporting_exports","frontend/dashboards/src/api/dashboardClient.js","export","False"
"reporting_exports","frontend/dashboards/src/api/dashboards.js","export","False"
"reporting_exports","frontend/dashboards/src/api/enrollment_conversion_wizard.js","export","False"
"reporting_exports","frontend/dashboards/src/api/finance.js","export","False"
"reporting_exports","frontend/dashboards/src/api/financeSetupApi.js","export","False"
"reporting_exports","frontend/dashboards/src/api/financialAid.js","export","False"
"reporting_exports","frontend/dashboards/src/api/financial_aid_wizard.js","export","False"
"reporting_exports","frontend/dashboards/src/api/gradebook.js","export","False"
"reporting_exports","frontend/dashboards/src/api/gradebook_setup_wizard.js","export","False"
"reporting_exports","frontend/dashboards/src/api/grade_weights_wizard.js","export","False"
"reporting_exports","frontend/dashboards/src/api/guardian_household_wizard.js","export","False"
"reporting_exports","frontend/dashboards/src/api/invoice_run_wizard.js","export","False"
"reporting_exports","frontend/dashboards/src/api/onboarding.js","export, csv","False"
"reporting_exports","frontend/dashboards/src/api/ops.js","export","False"
"reporting_exports","frontend/dashboards/src/api/reenrollment.js","export","False"
"reporting_exports","frontend/dashboards/src/api/request.js","export","False"
"reporting_exports","frontend/dashboards/src/api/scheduling.js","export","False"
"reporting_exports","frontend/dashboards/src/api/scheduling_wizard.js","export","False"
"reporting_exports","frontend/dashboards/src/api/section_assign_wizard.js","export","False"
"reporting_exports","frontend/dashboards/src/api/section_staffing_wizard.js","export","False"
"reporting_exports","frontend/dashboards/src/api/signalsApi.js","export","False"
"reporting_exports","frontend/dashboards/src/api/student_import_wizard.js","export","False"
"reporting_exports","frontend/dashboards/src/api/unwrap.js","export","False"
"reporting_exports","frontend/dashboards/src/api/wizards.js","export","False"
"reporting_exports","frontend/dashboards/src/auth/AuthProvider.jsx","export","False"
"reporting_exports","frontend/dashboards/src/auth/msalConfig.js","export","False"
"reporting_exports","frontend/dashboards/src/auth/permissions.js","export, report","False"
"reporting_exports","frontend/dashboards/src/auth/RequireAuth.jsx","export","False"
"reporting_exports","frontend/dashboards/src/auth/roleAccess.js","export","False"
"reporting_exports","frontend/dashboards/src/auth/roleAdapter.js","export","False"
"reporting_exports","frontend/dashboards/src/auth/useApiToken.js","export","False"
"reporting_exports","frontend/dashboards/src/components/AutoLoginGate.jsx","export","False"
"reporting_exports","frontend/dashboards/src/components/BoardTrends.jsx","export","False"
"reporting_exports","frontend/dashboards/src/components/CurriculumPacingCard.jsx","export","False"
"reporting_exports","frontend/dashboards/src/components/DevJwtPanel.jsx","export","False"
"reporting_exports","frontend/dashboards/src/components/Drawer.jsx","export","False"
"reporting_exports","frontend/dashboards/src/components/FinanceKPI.jsx","export","False"
"reporting_exports","frontend/dashboards/src/components/HelpTooltip.jsx","export","False"
"reporting_exports","frontend/dashboards/src/components/OpsCommandCenter.jsx","export","False"
"reporting_exports","frontend/dashboards/src/components/SetupProgress.jsx","export","False"
"reporting_exports","frontend/dashboards/src/components/admin/AdminShell.jsx","export, report","False"
"reporting_exports","frontend/dashboards/src/components/auth/RequirePermission.jsx","export","False"
"reporting_exports","frontend/dashboards/src/components/board/AftercareBoardCard.jsx","export","False"
"reporting_exports","frontend/dashboards/src/components/board/BoardCard.jsx","export","False"
"reporting_exports","frontend/dashboards/src/components/board/BoardCompassCard.jsx","export","False"
"reporting_exports","frontend/dashboards/src/components/board/BoardKpiTile.jsx","export","False"
"reporting_exports","frontend/dashboards/src/components/board/BoardSimpleTable.jsx","export","False"
"reporting_exports","frontend/dashboards/src/components/board/BoardTrendChart.jsx","export","False"
"reporting_exports","frontend/dashboards/src/components/board/index.js","export","False"
"reporting_exports","frontend/dashboards/src/components/classroom/ClassroomCard.jsx","export","False"
"reporting_exports","frontend/dashboards/src/components/classroom/ClassroomDetailDrawer.jsx","export","False"
"reporting_exports","frontend/dashboards/src/components/classroom/SeatingChart.jsx","export","False"
"reporting_exports","frontend/dashboards/src/components/crown/CrownCard.jsx","export","False"
"reporting_exports","frontend/dashboards/src/components/crown/CrownGrid.jsx","export","False"
"reporting_exports","frontend/dashboards/src/components/crown/CrownLayout.jsx","export","False"
"reporting_exports","frontend/dashboards/src/components/crown/CrownMetricCard.jsx","export","False"
"reporting_exports","frontend/dashboards/src/components/crown/CrownWizard.jsx","export","False"
"reporting_exports","frontend/dashboards/src/components/crown/CrownWizardStepHeader.jsx","export","False"
"reporting_exports","frontend/dashboards/src/components/crown/useCrownDashboardMetrics.js","export","False"
"reporting_exports","frontend/dashboards/src/components/dashboard/ActionCard.jsx","export","False"
"reporting_exports","frontend/dashboards/src/components/dashboard/ActionTile.jsx","export","False"
"reporting_exports","frontend/dashboards/src/components/dashboard/ActivityFeedCard.jsx","export","False"
"reporting_exports","frontend/dashboards/src/components/dashboard/AlertsPanel.jsx","export","False"
"reporting_exports","frontend/dashboards/src/components/dashboard/AttentionStrip.jsx","export","False"
"reporting_exports","frontend/dashboards/src/components/dashboard/CalendarCard.jsx","export","False"
"reporting_exports","frontend/dashboards/src/components/dashboard/ChartCard.jsx","export","False"
"reporting_exports","frontend/dashboards/src/components/dashboard/ChartWidget.jsx","export","False"
"reporting_exports","frontend/dashboards/src/components/dashboard/CommunicationsCard.jsx","export","False"
"reporting_exports","frontend/dashboards/src/components/dashboard/CommunitySpiritualRow.jsx","export","False"
"reporting_exports","frontend/dashboards/src/components/dashboard/DailyDevotion.jsx","export","False"
"reporting_exports","frontend/dashboards/src/components/dashboard/DrilldownDrawer.jsx","export","False"
"reporting_exports","frontend/dashboards/src/components/dashboard/FeedWidget.jsx","export","False"
"reporting_exports","frontend/dashboards/src/components/dashboard/FlipMetricCard.jsx","export","False"
"reporting_exports","frontend/dashboards/src/components/dashboard/FlipWidget.jsx","export","False"
"reporting_exports","frontend/dashboards/src/components/dashboard/HeadOfSchoolKpiCard.jsx","export","False"
"reporting_exports","frontend/dashboards/src/components/dashboard/HeadOfSchoolKpiGridRow.jsx","export","False"
"reporting_exports","frontend/dashboards/src/components/dashboard/HealthRingCard.jsx","export","False"
"reporting_exports","frontend/dashboards/src/components/dashboard/InsightPanel.jsx","export","False"
"reporting_exports","frontend/dashboards/src/components/dashboard/KpiCard.jsx","export","False"
"reporting_exports","frontend/dashboards/src/components/dashboard/KpiCardGrid.jsx","export","False"
"reporting_exports","frontend/dashboards/src/components/dashboard/KpiFlipCard.jsx","export","False"
"reporting_exports","frontend/dashboards/src/components/dashboard/KPIGridRow.jsx","export","False"
"reporting_exports","frontend/dashboards/src/components/dashboard/LeadershipWorkflowRow.jsx","export","False"
"reporting_exports","frontend/dashboards/src/components/dashboard/MetricCard.jsx","export","False"
"reporting_exports","frontend/dashboards/src/components/dashboard/MicrosoftPanel.jsx","export","False"
"reporting_exports","frontend/dashboards/src/components/dashboard/OperationalSnapshotCard.jsx","export","False"
"reporting_exports","frontend/dashboards/src/components/dashboard/PageHeader.jsx","export","False"
"reporting_exports","frontend/dashboards/src/components/dashboard/PrayerRequests.jsx","export","False"
"reporting_exports","frontend/dashboards/src/components/dashboard/PrioritiesPanel.jsx","export","False"
"reporting_exports","frontend/dashboards/src/components/dashboard/ProgressGoalCard.jsx","export","False"
"reporting_exports","frontend/dashboards/src/components/dashboard/QuickActionsWidget.jsx","export","False"
"reporting_exports","frontend/dashboards/src/components/dashboard/ReportSnapshotCard.jsx","export, report","False"
"reporting_exports","frontend/dashboards/src/components/dashboard/SectionCard.jsx","export","False"
"reporting_exports","frontend/dashboards/src/components/dashboard/SpecialDays.jsx","export","False"
"reporting_exports","frontend/dashboards/src/components/dashboard/StatWidget.jsx","export","False"
"reporting_exports","frontend/dashboards/src/components/dashboard/TableWidget.jsx","export","False"
"reporting_exports","frontend/dashboards/src/components/dashboard/TodaysFocusRow.jsx","export","False"
"reporting_exports","frontend/dashboards/src/components/dashboard/TrendChartCard.jsx","export","False"
"reporting_exports","frontend/dashboards/src/components/dashboard/WidgetDispatcher.jsx","export","False"
"reporting_exports","frontend/dashboards/src/components/dashboard/activities/ActivitiesSnapshotCard.jsx","export","False"
"reporting_exports","frontend/dashboards/src/components/dashboard/activities/EligibilityAlertsPanel.jsx","export","False"
"reporting_exports","frontend/dashboards/src/components/dashboard/activities/EventQueueCard.jsx","export","False"
"reporting_exports","frontend/dashboards/src/components/dashboard/admin/AdminOperationalReadinessCard.jsx","export","False"
"reporting_exports","frontend/dashboards/src/components/dashboard/admin/AdminPriorityPanel.jsx","export","False"
"reporting_exports","frontend/dashboards/src/components/dashboard/admin/AdminSnapshotCard.jsx","export","False"
"reporting_exports","frontend/dashboards/src/components/dashboard/admissions/AdmissionsActivityFeedCard.jsx","export","False"
"reporting_exports","frontend/dashboards/src/components/dashboard/admissions/AdmissionsAlertsPanel.jsx","export","False"
"reporting_exports","frontend/dashboards/src/components/dashboard/admissions/AdmissionsApplicantsSnapshotCard.jsx","export","False"
"reporting_exports","frontend/dashboards/src/components/dashboard/admissions/AdmissionsCalendarCard.jsx","export","False"
"reporting_exports","frontend/dashboards/src/components/dashboard/admissions/AdmissionsCommunicationsCard.jsx","export","False"
"reporting_exports","frontend/dashboards/src/components/dashboard/admissions/AdmissionsPipelinePanel.jsx","export","False"
"reporting_exports","frontend/dashboards/src/components/dashboard/admissions/AdmissionsPrioritiesPanel.jsx","export","False"
"reporting_exports","frontend/dashboards/src/components/dashboard/admissions/AdmissionsReportSnapshotCard.jsx","export, report","False"
"reporting_exports","frontend/dashboards/src/components/dashboard/admissions/AdmissionsSnapshotCard.jsx","export","False"
"reporting_exports","frontend/dashboards/src/components/dashboard/admissions/AdmissionsYieldCard.jsx","export","False"
"reporting_exports","frontend/dashboards/src/components/dashboard/advancement/AdvancementCampaignPanel.jsx","export","False"
"reporting_exports","frontend/dashboards/src/components/dashboard/advancement/AdvancementPipelineCard.jsx","export","False"
"reporting_exports","frontend/dashboards/src/components/dashboard/advancement/AdvancementSnapshotCard.jsx","export","False"
"reporting_exports","frontend/dashboards/src/components/dashboard/advancementops/AdvancementOpsAlertsPanel.jsx","export","False"
"reporting_exports","frontend/dashboards/src/components/dashboard/advancementops/AdvancementOpsQueueCard.jsx","export","False"
"reporting_exports","frontend/dashboards/src/components/dashboard/advancementops/AdvancementOpsSnapshotCard.jsx","export","False"
"reporting_exports","frontend/dashboards/src/components/dashboard/alumni/AlumniAlertsPanel.jsx","export","False"
"reporting_exports","frontend/dashboards/src/components/dashboard/alumni/AlumniQueueCard.jsx","export","False"
"reporting_exports","frontend/dashboards/src/components/dashboard/alumni/AlumniSnapshotCard.jsx","export","False"
"reporting_exports","frontend/dashboards/src/components/dashboard/athleticsdirector/AthleticsDirectorAlertsPanel.jsx","export","False"
"reporting_exports","frontend/dashboards/src/components/dashboard/athleticsdirector/AthleticsDirectorQueueCard.jsx","export","False"
"reporting_exports","frontend/dashboards/src/components/dashboard/athleticsdirector/AthleticsDirectorSnapshotCard.jsx","export","False"
"reporting_exports","frontend/dashboards/src/components/dashboard/attendance/AttendanceActivityFeedCard.jsx","export, report","False"
"reporting_exports","frontend/dashboards/src/components/dashboard/attendance/AttendanceAlertsPanel.jsx","export","False"
"reporting_exports","frontend/dashboards/src/components/dashboard/attendance/AttendanceCalendarCard.jsx","export","False"
"reporting_exports","frontend/dashboards/src/components/dashboard/attendance/AttendanceCommunicationsCard.jsx","export","False"
"reporting_exports","frontend/dashboards/src/components/dashboard/attendance/AttendancePrioritiesPanel.jsx","export","False"
"reporting_exports","frontend/dashboards/src/components/dashboard/attendance/AttendanceReportsCard.jsx","export, report","False"
"reporting_exports","frontend/dashboards/src/components/dashboard/attendance/AttendanceSnapshotCard.jsx","export","False"
"reporting_exports","frontend/dashboards/src/components/dashboard/board/BoardActivityFeedCard.jsx","export, report","False"
"reporting_exports","frontend/dashboards/src/components/dashboard/board/BoardAlertsPanel.jsx","export","False"
"reporting_exports","frontend/dashboards/src/components/dashboard/board/BoardCalendarCard.jsx","export","False"
"reporting_exports","frontend/dashboards/src/components/dashboard/board/BoardCommunicationsCard.jsx","export","False"
"reporting_exports","frontend/dashboards/src/components/dashboard/board/BoardKpiPanel.jsx","export","False"
"reporting_exports","frontend/dashboards/src/components/dashboard/board/BoardPrioritiesPanel.jsx","export, report","False"
"reporting_exports","frontend/dashboards/src/components/dashboard/board/BoardReportSnapshotCard.jsx","export, report","False"
"reporting_exports","frontend/dashboards/src/components/dashboard/board/BoardRiskPanel.jsx","export","False"
"reporting_exports","frontend/dashboards/src/components/dashboard/board/BoardSnapshotCard.jsx","export","False"
"reporting_exports","frontend/dashboards/src/components/dashboard/board/BoardStrategicSnapshotCard.jsx","export, report","False"
"reporting_exports","frontend/dashboards/src/components/dashboard/chaplain/ChaplainAlertsPanel.jsx","export","False"
"reporting_exports","frontend/dashboards/src/components/dashboard/chaplain/ChaplainQueueCard.jsx","export","False"
"reporting_exports","frontend/dashboards/src/components/dashboard/chaplain/ChaplainSnapshotCard.jsx","export","False"
"reporting_exports","frontend/dashboards/src/components/dashboard/communications/CommunicationsAlertsPanel.jsx","export","False"
"reporting_exports","frontend/dashboards/src/components/dashboard/communications/CommunicationsSnapshotCard.jsx","export","False"
"reporting_exports","frontend/dashboards/src/components/dashboard/communications/OutreachQueueCard.jsx","export","False"
"reporting_exports","frontend/dashboards/src/components/dashboard/complianceaudit/ComplianceAuditAlertsPanel.jsx","export","False"
"reporting_exports","frontend/dashboards/src/components/dashboard/complianceaudit/ComplianceAuditQueueCard.jsx","export","False"
"reporting_exports","frontend/dashboards/src/components/dashboard/complianceaudit/ComplianceAuditSnapshotCard.jsx","export","False"
"reporting_exports","frontend/dashboards/src/components/dashboard/curriculumpd/CurriculumPDAlertsPanel.jsx","export","False"
"reporting_exports","frontend/dashboards/src/components/dashboard/curriculumpd/CurriculumPDQueueCard.jsx","export","False"
"reporting_exports","frontend/dashboards/src/components/dashboard/curriculumpd/CurriculumPDSnapshotCard.jsx","export","False"
"reporting_exports","frontend/dashboards/src/components/dashboard/datamigration/DataMigrationAlertsPanel.jsx","export, report","False"
"reporting_exports","frontend/dashboards/src/components/dashboard/datamigration/DataMigrationQueueCard.jsx","export","False"
"reporting_exports","frontend/dashboards/src/components/dashboard/datamigration/DataMigrationSnapshotCard.jsx","export","False"
"reporting_exports","frontend/dashboards/src/components/dashboard/extendedcare/ExtendedCareAlertsPanel.jsx","export","False"
"reporting_exports","frontend/dashboards/src/components/dashboard/extendedcare/ExtendedCareQueueCard.jsx","export","False"
"reporting_exports","frontend/dashboards/src/components/dashboard/extendedcare/ExtendedCareSnapshotCard.jsx","export","False"
"reporting_exports","frontend/dashboards/src/components/dashboard/facilities/FacilitiesAlertsPanel.jsx","export, report","False"
"reporting_exports","frontend/dashboards/src/components/dashboard/facilities/FacilitiesQueueCard.jsx","export","False"
"reporting_exports","frontend/dashboards/src/components/dashboard/facilities/FacilitiesSnapshotCard.jsx","export","False"
"reporting_exports","frontend/dashboards/src/components/dashboard/finearts/FineArtsAlertsPanel.jsx","export","False"
"reporting_exports","frontend/dashboards/src/components/dashboard/finearts/FineArtsQueueCard.jsx","export","False"
"reporting_exports","frontend/dashboards/src/components/dashboard/finearts/FineArtsSnapshotCard.jsx","export","False"
"reporting_exports","frontend/dashboards/src/components/dashboard/foodservice/FoodServiceAlertsPanel.jsx","export","False"
"reporting_exports","frontend/dashboards/src/components/dashboard/foodservice/FoodServiceQueueCard.jsx","export","False"
"reporting_exports","frontend/dashboards/src/components/dashboard/foodservice/FoodServiceSnapshotCard.jsx","export","False"
"reporting_exports","frontend/dashboards/src/components/dashboard/gradebook/GradebookAlertsPanel.jsx","export","False"
"reporting_exports","frontend/dashboards/src/components/dashboard/gradebook/GradebookSnapshotCard.jsx","export","False"
"reporting_exports","frontend/dashboards/src/components/dashboard/gradebook/TeacherPostingQueueCard.jsx","export","False"
"reporting_exports","frontend/dashboards/src/components/dashboard/healthoffice/HealthOfficeAlertsPanel.jsx","export","False"
"reporting_exports","frontend/dashboards/src/components/dashboard/healthoffice/HealthOfficeQueueCard.jsx","export","False"
"reporting_exports","frontend/dashboards/src/components/dashboard/healthoffice/HealthOfficeSnapshotCard.jsx","export","False"
"reporting_exports","frontend/dashboards/src/components/dashboard/hr/HRAlertsPanel.jsx","export","False"
"reporting_exports","frontend/dashboards/src/components/dashboard/hr/HRSnapshotCard.jsx","export","False"
"reporting_exports","frontend/dashboards/src/components/dashboard/hr/HRWorkQueueCard.jsx","export","False"
"reporting_exports","frontend/dashboards/src/components/dashboard/implementationsuccess/ImplementationSuccessAlertsPanel.jsx","export","False"
"reporting_exports","frontend/dashboards/src/components/dashboard/implementationsuccess/ImplementationSuccessQueueCard.jsx","export","False"
"reporting_exports","frontend/dashboards/src/components/dashboard/implementationsuccess/ImplementationSuccessSnapshotCard.jsx","export","False"
"reporting_exports","frontend/dashboards/src/components/dashboard/integrationsautomation/IntegrationsAutomationAlertsPanel.jsx","export","False"
"reporting_exports","frontend/dashboards/src/components/dashboard/integrationsautomation/IntegrationsAutomationQueueCard.jsx","export, report","False"
"reporting_exports","frontend/dashboards/src/components/dashboard/integrationsautomation/IntegrationsAutomationSnapshotCard.jsx","export","False"
"reporting_exports","frontend/dashboards/src/components/dashboard/itsupport/ITSupportAlertsPanel.jsx","export","False"
"reporting_exports","frontend/dashboards/src/components/dashboard/itsupport/ITSupportQueueCard.jsx","export","False"
"reporting_exports","frontend/dashboards/src/components/dashboard/itsupport/ITSupportSnapshotCard.jsx","export","False"
"reporting_exports","frontend/dashboards/src/components/dashboard/librarymedia/LibraryMediaAlertsPanel.jsx","export","False"
"reporting_exports","frontend/dashboards/src/components/dashboard/librarymedia/LibraryMediaQueueCard.jsx","export","False"
"reporting_exports","frontend/dashboards/src/components/dashboard/librarymedia/LibraryMediaSnapshotCard.jsx","export","False"
"reporting_exports","frontend/dashboards/src/components/dashboard/master/MasterControlActivityFeedCard.jsx","export","False"
"reporting_exports","frontend/dashboards/src/components/dashboard/master/MasterControlAlertsPanel.jsx","export","False"
"reporting_exports","frontend/dashboards/src/components/dashboard/master/MasterControlAtAGlanceCard.jsx","export","False"
"reporting_exports","frontend/dashboards/src/components/dashboard/master/MasterControlCalendarCard.jsx","export","False"
"reporting_exports","frontend/dashboards/src/components/dashboard/master/MasterControlCommunicationsCard.jsx","export","False"
"reporting_exports","frontend/dashboards/src/components/dashboard/master/MasterControlNoticesCard.jsx","export","False"
"reporting_exports","frontend/dashboards/src/components/dashboard/master/MasterControlPortfolioSnapshotCard.jsx","export","False"
"reporting_exports","frontend/dashboards/src/components/dashboard/master/MasterControlPrioritiesPanel.jsx","export","False"
"reporting_exports","frontend/dashboards/src/components/dashboard/master/MasterControlReportsCard.jsx","export, report","False"
"reporting_exports","frontend/dashboards/src/components/dashboard/mastercontrol/MasterControlAlertsPanel.jsx","export, report","False"
"reporting_exports","frontend/dashboards/src/components/dashboard/mastercontrol/MasterControlSnapshotCard.jsx","export","False"
"reporting_exports","frontend/dashboards/src/components/dashboard/mastercontrol/PortfolioHealthPanel.jsx","export","False"
"reporting_exports","frontend/dashboards/src/components/dashboard/networkbenchmarking/NetworkBenchmarkAlertsPanel.jsx","export","False"
"reporting_exports","frontend/dashboards/src/components/dashboard/networkbenchmarking/NetworkBenchmarkQueueCard.jsx","export","False"
"reporting_exports","frontend/dashboards/src/components/dashboard/networkbenchmarking/NetworkBenchmarkSnapshotCard.jsx","export","False"
"reporting_exports","frontend/dashboards/src/components/dashboard/parent/ParentActivityFeedCard.jsx","export","False"
"reporting_exports","frontend/dashboards/src/components/dashboard/parent/ParentAlertsPanel.jsx","export","False"
"reporting_exports","frontend/dashboards/src/components/dashboard/parent/ParentAtAGlanceCard.jsx","export","False"
"reporting_exports","frontend/dashboards/src/components/dashboard/parent/ParentCalendarCard.jsx","export","False"
"reporting_exports","frontend/dashboards/src/components/dashboard/parent/ParentChildrenSnapshotCard.jsx","export","False"
"reporting_exports","frontend/dashboards/src/components/dashboard/parent/ParentMessagesCard.jsx","export","False"
"reporting_exports","frontend/dashboards/src/components/dashboard/parent/ParentPrioritiesPanel.jsx","export","False"
"reporting_exports","frontend/dashboards/src/components/dashboard/parent/ParentReportsCard.jsx","export, report","False"
"reporting_exports","frontend/dashboards/src/components/dashboard/portraitservice/PortraitServiceAlertsPanel.jsx","export","False"
"reporting_exports","frontend/dashboards/src/components/dashboard/portraitservice/PortraitServiceQueueCard.jsx","export, report","False"
"reporting_exports","frontend/dashboards/src/components/dashboard/portraitservice/PortraitServiceSnapshotCard.jsx","export","False"
"reporting_exports","frontend/dashboards/src/components/dashboard/releasereliability/ReleaseReliabilityAlertsPanel.jsx","export","False"
"reporting_exports","frontend/dashboards/src/components/dashboard/releasereliability/ReleaseReliabilityQueueCard.jsx","export","False"
"reporting_exports","frontend/dashboards/src/components/dashboard/releasereliability/ReleaseReliabilitySnapshotCard.jsx","export","False"
"reporting_exports","frontend/dashboards/src/components/dashboard/revenueops/RevenueOpsAlertsPanel.jsx","export","False"
"reporting_exports","frontend/dashboards/src/components/dashboard/revenueops/RevenueOpsQueueCard.jsx","export","False"
"reporting_exports","frontend/dashboards/src/components/dashboard/revenueops/RevenueOpsSnapshotCard.jsx","export","False"
"reporting_exports","frontend/dashboards/src/components/dashboard/safetysecurity/SafetySecurityAlertsPanel.jsx","export","False"
"reporting_exports","frontend/dashboards/src/components/dashboard/safetysecurity/SafetySecurityQueueCard.jsx","export, report","False"
"reporting_exports","frontend/dashboards/src/components/dashboard/safetysecurity/SafetySecuritySnapshotCard.jsx","export","False"
"reporting_exports","frontend/dashboards/src/components/dashboard/scheduling/SchedulingConflictsPanel.jsx","export","False"
"reporting_exports","frontend/dashboards/src/components/dashboard/scheduling/SchedulingSnapshotCard.jsx","export","False"
"reporting_exports","frontend/dashboards/src/components/dashboard/scheduling/SchedulingWorkQueueCard.jsx","export","False"
"reporting_exports","frontend/dashboards/src/components/dashboard/shared/AlertListCard.jsx","export","False"
"reporting_exports","frontend/dashboards/src/components/dashboard/shared/DashboardErrorState.jsx","export","False"
"reporting_exports","frontend/dashboards/src/components/dashboard/shared/DashboardLoadingState.jsx","export","False"
"reporting_exports","frontend/dashboards/src/components/dashboard/shared/DataStatusBanner.jsx","export","False"
"reporting_exports","frontend/dashboards/src/components/dashboard/shared/MetricSummaryGrid.jsx","export","False"
"reporting_exports","frontend/dashboards/src/components/dashboard/shared/TextListCard.jsx","export","False"
"reporting_exports","frontend/dashboards/src/components/dashboard/student/StudentActivityFeedCard.jsx","export","False"
"reporting_exports","frontend/dashboards/src/components/dashboard/student/StudentAlertsPanel.jsx","export","False"
"reporting_exports","frontend/dashboards/src/components/dashboard/student/StudentAtAGlanceCard.jsx","export","False"
"reporting_exports","frontend/dashboards/src/components/dashboard/student/StudentCourseSnapshotCard.jsx","export","False"
"reporting_exports","frontend/dashboards/src/components/dashboard/student/StudentMessagesCard.jsx","export","False"
"reporting_exports","frontend/dashboards/src/components/dashboard/student/StudentPrioritiesPanel.jsx","export","False"
"reporting_exports","frontend/dashboards/src/components/dashboard/student/StudentScheduleCard.jsx","export","False"
"reporting_exports","frontend/dashboards/src/components/dashboard/student/StudentShortcutsCard.jsx","export","False"
"reporting_exports","frontend/dashboards/src/components/dashboard/studentcare/InterventionQueueCard.jsx","export","False"
"reporting_exports","frontend/dashboards/src/components/dashboard/studentcare/StudentCareAlertsPanel.jsx","export","False"
"reporting_exports","frontend/dashboards/src/components/dashboard/studentcare/StudentCareSnapshotCard.jsx","export","False"
"reporting_exports","frontend/dashboards/src/components/dashboard/studentlife/StudentLifeActivityFeedCard.jsx","export","False"
"reporting_exports","frontend/dashboards/src/components/dashboard/studentlife/StudentLifeAlertsPanel.jsx","export","False"
"reporting_exports","frontend/dashboards/src/components/dashboard/studentlife/StudentLifeCalendarCard.jsx","export","False"
"reporting_exports","frontend/dashboards/src/components/dashboard/studentlife/StudentLifeCommunicationsCard.jsx","export","False"
"reporting_exports","frontend/dashboards/src/components/dashboard/studentlife/StudentLifePrioritiesPanel.jsx","export","False"
"reporting_exports","frontend/dashboards/src/components/dashboard/studentlife/StudentLifeReportsCard.jsx","export, report","False"
"reporting_exports","frontend/dashboards/src/components/dashboard/studentlife/StudentLifeSnapshotCard.jsx","export","False"
"reporting_exports","frontend/dashboards/src/components/dashboard/teacher/TeacherActivityFeedCard.jsx","export","False"
"reporting_exports","frontend/dashboards/src/components/dashboard/teacher/TeacherAlertsPanel.jsx","export","False"
"reporting_exports","frontend/dashboards/src/components/dashboard/teacher/TeacherAtAGlanceCard.jsx","export","False"
"reporting_exports","frontend/dashboards/src/components/dashboard/teacher/TeacherClassSnapshotCard.jsx","export","False"
"reporting_exports","frontend/dashboards/src/components/dashboard/teacher/TeacherMessagesCard.jsx","export","False"
"reporting_exports","frontend/dashboards/src/components/dashboard/teacher/TeacherPrioritiesPanel.jsx","export","False"
"reporting_exports","frontend/dashboards/src/components/dashboard/teacher/TeacherScheduleCard.jsx","export","False"
"reporting_exports","frontend/dashboards/src/components/dashboard/teacher/TeacherShortcutsCard.jsx","export","False"
"reporting_exports","frontend/dashboards/src/components/dashboard/transportation/TransportationAlertsPanel.jsx","export","False"
"reporting_exports","frontend/dashboards/src/components/dashboard/transportation/TransportationQueueCard.jsx","export","False"
"reporting_exports","frontend/dashboards/src/components/dashboard/transportation/TransportationSnapshotCard.jsx","export","False"
"reporting_exports","frontend/dashboards/src/components/dashboard/volunteermanagement/VolunteerAlertsPanel.jsx","export","False"
"reporting_exports","frontend/dashboards/src/components/dashboard/volunteermanagement/VolunteerQueueCard.jsx","export","False"
"reporting_exports","frontend/dashboards/src/components/dashboard/volunteermanagement/VolunteerSnapshotCard.jsx","export","False"
"reporting_exports","frontend/dashboards/src/components/data/CrownDataTable.jsx","export","False"
"reporting_exports","frontend/dashboards/src/components/data/CrownTableToolbar.jsx","export","False"
"reporting_exports","frontend/dashboards/src/components/enrollment/EnrollmentPaymentPlanSection.jsx","export","False"
"reporting_exports","frontend/dashboards/src/components/layout/DashboardSection.jsx","export","False"
"reporting_exports","frontend/dashboards/src/components/layout/DashboardShell.jsx","export","False"
"reporting_exports","frontend/dashboards/src/components/layout/GhostModeBanner.jsx","export","False"
"reporting_exports","frontend/dashboards/src/components/layout/LeftSidebar.jsx","export","False"
"reporting_exports","frontend/dashboards/src/components/layout/RightRail.jsx","export","False"
"reporting_exports","frontend/dashboards/src/components/layout/TopHeader.jsx","export","False"
"reporting_exports","frontend/dashboards/src/components/navigation/CrownSidebar.jsx","export","False"
"reporting_exports","frontend/dashboards/src/components/navigation/dashboardNavConfig.js","export, report","False"
"reporting_exports","frontend/dashboards/src/components/navigation/navItems.js","export, report","False"
"reporting_exports","frontend/dashboards/src/components/routing/ReleaseStateRoute.jsx","export","False"
"reporting_exports","frontend/dashboards/src/components/routing/RoleRouteGuard.jsx","export","False"
"reporting_exports","frontend/dashboards/src/components/shell/DashboardHeader.jsx","export","False"
"reporting_exports","frontend/dashboards/src/components/states/PageState.jsx","export","False"
"reporting_exports","frontend/dashboards/src/components/states/WidgetState.jsx","export","False"
"reporting_exports","frontend/dashboards/src/components/student360/GraduationBreakdownDrawer.jsx","export, csv, download","False"
"reporting_exports","frontend/dashboards/src/components/system/AppErrorBoundary.jsx","export","False"
"reporting_exports","frontend/dashboards/src/components/system/BuildInfoPanel.jsx","export","False"
"reporting_exports","frontend/dashboards/src/components/system/DemoReadinessCard.jsx","export","False"
"reporting_exports","frontend/dashboards/src/components/system/StartupGuard.jsx","export","False"
"reporting_exports","frontend/dashboards/src/components/system/TopStatusStrip.jsx","export","False"
"reporting_exports","frontend/dashboards/src/components/ui/EmptyState.jsx","export","False"
"reporting_exports","frontend/dashboards/src/components/ui/ErrorBanner.jsx","export","False"
"reporting_exports","frontend/dashboards/src/components/wizard/CrownWizardStepper.jsx","export","False"
"reporting_exports","frontend/dashboards/src/components/wizards/WizardFields.jsx","export","False"
"reporting_exports","frontend/dashboards/src/components/wizards/WizardShell.jsx","export","False"
"reporting_exports","frontend/dashboards/src/config/adminNavConfig.js","export, csv, report","False"
"reporting_exports","frontend/dashboards/src/config/apiContracts.js","export","False"
"reporting_exports","frontend/dashboards/src/config/dashboardCertificationRegistry.js","export","False"
"reporting_exports","frontend/dashboards/src/config/dashboardDataRegistry.js","export","False"
"reporting_exports","frontend/dashboards/src/config/dashboardRegistry.js","export","False"
"reporting_exports","frontend/dashboards/src/config/demoReadinessChecks.js","export","False"
"reporting_exports","frontend/dashboards/src/config/moduleReadiness.js","export","False"
"reporting_exports","frontend/dashboards/src/config/navigationSurface.js","export","False"
"reporting_exports","frontend/dashboards/src/config/releaseChecklist.js","export","False"
"reporting_exports","frontend/dashboards/src/config/releaseState.js","export","False"
"reporting_exports","frontend/dashboards/src/config/shellCertification.js","export","False"
"reporting_exports","frontend/dashboards/src/config/shellOwnership.js","export","False"
"reporting_exports","frontend/dashboards/src/config/validateDashboardRegistry.js","export","False"
"reporting_exports","frontend/dashboards/src/contracts/shellBackendContract.js","export","False"
"reporting_exports","frontend/dashboards/src/data/headOfSchoolMockData.js","export","False"
"reporting_exports","frontend/dashboards/src/entitlements/EntitlementGate.tsx","export","False"
"reporting_exports","frontend/dashboards/src/entitlements/entitlements.ts","export, report","False"
"reporting_exports","frontend/dashboards/src/entitlements/useEntitlements.ts","export","False"
"reporting_exports","frontend/dashboards/src/features/academics/AcademicsOperationsWorkspace.jsx","export, report","False"
"reporting_exports","frontend/dashboards/src/features/aid/api/aid.ts","export","False"
"reporting_exports","frontend/dashboards/src/features/aid/components/AidMetricCard.tsx","export","False"
"reporting_exports","frontend/dashboards/src/features/aid/components/AidTimeline.tsx","export","False"
"reporting_exports","frontend/dashboards/src/features/aid/components/AwardSummaryCard.tsx","export","False"
"reporting_exports","frontend/dashboards/src/features/aid/components/BucketRuleEditor.tsx","export","False"
"reporting_exports","frontend/dashboards/src/features/aid/components/RenewalStatusPanel.tsx","export","False"
"reporting_exports","frontend/dashboards/src/features/aid/components/VerificationUploadPanel.tsx","export","False"
"reporting_exports","frontend/dashboards/src/features/aid/pages/AidBucketAdminPage.tsx","export","False"
"reporting_exports","frontend/dashboards/src/features/aid/pages/AidMetricsDashboardPage.tsx","export","False"
"reporting_exports","frontend/dashboards/src/features/aid/pages/AidRenewalPage.tsx","export","False"
"reporting_exports","frontend/dashboards/src/features/aid/pages/ParentAidStatusPage.tsx","export","False"
"reporting_exports","frontend/dashboards/src/features/attendance/api/attendance.ts","export, csv, report, download","False"
"reporting_exports","frontend/dashboards/src/features/attendance/components/AttendanceMetricCard.tsx","export","False"
"reporting_exports","frontend/dashboards/src/features/attendance/components/AttendanceNotificationTimeline.tsx","export","False"
"reporting_exports","frontend/dashboards/src/features/attendance/components/AttendanceReportRunList.tsx","export, report, download","False"
"reporting_exports","frontend/dashboards/src/features/attendance/components/ExcuseDocumentUploadPanel.tsx","export","False"
"reporting_exports","frontend/dashboards/src/features/attendance/components/ExcuseSubmissionCard.tsx","export","False"
"reporting_exports","frontend/dashboards/src/features/attendance/components/ParentAttendanceNotificationCard.tsx","export","False"
"reporting_exports","frontend/dashboards/src/features/attendance/components/ThresholdAlertList.tsx","export","False"
"reporting_exports","frontend/dashboards/src/features/attendance/pages/AttendanceAlertsPage.tsx","export","False"
"reporting_exports","frontend/dashboards/src/features/attendance/pages/AttendanceMetricsDashboardPage.tsx","export","False"
"reporting_exports","frontend/dashboards/src/features/attendance/pages/AttendanceReportsPage.tsx","export, report","False"
"reporting_exports","frontend/dashboards/src/features/attendance/pages/AttendanceReviewQueuePage.tsx","export","False"
"reporting_exports","frontend/dashboards/src/features/attendance/pages/ParentAttendanceExcusePage.tsx","export","False"
"reporting_exports","frontend/dashboards/src/features/billing/api/billing.ts","export, csv, download","False"
"reporting_exports","frontend/dashboards/src/features/billing/components/AutoPayEnrollmentPanel.tsx","export","False"
"reporting_exports","frontend/dashboards/src/features/billing/components/BalanceSummaryCard.tsx","export","False"
"reporting_exports","frontend/dashboards/src/features/billing/components/InvoiceList.tsx","export","False"
"reporting_exports","frontend/dashboards/src/features/billing/components/LateFeeNoticeList.tsx","export","False"
"reporting_exports","frontend/dashboards/src/features/billing/components/PaymentHistoryList.tsx","export","False"
"reporting_exports","frontend/dashboards/src/features/billing/components/ReceiptList.tsx","export, download","False"
"reporting_exports","frontend/dashboards/src/features/billing/components/RolloverPreviewPanel.tsx","export","False"
"reporting_exports","frontend/dashboards/src/features/billing/pages/AnnualBillingRolloverPage.tsx","export","False"
"reporting_exports","frontend/dashboards/src/features/billing/pages/BillingMetricsDashboardPage.tsx","export","False"
"reporting_exports","frontend/dashboards/src/features/billing/pages/ParentFinancialViewPage.tsx","export, download","False"
"reporting_exports","frontend/dashboards/src/features/billing/pages/TaxDocumentsPage.tsx","export, download","False"
"reporting_exports","frontend/dashboards/src/features/discipline/api/discipline.ts","export, report, download","False"
"reporting_exports","frontend/dashboards/src/features/discipline/components/DisciplineMetricCard.tsx","export","False"
"reporting_exports","frontend/dashboards/src/features/discipline/components/DisciplineReportRunList.tsx","export, report, download","False"
"reporting_exports","frontend/dashboards/src/features/discipline/components/EscalationRuleBuilder.tsx","export","False"
"reporting_exports","frontend/dashboards/src/features/discipline/components/FERPAAccessAuditList.tsx","export","False"
"reporting_exports","frontend/dashboards/src/features/discipline/components/NotificationQueueList.tsx","export","False"
"reporting_exports","frontend/dashboards/src/features/discipline/components/PolicyPreviewPanel.tsx","export","False"
"reporting_exports","frontend/dashboards/src/features/discipline/pages/DisciplineDashboardPage.tsx","export, report","False"
"reporting_exports","frontend/dashboards/src/features/discipline/pages/DisciplineEscalationWizardPage.tsx","export","False"
"reporting_exports","frontend/dashboards/src/features/discipline/pages/DisciplineRecordDetailPage.tsx","export","False"
"reporting_exports","frontend/dashboards/src/features/discipline/pages/DisciplineReportsPage.tsx","export, report","False"
"reporting_exports","frontend/dashboards/src/features/discipline/pages/DisciplineReviewQueuePage.tsx","export","False"
"reporting_exports","frontend/dashboards/src/features/documents/api/m365Documents.ts","export, report","False"
"reporting_exports","frontend/dashboards/src/features/documents/pages/DocumentCenterPage.tsx","export, report","False"
"reporting_exports","frontend/dashboards/src/features/documents/pages/DocumentPacketDetailPage.tsx","export","False"
"reporting_exports","frontend/dashboards/src/features/documents/pages/DocumentReportsPage.tsx","export, report","False"
"reporting_exports","frontend/dashboards/src/features/documents/pages/DocumentReviewQueuePage.tsx","export","False"
"reporting_exports","frontend/dashboards/src/features/governance/api/governance.ts","export","False"
"reporting_exports","frontend/dashboards/src/features/governance/pages/BoardMemberDashboardPage.jsx","export, download","False"
"reporting_exports","frontend/dashboards/src/features/governance/pages/BoardPacksPage.jsx","export, download","False"
"reporting_exports","frontend/dashboards/src/features/governance/pages/GovernanceDashboardPage.jsx","export","False"
"reporting_exports","frontend/dashboards/src/features/m365/pages/Microsoft365WorkspacePage.tsx","export, report","False"
"reporting_exports","frontend/dashboards/src/hooks/useAdminSectionData.js","export","False"
"reporting_exports","frontend/dashboards/src/hooks/useAdmissionsDashboardData.js","export, download","False"
"reporting_exports","frontend/dashboards/src/hooks/useApiAction.js","export","False"
"reporting_exports","frontend/dashboards/src/hooks/useAsyncPageData.js","export","False"
"reporting_exports","frontend/dashboards/src/hooks/useAuth.js","export","False"
"reporting_exports","frontend/dashboards/src/hooks/useBoardExecutiveData.js","export","False"
"reporting_exports","frontend/dashboards/src/hooks/useCompuwerxCheckout.js","export","False"
"reporting_exports","frontend/dashboards/src/hooks/useCurrentUserRole.js","export","False"
"reporting_exports","frontend/dashboards/src/hooks/useDashboardData.js","export","False"
"reporting_exports","frontend/dashboards/src/hooks/useDashboardHome.js","export","False"
"reporting_exports","frontend/dashboards/src/hooks/useDashboardPermissions.js","export","False"
"reporting_exports","frontend/dashboards/src/hooks/useFinanceDashboardData.js","export","False"
"reporting_exports","frontend/dashboards/src/hooks/useGhostMode.js","export","False"
"reporting_exports","frontend/dashboards/src/hooks/useHeadOfSchoolDashboard.js","export","False"
"reporting_exports","frontend/dashboards/src/hooks/usePermissions.js","export","False"
"reporting_exports","frontend/dashboards/src/hooks/usePersistentTableState.js","export","False"
"reporting_exports","frontend/dashboards/src/hooks/useUrlQueryState.js","export","False"
"reporting_exports","frontend/dashboards/src/hooks/useWizardDraft.js","export","False"
"reporting_exports","frontend/dashboards/src/lib/academicsApi.js","export","False"
"reporting_exports","frontend/dashboards/src/lib/academicsReleaseApi.js","export, report","False"
"reporting_exports","frontend/dashboards/src/lib/api.js","export","False"
"reporting_exports","frontend/dashboards/src/lib/authGuard.js","export","False"
"reporting_exports","frontend/dashboards/src/lib/http.js","export","False"
"reporting_exports","frontend/dashboards/src/lib/export/csv.js","export, csv, download","False"
"reporting_exports","frontend/dashboards/src/lib/ui/gradeVisuals.js","export","False"
"reporting_exports","frontend/dashboards/src/lib/ui/stickyTable.js","export","False"
"reporting_exports","frontend/dashboards/src/modules/advancement/AdvancementDashboard.jsx","export","False"
"reporting_exports","frontend/dashboards/src/modules/advancement/BestAvailableCheckout.jsx","export","False"
"reporting_exports","frontend/dashboards/src/modules/advancement/DonorsPage.jsx","export","False"
"reporting_exports","frontend/dashboards/src/modules/advancement/EventsPage.jsx","export","False"
"reporting_exports","frontend/dashboards/src/modules/advancement/GivePage.jsx","export","False"
"reporting_exports","frontend/dashboards/src/modules/advancement/MovesPipelinePage.jsx","export","False"
"reporting_exports","frontend/dashboards/src/modules/advancement/SeatingAdminPage.jsx","export","False"
"reporting_exports","frontend/dashboards/src/modules/advancement/SeatSelectionPage.jsx","export","False"
"reporting_exports","frontend/dashboards/src/modules/advancement/SponsorshipsPage.jsx","export","False"
"reporting_exports","frontend/dashboards/src/modules/advancement/StorePage.jsx","export","False"
"reporting_exports","frontend/dashboards/src/modules/advancement/TicketCheckInPage.jsx","export","False"
"reporting_exports","frontend/dashboards/src/modules/advancement/TicketsPage.jsx","export","False"
"reporting_exports","frontend/dashboards/src/modules/advancement/TicketSuccessPage.jsx","export","False"
"reporting_exports","frontend/dashboards/src/modules/imports/importsApi.js","export","False"
"reporting_exports","frontend/dashboards/src/modules/imports/ImportWizard.jsx","export, csv","False"
"reporting_exports","frontend/dashboards/src/modules/imports/index.js","export","False"
"reporting_exports","frontend/dashboards/src/modules/portrait/index.js","export","False"
"reporting_exports","frontend/dashboards/src/modules/portrait/PoGApplicationSummary.jsx","export","False"
"reporting_exports","frontend/dashboards/src/modules/portrait/PoGConfigWizard.jsx","export","False"
"reporting_exports","frontend/dashboards/src/modules/portrait/PoGScoreDisplay.jsx","export","False"
"reporting_exports","frontend/dashboards/src/modules/portrait/PoGScoringPanel.jsx","export","False"
"reporting_exports","frontend/dashboards/src/modules/portrait/portraitApi.js","export","False"
"reporting_exports","frontend/dashboards/src/pages/AcademicsDashboard.jsx","export","False"
"reporting_exports","frontend/dashboards/src/pages/AcademicsParentSnapshot.jsx","export","False"
"reporting_exports","frontend/dashboards/src/pages/AcademicsStudentWork.jsx","export","False"
"reporting_exports","frontend/dashboards/src/pages/AcademicsTeacherGrading.jsx","export","False"
"reporting_exports","frontend/dashboards/src/pages/AcademicSupportDashboard.jsx","export","False"
"reporting_exports","frontend/dashboards/src/pages/AcademicYearWizard.jsx","export","False"
"reporting_exports","frontend/dashboards/src/pages/ActivitiesAthleticsDashboard.jsx","export","False"
"reporting_exports","frontend/dashboards/src/pages/AdminDashboard.jsx","export, report","False"
"reporting_exports","frontend/dashboards/src/pages/AdmissionsDashboard.jsx","export, download","False"
"reporting_exports","frontend/dashboards/src/pages/AdmissionsIntakeWizard.jsx","export, csv","False"
"reporting_exports","frontend/dashboards/src/pages/AdmissionsPipelineList.jsx","export, csv, download","False"
"reporting_exports","frontend/dashboards/src/pages/AdvancementDashboard.jsx","export","False"
"reporting_exports","frontend/dashboards/src/pages/AdvancementOperationsDashboard.jsx","export","False"
"reporting_exports","frontend/dashboards/src/pages/AftercareRosterPage.jsx","export","False"
"reporting_exports","frontend/dashboards/src/pages/AlumniRelationsDashboard.jsx","export","False"
"reporting_exports","frontend/dashboards/src/pages/AthleticsDashboard.jsx","export","False"
"reporting_exports","frontend/dashboards/src/pages/AthleticsDirectorDashboard.jsx","export","False"
"reporting_exports","frontend/dashboards/src/pages/AttendanceDashboard.jsx","export","False"
"reporting_exports","frontend/dashboards/src/pages/AttendanceRulesWizard.jsx","export","False"
"reporting_exports","frontend/dashboards/src/pages/BellScheduleWizard.jsx","export","False"
"reporting_exports","frontend/dashboards/src/pages/BillingDashboard.jsx","export, csv, download","False"
"reporting_exports","frontend/dashboards/src/pages/BillingWizard.jsx","export","False"
"reporting_exports","frontend/dashboards/src/pages/BoardDashboard.jsx","export, report, download","False"
"reporting_exports","frontend/dashboards/src/pages/BoardExecutiveDashboard.jsx","export, report","False"
"reporting_exports","frontend/dashboards/src/pages/CategoryWeightsEditor.jsx","export","False"
"reporting_exports","frontend/dashboards/src/pages/ChaplainSpiritualLifeDashboard.jsx","export","False"
"reporting_exports","frontend/dashboards/src/pages/ClassroomsDashboard.jsx","export","False"
"reporting_exports","frontend/dashboards/src/pages/CommsComposePage.jsx","export","False"
"reporting_exports","frontend/dashboards/src/pages/CommsInboxPage.jsx","export","False"
"reporting_exports","frontend/dashboards/src/pages/CommsThreadPage.jsx","export","False"
"reporting_exports","frontend/dashboards/src/pages/CommsWizard.jsx","export","False"
"reporting_exports","frontend/dashboards/src/pages/CommunicationsDashboard.jsx","export","False"
"reporting_exports","frontend/dashboards/src/pages/CommunicationsDirectorDashboard.jsx","export","False"
"reporting_exports","frontend/dashboards/src/pages/CommunicationsThreadsList.jsx","export, csv, download","False"
"reporting_exports","frontend/dashboards/src/pages/ComplianceAuditDashboard.jsx","export","False"
"reporting_exports","frontend/dashboards/src/pages/CompuwerxBankReconciliation.jsx","export, csv","False"
"reporting_exports","frontend/dashboards/src/pages/CompuwerxDisputesDashboard.jsx","export","False"
"reporting_exports","frontend/dashboards/src/pages/CompuwerxDisputeWorkbench.jsx","export","False"
"reporting_exports","frontend/dashboards/src/pages/CompuwerxPayoutReconciliation.jsx","export","False"
"reporting_exports","frontend/dashboards/src/pages/CompuwerxTestCheckout.jsx","export","False"
"reporting_exports","frontend/dashboards/src/pages/CounselingDashboard.jsx","export","False"
"reporting_exports","frontend/dashboards/src/pages/CourseCatalogWizard.jsx","export","False"
"reporting_exports","frontend/dashboards/src/pages/CrownSolomonAdminPage.jsx","export","False"
"reporting_exports","frontend/dashboards/src/pages/CrownSolomonArticlePage.jsx","export","False"
"reporting_exports","frontend/dashboards/src/pages/CrownSolomonHub.jsx","export","False"
"reporting_exports","frontend/dashboards/src/pages/CurriculumPDDashboard.jsx","export","False"
"reporting_exports","frontend/dashboards/src/pages/DashboardCertificationCenter.jsx","export","False"
"reporting_exports","frontend/dashboards/src/pages/DataMigrationDashboard.jsx","export","False"
"reporting_exports","frontend/dashboards/src/pages/DemoReadinessPage.jsx","export, report","False"
"reporting_exports","frontend/dashboards/src/pages/DisciplinePage.jsx","export","False"
"reporting_exports","frontend/dashboards/src/pages/EnrollmentConversionWizard.jsx","export","False"
"reporting_exports","frontend/dashboards/src/pages/EnrollmentPeriodWizard.jsx","export","False"
"reporting_exports","frontend/dashboards/src/pages/ExtendedCareDashboard.jsx","export","False"
"reporting_exports","frontend/dashboards/src/pages/FacilitiesDashboard.jsx","export","False"
"reporting_exports","frontend/dashboards/src/pages/FamilyAccountDetail.jsx","export","False"
"reporting_exports","frontend/dashboards/src/pages/FamilyStatementExportPage.jsx","export, csv, download","False"
"reporting_exports","frontend/dashboards/src/pages/FeeScheduleWizard.jsx","export","False"
"reporting_exports","frontend/dashboards/src/pages/FinanceDashboard.jsx","export","False"
"reporting_exports","frontend/dashboards/src/pages/FinanceInvoicesList.jsx","export, csv, download","False"
"reporting_exports","frontend/dashboards/src/pages/FinancialAidDashboard.jsx","export, download","False"
"reporting_exports","frontend/dashboards/src/pages/FinancialAidWizard.jsx","export","False"
"reporting_exports","frontend/dashboards/src/pages/FineArtsDashboard.jsx","export","False"
"reporting_exports","frontend/dashboards/src/pages/FoodDashboard.jsx","export","False"
"reporting_exports","frontend/dashboards/src/pages/FoodServiceDashboard.jsx","export","False"
"reporting_exports","frontend/dashboards/src/pages/ForbiddenPage.jsx","export","False"
"reporting_exports","frontend/dashboards/src/pages/GradebookDashboard.jsx","export","False"
"reporting_exports","frontend/dashboards/src/pages/GradebookRO.jsx","export, csv, download","False"
"reporting_exports","frontend/dashboards/src/pages/GradebookSetupWizard.jsx","export","False"
"reporting_exports","frontend/dashboards/src/pages/GradeScaleWizard.jsx","export, report","False"
"reporting_exports","frontend/dashboards/src/pages/HeadOfSchoolDashboard.jsx","export","False"
"reporting_exports","frontend/dashboards/src/pages/HealthDashboard.jsx","export, report","False"
"reporting_exports","frontend/dashboards/src/pages/HealthOfficeDashboard.jsx","export","False"
"reporting_exports","frontend/dashboards/src/pages/HomeDashboard.jsx","export","False"
"reporting_exports","frontend/dashboards/src/pages/HRDashboard.jsx","export","False"
"reporting_exports","frontend/dashboards/src/pages/HumanResources.jsx","export","False"
"reporting_exports","frontend/dashboards/src/pages/ImplementationSuccessDashboard.jsx","export","False"
"reporting_exports","frontend/dashboards/src/pages/IntegrationsAutomationDashboard.jsx","export","False"
"reporting_exports","frontend/dashboards/src/pages/IntegrityDashboard.jsx","export","False"
"reporting_exports","frontend/dashboards/src/pages/InvoiceRunWizard.jsx","export","False"
"reporting_exports","frontend/dashboards/src/pages/ITDashboard.jsx","export","False"
"reporting_exports","frontend/dashboards/src/pages/ITSupportDashboard.jsx","export","False"
"reporting_exports","frontend/dashboards/src/pages/LibraryDashboard.jsx","export","False"
"reporting_exports","frontend/dashboards/src/pages/LibraryMediaDashboard.jsx","export","False"
"reporting_exports","frontend/dashboards/src/pages/Login.jsx","export","False"
"reporting_exports","frontend/dashboards/src/pages/LoginPage.jsx","export","False"
"reporting_exports","frontend/dashboards/src/pages/MarketingDashboard.jsx","export","False"
"reporting_exports","frontend/dashboards/src/pages/MasterControlDashboard.jsx","export","False"
"reporting_exports","frontend/dashboards/src/pages/NetworkBenchmarkingDashboard.jsx","export","False"
"reporting_exports","frontend/dashboards/src/pages/NotAuthorized.jsx","export","False"
"reporting_exports","frontend/dashboards/src/pages/NotFoundPage.jsx","export","False"
"reporting_exports","frontend/dashboards/src/pages/OfficeDashboard.jsx","export","False"
"reporting_exports","frontend/dashboards/src/pages/ParentAttendancePage.jsx","export","False"
"reporting_exports","frontend/dashboards/src/pages/ParentDashboard.jsx","export, report","False"
"reporting_exports","frontend/dashboards/src/pages/ParentStudent360Page.jsx","export, csv","False"
"reporting_exports","frontend/dashboards/src/pages/PaymentExceptionsQueue.jsx","export","False"
"reporting_exports","frontend/dashboards/src/pages/PDDashboard.jsx","export, report","False"
"reporting_exports","frontend/dashboards/src/pages/PortraitServiceHoursDashboard.jsx","export","False"
"reporting_exports","frontend/dashboards/src/pages/PromotionWizard.jsx","export","False"
"reporting_exports","frontend/dashboards/src/pages/ReenrollmentWizard.jsx","export","False"
"reporting_exports","frontend/dashboards/src/pages/RegistrarDashboard.jsx","export","False"
"reporting_exports","frontend/dashboards/src/pages/ReleaseReadinessPage.jsx","export","False"
"reporting_exports","frontend/dashboards/src/pages/ReleaseReliabilityDashboard.jsx","export","False"
"reporting_exports","frontend/dashboards/src/pages/RevenueOperationsDashboard.jsx","export","False"
"reporting_exports","frontend/dashboards/src/pages/RoleDashboardPage.jsx","export","False"
"reporting_exports","frontend/dashboards/src/pages/RoleHomeRedirect.jsx","export","False"
"reporting_exports","frontend/dashboards/src/pages/RoomSetupWizard.jsx","export","False"
"reporting_exports","frontend/dashboards/src/pages/SafetyDashboard.jsx","export, report","False"
"reporting_exports","frontend/dashboards/src/pages/SafetySecurityDashboard.jsx","export","False"
"reporting_exports","frontend/dashboards/src/pages/SavedPaymentMethodsPage.jsx","export","False"
"reporting_exports","frontend/dashboards/src/pages/SchedulingDashboard.jsx","export","False"
"reporting_exports","frontend/dashboards/src/pages/SchedulingWizard.jsx","export","False"
"reporting_exports","frontend/dashboards/src/pages/SchoolAdministratorDashboard.jsx","export","False"
"reporting_exports","frontend/dashboards/src/pages/SchoolBoardDashboard.jsx","export","False"
"reporting_exports","frontend/dashboards/src/pages/SectionAssignWizard.jsx","export","False"
"reporting_exports","frontend/dashboards/src/pages/SectionSchedulerWizard.jsx","export","False"
"reporting_exports","frontend/dashboards/src/pages/SecurityDashboard.jsx","export","False"
"reporting_exports","frontend/dashboards/src/pages/ServiceHoursPage.jsx","export","False"
"reporting_exports","frontend/dashboards/src/pages/SpiritualLifeDashboard.jsx","export, report","False"
"reporting_exports","frontend/dashboards/src/pages/StaffOnboardingWizard.jsx","export","False"
"reporting_exports","frontend/dashboards/src/pages/StaffSetupWizard.jsx","export","False"
"reporting_exports","frontend/dashboards/src/pages/Student360Page.jsx","export","False"
"reporting_exports","frontend/dashboards/src/pages/StudentCareDashboard.jsx","export","False"
"reporting_exports","frontend/dashboards/src/pages/StudentDashboard.jsx","export","False"
"reporting_exports","frontend/dashboards/src/pages/StudentServicesDashboard.jsx","export","False"
"reporting_exports","frontend/dashboards/src/pages/SystemStatusPage.jsx","export","False"
"reporting_exports","frontend/dashboards/src/pages/TeacherAttendancePage.jsx","export","False"
"reporting_exports","frontend/dashboards/src/pages/TeacherDashboard.jsx","export","False"
"reporting_exports","frontend/dashboards/src/pages/TeamsPreviewPage.jsx","export","False"
"reporting_exports","frontend/dashboards/src/pages/TermStructureWizard.jsx","export","False"
"reporting_exports","frontend/dashboards/src/pages/TranscriptRO.jsx","export","False"
"reporting_exports","frontend/dashboards/src/pages/TransportationDashboard.jsx","export","False"
"reporting_exports","frontend/dashboards/src/pages/VolunteerManagementDashboard.jsx","export","False"
"reporting_exports","frontend/dashboards/src/pages/WizardHub.jsx","export","False"
"reporting_exports","frontend/dashboards/src/pages/admin/AdminAcademicsPage.jsx","export","False"
"reporting_exports","frontend/dashboards/src/pages/admin/AdminAdmissionsPage.jsx","export","False"
"reporting_exports","frontend/dashboards/src/pages/admin/AdminAdvancementPage.jsx","export","False"
"reporting_exports","frontend/dashboards/src/pages/admin/AdminAttendancePage.jsx","export, report","False"
"reporting_exports","frontend/dashboards/src/pages/admin/AdminCalendarPage.jsx","export","False"
"reporting_exports","frontend/dashboards/src/pages/admin/AdminCommunicationsPage.jsx","export","False"
"reporting_exports","frontend/dashboards/src/pages/admin/AdminDashboardHomePage.jsx","export, report","False"
"reporting_exports","frontend/dashboards/src/pages/admin/AdminDisciplinePage.jsx","export, report","False"
"reporting_exports","frontend/dashboards/src/pages/admin/AdminFinancePage.jsx","export","False"
"reporting_exports","frontend/dashboards/src/pages/admin/AdminImportsPage.jsx","export","False"
"reporting_exports","frontend/dashboards/src/pages/admin/AdminReportsPage.jsx","export, report","False"
"reporting_exports","frontend/dashboards/src/pages/admin/AdminSectionPage.jsx","export","False"
"reporting_exports","frontend/dashboards/src/pages/admin/AdminSettingsPage.jsx","export","False"
"reporting_exports","frontend/dashboards/src/pages/admin/AdminStaffPage.jsx","export","False"
"reporting_exports","frontend/dashboards/src/pages/admin/AdminStudentsPage.jsx","export","False"
"reporting_exports","frontend/dashboards/src/pages/admin/AdmissionsDashboardPage.jsx","export","False"
"reporting_exports","frontend/dashboards/src/pages/admin/ExecutiveRoleDashboards.jsx","export","False"
"reporting_exports","frontend/dashboards/src/pages/admin/HeritageAdminDashboardV2.tsx","export, report","False"
"reporting_exports","frontend/dashboards/src/pages/admin/SchoolAdminDashboard.tsx","export","False"
"reporting_exports","frontend/dashboards/src/pages/admin/SchoolAdminDashboardPage.jsx","export","False"
"reporting_exports","frontend/dashboards/src/pages/attendance_rules_wizard/Step1Configure.jsx","export","False"
"reporting_exports","frontend/dashboards/src/pages/attendance_rules_wizard/Step2Codes.jsx","export","False"
"reporting_exports","frontend/dashboards/src/pages/attendance_rules_wizard/Step3Preview.jsx","export","False"
"reporting_exports","frontend/dashboards/src/pages/attendance_rules_wizard/Step4Commit.jsx","export","False"
"reporting_exports","frontend/dashboards/src/pages/attendance_rules_wizard/Step5Verify.jsx","export","False"
"reporting_exports","frontend/dashboards/src/pages/bell_schedule_wizard/Step1Configure.jsx","export","False"
"reporting_exports","frontend/dashboards/src/pages/bell_schedule_wizard/Step2Periods.jsx","export","False"
"reporting_exports","frontend/dashboards/src/pages/bell_schedule_wizard/Step3Preview.jsx","export","False"
"reporting_exports","frontend/dashboards/src/pages/bell_schedule_wizard/Step4Commit.jsx","export","False"
"reporting_exports","frontend/dashboards/src/pages/bell_schedule_wizard/Step5Verify.jsx","export","False"
"reporting_exports","frontend/dashboards/src/pages/billing_wizard/Step1Mode.jsx","export","False"
"reporting_exports","frontend/dashboards/src/pages/billing_wizard/Step2Plans.jsx","export","False"
"reporting_exports","frontend/dashboards/src/pages/billing_wizard/Step3Fees.jsx","export","False"
"reporting_exports","frontend/dashboards/src/pages/billing_wizard/Step4Schedule.jsx","export","False"
"reporting_exports","frontend/dashboards/src/pages/billing_wizard/Step5Commit.jsx","export","False"
"reporting_exports","frontend/dashboards/src/pages/billing_wizard/Step6Verify.jsx","export","False"
"reporting_exports","frontend/dashboards/src/pages/board/BoardDashboard.tsx","export, report, download","False"
"reporting_exports","frontend/dashboards/src/pages/comms_wizard/Step1Purpose.jsx","export","False"
"reporting_exports","frontend/dashboards/src/pages/comms_wizard/Step2Message.jsx","export","False"
"reporting_exports","frontend/dashboards/src/pages/comms_wizard/Step3Recipients.jsx","export","False"
"reporting_exports","frontend/dashboards/src/pages/comms_wizard/Step4Preview.jsx","export","False"
"reporting_exports","frontend/dashboards/src/pages/comms_wizard/Step5Commit.jsx","export","False"
"reporting_exports","frontend/dashboards/src/pages/comms_wizard/Step6Verify.jsx","export","False"
"reporting_exports","frontend/dashboards/src/pages/compass/CompassDashboard.tsx","export","False"
"reporting_exports","frontend/dashboards/src/pages/discipline/DisciplineDashboard.tsx","export","False"
"reporting_exports","frontend/dashboards/src/pages/enrollment_conversion_wizard/Step1Configure.jsx","export","False"
"reporting_exports","frontend/dashboards/src/pages/enrollment_conversion_wizard/Step2Load.jsx","export","False"
"reporting_exports","frontend/dashboards/src/pages/enrollment_conversion_wizard/Step3Preview.jsx","export","False"
"reporting_exports","frontend/dashboards/src/pages/enrollment_conversion_wizard/Step4Commit.jsx","export","False"
"reporting_exports","frontend/dashboards/src/pages/enrollment_conversion_wizard/Step5Verify.jsx","export","False"
"reporting_exports","frontend/dashboards/src/pages/ferpa/FERPADashboard.tsx","export","False"
"reporting_exports","frontend/dashboards/src/pages/financial_aid_wizard/Step1Year.jsx","export","False"
"reporting_exports","frontend/dashboards/src/pages/financial_aid_wizard/Step2Buckets.jsx","export","False"
"reporting_exports","frontend/dashboards/src/pages/financial_aid_wizard/Step3Awards.jsx","export","False"
"reporting_exports","frontend/dashboards/src/pages/financial_aid_wizard/Step4Preview.jsx","export","False"
"reporting_exports","frontend/dashboards/src/pages/financial_aid_wizard/Step5Commit.jsx","export","False"
"reporting_exports","frontend/dashboards/src/pages/financial_aid_wizard/Step6Verify.jsx","export","False"
"reporting_exports","frontend/dashboards/src/pages/gradebook_setup_wizard/Step1Configure.jsx","export","False"
"reporting_exports","frontend/dashboards/src/pages/gradebook_setup_wizard/Step2Categories.jsx","export","False"
"reporting_exports","frontend/dashboards/src/pages/gradebook_setup_wizard/Step3Preview.jsx","export","False"
"reporting_exports","frontend/dashboards/src/pages/gradebook_setup_wizard/Step4Commit.jsx","export","False"
"reporting_exports","frontend/dashboards/src/pages/gradebook_setup_wizard/Step5Verify.jsx","export","False"
"reporting_exports","frontend/dashboards/src/pages/hr/HRManagerDashboard.tsx","export","False"
"reporting_exports","frontend/dashboards/src/pages/invoice_run_wizard/Step1Configure.jsx","export","False"
"reporting_exports","frontend/dashboards/src/pages/invoice_run_wizard/Step2Load.jsx","export","False"
"reporting_exports","frontend/dashboards/src/pages/invoice_run_wizard/Step3Preview.jsx","export","False"
"reporting_exports","frontend/dashboards/src/pages/invoice_run_wizard/Step4Commit.jsx","export","False"
"reporting_exports","frontend/dashboards/src/pages/invoice_run_wizard/Step5Verify.jsx","export","False"
"reporting_exports","frontend/dashboards/src/pages/onboarding/Step1ChooseMode.jsx","export, csv","False"
"reporting_exports","frontend/dashboards/src/pages/onboarding/Step2Upload.jsx","export, csv","False"
"reporting_exports","frontend/dashboards/src/pages/onboarding/Step3Validate.jsx","export, csv","False"
"reporting_exports","frontend/dashboards/src/pages/onboarding/Step4Preview.jsx","export","False"
"reporting_exports","frontend/dashboards/src/pages/onboarding/Step5Commit.jsx","export","False"
"reporting_exports","frontend/dashboards/src/pages/onboarding/Step6Verify.jsx","export","False"
"reporting_exports","frontend/dashboards/src/pages/ops/SubscriptionManagerPage.tsx","export","False"
"reporting_exports","frontend/dashboards/src/pages/reenrollment/Step1Config.jsx","export","False"
"reporting_exports","frontend/dashboards/src/pages/reenrollment/Step2Candidates.jsx","export","False"
"reporting_exports","frontend/dashboards/src/pages/reenrollment/Step3Select.jsx","export","False"
"reporting_exports","frontend/dashboards/src/pages/reenrollment/Step4Preview.jsx","export","False"
"reporting_exports","frontend/dashboards/src/pages/reenrollment/Step5Commit.jsx","export","False"
"reporting_exports","frontend/dashboards/src/pages/reenrollment/Step6Verify.jsx","export","False"
"reporting_exports","frontend/dashboards/src/pages/scheduling_wizard/Step1Term.jsx","export","False"
"reporting_exports","frontend/dashboards/src/pages/scheduling_wizard/Step2Courses.jsx","export","False"
"reporting_exports","frontend/dashboards/src/pages/scheduling_wizard/Step3Sections.jsx","export","False"
"reporting_exports","frontend/dashboards/src/pages/scheduling_wizard/Step4Preview.jsx","export","False"
"reporting_exports","frontend/dashboards/src/pages/scheduling_wizard/Step5Commit.jsx","export","False"
"reporting_exports","frontend/dashboards/src/pages/scheduling_wizard/Step6Verify.jsx","export","False"
"reporting_exports","frontend/dashboards/src/pages/section_assign_wizard/Step1Section.jsx","export","False"
"reporting_exports","frontend/dashboards/src/pages/section_assign_wizard/Step2LoadStudents.jsx","export","False"
"reporting_exports","frontend/dashboards/src/pages/section_assign_wizard/Step3StageRoster.jsx","export","False"
"reporting_exports","frontend/dashboards/src/pages/section_assign_wizard/Step4Preview.jsx","export","False"
"reporting_exports","frontend/dashboards/src/pages/section_assign_wizard/Step5Commit.jsx","export","False"
"reporting_exports","frontend/dashboards/src/pages/section_assign_wizard/Step6Verify.jsx","export","False"
"reporting_exports","frontend/dashboards/src/pages/wizards/AftercareSetupWizard.jsx","export","False"
"reporting_exports","frontend/dashboards/src/pages/wizards/CurriculumMapWizard.jsx","export","False"
"reporting_exports","frontend/dashboards/src/pages/wizards/EnrollmentSetupWizard.jsx","export","False"
"reporting_exports","frontend/dashboards/src/pages/wizards/FinanceSetupWizard.jsx","export","False"
"reporting_exports","frontend/dashboards/src/pages/wizards/FinancialAidWizard.jsx","export","False"
"reporting_exports","frontend/dashboards/src/pages/wizards/ReEnrollmentWizard.jsx","export","False"
"reporting_exports","frontend/dashboards/src/pages/wizards/SchoolOnboardingWizard.jsx","export","False"
"reporting_exports","frontend/dashboards/src/pages/wizards/SchoolYearSetupWizard.jsx","export","False"
"reporting_exports","frontend/dashboards/src/routes/dashboardRoutes.jsx","export","False"
"reporting_exports","frontend/dashboards/src/routes/paths.js","export, report","False"
"reporting_exports","frontend/dashboards/src/routes/RoleGuard.jsx","export","False"
"reporting_exports","frontend/dashboards/src/routes/roleGuardRules.js","export","False"
"reporting_exports","frontend/dashboards/src/routes/routeGroups.js","export","False"
"reporting_exports","frontend/dashboards/src/routes/router.jsx","export, report","False"
"reporting_exports","frontend/dashboards/src/routes/wizard-manifest.js","export","False"
"reporting_exports","frontend/dashboards/src/routes/wizards.js","export","False"
"reporting_exports","frontend/dashboards/src/services/adminDashboardService.js","export","False"
"reporting_exports","frontend/dashboards/src/services/adminSectionService.js","export, report","False"
"reporting_exports","frontend/dashboards/src/services/api.js","export","False"
"reporting_exports","frontend/dashboards/src/services/dashboardApi.js","export","False"
"reporting_exports","frontend/dashboards/src/services/executiveDashboardApi.js","export","False"
"reporting_exports","frontend/dashboards/src/tests/navigationSurfaceContract.test.js","report","True"
"reporting_exports","frontend/dashboards/src/tests/sidebarContract.test.jsx","report","True"
"reporting_exports","frontend/dashboards/src/theme/chartConfig.js","export","False"
"reporting_exports","frontend/dashboards/src/theme/crownTheme.js","export","False"
"reporting_exports","frontend/dashboards/src/theme/tokens.js","export","False"
"reporting_exports","frontend/dashboards/src/types/adminDashboard.ts","export","False"
"reporting_exports","frontend/dashboards/src/utils/apiContracts.js","export","False"
"reporting_exports","frontend/dashboards/src/utils/authClient.js","export","False"
"reporting_exports","frontend/dashboards/src/utils/buildInfo.js","export","False"
"reporting_exports","frontend/dashboards/src/utils/dashboardMappers.js","export","False"
"reporting_exports","frontend/dashboards/src/utils/demoAutoLogin.ts","export","False"
"reporting_exports","frontend/dashboards/src/utils/downloadCsv.js","export, csv, download","False"
"reporting_exports","frontend/dashboards/src/utils/formatters.js","export","False"
"reporting_exports","frontend/dashboards/src/utils/normalizeApiError.js","export","False"
"reporting_exports","frontend/dashboards/src/utils/number.ts","export","False"
"reporting_exports","frontend/dashboards/src/utils/queryState.js","export","False"
"reporting_exports","frontend/dashboards/src/utils/releaseChecks.js","export","False"
"reporting_exports","frontend/dashboards/src/utils/requestTracing.js","export","False"
"reporting_exports","frontend/dashboards/src/utils/tableSort.js","export","False"
"reporting_exports","frontend/dashboards/src/utils/wizardValidation.js","export","False"
"reporting_exports","frontend/dashboards/src/views/platformOps/PlatformOpsHome.jsx","export","False"
"reporting_exports","frontend/dashboards/tests/magus-verification-smoke.spec.ts","report","True"
"reporting_exports","frontend/dashboards/tests/ui/admin-shell.spec.ts","report","True"
"reporting_exports","frontend/dashboards/tests/ui/dashboard-smoke.spec.ts","report","True"
"reporting_exports","frontend/src/api/curriculum.js","export","False"
"reporting_exports","frontend/src/components/CurriculumPacingCard.jsx","export","False"
"reporting_exports","docs/admissions-enrollment-final-sprint.md","export, report","False"
"reporting_exports","docs/ADMISSIONS_INTEGRATION_COMPLETE.md","report","False"
"reporting_exports","docs/CI_OUTAGE_BYPASS.md","report","False"
"reporting_exports","docs/COMPLIANCE.md","export","False"
"reporting_exports","docs/DEMO_AUDIT_MATRIX.md","report","False"
"reporting_exports","docs/DEMO_RUNBOOK_25MIN.md","export, report","False"
"reporting_exports","docs/FINANCIAL_INVARIANTS.md","report","False"
"reporting_exports","docs/M365_POWER_AUTOMATE_FLOW_CONTRACT.md","report","False"
"reporting_exports","docs/MODULE_INVENTORY.md","report","False"
"reporting_exports","docs/module_status_matrix.csv","csv, report","False"
"reporting_exports","docs/OPS_LOG.md","export","False"
"reporting_exports","docs/PRODUCTION_STATUS_DECISION.md","csv, report","False"
"reporting_exports","docs/PRODUCTION_STATUS_MATRIX.md","report","False"
"reporting_exports","docs/PROOF_GRADEBOOK_PLAYBOOK.md","download","False"
"reporting_exports","docs/README.md","report","False"
"reporting_exports","docs/RELEASE_READY_MODULE_INVENTORY.md","report","False"
"reporting_exports","docs/TENANT_AUDIT_CERTIFICATION.md","export","False"
"reporting_exports","docs/architecture/SYSTEM_OVERVIEW.md","export, csv, report","False"
"reporting_exports","docs/archive/PHASE1_BUILD_ORDER.md","export","False"
"reporting_exports","docs/archive/repo-layout-cleanup/20260407T003336Z/_required_check_normalization.diff","download","False"
"reporting_exports","docs/audit/DJANGO_CRASHES_ANALYSIS.md","report","False"
"reporting_exports","docs/audit/hex_audit.txt","export","False"
"reporting_exports","docs/audit/hex_audit_output.txt","export","False"
"reporting_exports","docs/audit/_audit_test_run.txt","export, csv","True"
"reporting_exports","docs/audit/reports/AUDIT_REPORT_20260222_145853_7e3dc059.md","report","False"
"reporting_exports","docs/authority/RELEASE_GAP_CLOSURE_PLAN.md","export","False"
"reporting_exports","docs/canon/school-admin-dashboard-canon.md","export, report","False"
"reporting_exports","docs/certification/COMPLETION_CONTRACT.md","report","False"
"reporting_exports","docs/certification/MODULE_ACCEPTANCE_MATRIX_14.md","report","False"
"reporting_exports","docs/completion/01-COMPLETION-CONTRACT.md","report","False"
"reporting_exports","docs/completion/02-MODULE-ACCEPTANCE-MATRIX.md","export, report","False"
"reporting_exports","docs/completion/03-BLOCKER-LEDGER.md","report","False"
"reporting_exports","docs/completion/06-PRODUCTION-CERTIFICATION-CHECKLIST.md","report","False"
"reporting_exports","docs/demo/DEMO_SCRIPT.md","report","False"
"reporting_exports","docs/demo/PROOF_UI_ACADEMICS_ROSTER_DRAWER.md","export","False"
"reporting_exports","docs/engineering/CROWN2026_DASHBOARD_UI_IMPLEMENTATION_CONTRACT.md","report","False"
"reporting_exports","docs/engineering/RELEASE_GOVERNANCE_PROTOCOL.md","report","False"
"reporting_exports","docs/instruction-ledger/2026-03-02-prod-bootstrap-and-acr-pin.md","report","False"
"reporting_exports","docs/maps/CROWN_MAGUS_SPRINT_MAP.md","export, report","False"
"reporting_exports","docs/maps/LANE2_BILLING_MAP.txt","export, csv","False"
"reporting_exports","docs/maps/LANE3_ATTENDANCE_MAP.txt","export","False"
"reporting_exports","docs/migrations/BLACKBAUD_MIGRATION.md","export, csv, report","False"
"reporting_exports","docs/migrations/FACTS_MIGRATION.md","export, csv, report","False"
"reporting_exports","docs/migrations/GRADELINK_MIGRATION.md","export, csv, report","False"
"reporting_exports","docs/openapi/attendance.openapi.yaml","report, download","False"
"reporting_exports","docs/openapi/crown-openapi-current.yaml","export, csv, report, download","False"
"reporting_exports","docs/openapi/crown-openapi-validated.yaml","export, csv, report, download","False"
"reporting_exports","docs/openapi/crown-openapi.yaml","export, csv, report, download","False"
"reporting_exports","docs/openapi/discipline.openapi.yaml","export, report, download","False"
"reporting_exports","docs/openapi/README.md","export","False"
"reporting_exports","docs/ops/CI_USER_PROVISIONING.md","report","False"
"reporting_exports","docs/ops/COPILOT_TASK_PROTOCOL.md","report","False"
"reporting_exports","docs/ops/INTEGRATION_GUIDE.md","export, report","False"
"reporting_exports","docs/release/branch-protection-export.json","export","False"
"reporting_exports","docs/release/BRANCH_PROTECTION_EVIDENCE.md","export","False"
"reporting_exports","docs/release/ENVIRONMENT_VARIABLES.md","export","False"
"reporting_exports","docs/release/FINAL_CLOSEOUT_11_20.md","export","False"
"reporting_exports","docs/release/FINAL_CLOSEOUT_21_30.md","export, report","False"
"reporting_exports","docs/release/FINAL_INVESTOR_EVIDENCE_INDEX.md","export, csv, report","False"
"reporting_exports","docs/release/FINAL_RELEASE_GATE.md","export, csv, report","False"
"reporting_exports","docs/release/FINAL_SIGNOFF_CHECKLIST.md","export","False"
"reporting_exports","docs/release/INVESTOR_REPO_REVIEW_GUIDE.md","report","False"
"reporting_exports","docs/release/KNOWN_GAPS_AND_DEFERRED_ITEMS.md","export, csv, report","False"
"reporting_exports","docs/release/LIVE_ACTION_REGISTER.json","csv","False"
"reporting_exports","docs/release/LIVE_ACTION_REGISTER.md","csv","False"
"reporting_exports","docs/release/LIVE_BACKEND_VERIFICATION.json","report","False"
"reporting_exports","docs/release/LIVE_BACKEND_VERIFICATION.md","csv","False"
"reporting_exports","docs/release/LIVE_EVIDENCE_INDEX.json","csv","False"
"reporting_exports","docs/release/LIVE_EVIDENCE_INDEX.md","csv","False"
"reporting_exports","docs/release/LIVE_FRONTEND_DASHBOARD_PROOF.json","export, csv, report, download","False"
"reporting_exports","docs/release/LIVE_FRONTEND_DASHBOARD_PROOF.md","csv","False"
"reporting_exports","docs/release/LIVE_MODULE_PROOF_MATRIX.md","csv","False"
"reporting_exports","docs/release/LIVE_RELEASE_TRUTH.md","csv","False"
"reporting_exports","docs/release/LIVE_REPORTING_EXPORT_AUDIT.json","export, csv, xlsx, report, download","False"
"reporting_exports","docs/release/LIVE_REPORTING_EXPORT_AUDIT.md","export, csv, xlsx, report","False"
"reporting_exports","docs/release/LIVE_RUNTIME_API_VERIFICATION.md","csv","False"
"reporting_exports","docs/release/MODULE_INVENTORY.md","report","False"
"reporting_exports","docs/release/PR_ISSUES_CONCERNS_ACTION_PLAN.md","export","False"
"reporting_exports","docs/release/SECURITY_GATES_EVIDENCE.md","export, report","False"
"reporting_exports","docs/release/administrator_portal_closeout/00_execution_tracker.md","report","False"
"reporting_exports","docs/release/admissions_enrollment_closeout/03_readiness_alignment_note.md","report","False"
"reporting_exports","docs/release/advanced_board_reporting_closeout/00_execution_tracker.md","report","False"
"reporting_exports","docs/release/advanced_board_reporting_closeout/01_scope_and_gap_lock.md","report","False"
"reporting_exports","docs/release/advanced_board_reporting_closeout/02_truth_layer_proof.md","report","False"
"reporting_exports","docs/release/advanced_board_reporting_closeout/03_dashboard_setup_proof.md","report","False"
"reporting_exports","docs/release/advanced_board_reporting_closeout/04_aggregation_reporting_proof.md","report","False"
"reporting_exports","docs/release/advanced_board_reporting_closeout/05_export_packet_proof.md","export, report, download","False"
"reporting_exports","docs/release/advanced_board_reporting_closeout/06_views_permissions_proof.md","report","False"
"reporting_exports","docs/release/advanced_board_reporting_closeout/07_metrics_reconciliation.md","report","False"
"reporting_exports","docs/release/advanced_board_reporting_closeout/08_api_test_results.md","report","True"
"reporting_exports","docs/release/advanced_board_reporting_closeout/09_ui_test_results.md","report","True"
"reporting_exports","docs/release/advanced_board_reporting_closeout/10_final_closeout_report.md","export, report","False"
"reporting_exports","docs/release/board_governance_suite_closeout/01_scope_and_gap_lock.md","download","False"
"reporting_exports","docs/release/board_governance_suite_closeout/08_api_test_results.md","download","True"
"reporting_exports","docs/release/board_governance_suite_closeout/10_final_closeout_report.md","report","False"
"reporting_exports","docs/release/crown_compass_closeout/CLOSEOUT_REPORT.md","report","False"
"reporting_exports","docs/release/crown_solomon_closeout/04_in_product_contextual_help_proof.md","report","False"
"reporting_exports","docs/release/crown_solomon_closeout/08_content_pack_proof.md","report","False"
"reporting_exports","docs/release/crown_solomon_closeout/11_final_closeout_report.md","report","False"
"reporting_exports","docs/release/crown_solomon_closeout/content/crown_solomon_seed_content.md","export, report","False"
"reporting_exports","docs/release/extended_discipline_workflows_closeout/00_execution_tracker.md","report","False"
"reporting_exports","docs/release/extended_discipline_workflows_closeout/01_scope_and_gap_lock.md","export, report","False"
"reporting_exports","docs/release/extended_discipline_workflows_closeout/10_final_closeout_report.md","report","False"
"reporting_exports","docs/release/financial_aid_closeout/03_readiness_alignment_note.md","report","False"
"reporting_exports","docs/release/live-audit/phase1/phase1_backend_module_inventory.csv","csv","False"
"reporting_exports","docs/release/live-audit/phase1/phase1_branch_inventory.csv","export, csv","False"
"reporting_exports","docs/release/live-audit/phase1/phase1_frontend_surface_inventory.csv","csv","False"
"reporting_exports","docs/release/live-audit/phase1/phase1_live_repo_baseline.md","csv","False"
"reporting_exports","docs/release/live-audit/phase1/phase1_release_doc_freshness.csv","csv","False"
"reporting_exports","docs/release/live-audit/phase1/phase1_root_ruleset_inventory.csv","csv","False"
"reporting_exports","docs/release/live-audit/phase1/phase1_workflow_inventory.csv","csv","False"
"reporting_exports","docs/release/live-audit/phase2/phase2_referenced_pr_states.csv","csv","False"
"reporting_exports","docs/release/live-audit/phase2/phase2_release_doc_inventory.csv","csv","False"
"reporting_exports","docs/release/live-audit/phase2/phase2_release_truth_mismatches.csv","csv","False"
"reporting_exports","docs/release/live-audit/phase2/phase2_release_truth_reconciliation.md","csv","False"
"reporting_exports","docs/release/live-audit/phase2/phase2_release_truth_references.csv","csv","False"
"reporting_exports","docs/release/live-audit/phase3/phase3_branch_cleanup_candidates.csv","csv","False"
"reporting_exports","docs/release/live-audit/phase3/phase3_local_branch_inventory.csv","export, csv","False"
"reporting_exports","docs/release/live-audit/phase3/phase3_remote_branch_inventory.csv","export, csv, report","False"
"reporting_exports","docs/release/live-audit/phase3/phase3_workflow_branch_rationalization.md","csv","False"
"reporting_exports","docs/release/live-audit/phase3/phase3_workflow_consolidation_groups.csv","csv","False"
"reporting_exports","docs/release/live-audit/phase3/phase3_workflow_inventory_enriched.csv","csv","False"
"reporting_exports","docs/release/live-audit/phase4/phase4_backend_app_inventory.csv","csv","False"
"reporting_exports","docs/release/live-audit/phase4/phase4_backend_test_inventory.csv","csv, report","True"
"reporting_exports","docs/release/live-audit/phase4/phase4_backend_verification_and_django_proof.md","csv","False"
"reporting_exports","docs/release/live-audit/phase4/phase4_manage_check_deploy.txt","export, csv, download","False"
"reporting_exports","docs/release/live-audit/phase4/phase4_showmigrations.txt","export","False"
"reporting_exports","docs/release/live-audit/phase4/phase4_url_surface_scan.txt","export, csv, report, download","False"
"reporting_exports","docs/release/live-audit/phase5/phase5_module_proof_matrix.csv","csv","False"
"reporting_exports","docs/release/live-audit/phase5/phase5_module_proof_matrix.md","csv","False"
"reporting_exports","docs/release/live-audit/phase5/phase5_module_proof_paths.csv","csv","False"
"reporting_exports","docs/release/live-audit/phase6/phase6_action_register.csv","csv","False"
"reporting_exports","docs/release/live-audit/phase6/phase6_evidence_index.csv","csv","False"
"reporting_exports","docs/release/live-audit/phase6/phase6_evidence_index_and_action_register.md","csv","False"
"reporting_exports","docs/release/live-audit/phase7/phase7_runtime_and_api_surface_verification.md","csv","False"
"reporting_exports","docs/release/live-audit/phase7/phase7_runtime_api_url_scan.txt","export, csv, report, download","False"
"reporting_exports","docs/release/live-audit/phase7/phase7_runtime_endpoint_results.csv","csv","False"
"reporting_exports","docs/release/live-audit/phase8/phase8_frontend_and_dashboard_proof.md","csv","False"
"reporting_exports","docs/release/live-audit/phase8/phase8_frontend_build_results.csv","csv","False"
"reporting_exports","docs/release/live-audit/phase8/phase8_frontend_packages.csv","csv, report","False"
"reporting_exports","docs/release/live-audit/phase8/phase8_frontend_surface_paths.csv","export, csv, report, download","False"
"reporting_exports","docs/release/live-audit/phase9/phase9_reporting_export_area_status.csv","export, csv, report","False"
"reporting_exports","docs/release/live-audit/phase9/phase9_reporting_export_dependency_hits.csv","export, csv, xlsx, report","False"
"reporting_exports","docs/release/live-audit/phase9/phase9_reporting_export_hits.csv","export, csv, xlsx, report, download","False"
"reporting_exports","docs/release/live-audit/phase9/phase9_reporting_export_pdf_transcript_gap_audit.json","export, report","False"
"reporting_exports","docs/release/live-audit/phase9/phase9_reporting_export_pdf_transcript_gap_audit.md","export, csv, xlsx, report","False"
"reporting_exports","docs/release/mission_metrics_closeout/10_final_closeout_report.md","report","False"
"reporting_exports","docs/release/pd_hub_closeout/10_final_closeout_report.md","report","False"
"reporting_exports","docs/release/portrait_of_the_graduate_closeout/00_execution_tracker.md","report","False"
"reporting_exports","docs/release/portrait_of_the_graduate_closeout/01_scope_and_gap_lock.md","report","False"
"reporting_exports","docs/release/portrait_of_the_graduate_closeout/08_api_test_results.md","report","True"
"reporting_exports","docs/release/portrait_of_the_graduate_closeout/10_final_closeout_report.md","report","False"
"reporting_exports","docs/release/release_closeout/00_execution_tracker.md","export, report","False"
"reporting_exports","docs/release/release_closeout/01_release_scope_and_gap_lock.md","export","False"
"reporting_exports","docs/release/release_closeout/01_scope_and_gap_lock.md","export","False"
"reporting_exports","docs/release/release_closeout/02_ci_and_runtime_verification.md","export, report","False"
"reporting_exports","docs/release/release_closeout/02_ci_security_controls.md","export, report","False"
"reporting_exports","docs/release/release_closeout/03_branch_protection_evidence.md","export","False"
"reporting_exports","docs/release/release_closeout/04_gap_disposition.md","export, report","False"
"reporting_exports","docs/release/release_closeout/04_tenant_isolation_proof.md","export","False"
"reporting_exports","docs/release/release_closeout/05_golden_path_proof.md","export","False"
"reporting_exports","docs/release/release_closeout/05_migrate_output.txt","export","False"
"reporting_exports","docs/release/release_closeout/06_openapi_and_health_proof.md","export","False"
"reporting_exports","docs/release/release_closeout/06_openapi_export.txt","export, csv, report, download","False"
"reporting_exports","docs/release/release_closeout/06_openapi_export_tail.txt","export","False"
"reporting_exports","docs/release/release_closeout/08_api_test_results.md","report","True"
"reporting_exports","docs/release/release_closeout/08_api_test_results.txt","export","True"
"reporting_exports","docs/release/release_closeout/08_api_test_results_after_fix.txt","export","True"
"reporting_exports","docs/release/release_closeout/08_api_test_results_after_migrate.txt","export","True"
"reporting_exports","docs/release/release_closeout/08_api_test_results_tail.txt","export","True"
"reporting_exports","docs/release/release_closeout/09_load_test_proof.md","csv","True"
"reporting_exports","docs/release/release_closeout/09_ui_test_results.md","export, report","True"
"reporting_exports","docs/release/release_closeout/10_final_closeout_report.md","export, report","False"
"reporting_exports","docs/release/release_closeout/11_product_gap_closeout.md","export","False"
"reporting_exports","docs/release/release_closeout/12_final_release_closeout_report.md","export, csv, report","False"
"reporting_exports","docs/release/release_closeout/api_schema.yaml","export, csv, report, download","False"
"reporting_exports","docs/release/release_closeout/load_probe.py","csv, report","False"
"reporting_exports","docs/release/release_closeout/run_release_pytests.py","report","False"
"reporting_exports","docs/release/release_closeout/load/crown-load-final.csv","csv","False"
"reporting_exports","docs/release/release_closeout/load/crown-load-final.html","report","False"
"reporting_exports","docs/release/release_closeout/load/crown-load-smoke.html","report","False"
"reporting_exports","docs/release/release_closeout/openapi/01_spectacular_export.txt","export, csv, report, download","False"
"reporting_exports","docs/release/release_closeout/openapi/api_schema.yaml","export, csv, report, download","False"
"reporting_exports","docs/release/release_closeout/openapi/crown-openapi.yaml","export, csv, report, download","False"
"reporting_exports","docs/release/release_closeout/pytest/01_release_pytest_wrapper.txt","export","True"
"reporting_exports","docs/release/release_closeout/pytest/tenant-isolation-pytest-output.txt","export","False"
"reporting_exports","docs/release/release_closeout/runtime/04_runtime_probe.txt","export, csv, report, download","False"
"reporting_exports","docs/release/service_outreach_closeout/CLOSEOUT_REPORT.md","report","False"
"reporting_exports","docs/release/spiritual_life_closeout/10_final_closeout_report.md","report","False"
"reporting_exports","docs/release/transportation_closeout/00_execution_tracker.md","report","False"
"reporting_exports","docs/release/volunteer_family_engagement_closeout/11_final_closeout_report.md","report","False"
"reporting_exports","docs/repo-cleanup/CLEANUP_SUMMARY_PHASE1.md","report","False"
"reporting_exports","docs/repo-cleanup/PHASE3_FINAL_POLISH_SUMMARY.md","export, report","False"
"reporting_exports","docs/repo-cleanup/PR_TRIAGE_PLAN.md","export","False"
"reporting_exports","docs/repo-cleanup/ROOT_INVENTORY_PHASE1.md","report","False"
"reporting_exports","docs/specs/DASHBOARDS_PHASE_A_SPEC.md","report","False"
"reporting_exports","docs/spine/CHECKPOINT_GRADEBOOK_DEMO_READY.md","csv","False"
"reporting_exports","docs/spine/TENANT_PRIVACY_CANON.md","export, csv, report","False"
"reporting_exports","docs/status/CROWN_MAGUS_COVERAGE_MATRIX.md","export, report","False"
"reporting_exports","docs/status/DELIVERABLES.md","report","False"
"reporting_exports","docs/status/MASTER_SUMMARY.md","report","False"
"reporting_exports","docs/status/PROJECT_COMPLETE.md","report","False"
"reporting_exports","docs/status/VERIFICATION_REPORT.md","report","False"
"reporting_exports","docs/ui/GRADEBOOK_RO_GOLD_STANDARD.md","export, csv, download","False"
"reporting_exports","docs/ui/SCHOOL_ADMIN_DASHBOARD_CANON.md","report","False"
"transcripts_reportcards","backend/_spectacular_after_priority_fix.txt","transcript, graduation","False"
"transcripts_reportcards","backend/_spectacular_latest.txt","transcript, graduation","False"
"transcripts_reportcards","backend/_spectacular_now.txt","transcript, graduation","False"
"transcripts_reportcards","backend/academics/models.py","transcript","False"
"transcripts_reportcards","backend/academics/serializers.py","transcript","False"
"transcripts_reportcards","backend/academics/services.py","transcript","False"
"transcripts_reportcards","backend/academics/transcript_views.py","transcript","False"
"transcripts_reportcards","backend/academics/urls.py","transcript","False"
"transcripts_reportcards","backend/academics/views.py","transcript","False"
"transcripts_reportcards","backend/academics/migrations/0037_lesson_curriculumsource_assignment_lesson_and_more.py","transcript","False"
"transcripts_reportcards","backend/academics/tests/test_assignments_weights.py","transcript","True"
"transcripts_reportcards","backend/academics/tests/test_transcript_ro_api.py","transcript","True"
"transcripts_reportcards","backend/admissions/models.py","transcript","False"
"transcripts_reportcards","backend/admissions/management/commands/seed_admissions_demo.py","transcript","False"
"transcripts_reportcards","backend/admissions/migrations/0001_initial.py","transcript","False"
"transcripts_reportcards","backend/crown_api/metrics_views.py","transcript","False"
"transcripts_reportcards","backend/crown_api/settings.py","graduation","False"
"transcripts_reportcards","backend/crown_api/urls.py","graduation","False"
"transcripts_reportcards","backend/crown_api/wizard_registry.py","report card","False"
"transcripts_reportcards","backend/crown_api/dashboards/summary.py","transcript","False"
"transcripts_reportcards","backend/grade_scale_wizard/models.py","report card","False"
"transcripts_reportcards","backend/grade_scale_wizard/views.py","report card","False"
"transcripts_reportcards","backend/grade_scale_wizard/tests/test_views.py","report card","True"
"transcripts_reportcards","backend/graduation/apps.py","graduation","False"
"transcripts_reportcards","backend/graduation/models.py","graduation","False"
"transcripts_reportcards","backend/graduation/services.py","graduation","False"
"transcripts_reportcards","backend/graduation/urls.py","graduation","False"
"transcripts_reportcards","backend/graduation/views.py","graduation","False"
"transcripts_reportcards","backend/graduation/views_breakdown.py","graduation","False"
"transcripts_reportcards","backend/graduation/__init__.py","graduation","False"
"transcripts_reportcards","backend/graduation/management/__init__.py","graduation","False"
"transcripts_reportcards","backend/graduation/management/commands/seed_graduation_demo.py","graduation","False"
"transcripts_reportcards","backend/graduation/management/commands/__init__.py","graduation","False"
"transcripts_reportcards","backend/graduation/migrations/0001_initial.py","graduation","False"
"transcripts_reportcards","backend/graduation/migrations/__init__.py","graduation","False"
"transcripts_reportcards","backend/release_closure/api.py","transcript, graduation","False"
"transcripts_reportcards","backend/release_closure/tests.py","transcript, graduation","False"
"transcripts_reportcards","backend/release_closure/urls.py","transcript, graduation","False"
"transcripts_reportcards","backend/student_records/models.py","transcript","False"
"transcripts_reportcards","backend/student_records/services.py","transcript, report_card, graduation","False"
"transcripts_reportcards","backend/student_records/migrations/0001_initial.py","transcript","False"
"transcripts_reportcards","backend/tenants/middleware.py","graduation","False"
"transcripts_reportcards","backend/tests/test_graduation_audit_v1.py","graduation","True"
"transcripts_reportcards","frontend/dashboards/.mypy_cache/3.12/academics/models.data.json","transcript","False"
"transcripts_reportcards","frontend/dashboards/.mypy_cache/3.12/admissions/models.data.json","transcript","False"
"transcripts_reportcards","frontend/dashboards/.mypy_cache/3.12/core/models.data.json","graduation","False"
"transcripts_reportcards","frontend/dashboards/.mypy_cache/3.12/core/models.meta.json","graduation","False"
"transcripts_reportcards","frontend/dashboards/.mypy_cache/3.12/graduation/models.data.json","graduation","False"
"transcripts_reportcards","frontend/dashboards/.mypy_cache/3.12/graduation/models.meta.json","graduation","False"
"transcripts_reportcards","frontend/dashboards/.mypy_cache/3.12/graduation/__init__.data.json","graduation","False"
"transcripts_reportcards","frontend/dashboards/.mypy_cache/3.12/graduation/__init__.meta.json","graduation","False"
"transcripts_reportcards","frontend/dashboards/.mypy_cache/3.12/households/models.data.json","transcript","False"
"transcripts_reportcards","frontend/dashboards/src/api/academics.js","transcript, graduation","False"
"transcripts_reportcards","frontend/dashboards/src/components/dashboard/admissions/AdmissionsApplicantsSnapshotCard.jsx","transcript","False"
"transcripts_reportcards","frontend/dashboards/src/components/dashboard/admissions/AdmissionsPipelinePanel.jsx","transcript","False"
"transcripts_reportcards","frontend/dashboards/src/components/student360/GraduationBreakdownDrawer.jsx","graduation","False"
"transcripts_reportcards","frontend/dashboards/src/config/adminNavConfig.js","graduation","False"
"transcripts_reportcards","frontend/dashboards/src/features/academics/AcademicsOperationsWorkspace.jsx","transcript, report card, graduation","False"
"transcripts_reportcards","frontend/dashboards/src/lib/academicsApi.js","transcript","False"
"transcripts_reportcards","frontend/dashboards/src/lib/academicsReleaseApi.js","transcript, graduation","False"
"transcripts_reportcards","frontend/dashboards/src/pages/AcademicsParentSnapshot.jsx","transcript","False"
"transcripts_reportcards","frontend/dashboards/src/pages/GradeScaleWizard.jsx","report card","False"
"transcripts_reportcards","frontend/dashboards/src/pages/HomeDashboard.jsx","transcript","False"
"transcripts_reportcards","frontend/dashboards/src/pages/ParentStudent360Page.jsx","graduation","False"
"transcripts_reportcards","frontend/dashboards/src/pages/RegistrarDashboard.jsx","transcript","False"
"transcripts_reportcards","frontend/dashboards/src/pages/Student360Page.jsx","graduation","False"
"transcripts_reportcards","frontend/dashboards/src/pages/TranscriptRO.jsx","transcript","False"
"transcripts_reportcards","frontend/dashboards/src/pages/admin/HeritageAdminDashboardV2.tsx","graduation","False"
"transcripts_reportcards","frontend/dashboards/src/pages/wizards/EnrollmentSetupWizard.jsx","graduation","False"
"transcripts_reportcards","frontend/dashboards/src/routes/paths.js","transcript","False"
"transcripts_reportcards","frontend/dashboards/src/routes/router.jsx","transcript","False"
"transcripts_reportcards","frontend/dashboards/src/services/adminSectionService.js","transcript","False"
"transcripts_reportcards","docs/COMPLIANCE.md","transcript","False"
"transcripts_reportcards","docs/DEMO_MODE_POLICY.md","graduation","False"
"transcripts_reportcards","docs/LOCAL_QUICKSTART.md","transcript","False"
"transcripts_reportcards","docs/MODULE_INVENTORY.md","transcript, report card","False"
"transcripts_reportcards","docs/module_status_matrix.csv","transcript, report card","False"
"transcripts_reportcards","docs/PRODUCTION_STATUS_DECISION.md","transcript, report card","False"
"transcripts_reportcards","docs/PRODUCTION_STATUS_MATRIX.md","transcript, report card","False"
"transcripts_reportcards","docs/architecture/SYSTEM_OVERVIEW.md","transcript","False"
"transcripts_reportcards","docs/archive/PHASE1_BUILD_ORDER.md","graduation","False"
"transcripts_reportcards","docs/audit/hex_audit.txt","transcript, graduation","False"
"transcripts_reportcards","docs/audit/hex_audit_output.txt","transcript, graduation","False"
"transcripts_reportcards","docs/audit/_audit_test_run.txt","transcript","True"
"transcripts_reportcards","docs/authority/RELEASE_GAP_CLOSURE_PLAN.md","transcript, graduation","False"
"transcripts_reportcards","docs/demo/DEMO_CHECKLIST.md","transcript","False"
"transcripts_reportcards","docs/demo/DEMO_FLOW.md","transcript","False"
"transcripts_reportcards","docs/demo/DEMO_SURFACE_WIRING_SPEC.md","graduation","False"
"transcripts_reportcards","docs/maps/CROWN_MAGUS_SPRINT_MAP.md","transcript","False"
"transcripts_reportcards","docs/maps/LANE3_ATTENDANCE_MAP.txt","transcript, graduation","False"
"transcripts_reportcards","docs/migrations/BLACKBAUD_MIGRATION.md","graduation","False"
"transcripts_reportcards","docs/openapi/crown-openapi-current.yaml","transcript, report card, graduation","False"
"transcripts_reportcards","docs/openapi/crown-openapi-validated.yaml","transcript, report card, graduation","False"
"transcripts_reportcards","docs/openapi/crown-openapi.yaml","transcript, graduation","False"
"transcripts_reportcards","docs/plan/DASHBOARD_BATCH_FINALIZATION_PLAN.md","graduation","False"
"transcripts_reportcards","docs/release/LIVE_BACKEND_VERIFICATION.json","transcript, graduation","False"
"transcripts_reportcards","docs/release/LIVE_BACKEND_VERIFICATION.md","graduation","False"
"transcripts_reportcards","docs/release/LIVE_FRONTEND_DASHBOARD_PROOF.json","transcript, graduation","False"
"transcripts_reportcards","docs/release/LIVE_MODULE_PROOF_MATRIX.json","graduation","False"
"transcripts_reportcards","docs/release/LIVE_REPORTING_EXPORT_AUDIT.json","transcript, report card, report_card, graduation","False"
"transcripts_reportcards","docs/release/LIVE_REPORTING_EXPORT_AUDIT.md","transcript","False"
"transcripts_reportcards","docs/release/MODULE_INVENTORY.md","transcript, report card","False"
"transcripts_reportcards","docs/release/live-audit/phase1/phase1_backend_module_inventory.csv","graduation","False"
"transcripts_reportcards","docs/release/live-audit/phase4/phase4_backend_app_inventory.csv","graduation","False"
"transcripts_reportcards","docs/release/live-audit/phase4/phase4_backend_test_inventory.csv","transcript","True"
"transcripts_reportcards","docs/release/live-audit/phase4/phase4_backend_verification_and_django_proof.md","graduation","False"
"transcripts_reportcards","docs/release/live-audit/phase4/phase4_manage_check_deploy.txt","graduation","False"
"transcripts_reportcards","docs/release/live-audit/phase4/phase4_showmigrations.txt","graduation","False"
"transcripts_reportcards","docs/release/live-audit/phase4/phase4_url_surface_scan.txt","transcript, graduation","False"
"transcripts_reportcards","docs/release/live-audit/phase5/phase5_module_proof_matrix.csv","graduation","False"
"transcripts_reportcards","docs/release/live-audit/phase5/phase5_module_proof_paths.csv","graduation","False"
"transcripts_reportcards","docs/release/live-audit/phase7/phase7_runtime_api_url_scan.txt","transcript, graduation","False"
"transcripts_reportcards","docs/release/live-audit/phase8/phase8_frontend_surface_paths.csv","transcript, graduation","False"
"transcripts_reportcards","docs/release/live-audit/phase9/phase9_reporting_export_area_status.csv","transcript, graduation","False"
"transcripts_reportcards","docs/release/live-audit/phase9/phase9_reporting_export_hits.csv","transcript, report card, report_card, graduation","False"
"transcripts_reportcards","docs/release/live-audit/phase9/phase9_reporting_export_pdf_transcript_gap_audit.json","transcript","False"
"transcripts_reportcards","docs/release/live-audit/phase9/phase9_reporting_export_pdf_transcript_gap_audit.md","transcript","False"
"transcripts_reportcards","docs/release/release_closeout/01_release_scope_and_gap_lock.md","transcript, graduation","False"
"transcripts_reportcards","docs/release/release_closeout/01_scope_and_gap_lock.md","transcript, graduation","False"
"transcripts_reportcards","docs/release/release_closeout/04_gap_disposition.md","transcript, graduation","False"
"transcripts_reportcards","docs/release/release_closeout/05_migrate_output.txt","graduation","False"
"transcripts_reportcards","docs/release/release_closeout/06_openapi_export.txt","transcript, graduation","False"
"transcripts_reportcards","docs/release/release_closeout/11_product_gap_closeout.md","transcript, graduation","False"
"transcripts_reportcards","docs/release/release_closeout/api_schema.yaml","transcript, report card, graduation","False"
"transcripts_reportcards","docs/release/release_closeout/openapi/01_spectacular_export.txt","transcript, graduation","False"
"transcripts_reportcards","docs/release/release_closeout/openapi/api_schema.yaml","transcript, report card, graduation","False"
"transcripts_reportcards","docs/release/release_closeout/openapi/crown-openapi.yaml","transcript, report card, graduation","False"
"transcripts_reportcards","docs/release/release_closeout/runtime/04_runtime_probe.txt","transcript, graduation","False"
"transcripts_reportcards","docs/specs/DASHBOARDS_PHASE_A_SPEC.md","graduation","False"
"transcripts_reportcards","docs/spine/CHECKPOINT_GRADEBOOK_DEMO_READY.md","transcript","False"
"transcripts_reportcards","docs/status/CROWN_MAGUS_COVERAGE_MATRIX.md","transcript, graduation","False"
"board_packs","backend/requirements.txt","board pack","False"
"board_packs","backend/_spectacular_after_priority_fix.txt","board pack, board_packet","False"
"board_packs","backend/_spectacular_latest.txt","board_packet, board_oversight","False"
"board_packs","backend/_spectacular_now.txt","board pack, board_packet","False"
"board_packs","backend/board_oversight/admin.py","board_oversight","False"
"board_packs","backend/board_oversight/api_governance.py","board pack, board_packet, board_oversight","False"
"board_packs","backend/board_oversight/models.py","board pack, board_oversight","False"
"board_packs","backend/board_oversight/models_governance.py","board_oversight","False"
"board_packs","backend/board_oversight/serializers.py","board_oversight","False"
"board_packs","backend/board_oversight/services.py","board_oversight","False"
"board_packs","backend/board_oversight/services_pdf.py","board pack, board_packet, board_oversight","False"
"board_packs","backend/board_oversight/tenant.py","board_oversight","False"
"board_packs","backend/board_oversight/urls.py","board_oversight","False"
"board_packs","backend/board_oversight/views.py","board_oversight","False"
"board_packs","backend/board_oversight/__init__.py","board_oversight","False"
"board_packs","backend/board_oversight/migrations/0001_initial.py","board_oversight","False"
"board_packs","backend/board_oversight/migrations/0002_stage4_governance.py","board_oversight","False"
"board_packs","backend/board_oversight/migrations/__init__.py","board_oversight","False"
"board_packs","backend/board_oversight/tests/test_board_get_only.py","board_oversight","True"
"board_packs","backend/board_oversight/tests/test_board_rbac.py","board_oversight","True"
"board_packs","backend/board_oversight/tests/test_board_tenant_required.py","board_oversight","True"
"board_packs","backend/board_oversight/tests/test_board_urls.py","board_oversight","True"
"board_packs","backend/board_oversight/tests/__init__.py","board_oversight","True"
"board_packs","backend/crown_api/api_urls.py","board_packet, board_oversight","False"
"board_packs","backend/crown_api/api_v1_urls.py","board_oversight","False"
"board_packs","backend/crown_api/settings.py","board_oversight","False"
"board_packs","backend/crown_api/dashboards/sample_payloads.py","board pack","False"
"board_packs","backend/governance/openapi.py","board pack, board_packet","False"
"board_packs","backend/governance/scheduler.py","board_packet, board_oversight","False"
"board_packs","backend/governance/schema_examples.py","board pack","False"
"board_packs","backend/governance/services.py","board pack, board_packet, board_oversight","False"
"board_packs","backend/governance/views.py","board_packet, board_oversight","False"
"board_packs","backend/governance/tests/test_governance_api.py","board pack","True"
"board_packs","backend/release_closure/api.py","board_packet","False"
"board_packs","backend/release_closure/tests.py","board_packet","False"
"board_packs","backend/release_closure/urls.py","board_packet","False"
"board_packs","backend/student_records/views.py","board_oversight","False"
"board_packs","frontend/dashboards/playwright-report/data/727cf8dc345b6cc22423098402bec4a692693045.md","board pack","False"
"board_packs","frontend/dashboards/playwright-report/data/86c72fa6ac54e18643d4fa5fbb3bea792f7b4853.md","board pack","False"
"board_packs","frontend/dashboards/src/adapters/adminSectionAdapter.js","board pack","False"
"board_packs","frontend/dashboards/src/components/dashboard/ReportSnapshotCard.jsx","board pack","False"
"board_packs","frontend/dashboards/src/components/dashboard/admin/AdminPriorityPanel.jsx","board pack","False"
"board_packs","frontend/dashboards/src/components/dashboard/board/BoardActivityFeedCard.jsx","board pack","False"
"board_packs","frontend/dashboards/src/components/dashboard/board/BoardCommunicationsCard.jsx","board pack","False"
"board_packs","frontend/dashboards/src/components/dashboard/board/BoardReportSnapshotCard.jsx","board pack, board report","False"
"board_packs","frontend/dashboards/src/config/adminNavConfig.js","board pack","False"
"board_packs","frontend/dashboards/src/features/governance/pages/BoardMemberDashboardPage.jsx","board pack","False"
"board_packs","frontend/dashboards/src/features/governance/pages/BoardPacksPage.jsx","board pack","False"
"board_packs","frontend/dashboards/src/features/governance/pages/GovernanceDashboardPage.jsx","board pack","False"
"board_packs","frontend/dashboards/src/pages/BoardDashboard.jsx","board report","False"
"board_packs","frontend/dashboards/src/pages/admin/HeritageAdminDashboardV2.tsx","board pack","False"
"board_packs","frontend/dashboards/src/services/adminSectionService.js","board pack","False"
"board_packs","docs/CROWN_IP_COMPLIANCE_POLICY.md","board pack","False"
"board_packs","docs/DEMO_RUNBOOK_25MIN.md","board report","False"
"board_packs","docs/architecture/SYSTEM_OVERVIEW.md","board pack, board_oversight","False"
"board_packs","docs/maps/CROWN_MAGUS_SPRINT_MAP.md","board pack","False"
"board_packs","docs/openapi/crown-openapi-current.yaml","board pack, board_packet","False"
"board_packs","docs/openapi/crown-openapi-validated.yaml","board pack, board_packet","False"
"board_packs","docs/openapi/crown-openapi.yaml","board pack, board_packet","False"
"board_packs","docs/openapi/governance-module-reference.yaml","board pack","False"
"board_packs","docs/release/LIVE_BACKEND_VERIFICATION.json","board_oversight","False"
"board_packs","docs/release/LIVE_BACKEND_VERIFICATION.md","board_oversight","False"
"board_packs","docs/release/LIVE_MODULE_PROOF_MATRIX.json","board_oversight","False"
"board_packs","docs/release/LIVE_REPORTING_EXPORT_AUDIT.json","board pack, board_packet, board report, board_oversight","False"
"board_packs","docs/release/advanced_board_reporting_closeout/00_execution_tracker.md","board pack, board report","False"
"board_packs","docs/release/advanced_board_reporting_closeout/01_scope_and_gap_lock.md","board report","False"
"board_packs","docs/release/advanced_board_reporting_closeout/02_truth_layer_proof.md","board report, board_oversight","False"
"board_packs","docs/release/advanced_board_reporting_closeout/03_dashboard_setup_proof.md","board report","False"
"board_packs","docs/release/advanced_board_reporting_closeout/04_aggregation_reporting_proof.md","board report","False"
"board_packs","docs/release/advanced_board_reporting_closeout/05_export_packet_proof.md","board pack, board report","False"
"board_packs","docs/release/advanced_board_reporting_closeout/06_views_permissions_proof.md","board pack, board report","False"
"board_packs","docs/release/advanced_board_reporting_closeout/07_metrics_reconciliation.md","board report","False"
"board_packs","docs/release/advanced_board_reporting_closeout/08_api_test_results.md","board pack, board report","True"
"board_packs","docs/release/advanced_board_reporting_closeout/09_ui_test_results.md","board report","True"
"board_packs","docs/release/advanced_board_reporting_closeout/10_final_closeout_report.md","board pack, board report","False"
"board_packs","docs/release/board_governance_suite_closeout/00_execution_tracker.md","board pack","False"
"board_packs","docs/release/board_governance_suite_closeout/01_scope_and_gap_lock.md","board pack","False"
"board_packs","docs/release/board_governance_suite_closeout/08_api_test_results.md","board pack, board_oversight","True"
"board_packs","docs/release/board_governance_suite_closeout/10_final_closeout_report.md","board pack","False"
"board_packs","docs/release/live-audit/phase1/phase1_backend_module_inventory.csv","board_oversight","False"
"board_packs","docs/release/live-audit/phase1/phase1_live_repo_baseline.md","board_oversight","False"
"board_packs","docs/release/live-audit/phase4/phase4_backend_app_inventory.csv","board_oversight","False"
"board_packs","docs/release/live-audit/phase4/phase4_backend_test_inventory.csv","board_oversight","True"
"board_packs","docs/release/live-audit/phase4/phase4_backend_verification_and_django_proof.md","board_oversight","False"
"board_packs","docs/release/live-audit/phase4/phase4_manage_check_deploy.txt","board_packet, board_oversight","False"
"board_packs","docs/release/live-audit/phase4/phase4_showmigrations.txt","board_oversight","False"
"board_packs","docs/release/live-audit/phase4/phase4_url_surface_scan.txt","board_packet, board_oversight","False"
"board_packs","docs/release/live-audit/phase5/phase5_module_proof_matrix.csv","board_oversight","False"
"board_packs","docs/release/live-audit/phase5/phase5_module_proof_paths.csv","board_oversight","False"
"board_packs","docs/release/live-audit/phase7/phase7_runtime_api_url_scan.txt","board pack, board_packet, board_oversight","False"
"board_packs","docs/release/live-audit/phase9/phase9_reporting_export_area_status.csv","board_oversight","False"
"board_packs","docs/release/live-audit/phase9/phase9_reporting_export_hits.csv","board pack, board_packet, board report, board_oversight","False"
"board_packs","docs/release/pd_hub_closeout/08_api_test_results.md","board_oversight","True"
"board_packs","docs/release/release_closeout/05_migrate_output.txt","board_oversight","False"
"board_packs","docs/release/release_closeout/06_openapi_export.txt","board_packet, board_oversight","False"
"board_packs","docs/release/release_closeout/api_schema.yaml","board pack, board_packet","False"
"board_packs","docs/release/release_closeout/openapi/01_spectacular_export.txt","board_packet, board_oversight","False"
"board_packs","docs/release/release_closeout/openapi/api_schema.yaml","board pack, board_packet","False"
"board_packs","docs/release/release_closeout/openapi/crown-openapi.yaml","board pack, board_packet","False"
"board_packs","docs/release/release_closeout/runtime/04_runtime_probe.txt","board_packet, board_oversight","False"
"board_packs","docs/status/CROWN_MAGUS_COVERAGE_MATRIX.md","board pack, board_oversight","False"
"analytics_rollups","backend/requirements.txt","analytics","False"
"analytics_rollups","backend/_spectacular_after_priority_fix.txt","aggregate, rollup, analytics","False"
"analytics_rollups","backend/_spectacular_latest.txt","analytics","False"
"analytics_rollups","backend/_spectacular_now.txt","aggregate, rollup, analytics","False"
"analytics_rollups","backend/academics/assignments_views.py","aggregate","False"
"analytics_rollups","backend/academics/transcript_views.py","aggregate","False"
"analytics_rollups","backend/advancement/api.py","aggregate","False"
"analytics_rollups","backend/advancement/serializers_stage3.py","aggregate","False"
"analytics_rollups","backend/aftercare/api.py","aggregate","False"
"analytics_rollups","backend/aid/api_views.py","aggregate","False"
"analytics_rollups","backend/analytics/api_health.py","analytics","False"
"analytics_rollups","backend/analytics/apps.py","analytics","False"
"analytics_rollups","backend/analytics/models.py","analytics","False"
"analytics_rollups","backend/analytics/models_customer_health.py","analytics","False"
"analytics_rollups","backend/analytics/predictors.py","analytics","False"
"analytics_rollups","backend/analytics/services_health.py","analytics","False"
"analytics_rollups","backend/analytics/tasks.py","analytics","False"
"analytics_rollups","backend/analytics/__init__.py","analytics","False"
"analytics_rollups","backend/analytics/migrations/0001_initial.py","analytics","False"
"analytics_rollups","backend/analytics/migrations/0002_predictivemodelrun.py","analytics","False"
"analytics_rollups","backend/analytics/migrations/__init__.py","analytics","False"
"analytics_rollups","backend/analytics/tests/test_predictor_integrations.py","analytics","True"
"analytics_rollups","backend/billing/api.py","aggregate","False"
"analytics_rollups","backend/board_oversight/api_governance.py","aggregate, analytics","False"
"analytics_rollups","backend/board_oversight/models.py","aggregate","False"
"analytics_rollups","backend/board_oversight/services.py","aggregate","False"
"analytics_rollups","backend/board_oversight/views.py","aggregate","False"
"analytics_rollups","backend/crown_api/api_urls.py","analytics, dashboard metrics","False"
"analytics_rollups","backend/crown_api/director_views.py","aggregate","False"
"analytics_rollups","backend/crown_api/financial_aid_views.py","aggregate","False"
"analytics_rollups","backend/crown_api/metrics_views.py","aggregate, dashboard metrics","False"
"analytics_rollups","backend/crown_api/ops_views.py","aggregate","False"
"analytics_rollups","backend/crown_api/services_food.py","aggregate","False"
"analytics_rollups","backend/crown_api/settings.py","analytics","False"
"analytics_rollups","backend/crown_api/views_billing.py","aggregate","False"
"analytics_rollups","backend/crown_api/billing_api/views.py","aggregate","False"
"analytics_rollups","backend/crown_api/dashboards/finance.py","aggregate","False"
"analytics_rollups","backend/crown_api/dashboards/summary.py","aggregate","False"
"analytics_rollups","backend/finance/admin.py","aggregate","False"
"analytics_rollups","backend/financial_aid/api.py","aggregate","False"
"analytics_rollups","backend/financial_aid/views.py","aggregate","False"
"analytics_rollups","backend/financial_aid/workflows.py","aggregate, analytics","False"
"analytics_rollups","backend/governance/openapi.py","rollup","False"
"analytics_rollups","backend/governance/services.py","aggregate, analytics","False"
"analytics_rollups","backend/gradebook/views.py","aggregate","False"
"analytics_rollups","backend/gradebook/migrations/0003_populate_assignment_fk.py","aggregate","False"
"analytics_rollups","backend/graduation/services.py","aggregate","False"
"analytics_rollups","backend/ledger/api.py","aggregate","False"
"analytics_rollups","backend/ledger/api_finance.py","aggregate, rollup","False"
"analytics_rollups","backend/ledger/models.py","aggregate","False"
"analytics_rollups","backend/ledger/services.py","aggregate","False"
"analytics_rollups","backend/ledger/services_reconciliation.py","aggregate","False"
"analytics_rollups","backend/outreach/api/views.py","aggregate","False"
"analytics_rollups","backend/parent360/api/views.py","aggregate","False"
"analytics_rollups","backend/pdhub/api.py","aggregate","False"
"analytics_rollups","backend/portrait/services.py","aggregate","False"
"analytics_rollups","backend/servicehours/api/views.py","aggregate","False"
"analytics_rollups","backend/signals/models.py","aggregate","False"
"analytics_rollups","backend/spiritual_life/services.py","aggregate","False"
"analytics_rollups","backend/student360/api/views.py","aggregate","False"
"analytics_rollups","backend/student_records/services.py","aggregate","False"
"analytics_rollups","backend/subscriptions/models.py","analytics","False"
"analytics_rollups","backend/subscriptions/management/commands/seed_plans.py","analytics","False"
"analytics_rollups","frontend/dashboards/package-lock.json","rollup","False"
"analytics_rollups","frontend/dashboards/.mypy_cache/3.12/django/contrib/admin/filters.data.json","aggregate","False"
"analytics_rollups","frontend/dashboards/.mypy_cache/3.12/django/contrib/admin/filters.meta.json","aggregate","False"
"analytics_rollups","frontend/dashboards/.mypy_cache/3.12/django/db/backends/base/features.data.json","aggregate","False"
"analytics_rollups","frontend/dashboards/.mypy_cache/3.12/django/db/models/aggregates.data.json","aggregate","False"
"analytics_rollups","frontend/dashboards/.mypy_cache/3.12/django/db/models/aggregates.meta.json","aggregate","False"
"analytics_rollups","frontend/dashboards/.mypy_cache/3.12/django/db/models/expressions.data.json","aggregate","False"
"analytics_rollups","frontend/dashboards/.mypy_cache/3.12/django/db/models/manager.data.json","aggregate","False"
"analytics_rollups","frontend/dashboards/.mypy_cache/3.12/django/db/models/query.data.json","aggregate","False"
"analytics_rollups","frontend/dashboards/.mypy_cache/3.12/django/db/models/__init__.data.json","aggregate","False"
"analytics_rollups","frontend/dashboards/.mypy_cache/3.12/django/db/models/__init__.meta.json","aggregate","False"
"analytics_rollups","frontend/dashboards/.mypy_cache/3.12/django/db/models/sql/compiler.data.json","aggregate","False"
"analytics_rollups","frontend/dashboards/.mypy_cache/3.12/django/db/models/sql/query.data.json","aggregate","False"
"analytics_rollups","frontend/dashboards/.mypy_cache/3.12/django/db/models/sql/subqueries.data.json","aggregate","False"
"analytics_rollups","frontend/dashboards/.mypy_cache/3.12/django/db/models/sql/where.data.json","aggregate","False"
"analytics_rollups","frontend/dashboards/.mypy_cache/3.12/django/db/models/sql/__init__.data.json","aggregate","False"
"analytics_rollups","frontend/dashboards/.mypy_cache/3.12/redis/cluster.data.json","aggregate","False"
"analytics_rollups","frontend/dashboards/.mypy_cache/3.12/redis/asyncio/cluster.data.json","aggregate","False"
"analytics_rollups","frontend/dashboards/.mypy_cache/3.12/redis/commands/core.data.json","aggregate","False"
"analytics_rollups","frontend/dashboards/.mypy_cache/3.12/redis/commands/search/aggregation.data.json","aggregate","False"
"analytics_rollups","frontend/dashboards/.mypy_cache/3.12/redis/commands/search/commands.data.json","aggregate","False"
"analytics_rollups","frontend/dashboards/.mypy_cache/3.12/redis/commands/search/__init__.data.json","aggregate","False"
"analytics_rollups","frontend/dashboards/.mypy_cache/3.12/sentry_sdk/sessions.data.json","aggregate","False"
"analytics_rollups","frontend/dashboards/src/api/financialAid.js","aggregate","False"
"analytics_rollups","frontend/dashboards/src/entitlements/EntitlementGate.tsx","analytics","False"
"analytics_rollups","frontend/dashboards/src/entitlements/entitlements.ts","analytics","False"
"analytics_rollups","frontend/dashboards/src/features/aid/pages/AidMetricsDashboardPage.tsx","aggregate","False"
"analytics_rollups","frontend/dashboards/src/features/governance/api/governance.ts","analytics","False"
"analytics_rollups","frontend/dashboards/src/features/governance/pages/GovernanceDashboardPage.jsx","rollup","False"
"analytics_rollups","frontend/dashboards/src/hooks/useDashboardHome.js","dashboard metrics","False"
"analytics_rollups","frontend/dashboards/src/pages/AthleticsDashboard.jsx","aggregate","False"
"analytics_rollups","frontend/dashboards/src/pages/FoodDashboard.jsx","aggregate","False"
"analytics_rollups","frontend/dashboards/src/pages/LoginPage.jsx","analytics","False"
"analytics_rollups","frontend/dashboards/src/pages/MarketingDashboard.jsx","analytics","False"
"analytics_rollups","docs/admissions-enrollment-final-sprint.md","analytics","False"
"analytics_rollups","docs/CROWN_ARCHITECTURE_CANON.md","analytics, dashboard metrics","False"
"analytics_rollups","docs/CROWN_LAYER_C_SCOPING_MATRIX.md","aggregate, analytics","False"
"analytics_rollups","docs/DIRECTOR_FRAMEWORK_CONTRACT.md","aggregate","False"
"analytics_rollups","docs/MODULE_COMPLETION_MATRIX.md","aggregate, analytics","False"
"analytics_rollups","docs/MODULE_INVENTORY.md","aggregate","False"
"analytics_rollups","docs/module_status_matrix.csv","aggregate","False"
"analytics_rollups","docs/PRODUCTION_STATUS_MATRIX.md","aggregate","False"
"analytics_rollups","docs/api/FINANCIAL_AID_API_CONTRACT.md","aggregate","False"
"analytics_rollups","docs/architecture/SYSTEM_OVERVIEW.md","analytics","False"
"analytics_rollups","docs/certification/BLOCKER_LEDGER.md","aggregate","False"
"analytics_rollups","docs/completion/00-CURRENT-TRUTH.md","aggregate","False"
"analytics_rollups","docs/completion/02-MODULE-ACCEPTANCE-MATRIX.md","rollup","False"
"analytics_rollups","docs/completion/03-BLOCKER-LEDGER.md","aggregate","False"
"analytics_rollups","docs/completion/09-OPEN-QUESTIONS.md","rollup","False"
"analytics_rollups","docs/demo/DEMO_SCRIPT_CURRICULUM_SEGMENT.md","analytics","False"
"analytics_rollups","docs/maps/CROWN_MAGUS_SPRINT_MAP.md","aggregate, analytics","False"
"analytics_rollups","docs/maps/LANE3_ATTENDANCE_MAP.txt","aggregate","False"
"analytics_rollups","docs/openapi/attendance.openapi.yaml","aggregate","False"
"analytics_rollups","docs/openapi/billing_finance.openapi.yaml","aggregate","False"
"analytics_rollups","docs/openapi/crown-openapi-current.yaml","aggregate, rollup, analytics","False"
"analytics_rollups","docs/openapi/crown-openapi-validated.yaml","aggregate, rollup, analytics","False"
"analytics_rollups","docs/openapi/crown-openapi.yaml","aggregate, rollup, analytics","False"
"analytics_rollups","docs/openapi/discipline.openapi.yaml","dashboard metrics","False"
"analytics_rollups","docs/release/BUYER_POSITIONING_NOTES.md","analytics","False"
"analytics_rollups","docs/release/LIVE_BACKEND_VERIFICATION.json","analytics","False"
"analytics_rollups","docs/release/LIVE_BACKEND_VERIFICATION.md","analytics","False"
"analytics_rollups","docs/release/LIVE_REPORTING_EXPORT_AUDIT.json","aggregate, rollup, analytics, dashboard metrics","False"
"analytics_rollups","docs/release/LIVE_REPORTING_EXPORT_AUDIT.md","rollup, analytics","False"
"analytics_rollups","docs/release/MODULE_INVENTORY.md","aggregate","False"
"analytics_rollups","docs/release/advanced_board_reporting_closeout/07_metrics_reconciliation.md","rollup","False"
"analytics_rollups","docs/release/advanced_board_reporting_closeout/10_final_closeout_report.md","rollup","False"
"analytics_rollups","docs/release/crown_compass_closeout/CLOSEOUT_REPORT.md","analytics","False"
"analytics_rollups","docs/release/crown_compass_closeout/frontend_build.txt","rollup","False"
"analytics_rollups","docs/release/crown_solomon_closeout/ui_build_latest.txt","rollup","False"
"analytics_rollups","docs/release/crown_solomon_closeout/content/crown_solomon_seed_content.md","aggregate","False"
"analytics_rollups","docs/release/food_services_closeout/01_scope_and_gap_lock.md","dashboard metrics","False"
"analytics_rollups","docs/release/live-audit/phase1/phase1_backend_module_inventory.csv","analytics","False"
"analytics_rollups","docs/release/live-audit/phase1/phase1_live_repo_baseline.md","analytics","False"
"analytics_rollups","docs/release/live-audit/phase4/phase4_backend_app_inventory.csv","analytics","False"
"analytics_rollups","docs/release/live-audit/phase4/phase4_backend_test_inventory.csv","analytics","True"
"analytics_rollups","docs/release/live-audit/phase4/phase4_backend_verification_and_django_proof.md","analytics","False"
"analytics_rollups","docs/release/live-audit/phase4/phase4_manage_check_deploy.txt","analytics","False"
"analytics_rollups","docs/release/live-audit/phase4/phase4_showmigrations.txt","analytics","False"
"analytics_rollups","docs/release/live-audit/phase4/phase4_url_surface_scan.txt","analytics","False"
"analytics_rollups","docs/release/live-audit/phase7/phase7_runtime_api_url_scan.txt","analytics","False"
"analytics_rollups","docs/release/live-audit/phase8/phase8_build_frontend_dashboards_node_modules_rollup.txt","rollup","False"
"analytics_rollups","docs/release/live-audit/phase9/phase9_reporting_export_area_status.csv","rollup, analytics","False"
"analytics_rollups","docs/release/live-audit/phase9/phase9_reporting_export_hits.csv","aggregate, rollup, analytics, dashboard metrics","False"
"analytics_rollups","docs/release/live-audit/phase9/phase9_reporting_export_pdf_transcript_gap_audit.md","rollup, analytics","False"
"analytics_rollups","docs/release/pd_hub_closeout/00_execution_tracker.md","rollup","False"
"analytics_rollups","docs/release/portrait_of_the_graduate_closeout/01_scope_and_gap_lock.md","rollup","False"
"analytics_rollups","docs/release/release_closeout/01_scope_and_gap_lock.md","analytics","False"
"analytics_rollups","docs/release/release_closeout/04_gap_disposition.md","analytics","False"
"analytics_rollups","docs/release/release_closeout/05_migrate_output.txt","analytics","False"
"analytics_rollups","docs/release/release_closeout/06_openapi_export.txt","analytics","False"
"analytics_rollups","docs/release/release_closeout/11_product_gap_closeout.md","rollup, analytics","False"
"analytics_rollups","docs/release/release_closeout/api_schema.yaml","aggregate, rollup, analytics","False"
"analytics_rollups","docs/release/release_closeout/openapi/01_spectacular_export.txt","analytics","False"
"analytics_rollups","docs/release/release_closeout/openapi/api_schema.yaml","aggregate, rollup, analytics","False"
"analytics_rollups","docs/release/release_closeout/openapi/crown-openapi.yaml","aggregate, rollup, analytics","False"
"analytics_rollups","docs/release/release_closeout/runtime/04_runtime_probe.txt","analytics","False"
"analytics_rollups","docs/release/service_outreach_closeout/CLOSEOUT_REPORT.md","aggregate, rollup","False"
"analytics_rollups","docs/release/volunteer_family_engagement_closeout/02_truth_layer_proof.md","aggregate","False"
"analytics_rollups","docs/specs/DASHBOARDS_PHASE_A_SPEC.md","aggregate","False"
"analytics_rollups","docs/spine/CHECKPOINT_GRADEBOOK_DEMO_READY.md","aggregate","False"
"analytics_rollups","docs/status/CROWN_MAGUS_COVERAGE_MATRIX.md","rollup, analytics, dashboard metrics","False"
