"Type","File","Line","Text"
"Dashboard","frontend\dashboards\src\api\admissions.js","52","export function fetchAdmissionsMetrics(params = {}) {"
"Dashboard","frontend\dashboards\src\api\admissions.js","53","return fetchAdmissionsEndpoint(""/api/admissions/metrics/"", params);"
"Dashboard","frontend\dashboards\src\api\boardApi.js","1","// frontend/dashboards/src/api/boardApi.js"
"Dashboard","frontend\dashboards\src\api\boardApi.js","3","// The existing BoardDashboard.jsx uses its own self-contained fetch;"
"Dashboard","frontend\dashboards\src\api\boardApi.js","11","fetchMetrics: () =>"
"Dashboard","frontend\dashboards\src\api\boardApi.js","12","request(""/api/v1/board/metrics/""),"
"Dashboard","frontend\dashboards\src\api\boardApi.js","14","fetchDashboard: () =>"
"Dashboard","frontend\dashboards\src\api\boardApi.js","15","request(""/api/v1/board/dashboard/""),"
"Dashboard","frontend\dashboards\src\api\dashboardClient.js","95","`Dashboard request failed with status ${response.status}.`"
"Dashboard","frontend\dashboards\src\api\dashboardClient.js","105","export async function dashboardFetch(path, options = {}) {"
"Dashboard","frontend\dashboards\src\api\dashboards.js","2","* dashboards.js ? API client for the Crown unified dashboard API."
"Dashboard","frontend\dashboards\src\api\dashboards.js","33","* GET /api/dashboards/me/"
"Dashboard","frontend\dashboards\src\api\dashboards.js","36","export async function fetchDashboardMe(schoolId, role) {"
"Dashboard","frontend\dashboards\src\api\dashboards.js","37","return httpJson(""/api/dashboards/me/"", {"
"Dashboard","frontend\dashboards\src\api\dashboards.js","45","* GET /api/dashboards/summary/"
"Dashboard","frontend\dashboards\src\api\dashboards.js","46","* Returns { role, school_id, generated_at, widgets: DashboardWidget[] }"
"Dashboard","frontend\dashboards\src\api\dashboards.js","48","export async function fetchDashboardSummary(schoolId, role) {"
"Dashboard","frontend\dashboards\src\api\dashboards.js","49","return httpJson(""/api/dashboards/summary/"", {"
"Dashboard","frontend\dashboards\src\api\dashboards.js","57","* GET /api/dashboards/drilldown/?widget=<key>"
"Dashboard","frontend\dashboards\src\api\dashboards.js","58","* Returns { widget, school_id, page, has_more, rows }"
"Dashboard","frontend\dashboards\src\api\dashboards.js","60","export async function fetchDashboardDrilldown(widgetKey, schoolId, role) {"
"Dashboard","frontend\dashboards\src\api\dashboards.js","61","const params = new URLSearchParams({ widget: widgetKey });"
"Dashboard","frontend\dashboards\src\api\dashboards.js","62","return httpJson(`/api/dashboards/drilldown/?${params}`, {"
"Dashboard","frontend\dashboards\src\api\dashboards.js","70","* GET /api/dashboards/alerts/"
"Dashboard","frontend\dashboards\src\api\dashboards.js","71","* Returns { school_id, generated_at, alerts: DashboardAlert[] }"
"Dashboard","frontend\dashboards\src\api\dashboards.js","73","export async function fetchDashboardAlerts(schoolId, role) {"
"Dashboard","frontend\dashboards\src\api\dashboards.js","74","return httpJson(""/api/dashboards/alerts/"", {"
"Dashboard","frontend\dashboards\src\api\finance.js","21","export function fetchFinanceMetrics(params = {}) {"
"Dashboard","frontend\dashboards\src\api\finance.js","22","return apiGet(`/api/v1/finance/metrics/${buildQuery(params)}`);"
"Dashboard","frontend\dashboards\src\api\finance.js","26","return apiGet(`/api/v1/dashboards/finance/summary/${buildQuery(params)}`);"
"Dashboard","frontend\dashboards\src\auth\AuthProvider.jsx","1","// frontend/dashboards/src/auth/AuthProvider.jsx"
"Dashboard","frontend\dashboards\src\auth\msalConfig.js","1","// frontend/dashboards/src/auth/msalConfig.js"
"Dashboard","frontend\dashboards\src\auth\permissions.js","2","DASHBOARD_VIEW: 'dashboard.view',"
"Dashboard","frontend\dashboards\src\auth\permissions.js","41","APP_PERMISSIONS.DASHBOARD_VIEW,"
"Dashboard","frontend\dashboards\src\auth\permissions.js","52","APP_PERMISSIONS.DASHBOARD_VIEW,"
"Dashboard","frontend\dashboards\src\auth\permissions.js","61","APP_PERMISSIONS.DASHBOARD_VIEW,"
"Dashboard","frontend\dashboards\src\auth\permissions.js","70","APP_PERMISSIONS.DASHBOARD_VIEW,"
"Dashboard","frontend\dashboards\src\auth\permissions.js","79","APP_PERMISSIONS.DASHBOARD_VIEW,"
"Dashboard","frontend\dashboards\src\auth\permissions.js","84","APP_PERMISSIONS.DASHBOARD_VIEW,"
"Dashboard","frontend\dashboards\src\auth\permissions.js","89","APP_PERMISSIONS.DASHBOARD_VIEW,"
"Dashboard","frontend\dashboards\src\auth\permissions.js","93","APP_PERMISSIONS.DASHBOARD_VIEW,"
"Dashboard","frontend\dashboards\src\auth\RequireAuth.jsx","1","// frontend/dashboards/src/auth/RequireAuth.jsx"
"Dashboard","frontend\dashboards\src\auth\RequireAuth.jsx","6","//   <Route path=""/dash/:role"" element={<RequireAuth><RoleDashboardPage /></RequireAuth>} />"
"Dashboard","frontend\dashboards\src\auth\useApiToken.js","1","// frontend/dashboards/src/auth/useApiToken.js"
"Dashboard","frontend\dashboards\src\components\BoardTrends.jsx","4","* Board KPI trend chart (tabular for now; wire to recharts if desired)."
"Dashboard","frontend\dashboards\src\components\BoardTrends.jsx","35","<section aria-label=""Board KPI Trends"">"
"Dashboard","frontend\dashboards\src\components\BoardTrends.jsx","36","<h3>Board KPI Trends</h3>"
"Dashboard","frontend\dashboards\src\components\BoardTrends.jsx","38","<p>No trend data yet. KPI snapshots will appear here once recorded.</p>"
"Dashboard","frontend\dashboards\src\components\BoardTrends.jsx","40","<table aria-label=""Monthly KPI trend table"" style={{ borderCollapse: ""collapse"", width: ""100%"" }}>"
"Dashboard","frontend\dashboards\src\components\FinanceKPI.jsx","5","* Stage 2 ? Finance KPI Widget"
"Dashboard","frontend\dashboards\src\components\FinanceKPI.jsx","9","*   GET /api/v1/finance/kpis/"
"Dashboard","frontend\dashboards\src\components\FinanceKPI.jsx","16","export default function FinanceKPI({ schoolId, className = """" }) {"
"Dashboard","frontend\dashboards\src\components\FinanceKPI.jsx","17","const [kpis, setKpis] = useState(null);"
"Dashboard","frontend\dashboards\src\components\FinanceKPI.jsx","26","const [kpiData, cbData] = await Promise.all(["
"Dashboard","frontend\dashboards\src\components\FinanceKPI.jsx","27","apiFetch(""/api/v1/finance/kpis/"", { schoolId }),"
"Dashboard","frontend\dashboards\src\components\FinanceKPI.jsx","30","setKpis(kpiData);"
"Dashboard","frontend\dashboards\src\components\FinanceKPI.jsx","45","<div className={`finance-kpi-card ${className}`} aria-busy=""true"">"
"Dashboard","frontend\dashboards\src\components\FinanceKPI.jsx","53","<div className={`finance-kpi-card finance-kpi-card--error ${className}`} role=""alert"">"
"Dashboard","frontend\dashboards\src\components\FinanceKPI.jsx","59","const recon = kpis?.reconciliation ?? {};"
"Dashboard","frontend\dashboards\src\components\FinanceKPI.jsx","64","className={`finance-kpi-card ${className}`}"
"Dashboard","frontend\dashboards\src\components\FinanceKPI.jsx","65","aria-label=""Finance KPI Summary"""
"Dashboard","frontend\dashboards\src\components\FinanceKPI.jsx","67","<h2 className=""finance-kpi-card__title"">Finance Summary</h2>"
"Dashboard","frontend\dashboards\src\components\FinanceKPI.jsx","69","<dl className=""finance-kpi-card__grid"">"
"Dashboard","frontend\dashboards\src\components\FinanceKPI.jsx","71","<div className=""finance-kpi-card__stat"">"
"Dashboard","frontend\dashboards\src\components\FinanceKPI.jsx","73","<dd aria-label={`$${kpis?.total_successful_payments?.toLocaleString()}`}>"
"Dashboard","frontend\dashboards\src\components\FinanceKPI.jsx","74","${kpis?.total_successful_payments?.toLocaleString(""en-US"", {"
"Dashboard","frontend\dashboards\src\components\FinanceKPI.jsx","81","<div className=""finance-kpi-card__stat"">"
"Dashboard","frontend\dashboards\src\components\FinanceKPI.jsx","84","${kpis?.net_revenue?.toLocaleString(""en-US"", {"
"Dashboard","frontend\dashboards\src\components\FinanceKPI.jsx","91","<div className=""finance-kpi-card__stat"">"
"Dashboard","frontend\dashboards\src\components\FinanceKPI.jsx","94","className={reconMatch ? ""kpi--ok"" : ""kpi--warn""}"
"Dashboard","frontend\dashboards\src\components\FinanceKPI.jsx","110","<div className=""finance-kpi-card__stat"">"
"Dashboard","frontend\dashboards\src\components\FinanceKPI.jsx","113","className={chargebacks?.open_cases > 0 ? ""kpi--warn"" : ""kpi--ok""}"
"Dashboard","frontend\dashboards\src\components\FinanceKPI.jsx","118","<span className=""kpi--subtext"">"
"Dashboard","frontend\dashboards\src\components\FinanceKPI.jsx","130","className=""finance-kpi-card__refresh"""
"Dashboard","frontend\dashboards\src\components\OpsCommandCenter.jsx","143","{a.metric && ("
"Dashboard","frontend\dashboards\src\components\OpsCommandCenter.jsx","145","metric: {a.metric} ? value: {JSON.stringify(a.value)} ? threshold: {JSON.stringify(a.threshold)}"
"Dashboard","frontend\dashboards\src\components\board\AftercareBoardCard.jsx","4","import BoardKpiTile from ""./BoardKpiTile.jsx"";"
"Dashboard","frontend\dashboards\src\components\board\AftercareBoardCard.jsx","38","<BoardCard title=""Aftercare ? Monthly Dashboard"" subtitle={`As of ${data.as_of}`}>"
"Dashboard","frontend\dashboards\src\components\board\AftercareBoardCard.jsx","41","<BoardKpiTile label=""Active Enrollment"" value={data.active_enrollment} />"
"Dashboard","frontend\dashboards\src\components\board\AftercareBoardCard.jsx","44","<BoardKpiTile label=""Sessions MTD"" value={data.sessions_mtd} />"
"Dashboard","frontend\dashboards\src\components\board\AftercareBoardCard.jsx","47","<BoardKpiTile label=""Late Pickups MTD"" value={data.late_pickups_mtd} />"
"Dashboard","frontend\dashboards\src\components\board\AftercareBoardCard.jsx","50","<BoardKpiTile label=""Incidents MTD"" value={data.incidents_mtd} />"
"Dashboard","frontend\dashboards\src\components\board\AftercareBoardCard.jsx","53","<BoardKpiTile"
"Dashboard","frontend\dashboards\src\components\board\BoardCompassCard.jsx","8","*   compass  ? BoardExecutiveMetric object from /api/v1/signals/board/compass/"
"Dashboard","frontend\dashboards\src\components\board\BoardKpiTile.jsx","3","export default function BoardKpiTile({ label, value, meta }) {"
"Dashboard","frontend\dashboards\src\components\board\index.js","1","export { default as BoardKpiTile } from ""./BoardKpiTile"";"
"Dashboard","frontend\dashboards\src\components\crown\CrownDashboardFrame.tsx","4","type CrownDashboardFrameProps = {"
"Dashboard","frontend\dashboards\src\components\crown\CrownDashboardFrame.tsx","12","export function CrownDashboardFrame({"
"Dashboard","frontend\dashboards\src\components\crown\CrownDashboardFrame.tsx","18","}: CrownDashboardFrameProps) {"
"Dashboard","frontend\dashboards\src\components\crown\CrownGrid.jsx","7","*     <Col span={3}><CrownMetricCard ... /></Col>"
"Dashboard","frontend\dashboards\src\components\crown\CrownKpiCard.tsx","3","type CrownKpiCardProps = {"
"Dashboard","frontend\dashboards\src\components\crown\CrownKpiCard.tsx","10","export function CrownKpiCard({"
"Dashboard","frontend\dashboards\src\components\crown\CrownKpiCard.tsx","15","}: CrownKpiCardProps) {"
"Dashboard","frontend\dashboards\src\components\crown\CrownKpiCard.tsx","20","<section className=""crown-card crown-kpi"">"
"Dashboard","frontend\dashboards\src\components\crown\CrownKpiCard.tsx","22","<div className=""crown-kpi-label"">{label}</div>"
"Dashboard","frontend\dashboards\src\components\crown\CrownKpiCard.tsx","25","<div className=""crown-kpi-value"">{value}</div>"
"Dashboard","frontend\dashboards\src\components\crown\CrownKpiCard.tsx","26","{context ? <div className=""crown-kpi-context"">{context}</div> : null}"
"Dashboard","frontend\dashboards\src\components\crown\CrownMetricCard.jsx","4","* CrownMetricCard ? single KPI tile used in the top metric row."
"Dashboard","frontend\dashboards\src\components\crown\CrownMetricCard.jsx","7","*   label ? metric name (small, muted)"
"Dashboard","frontend\dashboards\src\components\crown\CrownMetricCard.jsx","11","export default function CrownMetricCard({ label, value, hint }) {"
"Dashboard","frontend\dashboards\src\components\crown\index.ts","2","export { CrownKpiCard } from ""./CrownKpiCard"";"
"Dashboard","frontend\dashboards\src\components\crown\index.ts","5","export { CrownDashboardFrame } from ""./CrownDashboardFrame"";"
"Dashboard","frontend\dashboards\src\components\crown\useCrownDashboardMetrics.js","2","* useCrownDashboardMetrics"
"Dashboard","frontend\dashboards\src\components\crown\useCrownDashboardMetrics.js","4","* Fetches KPI summary data for Finance and Admissions dashboards."
"Dashboard","frontend\dashboards\src\components\crown\useCrownDashboardMetrics.js","79","*   financeCards     4 KPI tiles for the Finance dashboard"
"Dashboard","frontend\dashboards\src\components\crown\useCrownDashboardMetrics.js","80","*   admissionsCards  4 KPI tiles for the Admissions dashboard"
"Dashboard","frontend\dashboards\src\components\crown\useCrownDashboardMetrics.js","84","export default function useCrownDashboardMetrics() {"
"Dashboard","frontend\dashboards\src\components\crown-dashboard\CrownDashboardActionGrid.jsx","3","export default function CrownDashboardActionGrid({ actions = [] }) {"
"Dashboard","frontend\dashboards\src\components\crown-dashboard\CrownDashboardActivityFeed.jsx","3","export default function CrownDashboardActivityFeed({"
"Dashboard","frontend\dashboards\src\components\crown-dashboard\CrownDashboardEmptyState.jsx","3","export default function CrownDashboardEmptyState(props) {"
"Dashboard","frontend\dashboards\src\components\crown-dashboard\CrownDashboardErrorState.jsx","3","export default function CrownDashboardErrorState(props) {"
"Dashboard","frontend\dashboards\src\components\crown-dashboard\CrownDashboardFlipCard.jsx","4","export default function CrownDashboardFlipCard({ module }) {"
"Dashboard","frontend\dashboards\src\components\crown-dashboard\CrownDashboardFlipCard.jsx","18","<h3>{module.mainKpi}</h3>"
"Dashboard","frontend\dashboards\src\components\crown-dashboard\CrownDashboardFlipCard.jsx","20","<ul className=""launch-module-kpi-list"">"
"Dashboard","frontend\dashboards\src\components\crown-dashboard\CrownDashboardFlipCard.jsx","21","{(module.kpis || []).map((kpi) => ("
"Dashboard","frontend\dashboards\src\components\crown-dashboard\CrownDashboardFlipCard.jsx","22","<li key={`${module.key}-${kpi.label}`}>"
"Dashboard","frontend\dashboards\src\components\crown-dashboard\CrownDashboardFlipCard.jsx","23","<span>{kpi.label}</span>"
"Dashboard","frontend\dashboards\src\components\crown-dashboard\CrownDashboardFlipCard.jsx","24","<strong>{kpi.value}</strong>"
"Dashboard","frontend\dashboards\src\components\crown-dashboard\CrownDashboardHeader.jsx","3","export default function CrownDashboardHeader(props) {"
"Dashboard","frontend\dashboards\src\components\crown-dashboard\CrownDashboardMetricCard.jsx","3","export default function CrownDashboardMetricCard({ label, value, detail, accent = 'blue' }) {"
"Dashboard","frontend\dashboards\src\components\crown-dashboard\CrownDashboardMetricCard.jsx","7","<CrownCard className={`launch-metric-card launch-accent-${accent}`}>"
"Dashboard","frontend\dashboards\src\components\crown-dashboard\CrownDashboardMetricCard.jsx","8","<div className=""launch-metric-toprow"">"
"Dashboard","frontend\dashboards\src\components\crown-dashboard\CrownDashboardMetricCard.jsx","9","<div className=""launch-metric-label"">{label}</div>"
"Dashboard","frontend\dashboards\src\components\crown-dashboard\CrownDashboardMetricCard.jsx","10","<div className=""launch-metric-icon-bubble"" aria-hidden=""true"">{badge || 'C'}</div>"
"Dashboard","frontend\dashboards\src\components\crown-dashboard\CrownDashboardMetricCard.jsx","12","<div className=""launch-metric-value"">{value}</div>"
"Dashboard","frontend\dashboards\src\components\crown-dashboard\CrownDashboardMetricCard.jsx","13","<div className=""launch-metric-detail"">{detail}</div>"
"Dashboard","frontend\dashboards\src\components\crown-dashboard\CrownDashboardMetricGrid.jsx","1","export default function CrownDashboardMetricGrid({ children, className = '' }) {"
"Dashboard","frontend\dashboards\src\components\crown-dashboard\CrownDashboardMetricGrid.jsx","2","const classes = ['launch-dashboard-grid', 'launch-dashboard-grid-metrics', className].filter(Boolean).join(' ');"
"Dashboard","frontend\dashboards\src\components\crown-dashboard\CrownDashboardRightRail.jsx","13","export default function CrownDashboardRightRail({ sections = [] }) {"
"Dashboard","frontend\dashboards\src\components\crown-dashboard\CrownDashboardSection.jsx","3","export default function CrownDashboardSection({ kicker = 'Overview', title, body, actions = [] }) {"
"Dashboard","frontend\dashboards\src\components\crown-dashboard\CrownDashboardShell.jsx","4","export default function CrownDashboardShell({"
"Dashboard","frontend\dashboards\src\components\crown-dashboard\CrownDashboardStatusPanel.jsx","3","export default function CrownDashboardStatusPanel({ title = 'System Status', statuses = [], kicker = 'System Status' }) {"
"Dashboard","frontend\dashboards\src\components\crown-dashboard\CrownDashboardTemplate.jsx","2","import CrownDashboardShell from './CrownDashboardShell.jsx';"
"Dashboard","frontend\dashboards\src\components\crown-dashboard\CrownDashboardTemplate.jsx","3","import CrownDashboardHeader from './CrownDashboardHeader.jsx';"
"Dashboard","frontend\dashboards\src\components\crown-dashboard\CrownDashboardTemplate.jsx","4","import CrownDashboardMetricGrid from './CrownDashboardMetricGrid.jsx';"
"Dashboard","frontend\dashboards\src\components\crown-dashboard\CrownDashboardTemplate.jsx","5","import CrownDashboardMetricCard from './CrownDashboardMetricCard.jsx';"
"Dashboard","frontend\dashboards\src\components\crown-dashboard\CrownDashboardTemplate.jsx","8","import CrownDashboardActivityFeed from './CrownDashboardActivityFeed.jsx';"
"Dashboard","frontend\dashboards\src\components\crown-dashboard\CrownDashboardTemplate.jsx","9","import CrownDashboardStatusPanel from './CrownDashboardStatusPanel.jsx';"
"Dashboard","frontend\dashboards\src\components\crown-dashboard\CrownDashboardTemplate.jsx","11","import CrownDashboardEmptyState from './CrownDashboardEmptyState.jsx';"
"Dashboard","frontend\dashboards\src\components\crown-dashboard\CrownDashboardTemplate.jsx","12","import CrownDashboardErrorState from './CrownDashboardErrorState.jsx';"
"Dashboard","frontend\dashboards\src\components\crown-dashboard\CrownDashboardTemplate.jsx","13","import CrownDashboardFlipCard from './CrownDashboardFlipCard.jsx';"
"Dashboard","frontend\dashboards\src\components\crown-dashboard\CrownDashboardTemplate.jsx","14","import CrownDashboardRightRail from './CrownDashboardRightRail.jsx';"
"Dashboard","frontend\dashboards\src\components\crown-dashboard\CrownDashboardTemplate.jsx","23","export default function CrownDashboardTemplate({ config, roleKey }) {"
"Dashboard","frontend\dashboards\src\components\crown-dashboard\CrownDashboardTemplate.jsx","25","return <CrownDashboardErrorState title=""Dashboard unavailable"" message=""Dashboard configuration is missing or invalid."" />;"
"Dashboard","frontend\dashboards\src\components\crown-dashboard\CrownDashboardTemplate.jsx","29","const metrics = Array.isArray(config.metrics) ? config.metrics : [];"
"Dashboard","frontend\dashboards\src\components\crown-dashboard\CrownDashboardTemplate.jsx","43","<CrownDashboardShell"
"Dashboard","frontend\dashboards\src\components\crown-dashboard\CrownDashboardTemplate.jsx","48","rightRail={isSchoolAdminCommandCenter ? <CrownDashboardRightRail sections={rightRailSections} /> : null}"
"Dashboard","frontend\dashboards\src\components\crown-dashboard\CrownDashboardTemplate.jsx","50","<CrownDashboardHeader"
"Dashboard","frontend\dashboards\src\components\crown-dashboard\CrownDashboardTemplate.jsx","60","<CrownDashboardMetricGrid className=""launch-dashboard-grid-metrics-admin"">"
"Dashboard","frontend\dashboards\src\components\crown-dashboard\CrownDashboardTemplate.jsx","61","{metrics.map((card) => ("
"Dashboard","frontend\dashboards\src\components\crown-dashboard\CrownDashboardTemplate.jsx","62","<CrownDashboardMetricCard key={card.label} {...card} />"
"Dashboard","frontend\dashboards\src\components\crown-dashboard\CrownDashboardTemplate.jsx","64","</CrownDashboardMetricGrid>"
"Dashboard","frontend\dashboards\src\components\crown-dashboard\CrownDashboardTemplate.jsx","66","<section className=""launch-dashboard-grid launch-dashboard-grid-primary"">"
"Dashboard","frontend\dashboards\src\components\crown-dashboard\CrownDashboardTemplate.jsx","97","<section className=""launch-dashboard-grid launch-dashboard-grid-module launch-command-grid"">"
"Dashboard","frontend\dashboards\src\components\crown-dashboard\CrownDashboardTemplate.jsx","99","<CrownDashboardFlipCard key={module.key} module={module} />"
"Dashboard","frontend\dashboards\src\components\crown-dashboard\CrownDashboardTemplate.jsx","103","<section className=""launch-dashboard-grid launch-dashboard-grid-analytics"">"
"Dashboard","frontend\dashboards\src\components\crown-dashboard\CrownDashboardTemplate.jsx","113","<CrownDashboardActivityFeed"
"Dashboard","frontend\dashboards\src\components\crown-dashboard\CrownDashboardTemplate.jsx","151","<section className=""launch-dashboard-grid launch-dashboard-grid-secondary"">"
"Dashboard","frontend\dashboards\src\components\crown-dashboard\CrownDashboardTemplate.jsx","153","<CrownDashboardStatusPanel"
"Dashboard","frontend\dashboards\src\components\crown-dashboard\CrownDashboardTemplate.jsx","158","<CrownDashboardEmptyState"
"Dashboard","frontend\dashboards\src\components\crown-dashboard\CrownDashboardTemplate.jsx","166","<CrownDashboardMetricGrid>"
"Dashboard","frontend\dashboards\src\components\crown-dashboard\CrownDashboardTemplate.jsx","167","{metrics.map((card) => ("
"Dashboard","frontend\dashboards\src\components\crown-dashboard\CrownDashboardTemplate.jsx","168","<CrownDashboardMetricCard key={card.label} {...card} />"
"Dashboard","frontend\dashboards\src\components\crown-dashboard\CrownDashboardTemplate.jsx","170","</CrownDashboardMetricGrid>"
"Dashboard","frontend\dashboards\src\components\crown-dashboard\CrownDashboardTemplate.jsx","172","<section className=""launch-dashboard-grid launch-dashboard-grid-primary"">"
"Dashboard","frontend\dashboards\src\components\crown-dashboard\CrownDashboardTemplate.jsx","179","<CrownDashboardActivityFeed"
"Dashboard","frontend\dashboards\src\components\crown-dashboard\CrownDashboardTemplate.jsx","186","<section className=""launch-dashboard-grid launch-dashboard-grid-secondary"">"
"Dashboard","frontend\dashboards\src\components\crown-dashboard\CrownDashboardTemplate.jsx","188","<CrownDashboardStatusPanel"
"Dashboard","frontend\dashboards\src\components\crown-dashboard\CrownDashboardTemplate.jsx","196","<section className=""launch-dashboard-grid launch-dashboard-grid-primary"">"
"Dashboard","frontend\dashboards\src\components\crown-dashboard\CrownDashboardTemplate.jsx","203","<CrownDashboardEmptyState"
"Dashboard","frontend\dashboards\src\components\crown-dashboard\CrownDashboardTemplate.jsx","213","<CrownDashboardErrorState title={config.errorState.title} message={config.errorState.message} />"
"Dashboard","frontend\dashboards\src\components\crown-dashboard\CrownDashboardTemplate.jsx","250","</CrownDashboardShell>"
"Dashboard","frontend\dashboards\src\components\crown-dashboard\CrownModuleSection.jsx","1","import CrownDashboardSection from './CrownDashboardSection.jsx';"
"Dashboard","frontend\dashboards\src\components\crown-dashboard\CrownModuleSection.jsx","4","return <CrownDashboardSection {...props} />;"
"Dashboard","frontend\dashboards\src\components\crown-dashboard\CrownQuickActions.jsx","1","import CrownDashboardActionGrid from './CrownDashboardActionGrid.jsx';"
"Dashboard","frontend\dashboards\src\components\crown-dashboard\CrownQuickActions.jsx","4","return <CrownDashboardActionGrid {...props} />;"
"Dashboard","frontend\dashboards\src\components\dashboard\ChartWidget.jsx","2","* ChartWidget - sparkline/donut stub for Phase A."
"Dashboard","frontend\dashboards\src\components\dashboard\ChartWidget.jsx","120","export default function ChartWidget({ widget, onExpand }) {"
"Dashboard","frontend\dashboards\src\components\dashboard\ChartWidget.jsx","121","const { title, subtitle, data, type } = widget;"
"Dashboard","frontend\dashboards\src\components\dashboard\DrilldownDrawer.jsx","2","* DrilldownDrawer - slide-in panel that shows detail rows for a widget."
"Dashboard","frontend\dashboards\src\components\dashboard\FeedWidget.jsx","2","* FeedWidget ? compact list of recent items (messages, events, alerts)."
"Dashboard","frontend\dashboards\src\components\dashboard\FeedWidget.jsx","5","export default function FeedWidget({ widget, onExpand }) {"
"Dashboard","frontend\dashboards\src\components\dashboard\FeedWidget.jsx","6","const { title, subtitle, data } = widget;"
"Dashboard","frontend\dashboards\src\components\dashboard\FlipMetricCard.jsx","4","export default function FlipMetricCard({"
"Dashboard","frontend\dashboards\src\components\dashboard\FlipWidget.jsx","2","* FlipWidget - front shows summary, back shows next-step items."
"Dashboard","frontend\dashboards\src\components\dashboard\FlipWidget.jsx","19","export default function FlipWidget({ widget, onExpand }) {"
"Dashboard","frontend\dashboards\src\components\dashboard\FlipWidget.jsx","21","const { title, subtitle, data } = widget;"
"Dashboard","frontend\dashboards\src\components\dashboard\FlipWidget.jsx","47","aria-label={`Flip ${title} widget`}"
"Dashboard","frontend\dashboards\src\components\dashboard\FlipWidget.jsx","100","<Metric label=""Good"" value={front.good} color={LEVEL_COLOR.good} />"
"Dashboard","frontend\dashboards\src\components\dashboard\FlipWidget.jsx","101","<Metric label=""Watch"" value={front.warn} color={LEVEL_COLOR.warn} />"
"Dashboard","frontend\dashboards\src\components\dashboard\FlipWidget.jsx","102","<Metric label=""Action"" value={front.bad} color={LEVEL_COLOR.bad} />"
"Dashboard","frontend\dashboards\src\components\dashboard\FlipWidget.jsx","151","function Metric({ label, value, color }) {"
"Dashboard","frontend\dashboards\src\components\dashboard\KpiCard.jsx","3","export default function KpiCard({ title, value, trend, icon, tone = 'default' }) {"
"Dashboard","frontend\dashboards\src\components\dashboard\KpiCardGrid.jsx","1","export default function KpiCardGrid({ children }) {"
"Dashboard","frontend\dashboards\src\components\dashboard\KpiFlipCard.jsx","2","* KpiFlipCard ? role-specific KPI metric tile with CSS flip."
"Dashboard","frontend\dashboards\src\components\dashboard\KpiFlipCard.jsx","5","* Back  (Crown Gold):  KPI definition text ? clickable data-source link"
"Dashboard","frontend\dashboards\src\components\dashboard\KpiFlipCard.jsx","11","*   <KpiFlipCard"
"Dashboard","frontend\dashboards\src\components\dashboard\KpiFlipCard.jsx","21","* Or use the KpiStrip helper for a full row of cards:"
"Dashboard","frontend\dashboards\src\components\dashboard\KpiFlipCard.jsx","22","*   <KpiStrip cards={[{ label, value, trend, trendUp, definition, dataSource, dataHref }, ...]} />"
"Dashboard","frontend\dashboards\src\components\dashboard\KpiFlipCard.jsx","26","/* ?? Card height (px) ? consistent across all dashboards ????????????? */"
"Dashboard","frontend\dashboards\src\components\dashboard\KpiFlipCard.jsx","29","export default function KpiFlipCard({"
"Dashboard","frontend\dashboards\src\components\dashboard\KpiFlipCard.jsx","47","aria-label={`${label}: ${value}. Click to ${flipped ? 'see metric' : 'see definition'}.`}"
"Dashboard","frontend\dashboards\src\components\dashboard\KpiFlipCard.jsx","202","/* ?? KpiStrip ?????????????????????????????????????????????????????????"
"Dashboard","frontend\dashboards\src\components\dashboard\KpiFlipCard.jsx","203","* Convenience row of KpiFlipCard tiles."
"Dashboard","frontend\dashboards\src\components\dashboard\KpiFlipCard.jsx","207","*   cards   ? array of KpiFlipCard prop objects"
"Dashboard","frontend\dashboards\src\components\dashboard\KpiFlipCard.jsx","210","export function KpiStrip({ cards = [], columns }) {"
"Dashboard","frontend\dashboards\src\components\dashboard\KpiFlipCard.jsx","223","<KpiFlipCard key={i} {...card} />"
"Dashboard","frontend\dashboards\src\components\dashboard\MetricCard.jsx","3","export default function MetricCard({ label, value, helperText, footer }) {"
"Dashboard","frontend\dashboards\src\components\dashboard\OperationalSnapshotCard.jsx","52","actionLabel = 'Open Dashboard Detail',"
"Dashboard","frontend\dashboards\src\components\dashboard\QuickActionsWidget.jsx","2","* QuickActionsWidget ? grid of fast-jump action buttons."
"Dashboard","frontend\dashboards\src\components\dashboard\QuickActionsWidget.jsx","5","export default function QuickActionsWidget({ widget }) {"
"Dashboard","frontend\dashboards\src\components\dashboard\QuickActionsWidget.jsx","6","const { title, data } = widget;"
"Dashboard","frontend\dashboards\src\components\dashboard\StatWidget.jsx","2","* StatWidget ? single KPI tile: large value + label + optional hint."
"Dashboard","frontend\dashboards\src\components\dashboard\StatWidget.jsx","3","* Extends CrownMetricCard with expand + status coloring."
"Dashboard","frontend\dashboards\src\components\dashboard\StatWidget.jsx","13","export default function StatWidget({ widget, onExpand }) {"
"Dashboard","frontend\dashboards\src\components\dashboard\StatWidget.jsx","14","const { title, subtitle, data } = widget;"
"Dashboard","frontend\dashboards\src\components\dashboard\TableWidget.jsx","2","* TableWidget ? compact data table with column headers and rows."
"Dashboard","frontend\dashboards\src\components\dashboard\TableWidget.jsx","6","export default function TableWidget({ widget, onExpand }) {"
"Dashboard","frontend\dashboards\src\components\dashboard\TableWidget.jsx","7","const { title, subtitle, data } = widget;"
"Dashboard","frontend\dashboards\src\components\dashboard\WidgetDispatcher.jsx","2","* WidgetDispatcher ? routes a DashboardWidget to the right component."
"Dashboard","frontend\dashboards\src\components\dashboard\WidgetDispatcher.jsx","3","* This is the single place to add new widget type mappings."
"Dashboard","frontend\dashboards\src\components\dashboard\WidgetDispatcher.jsx","5","import StatWidget from ""./StatWidget.jsx"";"
"Dashboard","frontend\dashboards\src\components\dashboard\WidgetDispatcher.jsx","6","import FlipWidget from ""./FlipWidget.jsx"";"
"Dashboard","frontend\dashboards\src\components\dashboard\WidgetDispatcher.jsx","7","import TableWidget from ""./TableWidget.jsx"";"
"Dashboard","frontend\dashboards\src\components\dashboard\WidgetDispatcher.jsx","8","import QuickActionsWidget from ""./QuickActionsWidget.jsx"";"
"Dashboard","frontend\dashboards\src\components\dashboard\WidgetDispatcher.jsx","9","import FeedWidget from ""./FeedWidget.jsx"";"
"Dashboard","frontend\dashboards\src\components\dashboard\WidgetDispatcher.jsx","10","import ChartWidget from ""./ChartWidget.jsx"";"
"Dashboard","frontend\dashboards\src\components\dashboard\WidgetDispatcher.jsx","12","export default function WidgetDispatcher({ widget, onExpand }) {"
"Dashboard","frontend\dashboards\src\components\dashboard\WidgetDispatcher.jsx","13","const { type } = widget;"
"Dashboard","frontend\dashboards\src\components\dashboard\WidgetDispatcher.jsx","17","return <StatWidget widget={widget} onExpand={onExpand} />;"
"Dashboard","frontend\dashboards\src\components\dashboard\WidgetDispatcher.jsx","19","return <FlipWidget widget={widget} onExpand={onExpand} />;"
"Dashboard","frontend\dashboards\src\components\dashboard\WidgetDispatcher.jsx","21","return <TableWidget widget={widget} onExpand={onExpand} />;"
"Dashboard","frontend\dashboards\src\components\dashboard\WidgetDispatcher.jsx","23","return <QuickActionsWidget widget={widget} />;"
"Dashboard","frontend\dashboards\src\components\dashboard\WidgetDispatcher.jsx","25","return <FeedWidget widget={widget} onExpand={onExpand} />;"
"Dashboard","frontend\dashboards\src\components\dashboard\WidgetDispatcher.jsx","28","return <ChartWidget widget={widget} onExpand={onExpand} />;"
"Dashboard","frontend\dashboards\src\components\dashboard\WidgetDispatcher.jsx","32","<div style={{ fontWeight: 800, marginBottom: 8 }}>{widget.title}</div>"
"Dashboard","frontend\dashboards\src\components\dashboard\WidgetDispatcher.jsx","34","{JSON.stringify(widget.data, null, 2)}"
"Dashboard","frontend\dashboards\src\components\dashboard\activities\ActivitiesSnapshotCard.jsx","4","const metrics = ["
"Dashboard","frontend\dashboards\src\components\dashboard\activities\ActivitiesSnapshotCard.jsx","20","{metrics.map((item, idx) => ("
"Dashboard","frontend\dashboards\src\components\dashboard\activities\ActivitiesSnapshotCard.jsx","30","{idx < metrics.length - 1 && <Divider />}"
"Dashboard","frontend\dashboards\src\components\dashboard\admin\AdminSnapshotCard.jsx","4","const metrics = ["
"Dashboard","frontend\dashboards\src\components\dashboard\admin\AdminSnapshotCard.jsx","21","{metrics.map((item, idx) => ("
"Dashboard","frontend\dashboards\src\components\dashboard\admin\AdminSnapshotCard.jsx","31","{idx < metrics.length - 1 && <Divider />}"
"Dashboard","frontend\dashboards\src\components\dashboard\admissions\AdmissionsSnapshotCard.jsx","4","const metrics = ["
"Dashboard","frontend\dashboards\src\components\dashboard\admissions\AdmissionsSnapshotCard.jsx","21","{metrics.map((item, idx) => ("
"Dashboard","frontend\dashboards\src\components\dashboard\admissions\AdmissionsSnapshotCard.jsx","31","{idx < metrics.length - 1 && <Divider />}"
"Dashboard","frontend\dashboards\src\components\dashboard\advancement\AdvancementSnapshotCard.jsx","4","const metrics = ["
"Dashboard","frontend\dashboards\src\components\dashboard\advancement\AdvancementSnapshotCard.jsx","21","{metrics.map((item, idx) => ("
"Dashboard","frontend\dashboards\src\components\dashboard\advancement\AdvancementSnapshotCard.jsx","31","{idx < metrics.length - 1 && <Divider />}"
"Dashboard","frontend\dashboards\src\components\dashboard\advancementops\AdvancementOpsSnapshotCard.jsx","4","const metrics = ["
"Dashboard","frontend\dashboards\src\components\dashboard\advancementops\AdvancementOpsSnapshotCard.jsx","21","{metrics.map((item, index) => ("
"Dashboard","frontend\dashboards\src\components\dashboard\advancementops\AdvancementOpsSnapshotCard.jsx","31","{index < metrics.length - 1 && <Divider />}"
"Dashboard","frontend\dashboards\src\components\dashboard\alumni\AlumniSnapshotCard.jsx","4","const metrics = ["
"Dashboard","frontend\dashboards\src\components\dashboard\alumni\AlumniSnapshotCard.jsx","21","{metrics.map((item, index) => ("
"Dashboard","frontend\dashboards\src\components\dashboard\alumni\AlumniSnapshotCard.jsx","31","{index < metrics.length - 1 && <Divider />}"
"Dashboard","frontend\dashboards\src\components\dashboard\athleticsdirector\AthleticsDirectorSnapshotCard.jsx","4","const metrics = ["
"Dashboard","frontend\dashboards\src\components\dashboard\athleticsdirector\AthleticsDirectorSnapshotCard.jsx","21","{metrics.map((item, idx) => ("
"Dashboard","frontend\dashboards\src\components\dashboard\athleticsdirector\AthleticsDirectorSnapshotCard.jsx","31","{idx < metrics.length - 1 && <Divider />}"
"Dashboard","frontend\dashboards\src\components\dashboard\board\BoardKpiPanel.jsx","20","export default function BoardKpiPanel() {"
"Dashboard","frontend\dashboards\src\components\dashboard\board\BoardKpiPanel.jsx","25","Strategic KPIs"
"Dashboard","frontend\dashboards\src\components\dashboard\board\BoardSnapshotCard.jsx","4","const metrics = ["
"Dashboard","frontend\dashboards\src\components\dashboard\board\BoardSnapshotCard.jsx","21","{metrics.map((item, idx) => ("
"Dashboard","frontend\dashboards\src\components\dashboard\board\BoardSnapshotCard.jsx","31","{idx < metrics.length - 1 && <Divider />}"
"Dashboard","frontend\dashboards\src\components\dashboard\chaplain\ChaplainSnapshotCard.jsx","4","const metrics = ["
"Dashboard","frontend\dashboards\src\components\dashboard\chaplain\ChaplainSnapshotCard.jsx","21","{metrics.map((item, index) => ("
"Dashboard","frontend\dashboards\src\components\dashboard\chaplain\ChaplainSnapshotCard.jsx","31","{index < metrics.length - 1 && <Divider />}"
"Dashboard","frontend\dashboards\src\components\dashboard\communications\CommunicationsSnapshotCard.jsx","4","const metrics = ["
"Dashboard","frontend\dashboards\src\components\dashboard\communications\CommunicationsSnapshotCard.jsx","20","{metrics.map((item, idx) => ("
"Dashboard","frontend\dashboards\src\components\dashboard\communications\CommunicationsSnapshotCard.jsx","30","{idx < metrics.length - 1 && <Divider />}"
"Dashboard","frontend\dashboards\src\components\dashboard\complianceaudit\ComplianceAuditSnapshotCard.jsx","4","const metrics = ["
"Dashboard","frontend\dashboards\src\components\dashboard\complianceaudit\ComplianceAuditSnapshotCard.jsx","21","{metrics.map((item, index) => ("
"Dashboard","frontend\dashboards\src\components\dashboard\complianceaudit\ComplianceAuditSnapshotCard.jsx","31","{index < metrics.length - 1 && <Divider />}"
"Dashboard","frontend\dashboards\src\components\dashboard\curriculumpd\CurriculumPDSnapshotCard.jsx","4","const metrics = ["
"Dashboard","frontend\dashboards\src\components\dashboard\curriculumpd\CurriculumPDSnapshotCard.jsx","21","{metrics.map((item, idx) => ("
"Dashboard","frontend\dashboards\src\components\dashboard\curriculumpd\CurriculumPDSnapshotCard.jsx","31","{idx < metrics.length - 1 && <Divider />}"
"Dashboard","frontend\dashboards\src\components\dashboard\datamigration\DataMigrationSnapshotCard.jsx","4","const metrics = ["
"Dashboard","frontend\dashboards\src\components\dashboard\datamigration\DataMigrationSnapshotCard.jsx","21","{metrics.map((item, index) => ("
"Dashboard","frontend\dashboards\src\components\dashboard\datamigration\DataMigrationSnapshotCard.jsx","31","{index < metrics.length - 1 && <Divider />}"
"Dashboard","frontend\dashboards\src\components\dashboard\extendedcare\ExtendedCareSnapshotCard.jsx","4","const metrics = ["
"Dashboard","frontend\dashboards\src\components\dashboard\extendedcare\ExtendedCareSnapshotCard.jsx","21","{metrics.map((item, idx) => ("
"Dashboard","frontend\dashboards\src\components\dashboard\extendedcare\ExtendedCareSnapshotCard.jsx","31","{idx < metrics.length - 1 && <Divider />}"
"Dashboard","frontend\dashboards\src\components\dashboard\facilities\FacilitiesSnapshotCard.jsx","4","const metrics = ["
"Dashboard","frontend\dashboards\src\components\dashboard\facilities\FacilitiesSnapshotCard.jsx","21","{metrics.map((item, idx) => ("
"Dashboard","frontend\dashboards\src\components\dashboard\facilities\FacilitiesSnapshotCard.jsx","31","{idx < metrics.length - 1 && <Divider />}"
"Dashboard","frontend\dashboards\src\components\dashboard\finearts\FineArtsSnapshotCard.jsx","4","const metrics = ["
"Dashboard","frontend\dashboards\src\components\dashboard\finearts\FineArtsSnapshotCard.jsx","21","{metrics.map((item, idx) => ("
"Dashboard","frontend\dashboards\src\components\dashboard\finearts\FineArtsSnapshotCard.jsx","31","{idx < metrics.length - 1 && <Divider />}"
"Dashboard","frontend\dashboards\src\components\dashboard\foodservice\FoodServiceSnapshotCard.jsx","4","const metrics = ["
"Dashboard","frontend\dashboards\src\components\dashboard\foodservice\FoodServiceSnapshotCard.jsx","21","{metrics.map((item, idx) => ("
"Dashboard","frontend\dashboards\src\components\dashboard\foodservice\FoodServiceSnapshotCard.jsx","31","{idx < metrics.length - 1 && <Divider />}"
"Dashboard","frontend\dashboards\src\components\dashboard\gradebook\GradebookSnapshotCard.jsx","4","const metrics = ["
"Dashboard","frontend\dashboards\src\components\dashboard\gradebook\GradebookSnapshotCard.jsx","20","{metrics.map((item, idx) => ("
"Dashboard","frontend\dashboards\src\components\dashboard\gradebook\GradebookSnapshotCard.jsx","30","{idx < metrics.length - 1 && <Divider />}"
"Dashboard","frontend\dashboards\src\components\dashboard\healthoffice\HealthOfficeSnapshotCard.jsx","4","const metrics = ["
"Dashboard","frontend\dashboards\src\components\dashboard\healthoffice\HealthOfficeSnapshotCard.jsx","21","{metrics.map((item, idx) => ("
"Dashboard","frontend\dashboards\src\components\dashboard\healthoffice\HealthOfficeSnapshotCard.jsx","31","{idx < metrics.length - 1 && <Divider />}"
"Dashboard","frontend\dashboards\src\components\dashboard\hr\HRSnapshotCard.jsx","4","const metrics = ["
"Dashboard","frontend\dashboards\src\components\dashboard\hr\HRSnapshotCard.jsx","21","{metrics.map((item, idx) => ("
"Dashboard","frontend\dashboards\src\components\dashboard\hr\HRSnapshotCard.jsx","31","{idx < metrics.length - 1 && <Divider />}"
"Dashboard","frontend\dashboards\src\components\dashboard\implementationsuccess\ImplementationSuccessSnapshotCard.jsx","4","const metrics = ["
"Dashboard","frontend\dashboards\src\components\dashboard\implementationsuccess\ImplementationSuccessSnapshotCard.jsx","21","{metrics.map((item, index) => ("
"Dashboard","frontend\dashboards\src\components\dashboard\implementationsuccess\ImplementationSuccessSnapshotCard.jsx","31","{index < metrics.length - 1 && <Divider />}"
"Dashboard","frontend\dashboards\src\components\dashboard\integrationsautomation\IntegrationsAutomationSnapshotCard.jsx","4","const metrics = ["
"Dashboard","frontend\dashboards\src\components\dashboard\integrationsautomation\IntegrationsAutomationSnapshotCard.jsx","21","{metrics.map((item, index) => ("
"Dashboard","frontend\dashboards\src\components\dashboard\integrationsautomation\IntegrationsAutomationSnapshotCard.jsx","31","{index < metrics.length - 1 && <Divider />}"
"Dashboard","frontend\dashboards\src\components\dashboard\itsupport\ITSupportSnapshotCard.jsx","4","const metrics = ["
"Dashboard","frontend\dashboards\src\components\dashboard\itsupport\ITSupportSnapshotCard.jsx","21","{metrics.map((item, idx) => ("
"Dashboard","frontend\dashboards\src\components\dashboard\itsupport\ITSupportSnapshotCard.jsx","31","{idx < metrics.length - 1 && <Divider />}"
"Dashboard","frontend\dashboards\src\components\dashboard\librarymedia\LibraryMediaSnapshotCard.jsx","4","const metrics = ["
"Dashboard","frontend\dashboards\src\components\dashboard\librarymedia\LibraryMediaSnapshotCard.jsx","21","{metrics.map((item, idx) => ("
"Dashboard","frontend\dashboards\src\components\dashboard\librarymedia\LibraryMediaSnapshotCard.jsx","31","{idx < metrics.length - 1 && <Divider />}"
"Dashboard","frontend\dashboards\src\components\dashboard\master\MasterControlActivityFeedCard.jsx","6","{ title: 'Support dashboard refreshed', meta: 'Today' },"
"Dashboard","frontend\dashboards\src\components\dashboard\master\MasterControlPrioritiesPanel.jsx","8","'Review adoption metrics by school',"
"Dashboard","frontend\dashboards\src\components\dashboard\mastercontrol\MasterControlSnapshotCard.jsx","4","const metrics = ["
"Dashboard","frontend\dashboards\src\components\dashboard\mastercontrol\MasterControlSnapshotCard.jsx","21","{metrics.map((item, idx) => ("
"Dashboard","frontend\dashboards\src\components\dashboard\mastercontrol\MasterControlSnapshotCard.jsx","31","{idx < metrics.length - 1 && <Divider />}"
"Dashboard","frontend\dashboards\src\components\dashboard\networkbenchmarking\NetworkBenchmarkQueueCard.jsx","5","'Update cross-school KPI comparison packet',"
"Dashboard","frontend\dashboards\src\components\dashboard\networkbenchmarking\NetworkBenchmarkSnapshotCard.jsx","4","const metrics = ["
"Dashboard","frontend\dashboards\src\components\dashboard\networkbenchmarking\NetworkBenchmarkSnapshotCard.jsx","21","{metrics.map((item, index) => ("
"Dashboard","frontend\dashboards\src\components\dashboard\networkbenchmarking\NetworkBenchmarkSnapshotCard.jsx","31","{index < metrics.length - 1 && <Divider />}"
"Dashboard","frontend\dashboards\src\components\dashboard\portraitservice\PortraitServiceSnapshotCard.jsx","4","const metrics = ["
"Dashboard","frontend\dashboards\src\components\dashboard\portraitservice\PortraitServiceSnapshotCard.jsx","21","{metrics.map((item, index) => ("
"Dashboard","frontend\dashboards\src\components\dashboard\portraitservice\PortraitServiceSnapshotCard.jsx","31","{index < metrics.length - 1 && <Divider />}"
"Dashboard","frontend\dashboards\src\components\dashboard\releasereliability\ReleaseReliabilitySnapshotCard.jsx","4","const metrics = ["
"Dashboard","frontend\dashboards\src\components\dashboard\releasereliability\ReleaseReliabilitySnapshotCard.jsx","21","{metrics.map((item, index) => ("
"Dashboard","frontend\dashboards\src\components\dashboard\releasereliability\ReleaseReliabilitySnapshotCard.jsx","31","{index < metrics.length - 1 && <Divider />}"
"Dashboard","frontend\dashboards\src\components\dashboard\revenueops\RevenueOpsSnapshotCard.jsx","4","const metrics = ["
"Dashboard","frontend\dashboards\src\components\dashboard\revenueops\RevenueOpsSnapshotCard.jsx","21","{metrics.map((item, index) => ("
"Dashboard","frontend\dashboards\src\components\dashboard\revenueops\RevenueOpsSnapshotCard.jsx","31","{index < metrics.length - 1 && <Divider />}"
"Dashboard","frontend\dashboards\src\components\dashboard\safetysecurity\SafetySecuritySnapshotCard.jsx","4","const metrics = ["
"Dashboard","frontend\dashboards\src\components\dashboard\safetysecurity\SafetySecuritySnapshotCard.jsx","21","{metrics.map((item, idx) => ("
"Dashboard","frontend\dashboards\src\components\dashboard\safetysecurity\SafetySecuritySnapshotCard.jsx","31","{idx < metrics.length - 1 && <Divider />}"
"Dashboard","frontend\dashboards\src\components\dashboard\scheduling\SchedulingSnapshotCard.jsx","4","const metrics = ["
"Dashboard","frontend\dashboards\src\components\dashboard\scheduling\SchedulingSnapshotCard.jsx","20","{metrics.map((item, idx) => ("
"Dashboard","frontend\dashboards\src\components\dashboard\scheduling\SchedulingSnapshotCard.jsx","30","{idx < metrics.length - 1 && <Divider />}"
"Dashboard","frontend\dashboards\src\components\dashboard\shared\DashboardErrorState.jsx","3","export default function DashboardErrorState({ error }) {"
"Dashboard","frontend\dashboards\src\components\dashboard\shared\DashboardErrorState.jsx","6","{error?.message || 'Dashboard data failed to load.'}"
"Dashboard","frontend\dashboards\src\components\dashboard\shared\DashboardLoadingState.jsx","3","export default function DashboardLoadingState({ title = 'Loading dashboard data...' }) {"
"Dashboard","frontend\dashboards\src\components\dashboard\shared\DataStatusBanner.jsx","2","import { getCertificationStatusColor } from '../../../config/dashboardCertificationRegistry';"
"Dashboard","frontend\dashboards\src\components\dashboard\shared\MetricSummaryGrid.jsx","3","export default function MetricSummaryGrid({ metrics = [] }) {"
"Dashboard","frontend\dashboards\src\components\dashboard\shared\MetricSummaryGrid.jsx","6","{metrics.map((metric) => ("
"Dashboard","frontend\dashboards\src\components\dashboard\shared\MetricSummaryGrid.jsx","7","<Grid item xs={12} sm={6} md={3} key={metric.label}>"
"Dashboard","frontend\dashboards\src\components\dashboard\shared\MetricSummaryGrid.jsx","12","{metric.label}"
"Dashboard","frontend\dashboards\src\components\dashboard\shared\MetricSummaryGrid.jsx","15","{metric.value}"
"Dashboard","frontend\dashboards\src\components\dashboard\shared\MetricSummaryGrid.jsx","17","{metric.secondary ? ("
"Dashboard","frontend\dashboards\src\components\dashboard\shared\MetricSummaryGrid.jsx","19","{metric.secondary}"
"Dashboard","frontend\dashboards\src\components\dashboard\studentcare\StudentCareSnapshotCard.jsx","4","const metrics = ["
"Dashboard","frontend\dashboards\src\components\dashboard\studentcare\StudentCareSnapshotCard.jsx","20","{metrics.map((item, idx) => ("
"Dashboard","frontend\dashboards\src\components\dashboard\studentcare\StudentCareSnapshotCard.jsx","30","{idx < metrics.length - 1 && <Divider />}"
"Dashboard","frontend\dashboards\src\components\dashboard\transportation\TransportationSnapshotCard.jsx","4","const metrics = ["
"Dashboard","frontend\dashboards\src\components\dashboard\transportation\TransportationSnapshotCard.jsx","21","{metrics.map((item, idx) => ("
"Dashboard","frontend\dashboards\src\components\dashboard\transportation\TransportationSnapshotCard.jsx","31","{idx < metrics.length - 1 && <Divider />}"
"Dashboard","frontend\dashboards\src\components\dashboard\volunteermanagement\VolunteerSnapshotCard.jsx","4","const metrics = ["
"Dashboard","frontend\dashboards\src\components\dashboard\volunteermanagement\VolunteerSnapshotCard.jsx","21","{metrics.map((item, index) => ("
"Dashboard","frontend\dashboards\src\components\dashboard\volunteermanagement\VolunteerSnapshotCard.jsx","31","{index < metrics.length - 1 && <Divider />}"
"Dashboard","frontend\dashboards\src\components\launch\CrownMetricCard.jsx","3","export default function CrownMetricCard({ label, value, detail, accent = 'blue' }) {"
"Dashboard","frontend\dashboards\src\components\launch\CrownMetricCard.jsx","5","<CrownCard className={`launch-metric-card launch-accent-${accent}`}>"
"Dashboard","frontend\dashboards\src\components\launch\CrownMetricCard.jsx","6","<div className=""launch-metric-label"">{label}</div>"
"Dashboard","frontend\dashboards\src\components\launch\CrownMetricCard.jsx","7","<div className=""launch-metric-value"">{value}</div>"
"Dashboard","frontend\dashboards\src\components\launch\CrownMetricCard.jsx","8","<div className=""launch-metric-detail"">{detail}</div>"
"Dashboard","frontend\dashboards\src\components\launch\CrownSidebar.jsx","6","{ label: 'Dashboard', href: '/dashboard', glyph: 'D' },"
"Dashboard","frontend\dashboards\src\components\launch\CrownSidebar.jsx","44","activePath = '/dashboard',"
"Dashboard","frontend\dashboards\src\components\layout\DashboardSection.jsx","4","* DashboardSection ? consistent titled section wrapper."
"Dashboard","frontend\dashboards\src\components\layout\DashboardSection.jsx","7","*   <DashboardSection title=""Executive Summary"">"
"Dashboard","frontend\dashboards\src\components\layout\DashboardSection.jsx","9","*   </DashboardSection>"
"Dashboard","frontend\dashboards\src\components\layout\DashboardSection.jsx","11","export default function DashboardSection({ title, subtitle, children }) {"
"Dashboard","frontend\dashboards\src\components\navigation\CrownSidebar.jsx","3","import { getDashboardNavSections } from './dashboardNavConfig';"
"Dashboard","frontend\dashboards\src\components\navigation\CrownSidebar.jsx","110","const dashboardNavSections = getDashboardNavSections();"
"Dashboard","frontend\dashboards\src\components\navigation\CrownSidebar.jsx","113","const visibleNavItems = filterVisibleNav(dashboardNavSections, { roles: userRoles, permissions })"
"Dashboard","frontend\dashboards\src\components\navigation\dashboardNavConfig.js","1","import { getAccessibleDashboardSections } from '../../config/dashboardRegistry';"
"Dashboard","frontend\dashboards\src\components\navigation\dashboardNavConfig.js","60","const DASHBOARD_ALIAS_TO_ROUTE = {"
"Dashboard","frontend\dashboards\src\components\navigation\dashboardNavConfig.js","61","'/activities-dashboard': '/athletics',"
"Dashboard","frontend\dashboards\src\components\navigation\dashboardNavConfig.js","62","[PATHS.ADMISSIONS_DASHBOARD]: PATHS.ADMISSIONS,"
"Dashboard","frontend\dashboards\src\components\navigation\dashboardNavConfig.js","63","'/advancement-dashboard': '/advancement',"
"Dashboard","frontend\dashboards\src\components\navigation\dashboardNavConfig.js","64","'/athletics-director-dashboard': '/athletics',"
"Dashboard","frontend\dashboards\src\components\navigation\dashboardNavConfig.js","65","[PATHS.ATTENDANCE_DASHBOARD]: PATHS.ATTENDANCE,"
"Dashboard","frontend\dashboards\src\components\navigation\dashboardNavConfig.js","66","[PATHS.BILLING_DASHBOARD]: PATHS.BILLING,"
"Dashboard","frontend\dashboards\src\components\navigation\dashboardNavConfig.js","67","'/chaplain-dashboard': '/spiritual-life',"
"Dashboard","frontend\dashboards\src\components\navigation\dashboardNavConfig.js","68","[PATHS.COMMUNICATIONS_DASHBOARD]: PATHS.COMMUNICATIONS,"
"Dashboard","frontend\dashboards\src\components\navigation\dashboardNavConfig.js","69","'/extended-care-dashboard': '/extended-care',"
"Dashboard","frontend\dashboards\src\components\navigation\dashboardNavConfig.js","70","'/facilities-dashboard': '/facilities',"
"Dashboard","frontend\dashboards\src\components\navigation\dashboardNavConfig.js","71","[PATHS.FINANCIAL_AID_DASHBOARD]: PATHS.FINANCIAL_AID,"
"Dashboard","frontend\dashboards\src\components\navigation\dashboardNavConfig.js","72","'/fine-arts-dashboard': '/fine-arts',"
"Dashboard","frontend\dashboards\src\components\navigation\dashboardNavConfig.js","73","'/food-service-dashboard': '/food',"
"Dashboard","frontend\dashboards\src\components\navigation\dashboardNavConfig.js","74","[PATHS.GRADEBOOK_DASHBOARD]: PATHS.GRADEBOOK,"
"Dashboard","frontend\dashboards\src\components\navigation\dashboardNavConfig.js","75","'/health-office-dashboard': '/health',"
"Dashboard","frontend\dashboards\src\components\navigation\dashboardNavConfig.js","76","'/hr-dashboard': '/hr',"
"Dashboard","frontend\dashboards\src\components\navigation\dashboardNavConfig.js","77","'/it-support-dashboard': '/it',"
"Dashboard","frontend\dashboards\src\components\navigation\dashboardNavConfig.js","78","'/library-media-dashboard': '/library',"
"Dashboard","frontend\dashboards\src\components\navigation\dashboardNavConfig.js","79","'/master-control-dashboard': '/master-control',"
"Dashboard","frontend\dashboards\src\components\navigation\dashboardNavConfig.js","80","'/registrar-dashboard': '/registrar',"
"Dashboard","frontend\dashboards\src\components\navigation\dashboardNavConfig.js","81","'/safety-security-dashboard': '/safety',"
"Dashboard","frontend\dashboards\src\components\navigation\dashboardNavConfig.js","82","'/scheduling-dashboard': '/scheduling-dashboard',"
"Dashboard","frontend\dashboards\src\components\navigation\dashboardNavConfig.js","83","'/school-admin-dashboard': '/admin',"
"Dashboard","frontend\dashboards\src\components\navigation\dashboardNavConfig.js","84","'/school-board-dashboard': '/board',"
"Dashboard","frontend\dashboards\src\components\navigation\dashboardNavConfig.js","85","'/student-care-dashboard': '/student-services',"
"Dashboard","frontend\dashboards\src\components\navigation\dashboardNavConfig.js","86","'/transportation-dashboard': '/transportation',"
"Dashboard","frontend\dashboards\src\components\navigation\dashboardNavConfig.js","90","return DASHBOARD_ALIAS_TO_ROUTE[path] || path;"
"Dashboard","frontend\dashboards\src\components\navigation\dashboardNavConfig.js","118","export function getDashboardNavSections() {"
"Dashboard","frontend\dashboards\src\components\navigation\dashboardNavConfig.js","122","const dynamicSections = getAccessibleDashboardSections(userRoles).map((section) => ({"
"Dashboard","frontend\dashboards\src\components\navigation\navItems.js","6","{ label: 'Dashboard', href: PATHS.HOME, roles: ROLE_GROUPS.ALL_AUTHENTICATED, permissions: [APP_PERMISSIONS.DASHBOARD_VIEW] },"
"Dashboard","frontend\dashboards\src\components\release\Closeout16to31Panel.tsx","5","type LiveMetrics = {"
"Dashboard","frontend\dashboards\src\components\release\Closeout16to31Panel.tsx","19","live_metrics: LiveMetrics;"
"Dashboard","frontend\dashboards\src\components\release\Closeout16to31Panel.tsx","58","<Row label=""Live metrics clean"" ok={payload.live_metrics.green} />"
"Dashboard","frontend\dashboards\src\components\release\Closeout16to31Panel.tsx","60","Mock/Seed hits: {payload.live_metrics.mock_or_seed_hits}"
"Dashboard","frontend\dashboards\src\components\release\ReleaseStatusMatrix.tsx","12","live_metrics: {"
"Dashboard","frontend\dashboards\src\components\release\ReleaseStatusMatrix.tsx","66","<Row label=""Live metrics clean"" value={payload.live_metrics.green} testId=""release-status-metrics"" />"
"Dashboard","frontend\dashboards\src\components\release\ReleaseStatusMatrix.tsx","68","Mock/Seed hits: {payload.live_metrics.mock_or_seed_hits}"
"Dashboard","frontend\dashboards\src\components\release\SchemaStatusWidget.tsx","11","export default function SchemaStatusWidget() {"
"Dashboard","frontend\dashboards\src\components\release\SchemaStatusWidget.tsx","19","console.error(""SchemaStatusWidget failed to load schema summary"", err);"
"Dashboard","frontend\dashboards\src\components\states\WidgetState.jsx","3","export default function WidgetState({"
"Dashboard","frontend\dashboards\src\components\states\WidgetState.jsx","27","{typeof error === 'string' ? error : error?.message || 'Widget failed to load.'}"
"Dashboard","frontend\dashboards\src\components\system\AppErrorBoundary.jsx","32","Crown dashboard error"
"Dashboard","frontend\dashboards\src\components\system\AppErrorBoundary.jsx","35","The dashboard hit a runtime error and could not continue safely."
"Dashboard","frontend\dashboards\src\config\dashboardCertificationRegistry.js","9","export const DASHBOARD_CERTIFICATION_STATUS = {"
"Dashboard","frontend\dashboards\src\config\dashboardCertificationRegistry.js","16","export const DASHBOARD_CERTIFICATION_REGISTRY = {"
"Dashboard","frontend\dashboards\src\config\dashboardCertificationRegistry.js","70","'dashboard-certification-center': createCertification('live', 'Platform Engineering', 'Derived from internal registries.'),"
"Dashboard","frontend\dashboards\src\config\dashboardCertificationRegistry.test.js","2","import { DASHBOARD_REGISTRY } from './dashboardRegistry';"
"Dashboard","frontend\dashboards\src\config\dashboardCertificationRegistry.test.js","3","import { DASHBOARD_CERTIFICATION_REGISTRY } from './dashboardCertificationRegistry';"
"Dashboard","frontend\dashboards\src\config\dashboardCertificationRegistry.test.js","5","describe('dashboard certification registry', () => {"
"Dashboard","frontend\dashboards\src\config\dashboardCertificationRegistry.test.js","6","it('covers every dashboard key', () => {"
"Dashboard","frontend\dashboards\src\config\dashboardCertificationRegistry.test.js","7","DASHBOARD_REGISTRY.forEach((dashboard) => {"
"Dashboard","frontend\dashboards\src\config\dashboardCertificationRegistry.test.js","8","expect(DASHBOARD_CERTIFICATION_REGISTRY[dashboard.key]).toBeTruthy();"
"Dashboard","frontend\dashboards\src\config\dashboardCertificationRegistry.test.js","15","Object.values(DASHBOARD_CERTIFICATION_REGISTRY).forEach((entry) => {"
"Dashboard","frontend\dashboards\src\config\dashboardDataRegistry.js","16","function dashboardSummaryPath(slug) {"
"Dashboard","frontend\dashboards\src\config\dashboardDataRegistry.js","17","return `/api/v1/dashboards/${slug}/summary`;"
"Dashboard","frontend\dashboards\src\config\dashboardDataRegistry.js","20","export const DASHBOARD_DATA_REGISTRY = {"
"Dashboard","frontend\dashboards\src\config\dashboardDataRegistry.js","22","attendance: createDataConfig(dashboardSummaryPath('attendance'), {"
"Dashboard","frontend\dashboards\src\config\dashboardDataRegistry.js","24","dashboard_key: 'attendance',"
"Dashboard","frontend\dashboards\src\config\dashboardDataRegistry.js","25","metrics: ["
"Dashboard","frontend\dashboards\src\config\dashboardDataRegistry.js","60","billing: createDataConfig(dashboardSummaryPath('billing')),"
"Dashboard","frontend\dashboards\src\config\dashboardDataRegistry.js","61","'financial-aid': createDataConfig(dashboardSummaryPath('financial-aid')),"
"Dashboard","frontend\dashboards\src\config\dashboardDataRegistry.js","62","registrar: createDataConfig(dashboardSummaryPath('registrar')),"
"Dashboard","frontend\dashboards\src\config\dashboardDataRegistry.js","65","scheduling: createDataConfig(dashboardSummaryPath('scheduling')),"
"Dashboard","frontend\dashboards\src\config\dashboardDataRegistry.js","66","gradebook: createDataConfig(dashboardSummaryPath('gradebook')),"
"Dashboard","frontend\dashboards\src\config\dashboardDataRegistry.js","67","'student-care': createDataConfig(dashboardSummaryPath('student-care')),"
"Dashboard","frontend\dashboards\src\config\dashboardDataRegistry.js","68","'activities-athletics': createDataConfig(dashboardSummaryPath('activities-athletics')),"
"Dashboard","frontend\dashboards\src\config\dashboardDataRegistry.js","69","communications: createDataConfig(dashboardSummaryPath('communications')),"
"Dashboard","frontend\dashboards\src\config\dashboardDataRegistry.js","72","'school-administrator': createDataConfig(dashboardSummaryPath('school-administrator')),"
"Dashboard","frontend\dashboards\src\config\dashboardDataRegistry.js","73","'school-board': createDataConfig(dashboardSummaryPath('school-board')),"
"Dashboard","frontend\dashboards\src\config\dashboardDataRegistry.js","74","'master-control': createDataConfig(dashboardSummaryPath('master-control')),"
"Dashboard","frontend\dashboards\src\config\dashboardDataRegistry.js","75","admissions: createDataConfig(dashboardSummaryPath('admissions')),"
"Dashboard","frontend\dashboards\src\config\dashboardDataRegistry.js","76","advancement: createDataConfig(dashboardSummaryPath('advancement')),"
"Dashboard","frontend\dashboards\src\config\dashboardDataRegistry.js","79","hr: createDataConfig(dashboardSummaryPath('hr')),"
"Dashboard","frontend\dashboards\src\config\dashboardDataRegistry.js","80","facilities: createDataConfig(dashboardSummaryPath('facilities')),"
"Dashboard","frontend\dashboards\src\config\dashboardDataRegistry.js","81","'health-office': createDataConfig(dashboardSummaryPath('health-office')),"
"Dashboard","frontend\dashboards\src\config\dashboardDataRegistry.js","82","transportation: createDataConfig(dashboardSummaryPath('transportation')),"
"Dashboard","frontend\dashboards\src\config\dashboardDataRegistry.js","83","'food-service': createDataConfig(dashboardSummaryPath('food-service')),"
"Dashboard","frontend\dashboards\src\config\dashboardDataRegistry.js","84","'it-support': createDataConfig(dashboardSummaryPath('it-support')),"
"Dashboard","frontend\dashboards\src\config\dashboardDataRegistry.js","87","'fine-arts': createDataConfig(dashboardSummaryPath('fine-arts')),"
"Dashboard","frontend\dashboards\src\config\dashboardDataRegistry.js","88","'athletics-director': createDataConfig(dashboardSummaryPath('athletics-director')),"
"Dashboard","frontend\dashboards\src\config\dashboardDataRegistry.js","89","'library-media': createDataConfig(dashboardSummaryPath('library-media')),"
"Dashboard","frontend\dashboards\src\config\dashboardDataRegistry.js","90","'extended-care': createDataConfig(dashboardSummaryPath('extended-care')),"
"Dashboard","frontend\dashboards\src\config\dashboardDataRegistry.js","91","'safety-security': createDataConfig(dashboardSummaryPath('safety-security')),"
"Dashboard","frontend\dashboards\src\config\dashboardDataRegistry.js","92","'curriculum-pd': createDataConfig(dashboardSummaryPath('curriculum-pd')),"
"Dashboard","frontend\dashboards\src\config\dashboardDataRegistry.js","95","'chaplain-spiritual-life': createDataConfig(dashboardSummaryPath('chaplain-spiritual-life')),"
"Dashboard","frontend\dashboards\src\config\dashboardDataRegistry.js","96","'advancement-operations': createDataConfig(dashboardSummaryPath('advancement-operations')),"
"Dashboard","frontend\dashboards\src\config\dashboardDataRegistry.js","97","'volunteer-management': createDataConfig(dashboardSummaryPath('volunteer-management')),"
"Dashboard","frontend\dashboards\src\config\dashboardDataRegistry.js","98","'portrait-service': createDataConfig(dashboardSummaryPath('portrait-service')),"
"Dashboard","frontend\dashboards\src\config\dashboardDataRegistry.js","99","'alumni-relations': createDataConfig(dashboardSummaryPath('alumni-relations')),"
"Dashboard","frontend\dashboards\src\config\dashboardDataRegistry.js","100","'network-benchmarking': createDataConfig(dashboardSummaryPath('network-benchmarking')),"
"Dashboard","frontend\dashboards\src\config\dashboardDataRegistry.js","103","'implementation-success': createDataConfig(dashboardSummaryPath('implementation-success')),"
"Dashboard","frontend\dashboards\src\config\dashboardDataRegistry.js","104","'data-migration': createDataConfig(dashboardSummaryPath('data-migration')),"
"Dashboard","frontend\dashboards\src\config\dashboardDataRegistry.js","105","'integrations-automation': createDataConfig(dashboardSummaryPath('integrations-automation')),"
"Dashboard","frontend\dashboards\src\config\dashboardDataRegistry.js","106","'compliance-audit': createDataConfig(dashboardSummaryPath('compliance-audit')),"
"Dashboard","frontend\dashboards\src\config\dashboardDataRegistry.js","107","'revenue-operations': createDataConfig(dashboardSummaryPath('revenue-operations')),"
"Dashboard","frontend\dashboards\src\config\dashboardDataRegistry.js","108","'release-reliability': createDataConfig(dashboardSummaryPath('release-reliability'), {"
"Dashboard","frontend\dashboards\src\config\dashboardDataRegistry.js","110","dashboard_key: 'release-reliability',"
"Dashboard","frontend\dashboards\src\config\dashboardDataRegistry.js","111","metrics: ["
"Dashboard","frontend\dashboards\src\config\dashboardDataRegistry.js","148","'dashboard-certification-center': createDataConfig('/api/v1/platform/dashboard-certification-center'),"
"Dashboard","frontend\dashboards\src\config\dashboardDataRegistry.test.js","2","import { DASHBOARD_REGISTRY } from './dashboardRegistry';"
"Dashboard","frontend\dashboards\src\config\dashboardDataRegistry.test.js","3","import { DASHBOARD_DATA_REGISTRY } from './dashboardDataRegistry';"
"Dashboard","frontend\dashboards\src\config\dashboardDataRegistry.test.js","5","describe('dashboard data registry', () => {"
"Dashboard","frontend\dashboards\src\config\dashboardDataRegistry.test.js","6","it('covers every dashboard key', () => {"
"Dashboard","frontend\dashboards\src\config\dashboardDataRegistry.test.js","7","DASHBOARD_REGISTRY.forEach((dashboard) => {"
"Dashboard","frontend\dashboards\src\config\dashboardDataRegistry.test.js","8","expect(DASHBOARD_DATA_REGISTRY[dashboard.key]).toBeTruthy();"
"Dashboard","frontend\dashboards\src\config\dashboardDataRegistry.test.js","13","Object.values(DASHBOARD_DATA_REGISTRY).forEach((config) => {"
"Dashboard","frontend\dashboards\src\config\dashboardRegistry.js","1","import { validateDashboardRegistry } from './validateDashboardRegistry';"
"Dashboard","frontend\dashboards\src\config\dashboardRegistry.js","6","import AttendanceDashboard from '../pages/AttendanceDashboard';"
"Dashboard","frontend\dashboards\src\config\dashboardRegistry.js","7","import { BillingDashboard } from '../pages/BillingDashboard';"
"Dashboard","frontend\dashboards\src\config\dashboardRegistry.js","8","import { FinancialAidDashboard } from '../pages/FinancialAidDashboard';"
"Dashboard","frontend\dashboards\src\config\dashboardRegistry.js","9","import RegistrarDashboard from '../pages/RegistrarDashboard';"
"Dashboard","frontend\dashboards\src\config\dashboardRegistry.js","12","import SchedulingDashboard from '../pages/SchedulingDashboard';"
"Dashboard","frontend\dashboards\src\config\dashboardRegistry.js","13","import GradebookDashboard from '../pages/GradebookDashboard';"
"Dashboard","frontend\dashboards\src\config\dashboardRegistry.js","14","import StudentCareDashboard from '../pages/StudentCareDashboard';"
"Dashboard","frontend\dashboards\src\config\dashboardRegistry.js","15","import ActivitiesAthleticsDashboard from '../pages/ActivitiesAthleticsDashboard';"
"Dashboard","frontend\dashboards\src\config\dashboardRegistry.js","16","import CommunicationsDashboard from '../pages/CommunicationsDashboard';"
"Dashboard","frontend\dashboards\src\config\dashboardRegistry.js","19","import SchoolAdministratorDashboard from '../pages/SchoolAdministratorDashboard';"
"Dashboard","frontend\dashboards\src\config\dashboardRegistry.js","20","import SchoolBoardDashboard from '../pages/SchoolBoardDashboard';"
"Dashboard","frontend\dashboards\src\config\dashboardRegistry.js","21","import MasterControlDashboard from '../pages/MasterControlDashboard';"
"Dashboard","frontend\dashboards\src\config\dashboardRegistry.js","22","import AdmissionsDashboard from '../pages/AdmissionsDashboard';"
"Dashboard","frontend\dashboards\src\config\dashboardRegistry.js","23","import AdvancementDashboard from '../pages/AdvancementDashboard';"
"Dashboard","frontend\dashboards\src\config\dashboardRegistry.js","26","import HRDashboard from '../pages/HRDashboard';"
"Dashboard","frontend\dashboards\src\config\dashboardRegistry.js","27","import FacilitiesDashboard from '../pages/FacilitiesDashboard';"
"Dashboard","frontend\dashboards\src\config\dashboardRegistry.js","28","import HealthOfficeDashboard from '../pages/HealthOfficeDashboard';"
"Dashboard","frontend\dashboards\src\config\dashboardRegistry.js","29","import TransportationDashboard from '../pages/TransportationDashboard';"
"Dashboard","frontend\dashboards\src\config\dashboardRegistry.js","30","import FoodServiceDashboard from '../pages/FoodServiceDashboard';"
"Dashboard","frontend\dashboards\src\config\dashboardRegistry.js","31","import ITSupportDashboard from '../pages/ITSupportDashboard';"
"Dashboard","frontend\dashboards\src\config\dashboardRegistry.js","34","import FineArtsDashboard from '../pages/FineArtsDashboard';"
"Dashboard","frontend\dashboards\src\config\dashboardRegistry.js","35","import AthleticsDirectorDashboard from '../pages/AthleticsDirectorDashboard';"
"Dashboard","frontend\dashboards\src\config\dashboardRegistry.js","36","import LibraryMediaDashboard from '../pages/LibraryMediaDashboard';"
"Dashboard","frontend\dashboards\src\config\dashboardRegistry.js","37","import ExtendedCareDashboard from '../pages/ExtendedCareDashboard';"
"Dashboard","frontend\dashboards\src\config\dashboardRegistry.js","38","import SafetySecurityDashboard from '../pages/SafetySecurityDashboard';"
"Dashboard","frontend\dashboards\src\config\dashboardRegistry.js","39","import CurriculumPDDashboard from '../pages/CurriculumPDDashboard';"
"Dashboard","frontend\dashboards\src\config\dashboardRegistry.js","42","import ChaplainSpiritualLifeDashboard from '../pages/ChaplainSpiritualLifeDashboard';"
"Dashboard","frontend\dashboards\src\config\dashboardRegistry.js","43","import AdvancementOperationsDashboard from '../pages/AdvancementOperationsDashboard';"
"Dashboard","frontend\dashboards\src\config\dashboardRegistry.js","44","import VolunteerManagementDashboard from '../pages/VolunteerManagementDashboard';"
"Dashboard","frontend\dashboards\src\config\dashboardRegistry.js","45","import PortraitServiceHoursDashboard from '../pages/PortraitServiceHoursDashboard';"
"Dashboard","frontend\dashboards\src\config\dashboardRegistry.js","46","import AlumniRelationsDashboard from '../pages/AlumniRelationsDashboard';"
"Dashboard","frontend\dashboards\src\config\dashboardRegistry.js","47","import NetworkBenchmarkingDashboard from '../pages/NetworkBenchmarkingDashboard';"
"Dashboard","frontend\dashboards\src\config\dashboardRegistry.js","50","import ImplementationSuccessDashboard from '../pages/ImplementationSuccessDashboard';"
"Dashboard","frontend\dashboards\src\config\dashboardRegistry.js","51","import DataMigrationDashboard from '../pages/DataMigrationDashboard';"
"Dashboard","frontend\dashboards\src\config\dashboardRegistry.js","52","import IntegrationsAutomationDashboard from '../pages/IntegrationsAutomationDashboard';"
"Dashboard","frontend\dashboards\src\config\dashboardRegistry.js","53","import ComplianceAuditDashboard from '../pages/ComplianceAuditDashboard';"
"Dashboard","frontend\dashboards\src\config\dashboardRegistry.js","54","import RevenueOperationsDashboard from '../pages/RevenueOperationsDashboard';"
"Dashboard","frontend\dashboards\src\config\dashboardRegistry.js","55","import ReleaseReliabilityDashboard from '../pages/ReleaseReliabilityDashboard';"
"Dashboard","frontend\dashboards\src\config\dashboardRegistry.js","56","import DashboardCertificationCenter from '../pages/DashboardCertificationCenter';"
"Dashboard","frontend\dashboards\src\config\dashboardRegistry.js","107","function createDashboard({"
"Dashboard","frontend\dashboards\src\config\dashboardRegistry.js","137","moduleType: moduleType || 'dashboard',"
"Dashboard","frontend\dashboards\src\config\dashboardRegistry.js","138","owner: owner || 'dashboardRegistry',"
"Dashboard","frontend\dashboards\src\config\dashboardRegistry.js","145","export const DASHBOARD_SECTION_ORDER = ["
"Dashboard","frontend\dashboards\src\config\dashboardRegistry.js","155","export const DASHBOARD_REGISTRY = ["
"Dashboard","frontend\dashboards\src\config\dashboardRegistry.js","157","createDashboard({"
"Dashboard","frontend\dashboards\src\config\dashboardRegistry.js","160","path: PATHS.ATTENDANCE_DASHBOARD,"
"Dashboard","frontend\dashboards\src\config\dashboardRegistry.js","164","component: AttendanceDashboard,"
"Dashboard","frontend\dashboards\src\config\dashboardRegistry.js","166","createDashboard({"
"Dashboard","frontend\dashboards\src\config\dashboardRegistry.js","169","path: PATHS.BILLING_DASHBOARD,"
"Dashboard","frontend\dashboards\src\config\dashboardRegistry.js","173","component: BillingDashboard,"
"Dashboard","frontend\dashboards\src\config\dashboardRegistry.js","175","createDashboard({"
"Dashboard","frontend\dashboards\src\config\dashboardRegistry.js","178","path: PATHS.FINANCIAL_AID_DASHBOARD,"
"Dashboard","frontend\dashboards\src\config\dashboardRegistry.js","182","component: FinancialAidDashboard,"
"Dashboard","frontend\dashboards\src\config\dashboardRegistry.js","184","createDashboard({"
"Dashboard","frontend\dashboards\src\config\dashboardRegistry.js","187","path: PATHS.REGISTRAR_DASHBOARD,"
"Dashboard","frontend\dashboards\src\config\dashboardRegistry.js","191","component: RegistrarDashboard,"
"Dashboard","frontend\dashboards\src\config\dashboardRegistry.js","195","createDashboard({"
"Dashboard","frontend\dashboards\src\config\dashboardRegistry.js","198","path: PATHS.SCHEDULING_DASHBOARD,"
"Dashboard","frontend\dashboards\src\config\dashboardRegistry.js","202","component: SchedulingDashboard,"
"Dashboard","frontend\dashboards\src\config\dashboardRegistry.js","204","createDashboard({"
"Dashboard","frontend\dashboards\src\config\dashboardRegistry.js","207","path: PATHS.GRADEBOOK_DASHBOARD,"
"Dashboard","frontend\dashboards\src\config\dashboardRegistry.js","211","component: GradebookDashboard,"
"Dashboard","frontend\dashboards\src\config\dashboardRegistry.js","213","createDashboard({"
"Dashboard","frontend\dashboards\src\config\dashboardRegistry.js","216","path: PATHS.STUDENT_CARE_DASHBOARD,"
"Dashboard","frontend\dashboards\src\config\dashboardRegistry.js","220","component: StudentCareDashboard,"
"Dashboard","frontend\dashboards\src\config\dashboardRegistry.js","222","createDashboard({"
"Dashboard","frontend\dashboards\src\config\dashboardRegistry.js","225","path: PATHS.ACTIVITIES_DASHBOARD,"
"Dashboard","frontend\dashboards\src\config\dashboardRegistry.js","229","component: ActivitiesAthleticsDashboard,"
"Dashboard","frontend\dashboards\src\config\dashboardRegistry.js","231","createDashboard({"
"Dashboard","frontend\dashboards\src\config\dashboardRegistry.js","234","path: PATHS.COMMUNICATIONS_DASHBOARD,"
"Dashboard","frontend\dashboards\src\config\dashboardRegistry.js","238","component: CommunicationsDashboard,"
"Dashboard","frontend\dashboards\src\config\dashboardRegistry.js","242","createDashboard({"
"Dashboard","frontend\dashboards\src\config\dashboardRegistry.js","245","path: PATHS.SCHOOL_ADMIN_DASHBOARD,"
"Dashboard","frontend\dashboards\src\config\dashboardRegistry.js","249","component: SchoolAdministratorDashboard,"
"Dashboard","frontend\dashboards\src\config\dashboardRegistry.js","251","createDashboard({"
"Dashboard","frontend\dashboards\src\config\dashboardRegistry.js","254","path: PATHS.SCHOOL_BOARD_DASHBOARD,"
"Dashboard","frontend\dashboards\src\config\dashboardRegistry.js","258","component: SchoolBoardDashboard,"
"Dashboard","frontend\dashboards\src\config\dashboardRegistry.js","260","createDashboard({"
"Dashboard","frontend\dashboards\src\config\dashboardRegistry.js","263","path: PATHS.MASTER_CONTROL_DASHBOARD,"
"Dashboard","frontend\dashboards\src\config\dashboardRegistry.js","267","component: MasterControlDashboard,"
"Dashboard","frontend\dashboards\src\config\dashboardRegistry.js","269","createDashboard({"
"Dashboard","frontend\dashboards\src\config\dashboardRegistry.js","272","path: PATHS.ADMISSIONS_DASHBOARD,"
"Dashboard","frontend\dashboards\src\config\dashboardRegistry.js","276","component: AdmissionsDashboard,"
"Dashboard","frontend\dashboards\src\config\dashboardRegistry.js","278","createDashboard({"
"Dashboard","frontend\dashboards\src\config\dashboardRegistry.js","281","path: PATHS.ADVANCEMENT_DASHBOARD,"
"Dashboard","frontend\dashboards\src\config\dashboardRegistry.js","285","component: AdvancementDashboard,"
"Dashboard","frontend\dashboards\src\config\dashboardRegistry.js","289","createDashboard({"
"Dashboard","frontend\dashboards\src\config\dashboardRegistry.js","292","path: PATHS.HR_DASHBOARD,"
"Dashboard","frontend\dashboards\src\config\dashboardRegistry.js","296","component: HRDashboard,"
"Dashboard","frontend\dashboards\src\config\dashboardRegistry.js","298","createDashboard({"
"Dashboard","frontend\dashboards\src\config\dashboardRegistry.js","301","path: PATHS.FACILITIES_DASHBOARD,"
"Dashboard","frontend\dashboards\src\config\dashboardRegistry.js","305","component: FacilitiesDashboard,"
"Dashboard","frontend\dashboards\src\config\dashboardRegistry.js","307","createDashboard({"
"Dashboard","frontend\dashboards\src\config\dashboardRegistry.js","310","path: PATHS.HEALTH_OFFICE_DASHBOARD,"
"Dashboard","frontend\dashboards\src\config\dashboardRegistry.js","314","component: HealthOfficeDashboard,"
"Dashboard","frontend\dashboards\src\config\dashboardRegistry.js","316","createDashboard({"
"Dashboard","frontend\dashboards\src\config\dashboardRegistry.js","319","path: PATHS.TRANSPORTATION_DASHBOARD,"
"Dashboard","frontend\dashboards\src\config\dashboardRegistry.js","323","component: TransportationDashboard,"
"Dashboard","frontend\dashboards\src\config\dashboardRegistry.js","325","createDashboard({"
"Dashboard","frontend\dashboards\src\config\dashboardRegistry.js","328","path: PATHS.FOOD_SERVICE_DASHBOARD,"
"Dashboard","frontend\dashboards\src\config\dashboardRegistry.js","332","component: FoodServiceDashboard,"
"Dashboard","frontend\dashboards\src\config\dashboardRegistry.js","334","createDashboard({"
"Dashboard","frontend\dashboards\src\config\dashboardRegistry.js","337","path: PATHS.IT_SUPPORT_DASHBOARD,"
"Dashboard","frontend\dashboards\src\config\dashboardRegistry.js","341","component: ITSupportDashboard,"
"Dashboard","frontend\dashboards\src\config\dashboardRegistry.js","345","createDashboard({"
"Dashboard","frontend\dashboards\src\config\dashboardRegistry.js","348","path: PATHS.FINE_ARTS_DASHBOARD,"
"Dashboard","frontend\dashboards\src\config\dashboardRegistry.js","352","component: FineArtsDashboard,"
"Dashboard","frontend\dashboards\src\config\dashboardRegistry.js","354","createDashboard({"
"Dashboard","frontend\dashboards\src\config\dashboardRegistry.js","357","path: PATHS.ATHLETICS_DIRECTOR_DASHBOARD,"
"Dashboard","frontend\dashboards\src\config\dashboardRegistry.js","361","component: AthleticsDirectorDashboard,"
"Dashboard","frontend\dashboards\src\config\dashboardRegistry.js","363","createDashboard({"
"Dashboard","frontend\dashboards\src\config\dashboardRegistry.js","366","path: PATHS.LIBRARY_MEDIA_DASHBOARD,"
"Dashboard","frontend\dashboards\src\config\dashboardRegistry.js","370","component: LibraryMediaDashboard,"
"Dashboard","frontend\dashboards\src\config\dashboardRegistry.js","372","createDashboard({"
"Dashboard","frontend\dashboards\src\config\dashboardRegistry.js","375","path: PATHS.EXTENDED_CARE_DASHBOARD,"
"Dashboard","frontend\dashboards\src\config\dashboardRegistry.js","379","component: ExtendedCareDashboard,"
"Dashboard","frontend\dashboards\src\config\dashboardRegistry.js","381","createDashboard({"
"Dashboard","frontend\dashboards\src\config\dashboardRegistry.js","384","path: PATHS.SAFETY_SECURITY_DASHBOARD,"
"Dashboard","frontend\dashboards\src\config\dashboardRegistry.js","388","component: SafetySecurityDashboard,"
"Dashboard","frontend\dashboards\src\config\dashboardRegistry.js","390","createDashboard({"
"Dashboard","frontend\dashboards\src\config\dashboardRegistry.js","393","path: PATHS.CURRICULUM_PD_DASHBOARD,"
"Dashboard","frontend\dashboards\src\config\dashboardRegistry.js","397","component: CurriculumPDDashboard,"
"Dashboard","frontend\dashboards\src\config\dashboardRegistry.js","401","createDashboard({"
"Dashboard","frontend\dashboards\src\config\dashboardRegistry.js","404","path: PATHS.CHAPLAIN_DASHBOARD,"
"Dashboard","frontend\dashboards\src\config\dashboardRegistry.js","408","component: ChaplainSpiritualLifeDashboard,"
"Dashboard","frontend\dashboards\src\config\dashboardRegistry.js","410","createDashboard({"
"Dashboard","frontend\dashboards\src\config\dashboardRegistry.js","413","path: PATHS.ADVANCEMENT_OPERATIONS_DASHBOARD,"
"Dashboard","frontend\dashboards\src\config\dashboardRegistry.js","417","component: AdvancementOperationsDashboard,"
"Dashboard","frontend\dashboards\src\config\dashboardRegistry.js","419","createDashboard({"
"Dashboard","frontend\dashboards\src\config\dashboardRegistry.js","422","path: PATHS.VOLUNTEER_MANAGEMENT_DASHBOARD,"
"Dashboard","frontend\dashboards\src\config\dashboardRegistry.js","426","component: VolunteerManagementDashboard,"
"Dashboard","frontend\dashboards\src\config\dashboardRegistry.js","428","createDashboard({"
"Dashboard","frontend\dashboards\src\config\dashboardRegistry.js","431","path: PATHS.PORTRAIT_SERVICE_DASHBOARD,"
"Dashboard","frontend\dashboards\src\config\dashboardRegistry.js","435","component: PortraitServiceHoursDashboard,"
"Dashboard","frontend\dashboards\src\config\dashboardRegistry.js","437","createDashboard({"
"Dashboard","frontend\dashboards\src\config\dashboardRegistry.js","440","path: PATHS.ALUMNI_RELATIONS_DASHBOARD,"
"Dashboard","frontend\dashboards\src\config\dashboardRegistry.js","444","component: AlumniRelationsDashboard,"
"Dashboard","frontend\dashboards\src\config\dashboardRegistry.js","446","createDashboard({"
"Dashboard","frontend\dashboards\src\config\dashboardRegistry.js","449","path: PATHS.NETWORK_BENCHMARKING_DASHBOARD,"
"Dashboard","frontend\dashboards\src\config\dashboardRegistry.js","453","component: NetworkBenchmarkingDashboard,"
"Dashboard","frontend\dashboards\src\config\dashboardRegistry.js","457","createDashboard({"
"Dashboard","frontend\dashboards\src\config\dashboardRegistry.js","460","path: PATHS.IMPLEMENTATION_SUCCESS_DASHBOARD,"
"Dashboard","frontend\dashboards\src\config\dashboardRegistry.js","464","component: ImplementationSuccessDashboard,"
"Dashboard","frontend\dashboards\src\config\dashboardRegistry.js","466","createDashboard({"
"Dashboard","frontend\dashboards\src\config\dashboardRegistry.js","469","path: PATHS.DATA_MIGRATION_DASHBOARD,"
"Dashboard","frontend\dashboards\src\config\dashboardRegistry.js","473","component: DataMigrationDashboard,"
"Dashboard","frontend\dashboards\src\config\dashboardRegistry.js","475","createDashboard({"
"Dashboard","frontend\dashboards\src\config\dashboardRegistry.js","478","path: PATHS.INTEGRATIONS_AUTOMATION_DASHBOARD,"
"Dashboard","frontend\dashboards\src\config\dashboardRegistry.js","482","component: IntegrationsAutomationDashboard,"
"Dashboard","frontend\dashboards\src\config\dashboardRegistry.js","484","createDashboard({"
"Dashboard","frontend\dashboards\src\config\dashboardRegistry.js","487","path: PATHS.COMPLIANCE_AUDIT_DASHBOARD,"
"Dashboard","frontend\dashboards\src\config\dashboardRegistry.js","491","component: ComplianceAuditDashboard,"
"Dashboard","frontend\dashboards\src\config\dashboardRegistry.js","493","createDashboard({"
"Dashboard","frontend\dashboards\src\config\dashboardRegistry.js","496","path: PATHS.REVENUE_OPERATIONS_DASHBOARD,"
"Dashboard","frontend\dashboards\src\config\dashboardRegistry.js","500","component: RevenueOperationsDashboard,"
"Dashboard","frontend\dashboards\src\config\dashboardRegistry.js","502","createDashboard({"
"Dashboard","frontend\dashboards\src\config\dashboardRegistry.js","505","path: PATHS.RELEASE_RELIABILITY_DASHBOARD,"
"Dashboard","frontend\dashboards\src\config\dashboardRegistry.js","509","component: ReleaseReliabilityDashboard,"
"Dashboard","frontend\dashboards\src\config\dashboardRegistry.js","511","createDashboard({"
"Dashboard","frontend\dashboards\src\config\dashboardRegistry.js","512","key: 'dashboard-certification-center',"
"Dashboard","frontend\dashboards\src\config\dashboardRegistry.js","513","label: 'Dashboard Certification Center',"
"Dashboard","frontend\dashboards\src\config\dashboardRegistry.js","514","path: PATHS.DASHBOARD_CERTIFICATION_CENTER,"
"Dashboard","frontend\dashboards\src\config\dashboardRegistry.js","518","component: DashboardCertificationCenter,"
"Dashboard","frontend\dashboards\src\config\dashboardRegistry.js","535","export function getAccessibleDashboards(userRoles) {"
"Dashboard","frontend\dashboards\src\config\dashboardRegistry.js","536","return DASHBOARD_REGISTRY.filter((item) =>"
"Dashboard","frontend\dashboards\src\config\dashboardRegistry.js","541","export function getAccessibleDashboardSections(userRoles) {"
"Dashboard","frontend\dashboards\src\config\dashboardRegistry.js","542","const accessible = getAccessibleDashboards(userRoles);"
"Dashboard","frontend\dashboards\src\config\dashboardRegistry.js","544","return DASHBOARD_SECTION_ORDER.map((sectionLabel) => {"
"Dashboard","frontend\dashboards\src\config\dashboardRegistry.js","554","export function getDefaultDashboardPath(userRoles) {"
"Dashboard","frontend\dashboards\src\config\dashboardRegistry.js","555","return getAccessibleDashboards(userRoles)[0]?.path || '/';"
"Dashboard","frontend\dashboards\src\config\dashboardRegistry.js","559","validateDashboardRegistry(DASHBOARD_REGISTRY);"
"Dashboard","frontend\dashboards\src\config\dashboardRegistry.js","562","export default DASHBOARD_REGISTRY;"
"Dashboard","frontend\dashboards\src\config\dashboardRegistry.test.js","2","import { DASHBOARD_REGISTRY, hasRouteAccess, normalizeRoles } from './dashboardRegistry';"
"Dashboard","frontend\dashboards\src\config\dashboardRegistry.test.js","3","import { validateDashboardRegistry } from './validateDashboardRegistry';"
"Dashboard","frontend\dashboards\src\config\dashboardRegistry.test.js","5","describe('dashboard registry', () => {"
"Dashboard","frontend\dashboards\src\config\dashboardRegistry.test.js","7","expect(validateDashboardRegistry(DASHBOARD_REGISTRY)).toBe(true);"
"Dashboard","frontend\dashboards\src\config\dashboardRegistry.test.js","11","const keys = DASHBOARD_REGISTRY.map((item) => item.key);"
"Dashboard","frontend\dashboards\src\config\dashboardRegistry.test.js","16","const paths = DASHBOARD_REGISTRY.map((item) => item.path);"
"Dashboard","frontend\dashboards\src\config\dashboardRegistry.test.js","20","it('has at least one allowed role for each dashboard', () => {"
"Dashboard","frontend\dashboards\src\config\dashboardRegistry.test.js","21","DASHBOARD_REGISTRY.forEach((item) => {"
"Dashboard","frontend\dashboards\src\config\dashboardRegistry.test.js","27","it('uses dashboard-style route names', () => {"
"Dashboard","frontend\dashboards\src\config\dashboardRegistry.test.js","28","DASHBOARD_REGISTRY.forEach((item) => {"
"Dashboard","frontend\dashboards\src\config\dashboardRegistry.test.js","30","expect(item.path.endsWith('-dashboard') || item.path === '/dashboard-certification-center').toBe(true);"
"Dashboard","frontend\dashboards\src\config\moduleReadiness.js","1","import * as DashboardRegistryModule from ""./dashboardRegistry.js"";"
"Dashboard","frontend\dashboards\src\config\moduleReadiness.js","19","function getDashboardRegistrySource() {"
"Dashboard","frontend\dashboards\src\config\moduleReadiness.js","21","DashboardRegistryModule.DASHBOARD_REGISTRY ||"
"Dashboard","frontend\dashboards\src\config\moduleReadiness.js","22","DashboardRegistryModule.dashboardRegistry ||"
"Dashboard","frontend\dashboards\src\config\moduleReadiness.js","23","DashboardRegistryModule.default ||"
"Dashboard","frontend\dashboards\src\config\moduleReadiness.js","86","...annotate(getDashboardRegistrySource(), ""dashboardRegistry"", ""dashboard""),"
"Dashboard","frontend\dashboards\src\config\navigationSurface.js","2","import dashboardRegistry from './dashboardRegistry';"
"Dashboard","frontend\dashboards\src\config\navigationSurface.js","7","dashboardRegistry,"
"Dashboard","frontend\dashboards\src\config\releaseChecklist.js","20","label: 'Dashboard registry paths are unique',"
"Dashboard","frontend\dashboards\src\config\shellCertification.js","1","import dashboardNavConfig from ""../components/navigation/dashboardNavConfig"";"
"Dashboard","frontend\dashboards\src\config\shellCertification.js","2","import * as DashboardRegistryModule from ""./dashboardRegistry.js"";"
"Dashboard","frontend\dashboards\src\config\shellCertification.js","16","function getDashboardRegistrySource() {"
"Dashboard","frontend\dashboards\src\config\shellCertification.js","18","DashboardRegistryModule.DASHBOARD_REGISTRY ||"
"Dashboard","frontend\dashboards\src\config\shellCertification.js","19","DashboardRegistryModule.dashboardRegistry ||"
"Dashboard","frontend\dashboards\src\config\shellCertification.js","20","DashboardRegistryModule.default ||"
"Dashboard","frontend\dashboards\src\config\shellCertification.js","48","...annotate(getDashboardRegistrySource(), ""dashboardRegistry""),"
"Dashboard","frontend\dashboards\src\config\shellCertification.js","90","return flattenNavItems(dashboardNavConfig)"
"Dashboard","frontend\dashboards\src\config\shellOwnership.js","1","import dashboardNavConfig from ""../components/navigation/dashboardNavConfig"";"
"Dashboard","frontend\dashboards\src\config\shellOwnership.js","2","import * as DashboardRegistryModule from ""./dashboardRegistry"";"
"Dashboard","frontend\dashboards\src\config\shellOwnership.js","63","export function getDashboardRegistrySource() {"
"Dashboard","frontend\dashboards\src\config\shellOwnership.js","65","DashboardRegistryModule.DASHBOARD_REGISTRY ||"
"Dashboard","frontend\dashboards\src\config\shellOwnership.js","66","DashboardRegistryModule.dashboardRegistry ||"
"Dashboard","frontend\dashboards\src\config\shellOwnership.js","67","DashboardRegistryModule.default ||"
"Dashboard","frontend\dashboards\src\config\shellOwnership.js","95","export function getNavLinks(items = dashboardNavConfig) {"
"Dashboard","frontend\dashboards\src\config\shellOwnership.js","103","export function getDashboardRegistryPaths() {"
"Dashboard","frontend\dashboards\src\config\shellOwnership.js","104","const registry = getDashboardRegistrySource();"
"Dashboard","frontend\dashboards\src\config\shellOwnership.js","125","...getDashboardRegistryPaths(),"
"Dashboard","frontend\dashboards\src\config\shellOwnership.js","150","...getDashboardRegistryPaths(),"
"Dashboard","frontend\dashboards\src\config\shellOwnership.test.js","3","getDashboardRegistryPaths,"
"Dashboard","frontend\dashboards\src\config\shellOwnership.test.js","30","it(""collects dashboard registry paths"", () => {"
"Dashboard","frontend\dashboards\src\config\shellOwnership.test.js","31","const dashboardPaths = getDashboardRegistryPaths();"
"Dashboard","frontend\dashboards\src\config\shellOwnership.test.js","32","expect(Array.isArray(dashboardPaths)).toBe(true);"
"Dashboard","frontend\dashboards\src\config\shellOwnership.test.js","45","it(""has no duplicate owned application paths across dashboard and wizard sources"", () => {"
"Dashboard","frontend\dashboards\src\config\validateDashboardRegistry.js","1","export function validateDashboardRegistry(registry) {"
"Dashboard","frontend\dashboards\src\config\validateDashboardRegistry.js","3","throw new Error('DASHBOARD_REGISTRY must be an array.');"
"Dashboard","frontend\dashboards\src\config\validateDashboardRegistry.js","11","const prefix = `Dashboard registry item at index ${index}`;"
"Dashboard","frontend\dashboards\src\config\validateDashboardRegistry.js","46","throw new Error(`Duplicate dashboard key detected: ""${item.key}""`);"
"Dashboard","frontend\dashboards\src\config\validateDashboardRegistry.js","50","throw new Error(`Duplicate dashboard path detected: ""${item.path}""`);"
"Dashboard","frontend\dashboards\src\config\validateDashboardRegistry.js","54","throw new Error(`Duplicate dashboard label detected: ""${item.label}""`);"
"Dashboard","frontend\dashboards\src\config\dashboardTemplates\admissionsDashboard.js","11","metrics: ["
"Dashboard","frontend\dashboards\src\config\dashboardTemplates\admissionsDashboard.js","34","body: 'This module uses the same CROWN dashboard template as School Administrator for visual consistency.',"
"Dashboard","frontend\dashboards\src\config\dashboardTemplates\attendanceDashboard.js","11","metrics: ["
"Dashboard","frontend\dashboards\src\config\dashboardTemplates\communicationsDashboard.js","11","metrics: ["
"Dashboard","frontend\dashboards\src\config\dashboardTemplates\communicationsDashboard.js","23","'Open-response metrics updated in dashboard.',"
"Dashboard","frontend\dashboards\src\config\dashboardTemplates\communicationsDashboard.js","34","body: 'Communications uses the same CROWN template primitives as all core dashboards.',"
"Dashboard","frontend\dashboards\src\config\dashboardTemplates\financeDashboard.js","11","metrics: ["
"Dashboard","frontend\dashboards\src\config\dashboardTemplates\financeDashboard.js","34","body: 'Finance route now inherits the canonical CROWN dashboard composition to eliminate visual drift.',"
"Dashboard","frontend\dashboards\src\config\dashboardTemplates\gradebookDashboard.js","11","metrics: ["
"Dashboard","frontend\dashboards\src\config\dashboardTemplates\index.js","1","import schoolAdministratorDashboard from './schoolAdministratorDashboard.js';"
"Dashboard","frontend\dashboards\src\config\dashboardTemplates\index.js","2","import teacherDashboard from './teacherDashboard.js';"
"Dashboard","frontend\dashboards\src\config\dashboardTemplates\index.js","3","import parentDashboard from './parentDashboard.js';"
"Dashboard","frontend\dashboards\src\config\dashboardTemplates\index.js","4","import studentDashboard from './studentDashboard.js';"
"Dashboard","frontend\dashboards\src\config\dashboardTemplates\index.js","5","import admissionsDashboard from './admissionsDashboard.js';"
"Dashboard","frontend\dashboards\src\config\dashboardTemplates\index.js","6","import attendanceDashboard from './attendanceDashboard.js';"
"Dashboard","frontend\dashboards\src\config\dashboardTemplates\index.js","7","import gradebookDashboard from './gradebookDashboard.js';"
"Dashboard","frontend\dashboards\src\config\dashboardTemplates\index.js","8","import financeDashboard from './financeDashboard.js';"
"Dashboard","frontend\dashboards\src\config\dashboardTemplates\index.js","9","import communicationsDashboard from './communicationsDashboard.js';"
"Dashboard","frontend\dashboards\src\config\dashboardTemplates\index.js","11","export const DASHBOARD_TEMPLATE_MAP = {"
"Dashboard","frontend\dashboards\src\config\dashboardTemplates\index.js","12","dashboard: schoolAdministratorDashboard,"
"Dashboard","frontend\dashboards\src\config\dashboardTemplates\index.js","13","schoolAdministrator: schoolAdministratorDashboard,"
"Dashboard","frontend\dashboards\src\config\dashboardTemplates\index.js","14","teacher: teacherDashboard,"
"Dashboard","frontend\dashboards\src\config\dashboardTemplates\index.js","15","parent: parentDashboard,"
"Dashboard","frontend\dashboards\src\config\dashboardTemplates\index.js","16","student: studentDashboard,"
"Dashboard","frontend\dashboards\src\config\dashboardTemplates\index.js","17","admissions: admissionsDashboard,"
"Dashboard","frontend\dashboards\src\config\dashboardTemplates\index.js","18","attendance: attendanceDashboard,"
"Dashboard","frontend\dashboards\src\config\dashboardTemplates\index.js","19","gradebook: gradebookDashboard,"
"Dashboard","frontend\dashboards\src\config\dashboardTemplates\index.js","20","finance: financeDashboard,"
"Dashboard","frontend\dashboards\src\config\dashboardTemplates\index.js","21","communications: communicationsDashboard,"
"Dashboard","frontend\dashboards\src\config\dashboardTemplates\index.js","24","function isValidDashboardTemplate(template) {"
"Dashboard","frontend\dashboards\src\config\dashboardTemplates\index.js","29","&& Array.isArray(template.metrics)"
"Dashboard","frontend\dashboards\src\config\dashboardTemplates\index.js","33","export function getDashboardTemplate(key) {"
"Dashboard","frontend\dashboards\src\config\dashboardTemplates\index.js","34","const candidate = DASHBOARD_TEMPLATE_MAP[key] || schoolAdministratorDashboard;"
"Dashboard","frontend\dashboards\src\config\dashboardTemplates\index.js","35","return isValidDashboardTemplate(candidate) ? candidate : schoolAdministratorDashboard;"
"Dashboard","frontend\dashboards\src\config\dashboardTemplates\parentDashboard.js","8","title: 'Parent Dashboard',"
"Dashboard","frontend\dashboards\src\config\dashboardTemplates\parentDashboard.js","11","metrics: ["
"Dashboard","frontend\dashboards\src\config\dashboardTemplates\schoolAdministratorDashboard.js","35","metrics: ["
"Dashboard","frontend\dashboards\src\config\dashboardTemplates\schoolAdministratorDashboard.js","61","mainKpi: '42 open applications',"
"Dashboard","frontend\dashboards\src\config\dashboardTemplates\schoolAdministratorDashboard.js","63","kpis: ["
"Dashboard","frontend\dashboards\src\config\dashboardTemplates\schoolAdministratorDashboard.js","80","mainKpi: '96.2% present today',"
"Dashboard","frontend\dashboards\src\config\dashboardTemplates\schoolAdministratorDashboard.js","82","kpis: ["
"Dashboard","frontend\dashboards\src\config\dashboardTemplates\schoolAdministratorDashboard.js","99","mainKpi: '18 students at risk',"
"Dashboard","frontend\dashboards\src\config\dashboardTemplates\schoolAdministratorDashboard.js","101","kpis: ["
"Dashboard","frontend\dashboards\src\config\dashboardTemplates\schoolAdministratorDashboard.js","118","mainKpi: '$2.4M collected',"
"Dashboard","frontend\dashboards\src\config\dashboardTemplates\schoolAdministratorDashboard.js","120","kpis: ["
"Dashboard","frontend\dashboards\src\config\dashboardTemplates\schoolAdministratorDashboard.js","137","mainKpi: '27 messages pending',"
"Dashboard","frontend\dashboards\src\config\dashboardTemplates\schoolAdministratorDashboard.js","139","kpis: ["
"Dashboard","frontend\dashboards\src\config\dashboardTemplates\schoolAdministratorDashboard.js","156","mainKpi: '4 substitutes needed',"
"Dashboard","frontend\dashboards\src\config\dashboardTemplates\schoolAdministratorDashboard.js","158","kpis: ["
"Dashboard","frontend\dashboards\src\config\dashboardTemplates\schoolAdministratorDashboard.js","175","mainKpi: '13 behavior follow-ups',"
"Dashboard","frontend\dashboards\src\config\dashboardTemplates\schoolAdministratorDashboard.js","177","kpis: ["
"Dashboard","frontend\dashboards\src\config\dashboardTemplates\schoolAdministratorDashboard.js","194","mainKpi: '7 incident reports',"
"Dashboard","frontend\dashboards\src\config\dashboardTemplates\schoolAdministratorDashboard.js","196","kpis: ["
"Dashboard","frontend\dashboards\src\config\dashboardTemplates\schoolAdministratorDashboard.js","213","mainKpi: '11 events this week',"
"Dashboard","frontend\dashboards\src\config\dashboardTemplates\schoolAdministratorDashboard.js","215","kpis: ["
"Dashboard","frontend\dashboards\src\config\dashboardTemplates\schoolAdministratorDashboard.js","232","mainKpi: '3 failed syncs',"
"Dashboard","frontend\dashboards\src\config\dashboardTemplates\schoolAdministratorDashboard.js","234","kpis: ["
"Dashboard","frontend\dashboards\src\config\dashboardTemplates\schoolAdministratorDashboard.js","327","statusKicker: 'Operational status widgets',"
"Dashboard","frontend\dashboards\src\config\dashboardTemplates\studentDashboard.js","8","title: 'Student Dashboard',"
"Dashboard","frontend\dashboards\src\config\dashboardTemplates\studentDashboard.js","11","metrics: ["
"Dashboard","frontend\dashboards\src\config\dashboardTemplates\teacherDashboard.js","8","title: 'Teacher Dashboard',"
"Dashboard","frontend\dashboards\src\config\dashboardTemplates\teacherDashboard.js","11","metrics: ["
"Dashboard","frontend\dashboards\src\contracts\shellBackendContract.js","1","import * as DashboardRegistryModule from ""../config/dashboardRegistry"";"
"Dashboard","frontend\dashboards\src\contracts\shellBackendContract.js","30","function getDashboardRegistrySource() {"
"Dashboard","frontend\dashboards\src\contracts\shellBackendContract.js","32","DashboardRegistryModule.DASHBOARD_REGISTRY ||"
"Dashboard","frontend\dashboards\src\contracts\shellBackendContract.js","33","DashboardRegistryModule.dashboardRegistry ||"
"Dashboard","frontend\dashboards\src\contracts\shellBackendContract.js","34","DashboardRegistryModule.default ||"
"Dashboard","frontend\dashboards\src\contracts\shellBackendContract.js","76","export function getFrontendDashboardContract() {"
"Dashboard","frontend\dashboards\src\contracts\shellBackendContract.js","78","(Array.isArray(getDashboardRegistrySource()) ? getDashboardRegistrySource() : [])"
"Dashboard","frontend\dashboards\src\contracts\shellBackendContract.js","94","dashboardModules: getFrontendDashboardContract(),"
"Dashboard","frontend\dashboards\src\entitlements\EntitlementGate.tsx","17","*     <AdvancedAnalyticsDashboard />"
"Dashboard","frontend\dashboards\src\entitlements\entitlements.ts","34","DASHBOARDS_REPORTING: ""dashboards.reporting"","
"Dashboard","frontend\dashboards\src\entitlements\entitlements.ts","35","DASHBOARDS_BOARD: ""dashboards.board"","
"Dashboard","frontend\dashboards\src\hooks\useAdmissionsDashboardData.js","6","fetchAdmissionsMetrics,"
"Dashboard","frontend\dashboards\src\hooks\useAdmissionsDashboardData.js","49","export default function useAdmissionsDashboardData(year) {"
"Dashboard","frontend\dashboards\src\hooks\useAdmissionsDashboardData.js","54","const [metrics, setMetrics] = useState({});"
"Dashboard","frontend\dashboards\src\hooks\useAdmissionsDashboardData.js","68","const [summaryRes, metricsRes, queueRes, timelineRes] = await Promise.all(["
"Dashboard","frontend\dashboards\src\hooks\useAdmissionsDashboardData.js","70","fetchAdmissionsMetrics(params),"
"Dashboard","frontend\dashboards\src\hooks\useAdmissionsDashboardData.js","76","setMetrics(metricsRes || {});"
"Dashboard","frontend\dashboards\src\hooks\useAdmissionsDashboardData.js","80","setError(err?.message || ""Unable to load admissions dashboard data."");"
"Dashboard","frontend\dashboards\src\hooks\useAdmissionsDashboardData.js","126","metrics,"
"Dashboard","frontend\dashboards\src\hooks\useBoardExecutiveData.js","4","* Safe read-only data loader for the Board Executive Dashboard."
"Dashboard","frontend\dashboards\src\hooks\useBoardExecutiveData.js","10","kpis:    ""/api/v1/board/kpis/"","
"Dashboard","frontend\dashboards\src\hooks\useBoardExecutiveData.js","17","kpis: {"
"Dashboard","frontend\dashboards\src\hooks\useBoardExecutiveData.js","46","{ metric: ""Re-enrollment"", value: ""91.4%"", note: ""Above target"" },"
"Dashboard","frontend\dashboards\src\hooks\useBoardExecutiveData.js","47","{ metric: ""Aid Yield"",     value: ""78%"",   note: ""Target range"" },"
"Dashboard","frontend\dashboards\src\hooks\useBoardExecutiveData.js","48","{ metric: ""Attendance"",    value: ""94.6%"", note: ""Seasonal dip normal"" },"
"Dashboard","frontend\dashboards\src\hooks\useBoardExecutiveData.js","49","{ metric: ""Discipline"",    value: ""Low"",   note: ""Incidents down 8%"" },"
"Dashboard","frontend\dashboards\src\hooks\useBoardExecutiveData.js","84","globalThis.fetch(URLS.kpis,    { headers }),"
"Dashboard","frontend\dashboards\src\hooks\useBoardExecutiveData.js","94","const j = await safeJson(rk.value); if (j) { next.kpis      = j; anyLive = true; }"
"Dashboard","frontend\dashboards\src\hooks\useDashboardData.js","2","import { dashboardFetch } from '../api/dashboardClient';"
"Dashboard","frontend\dashboards\src\hooks\useDashboardData.js","3","import { DASHBOARD_DATA_REGISTRY } from '../config/dashboardDataRegistry';"
"Dashboard","frontend\dashboards\src\hooks\useDashboardData.js","4","import { DASHBOARD_CERTIFICATION_REGISTRY } from '../config/dashboardCertificationRegistry';"
"Dashboard","frontend\dashboards\src\hooks\useDashboardData.js","10","String(import.meta.env.VITE_DASHBOARD_STRICT_MODE).toLowerCase() === 'true'"
"Dashboard","frontend\dashboards\src\hooks\useDashboardData.js","14","export default function useDashboardData(dashboardKey, options = {}) {"
"Dashboard","frontend\dashboards\src\hooks\useDashboardData.js","15","const config = DASHBOARD_DATA_REGISTRY[dashboardKey];"
"Dashboard","frontend\dashboards\src\hooks\useDashboardData.js","17","DASHBOARD_CERTIFICATION_REGISTRY[dashboardKey] || {"
"Dashboard","frontend\dashboards\src\hooks\useDashboardData.js","25","config ? null : new Error(`No dashboard data config found for ""${dashboardKey}"".`)"
"Dashboard","frontend\dashboards\src\hooks\useDashboardData.js","52","const response = await dashboardFetch(config.endpoint, {"
"Dashboard","frontend\dashboards\src\hooks\useDashboardData.js","97","}, [dashboardKey, config, effectiveOptions]);"
"Dashboard","frontend\dashboards\src\hooks\useFinanceDashboardData.js","3","fetchFinanceMetrics,"
"Dashboard","frontend\dashboards\src\hooks\useFinanceDashboardData.js","14","export default function useFinanceDashboardData() {"
"Dashboard","frontend\dashboards\src\hooks\useFinanceDashboardData.js","17","const [metrics, setMetrics] = useState(null);"
"Dashboard","frontend\dashboards\src\hooks\useFinanceDashboardData.js","26","const [metricsRes, summaryRes, invoicesRes] = await Promise.all(["
"Dashboard","frontend\dashboards\src\hooks\useFinanceDashboardData.js","27","fetchFinanceMetrics(),"
"Dashboard","frontend\dashboards\src\hooks\useFinanceDashboardData.js","32","setMetrics(metricsRes || {});"
"Dashboard","frontend\dashboards\src\hooks\useFinanceDashboardData.js","36","setError(err?.message || ""Unable to load finance dashboard data."");"
"Dashboard","frontend\dashboards\src\hooks\useFinanceDashboardData.js","49","metrics,"
"Dashboard","frontend\dashboards\src\lib\academicsApi.js","1","// frontend/dashboards/src/lib/academicsApi.js"
"Dashboard","frontend\dashboards\src\modules\advancement\AdvancementDashboard.jsx","2","* AdvancementDashboard  Stage 1 KPI overview"
"Dashboard","frontend\dashboards\src\modules\advancement\AdvancementDashboard.jsx","28","export default function AdvancementDashboard() {"
"Dashboard","frontend\dashboards\src\modules\advancement\AdvancementDashboard.jsx","54","<div aria-label=""Advancement Dashboard"">"
"Dashboard","frontend\dashboards\src\modules\advancement\AdvancementDashboard.jsx","57","{/* KPI Cards */}"
"Dashboard","frontend\dashboards\src\modules\advancement\AdvancementDashboard.jsx","59","<KpiCard label=""Total Advancement Revenue"" value={fmtCurrency(data.total_advancement_revenue)} />"
"Dashboard","frontend\dashboards\src\modules\advancement\AdvancementDashboard.jsx","60","<KpiCard label=""Donations""                  value={fmtCurrency(data.donation_revenue)} />"
"Dashboard","frontend\dashboards\src\modules\advancement\AdvancementDashboard.jsx","61","<KpiCard label=""Ticket Revenue""             value={fmtCurrency(data.ticket_revenue)} />"
"Dashboard","frontend\dashboards\src\modules\advancement\AdvancementDashboard.jsx","62","<KpiCard label=""Sponsorship Revenue""        value={fmtCurrency(data.sponsorship_revenue)} />"
"Dashboard","frontend\dashboards\src\modules\advancement\AdvancementDashboard.jsx","63","<KpiCard label=""Store Revenue""              value={fmtCurrency(data.store_revenue)} />"
"Dashboard","frontend\dashboards\src\modules\advancement\AdvancementDashboard.jsx","64","<KpiCard label=""Total Donors""               value={data.total_donors} />"
"Dashboard","frontend\dashboards\src\modules\advancement\AdvancementDashboard.jsx","65","<KpiCard label=""Tickets Sold""               value={data.tickets_sold_total} />"
"Dashboard","frontend\dashboards\src\modules\advancement\AdvancementDashboard.jsx","66","<KpiCard label=""Active Store Items""         value={data.store_items_active} />"
"Dashboard","frontend\dashboards\src\modules\advancement\AdvancementDashboard.jsx","131","function KpiCard({ label, value }) {"
"Dashboard","frontend\dashboards\src\pages\AcademicsDashboard.jsx","16","import { KpiStrip } from '../components/dashboard/KpiFlipCard.jsx';"
"Dashboard","frontend\dashboards\src\pages\AcademicsDashboard.jsx","19","/* ?? Academics KPI flip cards ???????????????????????????????? */"
"Dashboard","frontend\dashboards\src\pages\AcademicsDashboard.jsx","20","const ACADEMICS_KPI = ["
"Dashboard","frontend\dashboards\src\pages\AcademicsDashboard.jsx","38","export function AcademicsDashboard() {"
"Dashboard","frontend\dashboards\src\pages\AcademicsDashboard.jsx","267","<KpiStrip cards={ACADEMICS_KPI} />"
"Dashboard","frontend\dashboards\src\pages\AcademicSupportDashboard.jsx","4","import CrownMetricCard from '../components/crown/CrownMetricCard.jsx';"
"Dashboard","frontend\dashboards\src\pages\AcademicSupportDashboard.jsx","6","import DashboardSection from '../components/layout/DashboardSection.jsx';"
"Dashboard","frontend\dashboards\src\pages\AcademicSupportDashboard.jsx","7","import { KpiStrip } from '../components/dashboard/KpiFlipCard.jsx';"
"Dashboard","frontend\dashboards\src\pages\AcademicSupportDashboard.jsx","50","async function fetchAcademicSupportMetrics() {"
"Dashboard","frontend\dashboards\src\pages\AcademicSupportDashboard.jsx","52","const url = `${apiBase()}/api/v1/academic-support/metrics/`;"
"Dashboard","frontend\dashboards\src\pages\AcademicSupportDashboard.jsx","81","/*  Academic Support KPI flip cards  */"
"Dashboard","frontend\dashboards\src\pages\AcademicSupportDashboard.jsx","82","const ADMIN_KPI = ["
"Dashboard","frontend\dashboards\src\pages\AcademicSupportDashboard.jsx","96","export default function AcademicSupportDashboard() {"
"Dashboard","frontend\dashboards\src\pages\AcademicSupportDashboard.jsx","100","fetchAcademicSupportMetrics().then(({ ok, data }) => setState({ loading: false, live: ok, data }));"
"Dashboard","frontend\dashboards\src\pages\AcademicSupportDashboard.jsx","115","<KpiStrip cards={ADMIN_KPI} />"
"Dashboard","frontend\dashboards\src\pages\AcademicSupportDashboard.jsx","118","{/*  Overview KPIs  */}"
"Dashboard","frontend\dashboards\src\pages\AcademicSupportDashboard.jsx","119","<DashboardSection title=""Overview"">"
"Dashboard","frontend\dashboards\src\pages\AcademicSupportDashboard.jsx","121","<Col span={3}><CrownMetricCard label=""Students on IEP""       value={data.students_on_iep       ?? DEMO.students_on_iep}       /></Col>"
"Dashboard","frontend\dashboards\src\pages\AcademicSupportDashboard.jsx","122","<Col span={3}><CrownMetricCard label=""Reviews Due (30 days)"" value={data.upcoming_reviews      ?? DEMO.upcoming_reviews}      /></Col>"
"Dashboard","frontend\dashboards\src\pages\AcademicSupportDashboard.jsx","123","<Col span={3}><CrownMetricCard label=""Active Accommodations""  value={data.accommodations_active ?? DEMO.accommodations_active}  /></Col>"
"Dashboard","frontend\dashboards\src\pages\AcademicSupportDashboard.jsx","124","<Col span={3}><CrownMetricCard label=""Referrals Pending""      value={data.referrals_pending     ?? DEMO.referrals_pending}      /></Col>"
"Dashboard","frontend\dashboards\src\pages\AcademicSupportDashboard.jsx","126","</DashboardSection>"
"Dashboard","frontend\dashboards\src\pages\AcademicSupportDashboard.jsx","129","<DashboardSection title=""IEP Reviews & Caseload"">"
"Dashboard","frontend\dashboards\src\pages\AcademicSupportDashboard.jsx","173","</DashboardSection>"
"Dashboard","frontend\dashboards\src\pages\AcademicSupportDashboard.jsx","176","<DashboardSection title=""Accommodations & Alerts"">"
"Dashboard","frontend\dashboards\src\pages\AcademicSupportDashboard.jsx","211","</DashboardSection>"
"Dashboard","frontend\dashboards\src\pages\ActivitiesAthleticsDashboard.jsx","3","import ActivitiesSnapshotCard from '../components/dashboard/activities/ActivitiesSnapshotCard.jsx';"
"Dashboard","frontend\dashboards\src\pages\ActivitiesAthleticsDashboard.jsx","4","import EligibilityAlertsPanel from '../components/dashboard/activities/EligibilityAlertsPanel.jsx';"
"Dashboard","frontend\dashboards\src\pages\ActivitiesAthleticsDashboard.jsx","5","import EventQueueCard from '../components/dashboard/activities/EventQueueCard.jsx';"
"Dashboard","frontend\dashboards\src\pages\ActivitiesAthleticsDashboard.jsx","7","export default function ActivitiesAthleticsDashboard() {"
"Dashboard","frontend\dashboards\src\pages\ActivitiesAthleticsDashboard.jsx","10","title=""Activities and Athletics Dashboard"""
"Dashboard","frontend\dashboards\src\pages\AdminCommandCenterClean.jsx","27","const kpis = ["
"Dashboard","frontend\dashboards\src\pages\AdminCommandCenterClean.jsx","268","function KpiCard({ item }) {"
"Dashboard","frontend\dashboards\src\pages\AdminCommandCenterClean.jsx","270","<article className={`clean-kpi clean-kpi-${item.tone}`}>"
"Dashboard","frontend\dashboards\src\pages\AdminCommandCenterClean.jsx","440","<p>School Administrator Dashboard</p>"
"Dashboard","frontend\dashboards\src\pages\AdminCommandCenterClean.jsx","462","<section className=""clean-kpi-grid"" aria-label=""Administrator KPI summary"">"
"Dashboard","frontend\dashboards\src\pages\AdminCommandCenterClean.jsx","463","{kpis.map((item) => ("
"Dashboard","frontend\dashboards\src\pages\AdminCommandCenterClean.jsx","464","<KpiCard key={item.label} item={item} />"
"Dashboard","frontend\dashboards\src\pages\AdminCommandCenterClean.jsx","468","<section className=""clean-dashboard-grid"">"
"Dashboard","frontend\dashboards\src\pages\AdminCommandCenterDashboard.jsx","4","const executiveKpis = ["
"Dashboard","frontend\dashboards\src\pages\AdminCommandCenterDashboard.jsx","56","metrics: ["
"Dashboard","frontend\dashboards\src\pages\AdminCommandCenterDashboard.jsx","70","metrics: ["
"Dashboard","frontend\dashboards\src\pages\AdminCommandCenterDashboard.jsx","84","metrics: ["
"Dashboard","frontend\dashboards\src\pages\AdminCommandCenterDashboard.jsx","98","metrics: ["
"Dashboard","frontend\dashboards\src\pages\AdminCommandCenterDashboard.jsx","112","metrics: ["
"Dashboard","frontend\dashboards\src\pages\AdminCommandCenterDashboard.jsx","126","metrics: ["
"Dashboard","frontend\dashboards\src\pages\AdminCommandCenterDashboard.jsx","140","metrics: ["
"Dashboard","frontend\dashboards\src\pages\AdminCommandCenterDashboard.jsx","154","metrics: ["
"Dashboard","frontend\dashboards\src\pages\AdminCommandCenterDashboard.jsx","168","metrics: ["
"Dashboard","frontend\dashboards\src\pages\AdminCommandCenterDashboard.jsx","182","metrics: ["
"Dashboard","frontend\dashboards\src\pages\AdminCommandCenterDashboard.jsx","233","function KpiCard({ item }) {"
"Dashboard","frontend\dashboards\src\pages\AdminCommandCenterDashboard.jsx","235","<article className={`admin-command-kpi admin-command-kpi-${item.tone}`}>"
"Dashboard","frontend\dashboards\src\pages\AdminCommandCenterDashboard.jsx","241","<div className=""admin-command-kpi-icon"" aria-hidden=""true"">"
"Dashboard","frontend\dashboards\src\pages\AdminCommandCenterDashboard.jsx","261","<div className=""admin-command-metric-pairs"">"
"Dashboard","frontend\dashboards\src\pages\AdminCommandCenterDashboard.jsx","262","{module.metrics.map(([label, value]) => ("
"Dashboard","frontend\dashboards\src\pages\AdminCommandCenterDashboard.jsx","290","export default function AdminCommandCenterDashboard() {"
"Dashboard","frontend\dashboards\src\pages\AdminCommandCenterDashboard.jsx","309","<section className=""admin-command-kpi-grid"" aria-label=""Executive KPIs"">"
"Dashboard","frontend\dashboards\src\pages\AdminCommandCenterDashboard.jsx","310","{executiveKpis.map((item) => ("
"Dashboard","frontend\dashboards\src\pages\AdminCommandCenterDashboard.jsx","311","<KpiCard key={item.label} item={item} />"
"Dashboard","frontend\dashboards\src\pages\AdminCommandCenterFinal.jsx","21","kpis: ["
"Dashboard","frontend\dashboards\src\pages\AdminCommandCenterFinal.jsx","29","todayAtGlanceMetrics: ["
"Dashboard","frontend\dashboards\src\pages\AdminCommandCenterFinal.jsx","155","kpis: ["
"Dashboard","frontend\dashboards\src\pages\AdminCommandCenterFinal.jsx","163","todayAtGlanceMetrics: ["
"Dashboard","frontend\dashboards\src\pages\AdminCommandCenterFinal.jsx","285","kpis: ["
"Dashboard","frontend\dashboards\src\pages\AdminCommandCenterFinal.jsx","293","todayAtGlanceMetrics: ["
"Dashboard","frontend\dashboards\src\pages\AdminCommandCenterFinal.jsx","410","{ title: ""Command Centre"", items: [""Dashboard"", ""Overview""] },"
"Dashboard","frontend\dashboards\src\pages\AdminCommandCenterFinal.jsx","431","{ key: ""dashboard"", icon: ""dashboard"", targetId: ""overview"" },"
"Dashboard","frontend\dashboards\src\pages\AdminCommandCenterFinal.jsx","449","Dashboard: ""overview"","
"Dashboard","frontend\dashboards\src\pages\AdminCommandCenterFinal.jsx","482","dashboard: ""M4 4h7v7H4zM13 4h7v4h-7zM13 10h7v10h-7zM4 13h7v7H4z"","
"Dashboard","frontend\dashboards\src\pages\AdminCommandCenterFinal.jsx","504","<path d={iconPaths[name] || iconPaths.dashboard} />"
"Dashboard","frontend\dashboards\src\pages\AdminCommandCenterFinal.jsx","510","function KpiCard({ item }) {"
"Dashboard","frontend\dashboards\src\pages\AdminCommandCenterFinal.jsx","512","<article className={`cc-kpi cc-tone-${item.tone}`}>"
"Dashboard","frontend\dashboards\src\pages\AdminCommandCenterFinal.jsx","518","<div className=""cc-kpi-icon"" aria-hidden=""true"">"
"Dashboard","frontend\dashboards\src\pages\AdminCommandCenterFinal.jsx","699","View attendance dashboard ?"
"Dashboard","frontend\dashboards\src\pages\AdminCommandCenterFinal.jsx","729","View finance dashboard ?"
"Dashboard","frontend\dashboards\src\pages\AdminCommandCenterFinal.jsx","917","const kpis = schoolData.kpis;"
"Dashboard","frontend\dashboards\src\pages\AdminCommandCenterFinal.jsx","918","const todayAtGlanceMetrics = schoolData.todayAtGlanceMetrics;"
"Dashboard","frontend\dashboards\src\pages\AdminCommandCenterFinal.jsx","929","...todayAtGlanceMetrics.map((metric) => metric.sourceId),"
"Dashboard","frontend\dashboards\src\pages\AdminCommandCenterFinal.jsx","955","}, [overviewCards, todayAtGlanceMetrics]);"
"Dashboard","frontend\dashboards\src\pages\AdminCommandCenterFinal.jsx","970","<div className={`cc-dashboard ${isSidebarCollapsed ? ""cc-dashboard-collapsed"" : """"}`}>"
"Dashboard","frontend\dashboards\src\pages\AdminCommandCenterFinal.jsx","980","<span className=""cc-hero-kicker"">School Administrator Dashboard</span>"
"Dashboard","frontend\dashboards\src\pages\AdminCommandCenterFinal.jsx","992","{todayAtGlanceMetrics.map((metric) => ("
"Dashboard","frontend\dashboards\src\pages\AdminCommandCenterFinal.jsx","994","key={metric.label}"
"Dashboard","frontend\dashboards\src\pages\AdminCommandCenterFinal.jsx","995","href={`#${metric.sourceId}`}"
"Dashboard","frontend\dashboards\src\pages\AdminCommandCenterFinal.jsx","999","scrollToSection(metric.sourceId);"
"Dashboard","frontend\dashboards\src\pages\AdminCommandCenterFinal.jsx","1002","<strong>{metric.value}</strong>"
"Dashboard","frontend\dashboards\src\pages\AdminCommandCenterFinal.jsx","1003","<span>{metric.label}</span>"
"Dashboard","frontend\dashboards\src\pages\AdminCommandCenterFinal.jsx","1012","<section className=""cc-kpi-grid"" aria-label=""Executive KPI cards"">"
"Dashboard","frontend\dashboards\src\pages\AdminCommandCenterFinal.jsx","1013","{kpis.map((item) => ("
"Dashboard","frontend\dashboards\src\pages\AdminCommandCenterFinal.jsx","1014","<KpiCard key={item.label} item={item} />"
"Dashboard","frontend\dashboards\src\pages\AdminDashboard.jsx","4","import DashboardSection from '../components/layout/DashboardSection.jsx';"
"Dashboard","frontend\dashboards\src\pages\AdminDashboard.jsx","7","import PrayerRequests from '../components/dashboard/PrayerRequests.jsx';"
"Dashboard","frontend\dashboards\src\pages\AdminDashboard.jsx","8","import DailyDevotion from '../components/dashboard/DailyDevotion.jsx';"
"Dashboard","frontend\dashboards\src\pages\AdminDashboard.jsx","9","import SpecialDays from '../components/dashboard/SpecialDays.jsx';"
"Dashboard","frontend\dashboards\src\pages\AdminDashboard.jsx","10","import PrioritiesPanel from '../components/dashboard/PrioritiesPanel.jsx';"
"Dashboard","frontend\dashboards\src\pages\AdminDashboard.jsx","11","import AlertsPanel from '../components/dashboard/AlertsPanel.jsx';"
"Dashboard","frontend\dashboards\src\pages\AdminDashboard.jsx","12","import KpiCard from '../components/dashboard/KpiCard.jsx';"
"Dashboard","frontend\dashboards\src\pages\AdminDashboard.jsx","13","import FlipMetricCard from '../components/dashboard/FlipMetricCard.jsx';"
"Dashboard","frontend\dashboards\src\pages\AdminDashboard.jsx","14","import KpiCardGrid from '../components/dashboard/KpiCardGrid.jsx';"
"Dashboard","frontend\dashboards\src\pages\AdminDashboard.jsx","15","import ProgressGoalCard from '../components/dashboard/ProgressGoalCard.jsx';"
"Dashboard","frontend\dashboards\src\pages\AdminDashboard.jsx","16","import HealthRingCard from '../components/dashboard/HealthRingCard.jsx';"
"Dashboard","frontend\dashboards\src\pages\AdminDashboard.jsx","17","import TrendChartCard from '../components/dashboard/TrendChartCard.jsx';"
"Dashboard","frontend\dashboards\src\pages\AdminDashboard.jsx","18","import ActivityFeedCard from '../components/dashboard/ActivityFeedCard.jsx';"
"Dashboard","frontend\dashboards\src\pages\AdminDashboard.jsx","19","import OperationalSnapshotCard from '../components/dashboard/OperationalSnapshotCard.jsx';"
"Dashboard","frontend\dashboards\src\pages\AdminDashboard.jsx","20","import CalendarCard from '../components/dashboard/CalendarCard.jsx';"
"Dashboard","frontend\dashboards\src\pages\AdminDashboard.jsx","21","import CommunicationsCard from '../components/dashboard/CommunicationsCard.jsx';"
"Dashboard","frontend\dashboards\src\pages\AdminDashboard.jsx","22","import ReportSnapshotCard from '../components/dashboard/ReportSnapshotCard.jsx';"
"Dashboard","frontend\dashboards\src\pages\AdminDashboard.jsx","40","async function fetchAdminMetrics() {"
"Dashboard","frontend\dashboards\src\pages\AdminDashboard.jsx","42","const url = `${apiBase()}/api/v1/admin/metrics/`;"
"Dashboard","frontend\dashboards\src\pages\AdminDashboard.jsx","68","export default function AdminDashboard() {"
"Dashboard","frontend\dashboards\src\pages\AdminDashboard.jsx","70","const [metricsError, setMetricsError] = useState('');"
"Dashboard","frontend\dashboards\src\pages\AdminDashboard.jsx","73","fetchAdminMetrics().then(({ ok, data }) => {"
"Dashboard","frontend\dashboards\src\pages\AdminDashboard.jsx","74","if (!ok || !data) setMetricsError('Admin metrics unavailable - API error');"
"Dashboard","frontend\dashboards\src\pages\AdminDashboard.jsx","99","<h2 className=""text-sm font-medium uppercase tracking-wide"">Executive Dashboard</h2>"
"Dashboard","frontend\dashboards\src\pages\AdminDashboard.jsx","101","<ErrorBanner title=""Dashboard unavailable"" message={metricsError} />"
"Dashboard","frontend\dashboards\src\pages\AdminDashboard.jsx","103","<DashboardSection title=""Faith and Community"">"
"Dashboard","frontend\dashboards\src\pages\AdminDashboard.jsx","117","</DashboardSection>"
"Dashboard","frontend\dashboards\src\pages\AdminDashboard.jsx","119","<DashboardSection title=""Leadership Action"">"
"Dashboard","frontend\dashboards\src\pages\AdminDashboard.jsx","126","<KpiCardGrid>"
"Dashboard","frontend\dashboards\src\pages\AdminDashboard.jsx","127","<KpiCard"
"Dashboard","frontend\dashboards\src\pages\AdminDashboard.jsx","135","<KpiCard"
"Dashboard","frontend\dashboards\src\pages\AdminDashboard.jsx","143","<FlipMetricCard"
"Dashboard","frontend\dashboards\src\pages\AdminDashboard.jsx","154","'Open Discipline Dashboard',"
"Dashboard","frontend\dashboards\src\pages\AdminDashboard.jsx","160","<FlipMetricCard"
"Dashboard","frontend\dashboards\src\pages\AdminDashboard.jsx","176","</KpiCardGrid>"
"Dashboard","frontend\dashboards\src\pages\AdminDashboard.jsx","183","</DashboardSection>"
"Dashboard","frontend\dashboards\src\pages\AdminDashboard.jsx","185","<DashboardSection title=""Executive Insights"">"
"Dashboard","frontend\dashboards\src\pages\AdminDashboard.jsx","218","</DashboardSection>"
"Dashboard","frontend\dashboards\src\pages\AdminDashboard.jsx","220","<DashboardSection title=""Enrollment Funnel"">"
"Dashboard","frontend\dashboards\src\pages\AdminDashboard.jsx","258","</DashboardSection>"
"Dashboard","frontend\dashboards\src\pages\AdminDashboard.jsx","260","<DashboardSection title=""Operational Detail"">"
"Dashboard","frontend\dashboards\src\pages\AdminDashboard.jsx","270","</DashboardSection>"
"Dashboard","frontend\dashboards\src\pages\AdminDashboard.jsx","272","<DashboardSection title=""Awareness, Communication, and Reporting"">"
"Dashboard","frontend\dashboards\src\pages\AdminDashboard.jsx","286","</DashboardSection>"
"Dashboard","frontend\dashboards\src\pages\AdmissionsDashboard.jsx","21","import useAdmissionsDashboardData from ""../hooks/useAdmissionsDashboardData"";"
"Dashboard","frontend\dashboards\src\pages\AdmissionsDashboard.jsx","23","import WidgetState from ""../components/states/WidgetState.jsx"";"
"Dashboard","frontend\dashboards\src\pages\AdmissionsDashboard.jsx","75","export default function AdmissionsDashboard() {"
"Dashboard","frontend\dashboards\src\pages\AdmissionsDashboard.jsx","84","metrics,"
"Dashboard","frontend\dashboards\src\pages\AdmissionsDashboard.jsx","93","} = useAdmissionsDashboardData(year);"
"Dashboard","frontend\dashboards\src\pages\AdmissionsDashboard.jsx","114","<Typography variant=""h4"">Admissions Dashboard</Typography>"
"Dashboard","frontend\dashboards\src\pages\AdmissionsDashboard.jsx","116","Live admissions metrics, queue, and activity."
"Dashboard","frontend\dashboards\src\pages\AdmissionsDashboard.jsx","147","emptyMessage=""Admissions metrics will appear when applications are created."""
"Dashboard","frontend\dashboards\src\pages\AdmissionsDashboard.jsx","153","<WidgetState title=""Total Applications"">"
"Dashboard","frontend\dashboards\src\pages\AdmissionsDashboard.jsx","159","</WidgetState>"
"Dashboard","frontend\dashboards\src\pages\AdmissionsDashboard.jsx","221","{metrics?.yield_rate ||"
"Dashboard","frontend\dashboards\src\pages\AdmissionsDashboard.jsx","222","metrics?.yieldRate ||"
"Dashboard","frontend\dashboards\src\pages\AdmissionsDashboard.jsx","223","metrics?.yield ||"
"Dashboard","frontend\dashboards\src\pages\AdmissionsDashboard.jsx","227","Derived from live admissions metrics."
"Dashboard","frontend\dashboards\src\pages\AdvancementDashboard.jsx","2","import AdvancementSnapshotCard from '../components/dashboard/advancement/AdvancementSnapshotCard';"
"Dashboard","frontend\dashboards\src\pages\AdvancementDashboard.jsx","3","import AdvancementCampaignPanel from '../components/dashboard/advancement/AdvancementCampaignPanel';"
"Dashboard","frontend\dashboards\src\pages\AdvancementDashboard.jsx","4","import AdvancementPipelineCard from '../components/dashboard/advancement/AdvancementPipelineCard';"
"Dashboard","frontend\dashboards\src\pages\AdvancementDashboard.jsx","6","export default function AdvancementDashboard() {"
"Dashboard","frontend\dashboards\src\pages\AdvancementDashboard.jsx","11","Advancement Dashboard"
"Dashboard","frontend\dashboards\src\pages\AdvancementOperationsDashboard.jsx","2","import AdvancementOpsSnapshotCard from '../components/dashboard/advancementops/AdvancementOpsSnapshotCard';"
"Dashboard","frontend\dashboards\src\pages\AdvancementOperationsDashboard.jsx","3","import AdvancementOpsAlertsPanel from '../components/dashboard/advancementops/AdvancementOpsAlertsPanel';"
"Dashboard","frontend\dashboards\src\pages\AdvancementOperationsDashboard.jsx","4","import AdvancementOpsQueueCard from '../components/dashboard/advancementops/AdvancementOpsQueueCard';"
"Dashboard","frontend\dashboards\src\pages\AdvancementOperationsDashboard.jsx","6","export default function AdvancementOperationsDashboard() {"
"Dashboard","frontend\dashboards\src\pages\AdvancementOperationsDashboard.jsx","11","Advancement Operations Dashboard"
"Dashboard","frontend\dashboards\src\pages\AftercareRosterPage.jsx","3","import DashboardSection from ""../components/layout/DashboardSection.jsx"";"
"Dashboard","frontend\dashboards\src\pages\AftercareRosterPage.jsx","87","<DashboardSection title={rosterTitle}>"
"Dashboard","frontend\dashboards\src\pages\AftercareRosterPage.jsx","144","</DashboardSection>"
"Dashboard","frontend\dashboards\src\pages\AlumniRelationsDashboard.jsx","2","import AlumniSnapshotCard from '../components/dashboard/alumni/AlumniSnapshotCard';"
"Dashboard","frontend\dashboards\src\pages\AlumniRelationsDashboard.jsx","3","import AlumniAlertsPanel from '../components/dashboard/alumni/AlumniAlertsPanel';"
"Dashboard","frontend\dashboards\src\pages\AlumniRelationsDashboard.jsx","4","import AlumniQueueCard from '../components/dashboard/alumni/AlumniQueueCard';"
"Dashboard","frontend\dashboards\src\pages\AlumniRelationsDashboard.jsx","6","export default function AlumniRelationsDashboard() {"
"Dashboard","frontend\dashboards\src\pages\AlumniRelationsDashboard.jsx","11","Alumni Relations Dashboard"
"Dashboard","frontend\dashboards\src\pages\AthleticsDashboard.jsx","4","import CrownMetricCard from '../components/crown/CrownMetricCard.jsx';"
"Dashboard","frontend\dashboards\src\pages\AthleticsDashboard.jsx","6","import DashboardSection   from '../components/layout/DashboardSection.jsx';"
"Dashboard","frontend\dashboards\src\pages\AthleticsDashboard.jsx","7","import { KpiStrip } from '../components/dashboard/KpiFlipCard.jsx';"
"Dashboard","frontend\dashboards\src\pages\AthleticsDashboard.jsx","53","async function fetchAthleticsMetrics() {"
"Dashboard","frontend\dashboards\src\pages\AthleticsDashboard.jsx","55","const url = `${apiBase()}/api/v1/athletics/metrics/`;"
"Dashboard","frontend\dashboards\src\pages\AthleticsDashboard.jsx","82","/*  Athletics KPI flip cards  */"
"Dashboard","frontend\dashboards\src\pages\AthleticsDashboard.jsx","83","const ADMIN_KPI = ["
"Dashboard","frontend\dashboards\src\pages\AthleticsDashboard.jsx","97","export default function AthleticsDashboard() {"
"Dashboard","frontend\dashboards\src\pages\AthleticsDashboard.jsx","101","fetchAthleticsMetrics().then(({ ok, data }) => {"
"Dashboard","frontend\dashboards\src\pages\AthleticsDashboard.jsx","118","<KpiStrip cards={ADMIN_KPI} />"
"Dashboard","frontend\dashboards\src\pages\AthleticsDashboard.jsx","121","<DashboardSection title=""Overview"">"
"Dashboard","frontend\dashboards\src\pages\AthleticsDashboard.jsx","123","<Col span={3}><CrownMetricCard label=""Upcoming Events"" value={data.upcoming_events ?? DEMO.upcoming_events} /></Col>"
"Dashboard","frontend\dashboards\src\pages\AthleticsDashboard.jsx","124","<Col span={3}><CrownMetricCard label=""Eligibility Issues"" value={data.eligibility_issues ?? DEMO.eligibility_issues} /></Col>"
"Dashboard","frontend\dashboards\src\pages\AthleticsDashboard.jsx","125","<Col span={3}><CrownMetricCard label=""Injuries (Active)"" value={data.injuries_count ?? DEMO.injuries_count} /></Col>"
"Dashboard","frontend\dashboards\src\pages\AthleticsDashboard.jsx","126","<Col span={3}><CrownMetricCard label=""Transport Needs"" value={data.transportation_needs ?? DEMO.transportation_needs} /></Col>"
"Dashboard","frontend\dashboards\src\pages\AthleticsDashboard.jsx","128","</DashboardSection>"
"Dashboard","frontend\dashboards\src\pages\AthleticsDashboard.jsx","130","<DashboardSection title=""Schedule &amp; Eligibility"">"
"Dashboard","frontend\dashboards\src\pages\AthleticsDashboard.jsx","176","</DashboardSection>"
"Dashboard","frontend\dashboards\src\pages\AthleticsDashboard.jsx","178","<DashboardSection title=""Compliance &amp; Alerts"">"
"Dashboard","frontend\dashboards\src\pages\AthleticsDashboard.jsx","227","</DashboardSection>"
"Dashboard","frontend\dashboards\src\pages\AthleticsDirectorDashboard.jsx","2","import AthleticsDirectorSnapshotCard from '../components/dashboard/athleticsdirector/AthleticsDirectorSnapshotCard';"
"Dashboard","frontend\dashboards\src\pages\AthleticsDirectorDashboard.jsx","3","import AthleticsDirectorAlertsPanel from '../components/dashboard/athleticsdirector/AthleticsDirectorAlertsPanel';"
"Dashboard","frontend\dashboards\src\pages\AthleticsDirectorDashboard.jsx","4","import AthleticsDirectorQueueCard from '../components/dashboard/athleticsdirector/AthleticsDirectorQueueCard';"
"Dashboard","frontend\dashboards\src\pages\AthleticsDirectorDashboard.jsx","6","export default function AthleticsDirectorDashboard() {"
"Dashboard","frontend\dashboards\src\pages\AthleticsDirectorDashboard.jsx","11","Athletics Director Dashboard"
"Dashboard","frontend\dashboards\src\pages\AttendanceDashboard.jsx","2","import useDashboardData from '../hooks/useDashboardData';"
"Dashboard","frontend\dashboards\src\pages\AttendanceDashboard.jsx","3","import DataStatusBanner from '../components/dashboard/shared/DataStatusBanner';"
"Dashboard","frontend\dashboards\src\pages\AttendanceDashboard.jsx","4","import DashboardLoadingState from '../components/dashboard/shared/DashboardLoadingState';"
"Dashboard","frontend\dashboards\src\pages\AttendanceDashboard.jsx","5","import DashboardErrorState from '../components/dashboard/shared/DashboardErrorState';"
"Dashboard","frontend\dashboards\src\pages\AttendanceDashboard.jsx","6","import MetricSummaryGrid from '../components/dashboard/shared/MetricSummaryGrid';"
"Dashboard","frontend\dashboards\src\pages\AttendanceDashboard.jsx","7","import AlertListCard from '../components/dashboard/shared/AlertListCard';"
"Dashboard","frontend\dashboards\src\pages\AttendanceDashboard.jsx","8","import TextListCard from '../components/dashboard/shared/TextListCard';"
"Dashboard","frontend\dashboards\src\pages\AttendanceDashboard.jsx","11","export default function AttendanceDashboard() {"
"Dashboard","frontend\dashboards\src\pages\AttendanceDashboard.jsx","20","} = useDashboardData('attendance');"
"Dashboard","frontend\dashboards\src\pages\AttendanceDashboard.jsx","26","Attendance Dashboard"
"Dashboard","frontend\dashboards\src\pages\AttendanceDashboard.jsx","44","empty={!loading && !error && (!data || (data.metrics || []).length === 0)}"
"Dashboard","frontend\dashboards\src\pages\AttendanceDashboard.jsx","45","emptyTitle=""No attendance metrics yet"""
"Dashboard","frontend\dashboards\src\pages\AttendanceDashboard.jsx","46","emptyMessage=""Attendance metrics appear after your first attendance sync."""
"Dashboard","frontend\dashboards\src\pages\AttendanceDashboard.jsx","48","{loading ? <DashboardLoadingState title=""Loading attendance metrics..."" /> : null}"
"Dashboard","frontend\dashboards\src\pages\AttendanceDashboard.jsx","49","{!loading && error && source === 'none' ? <DashboardErrorState error={error} /> : null}"
"Dashboard","frontend\dashboards\src\pages\AttendanceDashboard.jsx","53","<MetricSummaryGrid metrics={data.metrics || []} />"
"Dashboard","frontend\dashboards\src\pages\BillingDashboard.jsx","7","import CrownMetricCard from ""../components/crown/CrownMetricCard.jsx"";"
"Dashboard","frontend\dashboards\src\pages\BillingDashboard.jsx","10","import { KpiStrip } from ""../components/dashboard/KpiFlipCard.jsx"";"
"Dashboard","frontend\dashboards\src\pages\BillingDashboard.jsx","13","CROWN ? Billing Dashboard (0101 UI)"
"Dashboard","frontend\dashboards\src\pages\BillingDashboard.jsx","31","console.warn(""?? BillingDashboard: API_BASE is empty. Exports will fail. Set VITE_API_BASE_URL in .env.local"");"
"Dashboard","frontend\dashboards\src\pages\BillingDashboard.jsx","41","/* ?????? Billing / Accounts-Receivable KPI flip cards ??????????????????????????????????????????????????????????????? */"
"Dashboard","frontend\dashboards\src\pages\BillingDashboard.jsx","42","const ADMIN_KPI = ["
"Dashboard","frontend\dashboards\src\pages\BillingDashboard.jsx","56","export function BillingDashboard() {"
"Dashboard","frontend\dashboards\src\pages\BillingDashboard.jsx","393","<KpiStrip cards={ADMIN_KPI} />"
"Dashboard","frontend\dashboards\src\pages\BillingDashboard.jsx","396","<Col span={3}><CrownMetricCard label=""Status"" value=""Healthy"" hint=""All systems nominal"" /></Col>"
"Dashboard","frontend\dashboards\src\pages\BillingDashboard.jsx","397","<Col span={3}><CrownMetricCard label=""Today"" value=""Live"" hint=""Demo surface active"" /></Col>"
"Dashboard","frontend\dashboards\src\pages\BillingDashboard.jsx","398","<Col span={3}><CrownMetricCard label=""Security"" value=""Enforced"" hint=""Tenant + RBAC gates"" /></Col>"
"Dashboard","frontend\dashboards\src\pages\BillingDashboard.jsx","399","<Col span={3}><CrownMetricCard label=""Data"" value=""Seeded"" hint=""Realistic demo records"" /></Col>"
"Dashboard","frontend\dashboards\src\pages\BillingDashboard.jsx","402","<CrownCard title=""Billing"" right={<span className=""crown-pill"">Crown Dashboard</span>}>"
"Dashboard","frontend\dashboards\src\pages\BoardDashboard.jsx","3","import DashboardSection from '../components/layout/DashboardSection.jsx';"
"Dashboard","frontend\dashboards\src\pages\BoardDashboard.jsx","5","import PrayerRequests from '../components/dashboard/PrayerRequests.jsx';"
"Dashboard","frontend\dashboards\src\pages\BoardDashboard.jsx","6","import DailyDevotion from '../components/dashboard/DailyDevotion.jsx';"
"Dashboard","frontend\dashboards\src\pages\BoardDashboard.jsx","7","import SpecialDays from '../components/dashboard/SpecialDays.jsx';"
"Dashboard","frontend\dashboards\src\pages\BoardDashboard.jsx","8","import FlipMetricCard from '../components/dashboard/FlipMetricCard.jsx';"
"Dashboard","frontend\dashboards\src\pages\BoardDashboard.jsx","9","import KpiCard from '../components/dashboard/KpiCard.jsx';"
"Dashboard","frontend\dashboards\src\pages\BoardDashboard.jsx","10","import KpiCardGrid from '../components/dashboard/KpiCardGrid.jsx';"
"Dashboard","frontend\dashboards\src\pages\BoardDashboard.jsx","11","import ProgressGoalCard from '../components/dashboard/ProgressGoalCard.jsx';"
"Dashboard","frontend\dashboards\src\pages\BoardDashboard.jsx","12","import HealthRingCard from '../components/dashboard/HealthRingCard.jsx';"
"Dashboard","frontend\dashboards\src\pages\BoardDashboard.jsx","13","import TrendChartCard from '../components/dashboard/TrendChartCard.jsx';"
"Dashboard","frontend\dashboards\src\pages\BoardDashboard.jsx","15","import BoardPrioritiesPanel from '../components/dashboard/board/BoardPrioritiesPanel.jsx';"
"Dashboard","frontend\dashboards\src\pages\BoardDashboard.jsx","16","import BoardAlertsPanel from '../components/dashboard/board/BoardAlertsPanel.jsx';"
"Dashboard","frontend\dashboards\src\pages\BoardDashboard.jsx","17","import BoardActivityFeedCard from '../components/dashboard/board/BoardActivityFeedCard.jsx';"
"Dashboard","frontend\dashboards\src\pages\BoardDashboard.jsx","18","import BoardStrategicSnapshotCard from '../components/dashboard/board/BoardStrategicSnapshotCard.jsx';"
"Dashboard","frontend\dashboards\src\pages\BoardDashboard.jsx","19","import BoardCalendarCard from '../components/dashboard/board/BoardCalendarCard.jsx';"
"Dashboard","frontend\dashboards\src\pages\BoardDashboard.jsx","20","import BoardCommunicationsCard from '../components/dashboard/board/BoardCommunicationsCard.jsx';"
"Dashboard","frontend\dashboards\src\pages\BoardDashboard.jsx","21","import BoardReportSnapshotCard from '../components/dashboard/board/BoardReportSnapshotCard.jsx';"
"Dashboard","frontend\dashboards\src\pages\BoardDashboard.jsx","23","export default function BoardDashboard() {"
"Dashboard","frontend\dashboards\src\pages\BoardDashboard.jsx","26","title=""Board Dashboard"""
"Dashboard","frontend\dashboards\src\pages\BoardDashboard.jsx","29","<DashboardSection title=""Faith and Community"">"
"Dashboard","frontend\dashboards\src\pages\BoardDashboard.jsx","35","</DashboardSection>"
"Dashboard","frontend\dashboards\src\pages\BoardDashboard.jsx","37","<DashboardSection title=""Board Snapshot"">"
"Dashboard","frontend\dashboards\src\pages\BoardDashboard.jsx","42","<KpiCardGrid>"
"Dashboard","frontend\dashboards\src\pages\BoardDashboard.jsx","43","<KpiCard title=""Enrollment"" value=""412"" trend=""+4% vs last year"" icon=""ENR"" tone=""good"" />"
"Dashboard","frontend\dashboards\src\pages\BoardDashboard.jsx","44","<KpiCard title=""Revenue Collected"" value=""$3.1M"" trend=""+6% YTD"" icon=""REV"" tone=""good"" />"
"Dashboard","frontend\dashboards\src\pages\BoardDashboard.jsx","46","<FlipMetricCard"
"Dashboard","frontend\dashboards\src\pages\BoardDashboard.jsx","55","<FlipMetricCard"
"Dashboard","frontend\dashboards\src\pages\BoardDashboard.jsx","63","</KpiCardGrid>"
"Dashboard","frontend\dashboards\src\pages\BoardDashboard.jsx","68","</DashboardSection>"
"Dashboard","frontend\dashboards\src\pages\BoardDashboard.jsx","70","<DashboardSection title=""Strategic Health"">"
"Dashboard","frontend\dashboards\src\pages\BoardDashboard.jsx","103","</DashboardSection>"
"Dashboard","frontend\dashboards\src\pages\BoardDashboard.jsx","105","<DashboardSection title=""Strategic Analysis"">"
"Dashboard","frontend\dashboards\src\pages\BoardDashboard.jsx","147","</DashboardSection>"
"Dashboard","frontend\dashboards\src\pages\BoardDashboard.jsx","149","<DashboardSection title=""Governance Detail"">"
"Dashboard","frontend\dashboards\src\pages\BoardDashboard.jsx","154","</DashboardSection>"
"Dashboard","frontend\dashboards\src\pages\BoardDashboard.jsx","156","<DashboardSection title=""Board Awareness"">"
"Dashboard","frontend\dashboards\src\pages\BoardDashboard.jsx","162","</DashboardSection>"
"Dashboard","frontend\dashboards\src\pages\BoardExecutiveDashboard.jsx","4","import DashboardSection from ""../components/layout/DashboardSection.jsx"";"
"Dashboard","frontend\dashboards\src\pages\BoardExecutiveDashboard.jsx","5","import BoardKpiTile from ""../components/board/BoardKpiTile.jsx"";"
"Dashboard","frontend\dashboards\src\pages\BoardExecutiveDashboard.jsx","13","import { KpiStrip } from ""../components/dashboard/KpiFlipCard.jsx"";"
"Dashboard","frontend\dashboards\src\pages\BoardExecutiveDashboard.jsx","20","// refresh during a session doesn't blank the board widgets."
"Dashboard","frontend\dashboards\src\pages\BoardExecutiveDashboard.jsx","87","{ key: ""metric"", label: ""Metric"" },"
"Dashboard","frontend\dashboards\src\pages\BoardExecutiveDashboard.jsx","93","/* ?????? Board Executive / Strategic Command KPI flip cards ????????????????????????????????????????????? */"
"Dashboard","frontend\dashboards\src\pages\BoardExecutiveDashboard.jsx","94","const ADMIN_KPI = ["
"Dashboard","frontend\dashboards\src\pages\BoardExecutiveDashboard.jsx","111","export default function BoardExecutiveDashboard() {"
"Dashboard","frontend\dashboards\src\pages\BoardExecutiveDashboard.jsx","136","title=""Board Executive Dashboard"""
"Dashboard","frontend\dashboards\src\pages\BoardExecutiveDashboard.jsx","139","<KpiStrip cards={ADMIN_KPI} />"
"Dashboard","frontend\dashboards\src\pages\BoardExecutiveDashboard.jsx","144","<InfoBanner>Loading latest board metrics?</InfoBanner>"
"Dashboard","frontend\dashboards\src\pages\BoardExecutiveDashboard.jsx","148","<DashboardSection title=""Executive Snapshot"">"
"Dashboard","frontend\dashboards\src\pages\BoardExecutiveDashboard.jsx","151","<BoardKpiTile label=""Enrollment"" value={data.kpis.enrollment} meta=""Current student count"" />"
"Dashboard","frontend\dashboards\src\pages\BoardExecutiveDashboard.jsx","154","<BoardKpiTile label=""Net Tuition"" value={currency(data.kpis.netTuition)} meta=""YTD recognized"" />"
"Dashboard","frontend\dashboards\src\pages\BoardExecutiveDashboard.jsx","157","<BoardKpiTile label=""Aid Awarded"" value={currency(data.kpis.aidAwarded)} meta=""YTD total awards"" />"
"Dashboard","frontend\dashboards\src\pages\BoardExecutiveDashboard.jsx","160","<BoardKpiTile label=""Attendance"" value={`${data.kpis.attendancePct}%`} meta=""Rolling 30 days"" />"
"Dashboard","frontend\dashboards\src\pages\BoardExecutiveDashboard.jsx","163","</DashboardSection>"
"Dashboard","frontend\dashboards\src\pages\BoardExecutiveDashboard.jsx","166","<DashboardSection title=""Trends"">"
"Dashboard","frontend\dashboards\src\pages\BoardExecutiveDashboard.jsx","179","</DashboardSection>"
"Dashboard","frontend\dashboards\src\pages\BoardExecutiveDashboard.jsx","182","<DashboardSection title=""Crown Compass ? Signals"">"
"Dashboard","frontend\dashboards\src\pages\BoardExecutiveDashboard.jsx","195","</DashboardSection>"
"Dashboard","frontend\dashboards\src\pages\BoardExecutiveDashboard.jsx","199","<DashboardSection title=""Crown Compass 2.0"">"
"Dashboard","frontend\dashboards\src\pages\BoardExecutiveDashboard.jsx","205","</DashboardSection>"
"Dashboard","frontend\dashboards\src\pages\BoardExecutiveDashboard.jsx","210","<DashboardSection title=""Student Risk Distribution"">"
"Dashboard","frontend\dashboards\src\pages\BoardExecutiveDashboard.jsx","213","<BoardKpiTile label=""Low Risk"" value={riskCounts.low} meta={`As of ${riskCounts.as_of_date}`} />"
"Dashboard","frontend\dashboards\src\pages\BoardExecutiveDashboard.jsx","216","<BoardKpiTile label=""Medium Risk"" value={riskCounts.med} meta=""Needs monitoring"" />"
"Dashboard","frontend\dashboards\src\pages\BoardExecutiveDashboard.jsx","219","<BoardKpiTile label=""High Risk"" value={riskCounts.high} meta=""Intervention priority"" />"
"Dashboard","frontend\dashboards\src\pages\BoardExecutiveDashboard.jsx","222","</DashboardSection>"
"Dashboard","frontend\dashboards\src\pages\BoardExecutiveDashboard.jsx","224","<DashboardSection title=""Programs"">"
"Dashboard","frontend\dashboards\src\pages\BoardExecutiveDashboard.jsx","230","</DashboardSection>"
"Dashboard","frontend\dashboards\src\pages\ChaplainSpiritualLifeDashboard.jsx","2","import ChaplainSnapshotCard from '../components/dashboard/chaplain/ChaplainSnapshotCard';"
"Dashboard","frontend\dashboards\src\pages\ChaplainSpiritualLifeDashboard.jsx","3","import ChaplainAlertsPanel from '../components/dashboard/chaplain/ChaplainAlertsPanel';"
"Dashboard","frontend\dashboards\src\pages\ChaplainSpiritualLifeDashboard.jsx","4","import ChaplainQueueCard from '../components/dashboard/chaplain/ChaplainQueueCard';"
"Dashboard","frontend\dashboards\src\pages\ChaplainSpiritualLifeDashboard.jsx","6","export default function ChaplainSpiritualLifeDashboard() {"
"Dashboard","frontend\dashboards\src\pages\ChaplainSpiritualLifeDashboard.jsx","11","Chaplain / Spiritual Life Dashboard"
"Dashboard","frontend\dashboards\src\pages\ClassroomsDashboard.jsx","6","import { KpiStrip } from ""../components/dashboard/KpiFlipCard.jsx"";"
"Dashboard","frontend\dashboards\src\pages\ClassroomsDashboard.jsx","11","/* ?? Classrooms KPI flip cards ????????????????????????????????????? */"
"Dashboard","frontend\dashboards\src\pages\ClassroomsDashboard.jsx","12","const CLASSROOMS_KPI = ["
"Dashboard","frontend\dashboards\src\pages\ClassroomsDashboard.jsx","27","export default function ClassroomsDashboard() {"
"Dashboard","frontend\dashboards\src\pages\ClassroomsDashboard.jsx","89","<KpiStrip cards={CLASSROOMS_KPI} />"
"Dashboard","frontend\dashboards\src\pages\CommunicationsDashboard.jsx","3","import CommunicationsSnapshotCard from '../components/dashboard/communications/CommunicationsSnapshotCard.jsx';"
"Dashboard","frontend\dashboards\src\pages\CommunicationsDashboard.jsx","4","import CommunicationsAlertsPanel from '../components/dashboard/communications/CommunicationsAlertsPanel.jsx';"
"Dashboard","frontend\dashboards\src\pages\CommunicationsDashboard.jsx","5","import OutreachQueueCard from '../components/dashboard/communications/OutreachQueueCard.jsx';"
"Dashboard","frontend\dashboards\src\pages\CommunicationsDashboard.jsx","7","import WidgetState from '../components/states/WidgetState.jsx';"
"Dashboard","frontend\dashboards\src\pages\CommunicationsDashboard.jsx","9","export default function CommunicationsDashboard() {"
"Dashboard","frontend\dashboards\src\pages\CommunicationsDashboard.jsx","12","title=""Communications Dashboard"""
"Dashboard","frontend\dashboards\src\pages\CommunicationsDashboard.jsx","19","<WidgetState>"
"Dashboard","frontend\dashboards\src\pages\CommunicationsDashboard.jsx","21","</WidgetState>"
"Dashboard","frontend\dashboards\src\pages\CommunicationsDashboard.jsx","24","<WidgetState>"
"Dashboard","frontend\dashboards\src\pages\CommunicationsDashboard.jsx","26","</WidgetState>"
"Dashboard","frontend\dashboards\src\pages\CommunicationsDashboard.jsx","29","<WidgetState>"
"Dashboard","frontend\dashboards\src\pages\CommunicationsDashboard.jsx","31","</WidgetState>"
"Dashboard","frontend\dashboards\src\pages\CommunicationsDirectorDashboard.jsx","3","import CrownMetricCard from '../components/crown/CrownMetricCard.jsx';"
"Dashboard","frontend\dashboards\src\pages\CommunicationsDirectorDashboard.jsx","6","import DashboardSection from '../components/layout/DashboardSection.jsx';"
"Dashboard","frontend\dashboards\src\pages\CommunicationsDirectorDashboard.jsx","7","import { KpiStrip } from '../components/dashboard/KpiFlipCard.jsx';"
"Dashboard","frontend\dashboards\src\pages\CommunicationsDirectorDashboard.jsx","8","// NOTE: This dashboard lives at /communications-director to avoid conflicting"
"Dashboard","frontend\dashboards\src\pages\CommunicationsDirectorDashboard.jsx","47","async function fetchCommunicationsMetrics() {"
"Dashboard","frontend\dashboards\src\pages\CommunicationsDirectorDashboard.jsx","49","const url = `${apiBase()}/api/v1/communications/metrics/`;"
"Dashboard","frontend\dashboards\src\pages\CommunicationsDirectorDashboard.jsx","77","/*  Communications KPI flip cards  */"
"Dashboard","frontend\dashboards\src\pages\CommunicationsDirectorDashboard.jsx","78","const ADMIN_KPI = ["
"Dashboard","frontend\dashboards\src\pages\CommunicationsDirectorDashboard.jsx","92","export default function CommunicationsDirectorDashboard() {"
"Dashboard","frontend\dashboards\src\pages\CommunicationsDirectorDashboard.jsx","96","fetchCommunicationsMetrics().then(({ ok, data }) => setState({ loading: false, live: ok, data }));"
"Dashboard","frontend\dashboards\src\pages\CommunicationsDirectorDashboard.jsx","104","<KpiStrip cards={ADMIN_KPI} />"
"Dashboard","frontend\dashboards\src\pages\CommunicationsDirectorDashboard.jsx","107","<DashboardSection title=""Overview"">"
"Dashboard","frontend\dashboards\src\pages\CommunicationsDirectorDashboard.jsx","109","<Col span={3}><CrownMetricCard label=""Messages Sent (Week)""      value={data.messages_sent_week}        /></Col>"
"Dashboard","frontend\dashboards\src\pages\CommunicationsDirectorDashboard.jsx","110","<Col span={3}><CrownMetricCard label=""Open Rate""                 value={`${data.open_rate_pct}%`}       /></Col>"
"Dashboard","frontend\dashboards\src\pages\CommunicationsDirectorDashboard.jsx","111","<Col span={3}><CrownMetricCard label=""Announcements Scheduled""   value={data.announcements_scheduled}   /></Col>"
"Dashboard","frontend\dashboards\src\pages\CommunicationsDirectorDashboard.jsx","112","<Col span={3}><CrownMetricCard label=""Unsubscribes (Week)""       value={data.unsubscribes_week}         /></Col>"
"Dashboard","frontend\dashboards\src\pages\CommunicationsDirectorDashboard.jsx","114","</DashboardSection>"
"Dashboard","frontend\dashboards\src\pages\CommunicationsDirectorDashboard.jsx","116","<DashboardSection title=""Campaigns &amp; Channels"">"
"Dashboard","frontend\dashboards\src\pages\CommunicationsDirectorDashboard.jsx","158","</DashboardSection>"
"Dashboard","frontend\dashboards\src\pages\CommunicationsDirectorDashboard.jsx","160","<DashboardSection title=""Upcoming &amp; Alerts"">"
"Dashboard","frontend\dashboards\src\pages\CommunicationsDirectorDashboard.jsx","201","</DashboardSection>"
"Dashboard","frontend\dashboards\src\pages\ComplianceAuditDashboard.jsx","2","import ComplianceAuditSnapshotCard from '../components/dashboard/complianceaudit/ComplianceAuditSnapshotCard';"
"Dashboard","frontend\dashboards\src\pages\ComplianceAuditDashboard.jsx","3","import ComplianceAuditAlertsPanel from '../components/dashboard/complianceaudit/ComplianceAuditAlertsPanel';"
"Dashboard","frontend\dashboards\src\pages\ComplianceAuditDashboard.jsx","4","import ComplianceAuditQueueCard from '../components/dashboard/complianceaudit/ComplianceAuditQueueCard';"
"Dashboard","frontend\dashboards\src\pages\ComplianceAuditDashboard.jsx","6","export default function ComplianceAuditDashboard() {"
"Dashboard","frontend\dashboards\src\pages\ComplianceAuditDashboard.jsx","11","Compliance / Audit Dashboard"
"Dashboard","frontend\dashboards\src\pages\CompuwerxDisputesDashboard.jsx","17","export default function CompuwerxDisputesDashboard() {"
"Dashboard","frontend\dashboards\src\pages\CounselingDashboard.jsx","4","import CrownMetricCard from '../components/crown/CrownMetricCard.jsx';"
"Dashboard","frontend\dashboards\src\pages\CounselingDashboard.jsx","6","import DashboardSection   from '../components/layout/DashboardSection.jsx';"
"Dashboard","frontend\dashboards\src\pages\CounselingDashboard.jsx","7","import { KpiStrip } from '../components/dashboard/KpiFlipCard.jsx';"
"Dashboard","frontend\dashboards\src\pages\CounselingDashboard.jsx","55","async function fetchCounselingMetrics() {"
"Dashboard","frontend\dashboards\src\pages\CounselingDashboard.jsx","57","const url = `${apiBase()}/api/v1/counseling/metrics/`;"
"Dashboard","frontend\dashboards\src\pages\CounselingDashboard.jsx","92","/*  Counseling KPI flip cards  */"
"Dashboard","frontend\dashboards\src\pages\CounselingDashboard.jsx","93","const ADMIN_KPI = ["
"Dashboard","frontend\dashboards\src\pages\CounselingDashboard.jsx","107","export default function CounselingDashboard() {"
"Dashboard","frontend\dashboards\src\pages\CounselingDashboard.jsx","111","fetchCounselingMetrics().then(({ ok, data }) => {"
"Dashboard","frontend\dashboards\src\pages\CounselingDashboard.jsx","129","<KpiStrip cards={ADMIN_KPI} />"
"Dashboard","frontend\dashboards\src\pages\CounselingDashboard.jsx","132","<DashboardSection title=""Overview"">"
"Dashboard","frontend\dashboards\src\pages\CounselingDashboard.jsx","134","<Col span={3}><CrownMetricCard label=""Referrals (This Week)"" value={data.referrals_this_week ?? DEMO.referrals_this_week} /></Col>"
"Dashboard","frontend\dashboards\src\pages\CounselingDashboard.jsx","135","<Col span={3}><CrownMetricCard label=""Active Plans"" value={data.active_plans ?? DEMO.active_plans} /></Col>"
"Dashboard","frontend\dashboards\src\pages\CounselingDashboard.jsx","136","<Col span={3}><CrownMetricCard label=""Detentions (Week)"" value={data.detentions_week ?? DEMO.detentions_week} /></Col>"
"Dashboard","frontend\dashboards\src\pages\CounselingDashboard.jsx","137","<Col span={3}><CrownMetricCard label=""Suspensions (Week)"" value={data.suspensions_week ?? DEMO.suspensions_week} /></Col>"
"Dashboard","frontend\dashboards\src\pages\CounselingDashboard.jsx","139","</DashboardSection>"
"Dashboard","frontend\dashboards\src\pages\CounselingDashboard.jsx","141","<DashboardSection title=""Referrals &amp; Categories"">"
"Dashboard","frontend\dashboards\src\pages\CounselingDashboard.jsx","188","</DashboardSection>"
"Dashboard","frontend\dashboards\src\pages\CounselingDashboard.jsx","190","<DashboardSection title=""Caseload &amp; Alerts"">"
"Dashboard","frontend\dashboards\src\pages\CounselingDashboard.jsx","231","</DashboardSection>"
"Dashboard","frontend\dashboards\src\pages\CrownLaunchDashboardPage.jsx","1","import CrownDashboardTemplate from '../components/crown-dashboard/CrownDashboardTemplate.jsx';"
"Dashboard","frontend\dashboards\src\pages\CrownLaunchDashboardPage.jsx","2","import { getDashboardTemplate } from '../config/dashboardTemplates/index.js';"
"Dashboard","frontend\dashboards\src\pages\CrownLaunchDashboardPage.jsx","4","export default function CrownLaunchDashboardPage({ activePath = '/admin' }) {"
"Dashboard","frontend\dashboards\src\pages\CrownLaunchDashboardPage.jsx","6","...getDashboardTemplate('schoolAdministrator'),"
"Dashboard","frontend\dashboards\src\pages\CrownLaunchDashboardPage.jsx","10","return <CrownDashboardTemplate config={config} roleKey=""schoolAdministrator"" />;"
"Dashboard","frontend\dashboards\src\pages\CrownLaunchModulePage.jsx","1","import CrownDashboardTemplate from '../components/crown-dashboard/CrownDashboardTemplate.jsx';"
"Dashboard","frontend\dashboards\src\pages\CrownLaunchModulePage.jsx","2","import { getDashboardTemplate } from '../config/dashboardTemplates/index.js';"
"Dashboard","frontend\dashboards\src\pages\CrownLaunchModulePage.jsx","6","...getDashboardTemplate(moduleKey),"
"Dashboard","frontend\dashboards\src\pages\CrownLaunchModulePage.jsx","10","return <CrownDashboardTemplate config={config} roleKey=""schoolAdministrator"" />;"
"Dashboard","frontend\dashboards\src\pages\CurriculumPDDashboard.jsx","2","import CurriculumPDSnapshotCard from '../components/dashboard/curriculumpd/CurriculumPDSnapshotCard';"
"Dashboard","frontend\dashboards\src\pages\CurriculumPDDashboard.jsx","3","import CurriculumPDAlertsPanel from '../components/dashboard/curriculumpd/CurriculumPDAlertsPanel';"
"Dashboard","frontend\dashboards\src\pages\CurriculumPDDashboard.jsx","4","import CurriculumPDQueueCard from '../components/dashboard/curriculumpd/CurriculumPDQueueCard';"
"Dashboard","frontend\dashboards\src\pages\CurriculumPDDashboard.jsx","6","export default function CurriculumPDDashboard() {"
"Dashboard","frontend\dashboards\src\pages\CurriculumPDDashboard.jsx","11","Curriculum / PD Hub Dashboard"
"Dashboard","frontend\dashboards\src\pages\DashboardCertificationCenter.jsx","14","import { DASHBOARD_REGISTRY } from '../config/dashboardRegistry';"
"Dashboard","frontend\dashboards\src\pages\DashboardCertificationCenter.jsx","16","DASHBOARD_CERTIFICATION_REGISTRY,"
"Dashboard","frontend\dashboards\src\pages\DashboardCertificationCenter.jsx","18","} from '../config/dashboardCertificationRegistry';"
"Dashboard","frontend\dashboards\src\pages\DashboardCertificationCenter.jsx","19","import { DASHBOARD_DATA_REGISTRY } from '../config/dashboardDataRegistry';"
"Dashboard","frontend\dashboards\src\pages\DashboardCertificationCenter.jsx","22","return Object.values(DASHBOARD_CERTIFICATION_REGISTRY).filter("
"Dashboard","frontend\dashboards\src\pages\DashboardCertificationCenter.jsx","27","export default function DashboardCertificationCenter() {"
"Dashboard","frontend\dashboards\src\pages\DashboardCertificationCenter.jsx","28","const rows = DASHBOARD_REGISTRY.map((dashboard) => {"
"Dashboard","frontend\dashboards\src\pages\DashboardCertificationCenter.jsx","29","const certification = DASHBOARD_CERTIFICATION_REGISTRY[dashboard.key] || {"
"Dashboard","frontend\dashboards\src\pages\DashboardCertificationCenter.jsx","35","const dataConfig = DASHBOARD_DATA_REGISTRY[dashboard.key];"
"Dashboard","frontend\dashboards\src\pages\DashboardCertificationCenter.jsx","38","...dashboard,"
"Dashboard","frontend\dashboards\src\pages\DashboardCertificationCenter.jsx","48","Dashboard Certification Center"
"Dashboard","frontend\dashboards\src\pages\DashboardCertificationCenter.jsx","51","Single view of dashboard readiness, endpoint binding, ownership, and rollout posture."
"Dashboard","frontend\dashboards\src\pages\DashboardCertificationCenter.jsx","112","Dashboard Readiness Matrix"
"Dashboard","frontend\dashboards\src\pages\DataMigrationDashboard.jsx","2","import DataMigrationSnapshotCard from '../components/dashboard/datamigration/DataMigrationSnapshotCard';"
"Dashboard","frontend\dashboards\src\pages\DataMigrationDashboard.jsx","3","import DataMigrationAlertsPanel from '../components/dashboard/datamigration/DataMigrationAlertsPanel';"
"Dashboard","frontend\dashboards\src\pages\DataMigrationDashboard.jsx","4","import DataMigrationQueueCard from '../components/dashboard/datamigration/DataMigrationQueueCard';"
"Dashboard","frontend\dashboards\src\pages\DataMigrationDashboard.jsx","6","export default function DataMigrationDashboard() {"
"Dashboard","frontend\dashboards\src\pages\DataMigrationDashboard.jsx","11","Data Migration Dashboard"
"Dashboard","frontend\dashboards\src\pages\DemoReadinessPage.jsx","3","import PageHeader from '../components/dashboard/PageHeader';"
"Dashboard","frontend\dashboards\src\pages\ExtendedCareDashboard.jsx","2","import ExtendedCareSnapshotCard from '../components/dashboard/extendedcare/ExtendedCareSnapshotCard';"
"Dashboard","frontend\dashboards\src\pages\ExtendedCareDashboard.jsx","3","import ExtendedCareAlertsPanel from '../components/dashboard/extendedcare/ExtendedCareAlertsPanel';"
"Dashboard","frontend\dashboards\src\pages\ExtendedCareDashboard.jsx","4","import ExtendedCareQueueCard from '../components/dashboard/extendedcare/ExtendedCareQueueCard';"
"Dashboard","frontend\dashboards\src\pages\ExtendedCareDashboard.jsx","6","export default function ExtendedCareDashboard() {"
"Dashboard","frontend\dashboards\src\pages\ExtendedCareDashboard.jsx","11","Extended Care Dashboard"
"Dashboard","frontend\dashboards\src\pages\FacilitiesDashboard.jsx","2","import FacilitiesSnapshotCard from '../components/dashboard/facilities/FacilitiesSnapshotCard';"
"Dashboard","frontend\dashboards\src\pages\FacilitiesDashboard.jsx","3","import FacilitiesAlertsPanel from '../components/dashboard/facilities/FacilitiesAlertsPanel';"
"Dashboard","frontend\dashboards\src\pages\FacilitiesDashboard.jsx","4","import FacilitiesQueueCard from '../components/dashboard/facilities/FacilitiesQueueCard';"
"Dashboard","frontend\dashboards\src\pages\FacilitiesDashboard.jsx","6","export default function FacilitiesDashboard() {"
"Dashboard","frontend\dashboards\src\pages\FacilitiesDashboard.jsx","11","Facilities Dashboard"
"Dashboard","frontend\dashboards\src\pages\FinanceDashboard.jsx","1","import useFinanceDashboardData from ""../hooks/useFinanceDashboardData"";"
"Dashboard","frontend\dashboards\src\pages\FinanceDashboard.jsx","4","function metricValue(source, key, fallback = ""?"") {"
"Dashboard","frontend\dashboards\src\pages\FinanceDashboard.jsx","34","function KpiCard({ title, value, subtitle }) {"
"Dashboard","frontend\dashboards\src\pages\FinanceDashboard.jsx","46","export default function FinanceDashboard() {"
"Dashboard","frontend\dashboards\src\pages\FinanceDashboard.jsx","47","const { loading, error, metrics, summary, invoices, reload } ="
"Dashboard","frontend\dashboards\src\pages\FinanceDashboard.jsx","48","useFinanceDashboardData();"
"Dashboard","frontend\dashboards\src\pages\FinanceDashboard.jsx","53","subtitle=""Live finance metrics and invoice visibility"""
"Dashboard","frontend\dashboards\src\pages\FinanceDashboard.jsx","58","<h1 className=""text-2xl font-semibold tracking-tight"">Finance Dashboard</h1>"
"Dashboard","frontend\dashboards\src\pages\FinanceDashboard.jsx","59","<p className=""text-sm text-slate-600"">Live finance metrics and invoice visibility.</p>"
"Dashboard","frontend\dashboards\src\pages\FinanceDashboard.jsx","83","<KpiCard"
"Dashboard","frontend\dashboards\src\pages\FinanceDashboard.jsx","85","value={metricValue(metrics, ""ar_outstanding"")}"
"Dashboard","frontend\dashboards\src\pages\FinanceDashboard.jsx","89","<KpiCard"
"Dashboard","frontend\dashboards\src\pages\FinanceDashboard.jsx","91","value={metricValue(metrics, ""open_invoices"")}"
"Dashboard","frontend\dashboards\src\pages\FinanceDashboard.jsx","95","<KpiCard"
"Dashboard","frontend\dashboards\src\pages\FinanceDashboard.jsx","97","value={metricValue(metrics, ""collected_month"")}"
"Dashboard","frontend\dashboards\src\pages\FinanceDashboard.jsx","101","<KpiCard"
"Dashboard","frontend\dashboards\src\pages\FinanceDashboard.jsx","103","value={metricValue(metrics, ""payment_failures"")}"
"Dashboard","frontend\dashboards\src\pages\FinancialAidDashboard.jsx","5","import CrownMetricCard from ""../components/crown/CrownMetricCard.jsx"";"
"Dashboard","frontend\dashboards\src\pages\FinancialAidDashboard.jsx","8","import { KpiStrip } from ""../components/dashboard/KpiFlipCard.jsx"";"
"Dashboard","frontend\dashboards\src\pages\FinancialAidDashboard.jsx","10","import WidgetState from ""../components/states/WidgetState.jsx"";"
"Dashboard","frontend\dashboards\src\pages\FinancialAidDashboard.jsx","13","CROWN ? Financial Aid Dashboard"
"Dashboard","frontend\dashboards\src\pages\FinancialAidDashboard.jsx","24","/* ?????? Financial Aid KPI flip cards ??????????????????????????????????????????????????????????????????????????????????????????????????????????????? */"
"Dashboard","frontend\dashboards\src\pages\FinancialAidDashboard.jsx","25","const ADMIN_KPI = ["
"Dashboard","frontend\dashboards\src\pages\FinancialAidDashboard.jsx","42","export function FinancialAidDashboard() {"
"Dashboard","frontend\dashboards\src\pages\FinancialAidDashboard.jsx","113","<KpiStrip cards={ADMIN_KPI} />"
"Dashboard","frontend\dashboards\src\pages\FinancialAidDashboard.jsx","118","<WidgetState title=""Applications"" loading={summaryLoading}>"
"Dashboard","frontend\dashboards\src\pages\FinancialAidDashboard.jsx","119","<CrownMetricCard label=""Applications"" value={String(summary?.applications?.total ?? 0)} hint=""Total submitted"" />"
"Dashboard","frontend\dashboards\src\pages\FinancialAidDashboard.jsx","120","</WidgetState>"
"Dashboard","frontend\dashboards\src\pages\FinancialAidDashboard.jsx","123","<WidgetState title=""Awards"" loading={summaryLoading}>"
"Dashboard","frontend\dashboards\src\pages\FinancialAidDashboard.jsx","124","<CrownMetricCard label=""Awards"" value={String(summary?.awards?.total ?? 0)} hint=""Active grants"" />"
"Dashboard","frontend\dashboards\src\pages\FinancialAidDashboard.jsx","125","</WidgetState>"
"Dashboard","frontend\dashboards\src\pages\FinancialAidDashboard.jsx","128","<WidgetState title=""Awarded"" loading={summaryLoading}>"
"Dashboard","frontend\dashboards\src\pages\FinancialAidDashboard.jsx","129","<CrownMetricCard"
"Dashboard","frontend\dashboards\src\pages\FinancialAidDashboard.jsx","134","</WidgetState>"
"Dashboard","frontend\dashboards\src\pages\FinancialAidDashboard.jsx","137","<WidgetState title=""Avg Award"" loading={summaryLoading}>"
"Dashboard","frontend\dashboards\src\pages\FinancialAidDashboard.jsx","138","<CrownMetricCard"
"Dashboard","frontend\dashboards\src\pages\FinancialAidDashboard.jsx","143","</WidgetState>"
"Dashboard","frontend\dashboards\src\pages\FinancialAidDashboard.jsx","147","<CrownCard title=""Financial Aid"" right={<span className=""crown-pill"">Crown Dashboard</span>}>"
"Dashboard","frontend\dashboards\src\pages\FinancialAidDashboard.jsx","154","emptyMessage=""Aid metrics appear once applications and recommendations are created."""
"Dashboard","frontend\dashboards\src\pages\FineArtsDashboard.jsx","2","import FineArtsSnapshotCard from '../components/dashboard/finearts/FineArtsSnapshotCard';"
"Dashboard","frontend\dashboards\src\pages\FineArtsDashboard.jsx","3","import FineArtsAlertsPanel from '../components/dashboard/finearts/FineArtsAlertsPanel';"
"Dashboard","frontend\dashboards\src\pages\FineArtsDashboard.jsx","4","import FineArtsQueueCard from '../components/dashboard/finearts/FineArtsQueueCard';"
"Dashboard","frontend\dashboards\src\pages\FineArtsDashboard.jsx","6","export default function FineArtsDashboard() {"
"Dashboard","frontend\dashboards\src\pages\FineArtsDashboard.jsx","11","Fine Arts Dashboard"
"Dashboard","frontend\dashboards\src\pages\FoodDashboard.jsx","4","import CrownMetricCard from '../components/crown/CrownMetricCard.jsx';"
"Dashboard","frontend\dashboards\src\pages\FoodDashboard.jsx","6","import DashboardSection   from '../components/layout/DashboardSection.jsx';"
"Dashboard","frontend\dashboards\src\pages\FoodDashboard.jsx","7","import { KpiStrip } from '../components/dashboard/KpiFlipCard.jsx';"
"Dashboard","frontend\dashboards\src\pages\FoodDashboard.jsx","59","async function fetchFoodMetrics() {"
"Dashboard","frontend\dashboards\src\pages\FoodDashboard.jsx","61","const url = `${apiBase()}/api/v1/food/metrics/`;"
"Dashboard","frontend\dashboards\src\pages\FoodDashboard.jsx","88","/*  Food / Lunch Program KPI flip cards  */"
"Dashboard","frontend\dashboards\src\pages\FoodDashboard.jsx","89","const ADMIN_KPI = ["
"Dashboard","frontend\dashboards\src\pages\FoodDashboard.jsx","103","export default function FoodDashboard() {"
"Dashboard","frontend\dashboards\src\pages\FoodDashboard.jsx","107","fetchFoodMetrics().then(({ ok, data }) => {"
"Dashboard","frontend\dashboards\src\pages\FoodDashboard.jsx","126","<KpiStrip cards={ADMIN_KPI} />"
"Dashboard","frontend\dashboards\src\pages\FoodDashboard.jsx","129","<DashboardSection title=""Overview"">"
"Dashboard","frontend\dashboards\src\pages\FoodDashboard.jsx","131","<Col span={3}><CrownMetricCard label=""Meals Served Today"" value={data.meals_served_today ?? DEMO.meals_served_today} /></Col>"
"Dashboard","frontend\dashboards\src\pages\FoodDashboard.jsx","132","<Col span={3}><CrownMetricCard label=""Free / Reduced Students"" value={data.free_reduced_count ?? DEMO.free_reduced_count} /></Col>"
"Dashboard","frontend\dashboards\src\pages\FoodDashboard.jsx","133","<Col span={3}><CrownMetricCard label=""Low Inventory Items"" value={data.inventory_low_items ?? DEMO.inventory_low_items} /></Col>"
"Dashboard","frontend\dashboards\src\pages\FoodDashboard.jsx","134","<Col span={3}><CrownMetricCard label=""Payments Pending"" value={data.payments_pending_count ?? DEMO.payments_pending_count} /></Col>"
"Dashboard","frontend\dashboards\src\pages\FoodDashboard.jsx","136","</DashboardSection>"
"Dashboard","frontend\dashboards\src\pages\FoodDashboard.jsx","138","<DashboardSection title=""Menu &amp; Inventory"">"
"Dashboard","frontend\dashboards\src\pages\FoodDashboard.jsx","183","</DashboardSection>"
"Dashboard","frontend\dashboards\src\pages\FoodDashboard.jsx","185","<DashboardSection title=""Participation &amp; Alerts"">"
"Dashboard","frontend\dashboards\src\pages\FoodDashboard.jsx","216","</DashboardSection>"
"Dashboard","frontend\dashboards\src\pages\FoodServiceDashboard.jsx","2","import FoodServiceSnapshotCard from '../components/dashboard/foodservice/FoodServiceSnapshotCard';"
"Dashboard","frontend\dashboards\src\pages\FoodServiceDashboard.jsx","3","import FoodServiceAlertsPanel from '../components/dashboard/foodservice/FoodServiceAlertsPanel';"
"Dashboard","frontend\dashboards\src\pages\FoodServiceDashboard.jsx","4","import FoodServiceQueueCard from '../components/dashboard/foodservice/FoodServiceQueueCard';"
"Dashboard","frontend\dashboards\src\pages\FoodServiceDashboard.jsx","6","export default function FoodServiceDashboard() {"
"Dashboard","frontend\dashboards\src\pages\FoodServiceDashboard.jsx","11","Food Service Dashboard"
"Dashboard","frontend\dashboards\src\pages\GradebookDashboard.jsx","3","import GradebookSnapshotCard from '../components/dashboard/gradebook/GradebookSnapshotCard.jsx';"
"Dashboard","frontend\dashboards\src\pages\GradebookDashboard.jsx","4","import GradebookAlertsPanel from '../components/dashboard/gradebook/GradebookAlertsPanel.jsx';"
"Dashboard","frontend\dashboards\src\pages\GradebookDashboard.jsx","5","import TeacherPostingQueueCard from '../components/dashboard/gradebook/TeacherPostingQueueCard.jsx';"
"Dashboard","frontend\dashboards\src\pages\GradebookDashboard.jsx","7","import WidgetState from '../components/states/WidgetState.jsx';"
"Dashboard","frontend\dashboards\src\pages\GradebookDashboard.jsx","9","export default function GradebookDashboard() {"
"Dashboard","frontend\dashboards\src\pages\GradebookDashboard.jsx","12","title=""Gradebook Dashboard"""
"Dashboard","frontend\dashboards\src\pages\GradebookDashboard.jsx","19","<WidgetState>"
"Dashboard","frontend\dashboards\src\pages\GradebookDashboard.jsx","21","</WidgetState>"
"Dashboard","frontend\dashboards\src\pages\GradebookDashboard.jsx","24","<WidgetState>"
"Dashboard","frontend\dashboards\src\pages\GradebookDashboard.jsx","26","</WidgetState>"
"Dashboard","frontend\dashboards\src\pages\GradebookDashboard.jsx","29","<WidgetState>"
"Dashboard","frontend\dashboards\src\pages\GradebookDashboard.jsx","31","</WidgetState>"
"Dashboard","frontend\dashboards\src\pages\HealthDashboard.jsx","4","import CrownMetricCard from '../components/crown/CrownMetricCard.jsx';"
"Dashboard","frontend\dashboards\src\pages\HealthDashboard.jsx","6","import DashboardSection from '../components/layout/DashboardSection.jsx';"
"Dashboard","frontend\dashboards\src\pages\HealthDashboard.jsx","7","import { KpiStrip } from '../components/dashboard/KpiFlipCard.jsx';"
"Dashboard","frontend\dashboards\src\pages\HealthDashboard.jsx","58","async function fetchHealthMetrics() {"
"Dashboard","frontend\dashboards\src\pages\HealthDashboard.jsx","60","const url = `${apiBase()}/api/v1/health/metrics/`;"
"Dashboard","frontend\dashboards\src\pages\HealthDashboard.jsx","89","/*  Health / Nurse KPI flip cards  */"
"Dashboard","frontend\dashboards\src\pages\HealthDashboard.jsx","90","const ADMIN_KPI = ["
"Dashboard","frontend\dashboards\src\pages\HealthDashboard.jsx","104","export default function HealthDashboard() {"
"Dashboard","frontend\dashboards\src\pages\HealthDashboard.jsx","108","fetchHealthMetrics().then(({ ok, data }) => {"
"Dashboard","frontend\dashboards\src\pages\HealthDashboard.jsx","128","<KpiStrip cards={ADMIN_KPI} />"
"Dashboard","frontend\dashboards\src\pages\HealthDashboard.jsx","131","{/*  Section 1: Overview KPIs  */}"
"Dashboard","frontend\dashboards\src\pages\HealthDashboard.jsx","132","<DashboardSection title=""Overview"">"
"Dashboard","frontend\dashboards\src\pages\HealthDashboard.jsx","135","<CrownMetricCard label=""Visits Today""          value={data.visits_today          ?? DEMO.visits_today} />"
"Dashboard","frontend\dashboards\src\pages\HealthDashboard.jsx","138","<CrownMetricCard label=""Meds Administered""     value={data.meds_administered     ?? DEMO.meds_administered} />"
"Dashboard","frontend\dashboards\src\pages\HealthDashboard.jsx","141","<CrownMetricCard label=""Immunizations Missing"" value={data.immunizations_missing  ?? DEMO.immunizations_missing} />"
"Dashboard","frontend\dashboards\src\pages\HealthDashboard.jsx","144","<CrownMetricCard label=""Incidents (This Week)"" value={data.incident_reports_week  ?? DEMO.incident_reports_week} />"
"Dashboard","frontend\dashboards\src\pages\HealthDashboard.jsx","147","</DashboardSection>"
"Dashboard","frontend\dashboards\src\pages\HealthDashboard.jsx","150","<DashboardSection title=""Daily Activity"">"
"Dashboard","frontend\dashboards\src\pages\HealthDashboard.jsx","202","</DashboardSection>"
"Dashboard","frontend\dashboards\src\pages\HealthDashboard.jsx","205","<DashboardSection title=""Compliance & Alerts"">"
"Dashboard","frontend\dashboards\src\pages\HealthDashboard.jsx","252","</DashboardSection>"
"Dashboard","frontend\dashboards\src\pages\HealthOfficeDashboard.jsx","2","import HealthOfficeSnapshotCard from '../components/dashboard/healthoffice/HealthOfficeSnapshotCard';"
"Dashboard","frontend\dashboards\src\pages\HealthOfficeDashboard.jsx","3","import HealthOfficeAlertsPanel from '../components/dashboard/healthoffice/HealthOfficeAlertsPanel';"
"Dashboard","frontend\dashboards\src\pages\HealthOfficeDashboard.jsx","4","import HealthOfficeQueueCard from '../components/dashboard/healthoffice/HealthOfficeQueueCard';"
"Dashboard","frontend\dashboards\src\pages\HealthOfficeDashboard.jsx","6","export default function HealthOfficeDashboard() {"
"Dashboard","frontend\dashboards\src\pages\HealthOfficeDashboard.jsx","11","Health Office Dashboard"
"Dashboard","frontend\dashboards\src\pages\HomeDashboard.jsx","3","import CrownMetricCard from '../components/crown/CrownMetricCard.jsx';"
"Dashboard","frontend\dashboards\src\pages\HomeDashboard.jsx","7","export function HomeDashboard() {"
"Dashboard","frontend\dashboards\src\pages\HomeDashboard.jsx","19","<h1 className=""text-2xl font-semibold tracking-tight"">Crown Dashboard</h1>"
"Dashboard","frontend\dashboards\src\pages\HomeDashboard.jsx","36","<Col span={3}><CrownMetricCard label=""Status"" value=""Healthy"" hint=""All systems nominal"" /></Col>"
"Dashboard","frontend\dashboards\src\pages\HomeDashboard.jsx","37","<Col span={3}><CrownMetricCard label=""Today"" value=""Live"" hint=""Demo surface active"" /></Col>"
"Dashboard","frontend\dashboards\src\pages\HomeDashboard.jsx","38","<Col span={3}><CrownMetricCard label=""Security"" value=""Enforced"" hint=""Tenant + RBAC gates"" /></Col>"
"Dashboard","frontend\dashboards\src\pages\HomeDashboard.jsx","39","<Col span={3}><CrownMetricCard label=""Data"" value=""Seeded"" hint=""Realistic demo records"" /></Col>"
"Dashboard","frontend\dashboards\src\pages\HomeDashboard.jsx","42","<CrownCard title=""Navigation"" right={<span className=""crown-pill"">Crown Dashboard</span>}>"
"Dashboard","frontend\dashboards\src\pages\HRDashboard.jsx","2","import HRSnapshotCard from '../components/dashboard/hr/HRSnapshotCard';"
"Dashboard","frontend\dashboards\src\pages\HRDashboard.jsx","3","import HRAlertsPanel from '../components/dashboard/hr/HRAlertsPanel';"
"Dashboard","frontend\dashboards\src\pages\HRDashboard.jsx","4","import HRWorkQueueCard from '../components/dashboard/hr/HRWorkQueueCard';"
"Dashboard","frontend\dashboards\src\pages\HRDashboard.jsx","6","export default function HRDashboard() {"
"Dashboard","frontend\dashboards\src\pages\HRDashboard.jsx","11","HR Dashboard"
"Dashboard","frontend\dashboards\src\pages\HumanResources.jsx","4","import CrownMetricCard from '../components/crown/CrownMetricCard.jsx';"
"Dashboard","frontend\dashboards\src\pages\HumanResources.jsx","6","import DashboardSection from '../components/layout/DashboardSection.jsx';"
"Dashboard","frontend\dashboards\src\pages\HumanResources.jsx","7","import { KpiStrip } from '../components/dashboard/KpiFlipCard.jsx';"
"Dashboard","frontend\dashboards\src\pages\HumanResources.jsx","49","const [metricsRes, listRes] = await Promise.all(["
"Dashboard","frontend\dashboards\src\pages\HumanResources.jsx","50","globalThis.fetch(`${apiBase()}/api/v1/hr/metrics/`, { headers }),"
"Dashboard","frontend\dashboards\src\pages\HumanResources.jsx","53","if (!metricsRes.ok || !listRes.ok) throw new Error('non-ok');"
"Dashboard","frontend\dashboards\src\pages\HumanResources.jsx","54","const metrics = await metricsRes.json();"
"Dashboard","frontend\dashboards\src\pages\HumanResources.jsx","56","return { ok: true, data: { ...metrics, employees: Array.isArray(employees) ? employees : (employees.results || []) } };"
"Dashboard","frontend\dashboards\src\pages\HumanResources.jsx","77","/*  HR / Staff KPI flip cards  */"
"Dashboard","frontend\dashboards\src\pages\HumanResources.jsx","78","const ADMIN_KPI = ["
"Dashboard","frontend\dashboards\src\pages\HumanResources.jsx","105","<KpiStrip cards={ADMIN_KPI} />"
"Dashboard","frontend\dashboards\src\pages\HumanResources.jsx","108","<DashboardSection title=""Overview"">"
"Dashboard","frontend\dashboards\src\pages\HumanResources.jsx","110","<Col span={4}><CrownMetricCard label=""Total Staff""    value={data.total_employees}    /></Col>"
"Dashboard","frontend\dashboards\src\pages\HumanResources.jsx","111","<Col span={4}><CrownMetricCard label=""Active""          value={data.active_employees}   /></Col>"
"Dashboard","frontend\dashboards\src\pages\HumanResources.jsx","112","<Col span={4}><CrownMetricCard label=""Inactive""        value={data.inactive_employees} /></Col>"
"Dashboard","frontend\dashboards\src\pages\HumanResources.jsx","114","</DashboardSection>"
"Dashboard","frontend\dashboards\src\pages\HumanResources.jsx","116","<DashboardSection title=""Directory"">"
"Dashboard","frontend\dashboards\src\pages\HumanResources.jsx","165","</DashboardSection>"
"Dashboard","frontend\dashboards\src\pages\ImplementationSuccessDashboard.jsx","2","import ImplementationSuccessSnapshotCard from '../components/dashboard/implementationsuccess/ImplementationSuccessSnapshotCard';"
"Dashboard","frontend\dashboards\src\pages\ImplementationSuccessDashboard.jsx","3","import ImplementationSuccessAlertsPanel from '../components/dashboard/implementationsuccess/ImplementationSuccessAlertsPanel';"
"Dashboard","frontend\dashboards\src\pages\ImplementationSuccessDashboard.jsx","4","import ImplementationSuccessQueueCard from '../components/dashboard/implementationsuccess/ImplementationSuccessQueueCard';"
"Dashboard","frontend\dashboards\src\pages\ImplementationSuccessDashboard.jsx","6","export default function ImplementationSuccessDashboard() {"
"Dashboard","frontend\dashboards\src\pages\ImplementationSuccessDashboard.jsx","11","Implementation Success Dashboard"
"Dashboard","frontend\dashboards\src\pages\IntegrationsAutomationDashboard.jsx","2","import IntegrationsAutomationSnapshotCard from '../components/dashboard/integrationsautomation/IntegrationsAutomationSnapshotCard';"
"Dashboard","frontend\dashboards\src\pages\IntegrationsAutomationDashboard.jsx","3","import IntegrationsAutomationAlertsPanel from '../components/dashboard/integrationsautomation/IntegrationsAutomationAlertsPanel';"
"Dashboard","frontend\dashboards\src\pages\IntegrationsAutomationDashboard.jsx","4","import IntegrationsAutomationQueueCard from '../components/dashboard/integrationsautomation/IntegrationsAutomationQueueCard';"
"Dashboard","frontend\dashboards\src\pages\IntegrationsAutomationDashboard.jsx","6","export default function IntegrationsAutomationDashboard() {"
"Dashboard","frontend\dashboards\src\pages\IntegrationsAutomationDashboard.jsx","11","Integrations / Automation Dashboard"
"Dashboard","frontend\dashboards\src\pages\IntegrityDashboard.jsx","5","import { KpiStrip } from '../components/dashboard/KpiFlipCard.jsx';"
"Dashboard","frontend\dashboards\src\pages\IntegrityDashboard.jsx","144","/*  Integrity / Audit KPI flip cards  */"
"Dashboard","frontend\dashboards\src\pages\IntegrityDashboard.jsx","145","const ADMIN_KPI = ["
"Dashboard","frontend\dashboards\src\pages\IntegrityDashboard.jsx","159","export default function IntegrityDashboard() {"
"Dashboard","frontend\dashboards\src\pages\IntegrityDashboard.jsx","178","<KpiStrip cards={ADMIN_KPI} />"
"Dashboard","frontend\dashboards\src\pages\IntegrityDashboard.jsx","184","<span style={{ fontSize: 22, fontWeight: 700, color: 'var(--crown-ink)' }}>Crown Integrity Dashboard</span>"
"Dashboard","frontend\dashboards\src\pages\ITDashboard.jsx","4","import CrownMetricCard from '../components/crown/CrownMetricCard.jsx';"
"Dashboard","frontend\dashboards\src\pages\ITDashboard.jsx","6","import DashboardSection   from '../components/layout/DashboardSection.jsx';"
"Dashboard","frontend\dashboards\src\pages\ITDashboard.jsx","7","import { KpiStrip } from '../components/dashboard/KpiFlipCard.jsx';"
"Dashboard","frontend\dashboards\src\pages\ITDashboard.jsx","43","async function fetchITMetrics() {"
"Dashboard","frontend\dashboards\src\pages\ITDashboard.jsx","45","const url = `${apiBase()}/api/v1/it/metrics/`;"
"Dashboard","frontend\dashboards\src\pages\ITDashboard.jsx","83","/*  IT KPI flip cards  */"
"Dashboard","frontend\dashboards\src\pages\ITDashboard.jsx","84","const ADMIN_KPI = ["
"Dashboard","frontend\dashboards\src\pages\ITDashboard.jsx","98","export default function ITDashboard() {"
"Dashboard","frontend\dashboards\src\pages\ITDashboard.jsx","102","fetchITMetrics().then(({ ok, data }) => {"
"Dashboard","frontend\dashboards\src\pages\ITDashboard.jsx","119","<KpiStrip cards={ADMIN_KPI} />"
"Dashboard","frontend\dashboards\src\pages\ITDashboard.jsx","122","{/*  Section 1: Overview KPIs  */}"
"Dashboard","frontend\dashboards\src\pages\ITDashboard.jsx","123","<DashboardSection title=""Overview"">"
"Dashboard","frontend\dashboards\src\pages\ITDashboard.jsx","126","<CrownMetricCard label=""Open Tickets""       value={data.open_tickets       ?? DEMO.open_tickets} />"
"Dashboard","frontend\dashboards\src\pages\ITDashboard.jsx","129","<CrownMetricCard label=""Overdue Tickets""    value={data.overdue_tickets    ?? DEMO.overdue_tickets} />"
"Dashboard","frontend\dashboards\src\pages\ITDashboard.jsx","132","<CrownMetricCard label=""Total Devices""      value={data.total_devices      ?? DEMO.total_devices} />"
"Dashboard","frontend\dashboards\src\pages\ITDashboard.jsx","135","<CrownMetricCard label=""Cert Expiry (days)"" value={data.cert_expiry_days   ?? DEMO.cert_expiry_days} />"
"Dashboard","frontend\dashboards\src\pages\ITDashboard.jsx","138","</DashboardSection>"
"Dashboard","frontend\dashboards\src\pages\ITDashboard.jsx","141","<DashboardSection title=""System Status & Devices"">"
"Dashboard","frontend\dashboards\src\pages\ITDashboard.jsx","191","</DashboardSection>"
"Dashboard","frontend\dashboards\src\pages\ITDashboard.jsx","194","<DashboardSection title=""Tickets & Alerts"">"
"Dashboard","frontend\dashboards\src\pages\ITDashboard.jsx","236","</DashboardSection>"
"Dashboard","frontend\dashboards\src\pages\ITSupportDashboard.jsx","2","import ITSupportSnapshotCard from '../components/dashboard/itsupport/ITSupportSnapshotCard';"
"Dashboard","frontend\dashboards\src\pages\ITSupportDashboard.jsx","3","import ITSupportAlertsPanel from '../components/dashboard/itsupport/ITSupportAlertsPanel';"
"Dashboard","frontend\dashboards\src\pages\ITSupportDashboard.jsx","4","import ITSupportQueueCard from '../components/dashboard/itsupport/ITSupportQueueCard';"
"Dashboard","frontend\dashboards\src\pages\ITSupportDashboard.jsx","6","export default function ITSupportDashboard() {"
"Dashboard","frontend\dashboards\src\pages\ITSupportDashboard.jsx","11","IT Support Dashboard"
"Dashboard","frontend\dashboards\src\pages\LibraryDashboard.jsx","3","import CrownMetricCard from '../components/crown/CrownMetricCard.jsx';"
"Dashboard","frontend\dashboards\src\pages\LibraryDashboard.jsx","6","import DashboardSection from '../components/layout/DashboardSection.jsx';"
"Dashboard","frontend\dashboards\src\pages\LibraryDashboard.jsx","7","import { KpiStrip } from '../components/dashboard/KpiFlipCard.jsx';"
"Dashboard","frontend\dashboards\src\pages\LibraryDashboard.jsx","47","async function fetchLibraryMetrics() {"
"Dashboard","frontend\dashboards\src\pages\LibraryDashboard.jsx","49","const url = `${apiBase()}/api/v1/library/metrics/`;"
"Dashboard","frontend\dashboards\src\pages\LibraryDashboard.jsx","77","/*  Library KPI flip cards  */"
"Dashboard","frontend\dashboards\src\pages\LibraryDashboard.jsx","78","const ADMIN_KPI = ["
"Dashboard","frontend\dashboards\src\pages\LibraryDashboard.jsx","92","export default function LibraryDashboard() {"
"Dashboard","frontend\dashboards\src\pages\LibraryDashboard.jsx","96","fetchLibraryMetrics().then(({ ok, data }) => setState({ loading: false, live: ok, data }));"
"Dashboard","frontend\dashboards\src\pages\LibraryDashboard.jsx","112","<KpiStrip cards={ADMIN_KPI} />"
"Dashboard","frontend\dashboards\src\pages\LibraryDashboard.jsx","115","<DashboardSection title=""Overview"">"
"Dashboard","frontend\dashboards\src\pages\LibraryDashboard.jsx","117","<Col span={3}><CrownMetricCard label=""Books Checked Out""          value={data.books_checked_out          ?? DEMO.books_checked_out}          /></Col>"
"Dashboard","frontend\dashboards\src\pages\LibraryDashboard.jsx","118","<Col span={3}><CrownMetricCard label=""Overdue Items""              value={data.overdue_items               ?? DEMO.overdue_items}               /></Col>"
"Dashboard","frontend\dashboards\src\pages\LibraryDashboard.jsx","119","<Col span={3}><CrownMetricCard label=""New Materials (This Month)"" value={data.new_materials_this_month    ?? DEMO.new_materials_this_month}    /></Col>"
"Dashboard","frontend\dashboards\src\pages\LibraryDashboard.jsx","120","<Col span={3}><CrownMetricCard label=""Digital Resources Active""   value={data.digital_resources_active   ?? DEMO.digital_resources_active}   /></Col>"
"Dashboard","frontend\dashboards\src\pages\LibraryDashboard.jsx","122","</DashboardSection>"
"Dashboard","frontend\dashboards\src\pages\LibraryDashboard.jsx","124","<DashboardSection title=""Circulation & Overdue"">"
"Dashboard","frontend\dashboards\src\pages\LibraryDashboard.jsx","161","</DashboardSection>"
"Dashboard","frontend\dashboards\src\pages\LibraryDashboard.jsx","163","<DashboardSection title=""Collection & Digital Resources"">"
"Dashboard","frontend\dashboards\src\pages\LibraryDashboard.jsx","201","</DashboardSection>"
"Dashboard","frontend\dashboards\src\pages\LibraryMediaDashboard.jsx","2","import LibraryMediaSnapshotCard from '../components/dashboard/librarymedia/LibraryMediaSnapshotCard';"
"Dashboard","frontend\dashboards\src\pages\LibraryMediaDashboard.jsx","3","import LibraryMediaAlertsPanel from '../components/dashboard/librarymedia/LibraryMediaAlertsPanel';"
"Dashboard","frontend\dashboards\src\pages\LibraryMediaDashboard.jsx","4","import LibraryMediaQueueCard from '../components/dashboard/librarymedia/LibraryMediaQueueCard';"
"Dashboard","frontend\dashboards\src\pages\LibraryMediaDashboard.jsx","6","export default function LibraryMediaDashboard() {"
"Dashboard","frontend\dashboards\src\pages\LibraryMediaDashboard.jsx","11","Library / Media Dashboard"
"Dashboard","frontend\dashboards\src\pages\LoginPage.jsx","13","{ value: ""school_admin"", label: ""School Admin"", route: ""/school-admin-dashboard"" },"
"Dashboard","frontend\dashboards\src\pages\LoginPage.jsx","22","{ value: ""admissions_director"", label: ""Admissions Director"", route: ""/admissions-dashboard"" },"
"Dashboard","frontend\dashboards\src\pages\MarketingDashboard.jsx","4","import CrownMetricCard from '../components/crown/CrownMetricCard.jsx';"
"Dashboard","frontend\dashboards\src\pages\MarketingDashboard.jsx","6","import DashboardSection   from '../components/layout/DashboardSection.jsx';"
"Dashboard","frontend\dashboards\src\pages\MarketingDashboard.jsx","7","import { KpiStrip } from '../components/dashboard/KpiFlipCard.jsx';"
"Dashboard","frontend\dashboards\src\pages\MarketingDashboard.jsx","47","async function fetchMarketingMetrics() {"
"Dashboard","frontend\dashboards\src\pages\MarketingDashboard.jsx","49","const url = `${apiBase()}/api/v1/marketing/metrics/`;"
"Dashboard","frontend\dashboards\src\pages\MarketingDashboard.jsx","95","/*  Marketing KPI flip cards  */"
"Dashboard","frontend\dashboards\src\pages\MarketingDashboard.jsx","96","const ADMIN_KPI = ["
"Dashboard","frontend\dashboards\src\pages\MarketingDashboard.jsx","110","export default function MarketingDashboard() {"
"Dashboard","frontend\dashboards\src\pages\MarketingDashboard.jsx","114","fetchMarketingMetrics().then(({ ok, data }) => {"
"Dashboard","frontend\dashboards\src\pages\MarketingDashboard.jsx","130","<KpiStrip cards={ADMIN_KPI} />"
"Dashboard","frontend\dashboards\src\pages\MarketingDashboard.jsx","133","<DashboardSection title=""Overview"">"
"Dashboard","frontend\dashboards\src\pages\MarketingDashboard.jsx","135","<Col span={3}><CrownMetricCard label=""Inquiries YTD"" value={data.inquiries_ytd ?? DEMO.inquiries_ytd} /></Col>"
"Dashboard","frontend\dashboards\src\pages\MarketingDashboard.jsx","136","<Col span={3}><CrownMetricCard label=""Tours Scheduled"" value={data.tours_scheduled ?? DEMO.tours_scheduled} /></Col>"
"Dashboard","frontend\dashboards\src\pages\MarketingDashboard.jsx","137","<Col span={3}><CrownMetricCard label=""Applications"" value={data.applications ?? DEMO.applications} /></Col>"
"Dashboard","frontend\dashboards\src\pages\MarketingDashboard.jsx","138","<Col span={3}><CrownMetricCard label=""Enrolled"" value={data.enrolled ?? DEMO.enrolled} /></Col>"
"Dashboard","frontend\dashboards\src\pages\MarketingDashboard.jsx","140","</DashboardSection>"
"Dashboard","frontend\dashboards\src\pages\MarketingDashboard.jsx","142","<DashboardSection title=""Enrollment Funnel"">"
"Dashboard","frontend\dashboards\src\pages\MarketingDashboard.jsx","172","</DashboardSection>"
"Dashboard","frontend\dashboards\src\pages\MarketingDashboard.jsx","174","<DashboardSection title=""Campaigns &amp; Alerts"">"
"Dashboard","frontend\dashboards\src\pages\MarketingDashboard.jsx","221","</DashboardSection>"
"Dashboard","frontend\dashboards\src\pages\MasterControlDashboard.jsx","2","import MasterControlSnapshotCard from '../components/dashboard/mastercontrol/MasterControlSnapshotCard';"
"Dashboard","frontend\dashboards\src\pages\MasterControlDashboard.jsx","3","import PortfolioHealthPanel from '../components/dashboard/mastercontrol/PortfolioHealthPanel';"
"Dashboard","frontend\dashboards\src\pages\MasterControlDashboard.jsx","4","import MasterControlAlertsPanel from '../components/dashboard/mastercontrol/MasterControlAlertsPanel';"
"Dashboard","frontend\dashboards\src\pages\MasterControlDashboard.jsx","6","export default function MasterControlDashboard() {"
"Dashboard","frontend\dashboards\src\pages\MasterControlDashboard.jsx","11","Master Control Dashboard"
"Dashboard","frontend\dashboards\src\pages\NetworkBenchmarkingDashboard.jsx","2","import NetworkBenchmarkSnapshotCard from '../components/dashboard/networkbenchmarking/NetworkBenchmarkSnapshotCard';"
"Dashboard","frontend\dashboards\src\pages\NetworkBenchmarkingDashboard.jsx","3","import NetworkBenchmarkAlertsPanel from '../components/dashboard/networkbenchmarking/NetworkBenchmarkAlertsPanel';"
"Dashboard","frontend\dashboards\src\pages\NetworkBenchmarkingDashboard.jsx","4","import NetworkBenchmarkQueueCard from '../components/dashboard/networkbenchmarking/NetworkBenchmarkQueueCard';"
"Dashboard","frontend\dashboards\src\pages\NetworkBenchmarkingDashboard.jsx","6","export default function NetworkBenchmarkingDashboard() {"
"Dashboard","frontend\dashboards\src\pages\NetworkBenchmarkingDashboard.jsx","11","Network Benchmarking Dashboard"
"Dashboard","frontend\dashboards\src\pages\NotAuthorized.jsx","4","import { getDefaultDashboardPath } from '../config/dashboardRegistry';"
"Dashboard","frontend\dashboards\src\pages\NotAuthorized.jsx","9","const fallbackPath = getDefaultDashboardPath(userRoles);"
"Dashboard","frontend\dashboards\src\pages\NotAuthorized.jsx","35","Go to Allowed Dashboard"
"Dashboard","frontend\dashboards\src\pages\NotFoundPage.jsx","20","Back to Dashboard"
"Dashboard","frontend\dashboards\src\pages\OfficeDashboard.jsx","4","import CrownMetricCard from '../components/crown/CrownMetricCard.jsx';"
"Dashboard","frontend\dashboards\src\pages\OfficeDashboard.jsx","6","import DashboardSection   from '../components/layout/DashboardSection.jsx';"
"Dashboard","frontend\dashboards\src\pages\OfficeDashboard.jsx","7","import { KpiStrip } from '../components/dashboard/KpiFlipCard.jsx';"
"Dashboard","frontend\dashboards\src\pages\OfficeDashboard.jsx","50","async function fetchOfficeMetrics() {"
"Dashboard","frontend\dashboards\src\pages\OfficeDashboard.jsx","52","const url = `${apiBase()}/api/v1/office/metrics/`;"
"Dashboard","frontend\dashboards\src\pages\OfficeDashboard.jsx","89","/*  Office KPI flip cards  */"
"Dashboard","frontend\dashboards\src\pages\OfficeDashboard.jsx","90","const ADMIN_KPI = ["
"Dashboard","frontend\dashboards\src\pages\OfficeDashboard.jsx","104","export default function OfficeDashboard() {"
"Dashboard","frontend\dashboards\src\pages\OfficeDashboard.jsx","108","fetchOfficeMetrics().then(({ ok, data }) => {"
"Dashboard","frontend\dashboards\src\pages\OfficeDashboard.jsx","124","<KpiStrip cards={ADMIN_KPI} />"
"Dashboard","frontend\dashboards\src\pages\OfficeDashboard.jsx","127","<DashboardSection title=""Overview"">"
"Dashboard","frontend\dashboards\src\pages\OfficeDashboard.jsx","129","<Col span={3}><CrownMetricCard label=""Staff Absent Today"" value={data.staff_absent_today ?? DEMO.staff_absent_today} /></Col>"
"Dashboard","frontend\dashboards\src\pages\OfficeDashboard.jsx","130","<Col span={3}><CrownMetricCard label=""Coverage Gaps"" value={data.coverage_gaps ?? DEMO.coverage_gaps} /></Col>"
"Dashboard","frontend\dashboards\src\pages\OfficeDashboard.jsx","131","<Col span={3}><CrownMetricCard label=""Open Requests"" value={data.open_requests ?? DEMO.open_requests} /></Col>"
"Dashboard","frontend\dashboards\src\pages\OfficeDashboard.jsx","132","<Col span={3}><CrownMetricCard label=""Compliance Due"" value={data.compliance_items_due ?? DEMO.compliance_items_due} /></Col>"
"Dashboard","frontend\dashboards\src\pages\OfficeDashboard.jsx","134","</DashboardSection>"
"Dashboard","frontend\dashboards\src\pages\OfficeDashboard.jsx","136","<DashboardSection title=""Requests &amp; Tasks"">"
"Dashboard","frontend\dashboards\src\pages\OfficeDashboard.jsx","175","</DashboardSection>"
"Dashboard","frontend\dashboards\src\pages\OfficeDashboard.jsx","177","<DashboardSection title=""Alerts"">"
"Dashboard","frontend\dashboards\src\pages\OfficeDashboard.jsx","198","</DashboardSection>"
"Dashboard","frontend\dashboards\src\pages\ParentDashboard.jsx","1","import CrownDashboardTemplate from '../components/crown-dashboard/CrownDashboardTemplate.jsx';"
"Dashboard","frontend\dashboards\src\pages\ParentDashboard.jsx","2","import { getDashboardTemplate } from '../config/dashboardTemplates/index.js';"
"Dashboard","frontend\dashboards\src\pages\ParentDashboard.jsx","4","export default function ParentDashboard() {"
"Dashboard","frontend\dashboards\src\pages\ParentDashboard.jsx","5","const config = getDashboardTemplate('parent');"
"Dashboard","frontend\dashboards\src\pages\ParentDashboard.jsx","6","return <CrownDashboardTemplate config={config} roleKey=""parent"" />;"
"Dashboard","frontend\dashboards\src\pages\PDDashboard.jsx","3","import CrownMetricCard from '../components/crown/CrownMetricCard.jsx';"
"Dashboard","frontend\dashboards\src\pages\PDDashboard.jsx","6","import DashboardSection from '../components/layout/DashboardSection.jsx';"
"Dashboard","frontend\dashboards\src\pages\PDDashboard.jsx","7","import { KpiStrip } from '../components/dashboard/KpiFlipCard.jsx';"
"Dashboard","frontend\dashboards\src\pages\PDDashboard.jsx","48","async function fetchPDMetrics() {"
"Dashboard","frontend\dashboards\src\pages\PDDashboard.jsx","50","const url = `${apiBase()}/api/v1/pd/metrics/`;"
"Dashboard","frontend\dashboards\src\pages\PDDashboard.jsx","81","/*  Professional Development KPI flip cards  */"
"Dashboard","frontend\dashboards\src\pages\PDDashboard.jsx","82","const ADMIN_KPI = ["
"Dashboard","frontend\dashboards\src\pages\PDDashboard.jsx","96","export default function PDDashboard() {"
"Dashboard","frontend\dashboards\src\pages\PDDashboard.jsx","100","fetchPDMetrics().then(({ ok, data }) => setState({ loading: false, live: ok, data }));"
"Dashboard","frontend\dashboards\src\pages\PDDashboard.jsx","118","<KpiStrip cards={ADMIN_KPI} />"
"Dashboard","frontend\dashboards\src\pages\PDDashboard.jsx","121","<DashboardSection title=""Overview"">"
"Dashboard","frontend\dashboards\src\pages\PDDashboard.jsx","123","<Col span={3}><CrownMetricCard label=""Total Sessions""           value={data.total_sessions          ?? DEMO.sessions_this_month}    /></Col>"
"Dashboard","frontend\dashboards\src\pages\PDDashboard.jsx","124","<Col span={3}><CrownMetricCard label=""Upcoming""                 value={upcomingCount}                                                /></Col>"
"Dashboard","frontend\dashboards\src\pages\PDDashboard.jsx","125","<Col span={3}><CrownMetricCard label=""Completed""                value={data.completed_sessions      ?? 0}                           /></Col>"
"Dashboard","frontend\dashboards\src\pages\PDDashboard.jsx","126","<Col span={3}><CrownMetricCard label=""Avg Satisfaction Score""   value={`${data.average_rating ?? DEMO.satisfaction_avg}/5`} /></Col>"
"Dashboard","frontend\dashboards\src\pages\PDDashboard.jsx","128","</DashboardSection>"
"Dashboard","frontend\dashboards\src\pages\PDDashboard.jsx","130","<DashboardSection title=""Sessions & Certifications"">"
"Dashboard","frontend\dashboards\src\pages\PDDashboard.jsx","171","</DashboardSection>"
"Dashboard","frontend\dashboards\src\pages\PDDashboard.jsx","173","<DashboardSection title=""Completion & Alerts"">"
"Dashboard","frontend\dashboards\src\pages\PDDashboard.jsx","208","</DashboardSection>"
"Dashboard","frontend\dashboards\src\pages\PortraitServiceHoursDashboard.jsx","2","import PortraitServiceSnapshotCard from '../components/dashboard/portraitservice/PortraitServiceSnapshotCard';"
"Dashboard","frontend\dashboards\src\pages\PortraitServiceHoursDashboard.jsx","3","import PortraitServiceAlertsPanel from '../components/dashboard/portraitservice/PortraitServiceAlertsPanel';"
"Dashboard","frontend\dashboards\src\pages\PortraitServiceHoursDashboard.jsx","4","import PortraitServiceQueueCard from '../components/dashboard/portraitservice/PortraitServiceQueueCard';"
"Dashboard","frontend\dashboards\src\pages\PortraitServiceHoursDashboard.jsx","6","export default function PortraitServiceHoursDashboard() {"
"Dashboard","frontend\dashboards\src\pages\PortraitServiceHoursDashboard.jsx","11","Portrait / Service Hours Dashboard"
"Dashboard","frontend\dashboards\src\pages\RegistrarDashboard.jsx","3","import CrownMetricCard from '../components/crown/CrownMetricCard.jsx';"
"Dashboard","frontend\dashboards\src\pages\RegistrarDashboard.jsx","6","import DashboardSection from '../components/layout/DashboardSection.jsx';"
"Dashboard","frontend\dashboards\src\pages\RegistrarDashboard.jsx","7","import { KpiStrip } from '../components/dashboard/KpiFlipCard.jsx';"
"Dashboard","frontend\dashboards\src\pages\RegistrarDashboard.jsx","49","async function fetchRegistrarMetrics() {"
"Dashboard","frontend\dashboards\src\pages\RegistrarDashboard.jsx","51","const url = `${apiBase()}/api/v1/registrar/metrics/`;"
"Dashboard","frontend\dashboards\src\pages\RegistrarDashboard.jsx","82","/*  Registrar KPI flip cards  */"
"Dashboard","frontend\dashboards\src\pages\RegistrarDashboard.jsx","83","const ADMIN_KPI = ["
"Dashboard","frontend\dashboards\src\pages\RegistrarDashboard.jsx","97","export default function RegistrarDashboard() {"
"Dashboard","frontend\dashboards\src\pages\RegistrarDashboard.jsx","101","fetchRegistrarMetrics().then(({ ok, data }) => setState({ loading: false, live: ok, data }));"
"Dashboard","frontend\dashboards\src\pages\RegistrarDashboard.jsx","116","<KpiStrip cards={ADMIN_KPI} />"
"Dashboard","frontend\dashboards\src\pages\RegistrarDashboard.jsx","119","<DashboardSection title=""Overview"">"
"Dashboard","frontend\dashboards\src\pages\RegistrarDashboard.jsx","121","<Col span={3}><CrownMetricCard label=""Total Enrollment""   value={data.enrollment_total       ?? DEMO.enrollment_total}       /></Col>"
"Dashboard","frontend\dashboards\src\pages\RegistrarDashboard.jsx","122","<Col span={3}><CrownMetricCard label=""Pending Requests""   value={data.pending_requests       ?? DEMO.pending_requests}       /></Col>"
"Dashboard","frontend\dashboards\src\pages\RegistrarDashboard.jsx","123","<Col span={3}><CrownMetricCard label=""Transcripts (MTD)"" value={data.transcripts_issued_mtd ?? DEMO.transcripts_issued_mtd} /></Col>"
"Dashboard","frontend\dashboards\src\pages\RegistrarDashboard.jsx","124","<Col span={3}><CrownMetricCard label=""Holds Active""       value={data.holds_active           ?? DEMO.holds_active}           /></Col>"
"Dashboard","frontend\dashboards\src\pages\RegistrarDashboard.jsx","126","</DashboardSection>"
"Dashboard","frontend\dashboards\src\pages\RegistrarDashboard.jsx","128","<DashboardSection title=""Records Requests & Transcripts"">"
"Dashboard","frontend\dashboards\src\pages\RegistrarDashboard.jsx","168","</DashboardSection>"
"Dashboard","frontend\dashboards\src\pages\RegistrarDashboard.jsx","170","<DashboardSection title=""New Enrollments & Alerts"">"
"Dashboard","frontend\dashboards\src\pages\RegistrarDashboard.jsx","205","</DashboardSection>"
"Dashboard","frontend\dashboards\src\pages\ReleaseReadinessPage.jsx","7","import PageHeader from '../components/dashboard/PageHeader';"
"Dashboard","frontend\dashboards\src\pages\ReleaseReliabilityDashboard.jsx","2","import useDashboardData from '../hooks/useDashboardData';"
"Dashboard","frontend\dashboards\src\pages\ReleaseReliabilityDashboard.jsx","3","import DataStatusBanner from '../components/dashboard/shared/DataStatusBanner';"
"Dashboard","frontend\dashboards\src\pages\ReleaseReliabilityDashboard.jsx","4","import DashboardLoadingState from '../components/dashboard/shared/DashboardLoadingState';"
"Dashboard","frontend\dashboards\src\pages\ReleaseReliabilityDashboard.jsx","5","import DashboardErrorState from '../components/dashboard/shared/DashboardErrorState';"
"Dashboard","frontend\dashboards\src\pages\ReleaseReliabilityDashboard.jsx","6","import MetricSummaryGrid from '../components/dashboard/shared/MetricSummaryGrid';"
"Dashboard","frontend\dashboards\src\pages\ReleaseReliabilityDashboard.jsx","7","import AlertListCard from '../components/dashboard/shared/AlertListCard';"
"Dashboard","frontend\dashboards\src\pages\ReleaseReliabilityDashboard.jsx","8","import TextListCard from '../components/dashboard/shared/TextListCard';"
"Dashboard","frontend\dashboards\src\pages\ReleaseReliabilityDashboard.jsx","10","export default function ReleaseReliabilityDashboard() {"
"Dashboard","frontend\dashboards\src\pages\ReleaseReliabilityDashboard.jsx","19","} = useDashboardData('release-reliability');"
"Dashboard","frontend\dashboards\src\pages\ReleaseReliabilityDashboard.jsx","25","Release Reliability Dashboard"
"Dashboard","frontend\dashboards\src\pages\ReleaseReliabilityDashboard.jsx","40","{loading ? <DashboardLoadingState title=""Loading release reliability metrics..."" /> : null}"
"Dashboard","frontend\dashboards\src\pages\ReleaseReliabilityDashboard.jsx","41","{!loading && error && source === 'none' ? <DashboardErrorState error={error} /> : null}"
"Dashboard","frontend\dashboards\src\pages\ReleaseReliabilityDashboard.jsx","45","<MetricSummaryGrid metrics={data.metrics || []} />"
"Dashboard","frontend\dashboards\src\pages\RevenueOperationsDashboard.jsx","2","import RevenueOpsSnapshotCard from '../components/dashboard/revenueops/RevenueOpsSnapshotCard';"
"Dashboard","frontend\dashboards\src\pages\RevenueOperationsDashboard.jsx","3","import RevenueOpsAlertsPanel from '../components/dashboard/revenueops/RevenueOpsAlertsPanel';"
"Dashboard","frontend\dashboards\src\pages\RevenueOperationsDashboard.jsx","4","import RevenueOpsQueueCard from '../components/dashboard/revenueops/RevenueOpsQueueCard';"
"Dashboard","frontend\dashboards\src\pages\RevenueOperationsDashboard.jsx","6","export default function RevenueOperationsDashboard() {"
"Dashboard","frontend\dashboards\src\pages\RevenueOperationsDashboard.jsx","11","Revenue Operations Dashboard"
"Dashboard","frontend\dashboards\src\pages\RoleDashboardPage.jsx","2","* RoleDashboardPage - unified role-based dashboard."
"Dashboard","frontend\dashboards\src\pages\RoleDashboardPage.jsx","6","* Fetches /api/dashboards/summary/ with the current school + role context,"
"Dashboard","frontend\dashboards\src\pages\RoleDashboardPage.jsx","7","* renders widgets via WidgetDispatcher, and shows a DrilldownDrawer on expand."
"Dashboard","frontend\dashboards\src\pages\RoleDashboardPage.jsx","12","import WidgetDispatcher from ""../components/dashboard/WidgetDispatcher.jsx"";"
"Dashboard","frontend\dashboards\src\pages\RoleDashboardPage.jsx","13","import DrilldownDrawer from ""../components/dashboard/DrilldownDrawer.jsx"";"
"Dashboard","frontend\dashboards\src\pages\RoleDashboardPage.jsx","14","import { fetchDashboardSummary } from ""../api/dashboards.js"";"
"Dashboard","frontend\dashboards\src\pages\RoleDashboardPage.jsx","16","function WidgetSkeleton() {"
"Dashboard","frontend\dashboards\src\pages\RoleDashboardPage.jsx","27","aria-label=""Loading widget"""
"Dashboard","frontend\dashboards\src\pages\RoleDashboardPage.jsx","42","export default function RoleDashboardPage() {"
"Dashboard","frontend\dashboards\src\pages\RoleDashboardPage.jsx","48","const [widgets, setWidgets] = useState([]);"
"Dashboard","frontend\dashboards\src\pages\RoleDashboardPage.jsx","50","const [drawer, setDrawer] = useState({ open: false, widget: null });"
"Dashboard","frontend\dashboards\src\pages\RoleDashboardPage.jsx","54","const applyDashboardResponse = useCallback(({ ok, data, error: err }) => {"
"Dashboard","frontend\dashboards\src\pages\RoleDashboardPage.jsx","55","if (ok && data?.widgets) {"
"Dashboard","frontend\dashboards\src\pages\RoleDashboardPage.jsx","56","const sorted = [...data.widgets].sort((a, b) => (a.priority ?? 999) - (b.priority ?? 999));"
"Dashboard","frontend\dashboards\src\pages\RoleDashboardPage.jsx","57","setWidgets(sorted);"
"Dashboard","frontend\dashboards\src\pages\RoleDashboardPage.jsx","61","setError(err || ""Failed to load dashboard"");"
"Dashboard","frontend\dashboards\src\pages\RoleDashboardPage.jsx","68","fetchDashboardSummary(schoolId, role).then(applyDashboardResponse);"
"Dashboard","frontend\dashboards\src\pages\RoleDashboardPage.jsx","69","}, [applyDashboardResponse, role, schoolId]);"
"Dashboard","frontend\dashboards\src\pages\RoleDashboardPage.jsx","74","fetchDashboardSummary(schoolId, role).then((result) => {"
"Dashboard","frontend\dashboards\src\pages\RoleDashboardPage.jsx","78","applyDashboardResponse(result);"
"Dashboard","frontend\dashboards\src\pages\RoleDashboardPage.jsx","84","}, [applyDashboardResponse, role, schoolId]);"
"Dashboard","frontend\dashboards\src\pages\RoleDashboardPage.jsx","86","const openDrawer = useCallback((widget) => {"
"Dashboard","frontend\dashboards\src\pages\RoleDashboardPage.jsx","87","setDrawer({ open: true, widget });"
"Dashboard","frontend\dashboards\src\pages\RoleDashboardPage.jsx","91","setDrawer({ open: false, widget: null });"
"Dashboard","frontend\dashboards\src\pages\RoleDashboardPage.jsx","101","title={`${roleLabel} Dashboard`}"
"Dashboard","frontend\dashboards\src\pages\RoleDashboardPage.jsx","107","aria-label=""Refresh dashboard"""
"Dashboard","frontend\dashboards\src\pages\RoleDashboardPage.jsx","140","data-testid=""dashboard-grid"""
"Dashboard","frontend\dashboards\src\pages\RoleDashboardPage.jsx","150","<WidgetSkeleton />"
"Dashboard","frontend\dashboards\src\pages\RoleDashboardPage.jsx","153",": widgets.map((widget) => ("
"Dashboard","frontend\dashboards\src\pages\RoleDashboardPage.jsx","155","key={widget.key}"
"Dashboard","frontend\dashboards\src\pages\RoleDashboardPage.jsx","156","data-widget-key={widget.key}"
"Dashboard","frontend\dashboards\src\pages\RoleDashboardPage.jsx","157","style={{ gridColumn: SIZE_COLS[widget.size] ?? ""span 6"" }}"
"Dashboard","frontend\dashboards\src\pages\RoleDashboardPage.jsx","159","<WidgetDispatcher"
"Dashboard","frontend\dashboards\src\pages\RoleDashboardPage.jsx","160","widget={widget}"
"Dashboard","frontend\dashboards\src\pages\RoleDashboardPage.jsx","161","onExpand={widget.drilldown?.enabled ? () => openDrawer(widget) : undefined}"
"Dashboard","frontend\dashboards\src\pages\RoleDashboardPage.jsx","169","title={drawer.widget?.title ?? ""Detail""}"
"Dashboard","frontend\dashboards\src\pages\RoleDashboardPage.jsx","170","widget={drawer.widget?.key}"
"Dashboard","frontend\dashboards\src\pages\RoleHomeRedirect.jsx","4","import { HomeDashboard } from './HomeDashboard.jsx';"
"Dashboard","frontend\dashboards\src\pages\RoleHomeRedirect.jsx","49","// backend metrics endpoint AND one frontend dashboard page."
"Dashboard","frontend\dashboards\src\pages\RoleHomeRedirect.jsx","103","// Admin ? route to /admin; router.jsx redirects /admin ? /school-admin-dashboard in sandbox mode"
"Dashboard","frontend\dashboards\src\pages\RoleHomeRedirect.jsx","133","function resolveDashboardPath() {"
"Dashboard","frontend\dashboards\src\pages\RoleHomeRedirect.jsx","151","if (isSandbox && role === ""school_admin"") navigate(""/school-admin-dashboard"");"
"Dashboard","frontend\dashboards\src\pages\RoleHomeRedirect.jsx","156","const target = resolveDashboardPath();"
"Dashboard","frontend\dashboards\src\pages\RoleHomeRedirect.jsx","162","return <HomeDashboard />;"
"Dashboard","frontend\dashboards\src\pages\SafetyDashboard.jsx","4","import CrownMetricCard from '../components/crown/CrownMetricCard.jsx';"
"Dashboard","frontend\dashboards\src\pages\SafetyDashboard.jsx","6","import DashboardSection from '../components/layout/DashboardSection.jsx';"
"Dashboard","frontend\dashboards\src\pages\SafetyDashboard.jsx","7","import { KpiStrip } from '../components/dashboard/KpiFlipCard.jsx';"
"Dashboard","frontend\dashboards\src\pages\SafetyDashboard.jsx","57","const [metricsRes, listRes] = await Promise.all(["
"Dashboard","frontend\dashboards\src\pages\SafetyDashboard.jsx","58","globalThis.fetch(`${apiBase()}/api/v1/safety/metrics/`, { headers }),"
"Dashboard","frontend\dashboards\src\pages\SafetyDashboard.jsx","61","if (!metricsRes.ok || !listRes.ok) throw new Error('non-ok');"
"Dashboard","frontend\dashboards\src\pages\SafetyDashboard.jsx","62","const metrics = await metricsRes.json();"
"Dashboard","frontend\dashboards\src\pages\SafetyDashboard.jsx","66","data: { ...metrics, recent: Array.isArray(list) ? list.slice(0, 10) : (list.results || []).slice(0, 10) },"
"Dashboard","frontend\dashboards\src\pages\SafetyDashboard.jsx","87","/*  Safety KPI flip cards  */"
"Dashboard","frontend\dashboards\src\pages\SafetyDashboard.jsx","88","const ADMIN_KPI = ["
"Dashboard","frontend\dashboards\src\pages\SafetyDashboard.jsx","102","export default function SafetyDashboard() {"
"Dashboard","frontend\dashboards\src\pages\SafetyDashboard.jsx","115","<KpiStrip cards={ADMIN_KPI} />"
"Dashboard","frontend\dashboards\src\pages\SafetyDashboard.jsx","118","<DashboardSection title=""Overview"">"
"Dashboard","frontend\dashboards\src\pages\SafetyDashboard.jsx","120","<Col span={3}><CrownMetricCard label=""Total Incidents""    value={data.total_incidents}    /></Col>"
"Dashboard","frontend\dashboards\src\pages\SafetyDashboard.jsx","121","<Col span={3}><CrownMetricCard label=""Open""               value={data.open_incidents}     /></Col>"
"Dashboard","frontend\dashboards\src\pages\SafetyDashboard.jsx","122","<Col span={3}><CrownMetricCard label=""Resolved""           value={data.resolved_incidents} /></Col>"
"Dashboard","frontend\dashboards\src\pages\SafetyDashboard.jsx","123","<Col span={3}><CrownMetricCard label=""Critical Open""      value={data.critical_open}      /></Col>"
"Dashboard","frontend\dashboards\src\pages\SafetyDashboard.jsx","125","</DashboardSection>"
"Dashboard","frontend\dashboards\src\pages\SafetyDashboard.jsx","127","<DashboardSection title=""Incidents"">"
"Dashboard","frontend\dashboards\src\pages\SafetyDashboard.jsx","177","</DashboardSection>"
"Dashboard","frontend\dashboards\src\pages\SafetySecurityDashboard.jsx","2","import SafetySecuritySnapshotCard from '../components/dashboard/safetysecurity/SafetySecuritySnapshotCard';"
"Dashboard","frontend\dashboards\src\pages\SafetySecurityDashboard.jsx","3","import SafetySecurityAlertsPanel from '../components/dashboard/safetysecurity/SafetySecurityAlertsPanel';"
"Dashboard","frontend\dashboards\src\pages\SafetySecurityDashboard.jsx","4","import SafetySecurityQueueCard from '../components/dashboard/safetysecurity/SafetySecurityQueueCard';"
"Dashboard","frontend\dashboards\src\pages\SafetySecurityDashboard.jsx","6","export default function SafetySecurityDashboard() {"
"Dashboard","frontend\dashboards\src\pages\SafetySecurityDashboard.jsx","11","Safety / Security Dashboard"
"Dashboard","frontend\dashboards\src\pages\SchedulingDashboard.jsx","3","import SchedulingSnapshotCard from '../components/dashboard/scheduling/SchedulingSnapshotCard.jsx';"
"Dashboard","frontend\dashboards\src\pages\SchedulingDashboard.jsx","4","import SchedulingConflictsPanel from '../components/dashboard/scheduling/SchedulingConflictsPanel.jsx';"
"Dashboard","frontend\dashboards\src\pages\SchedulingDashboard.jsx","5","import SchedulingWorkQueueCard from '../components/dashboard/scheduling/SchedulingWorkQueueCard.jsx';"
"Dashboard","frontend\dashboards\src\pages\SchedulingDashboard.jsx","7","import WidgetState from '../components/states/WidgetState.jsx';"
"Dashboard","frontend\dashboards\src\pages\SchedulingDashboard.jsx","9","export default function SchedulingDashboard() {"
"Dashboard","frontend\dashboards\src\pages\SchedulingDashboard.jsx","11","<CrownLayout title=""Scheduling Dashboard"" subtitle=""Master schedule health, conflicts, room usage, and registrar workload"">"
"Dashboard","frontend\dashboards\src\pages\SchedulingDashboard.jsx","16","<WidgetState>"
"Dashboard","frontend\dashboards\src\pages\SchedulingDashboard.jsx","18","</WidgetState>"
"Dashboard","frontend\dashboards\src\pages\SchedulingDashboard.jsx","21","<WidgetState>"
"Dashboard","frontend\dashboards\src\pages\SchedulingDashboard.jsx","23","</WidgetState>"
"Dashboard","frontend\dashboards\src\pages\SchedulingDashboard.jsx","26","<WidgetState>"
"Dashboard","frontend\dashboards\src\pages\SchedulingDashboard.jsx","28","</WidgetState>"
"Dashboard","frontend\dashboards\src\pages\SchoolAdministratorDashboard.jsx","3","export default function SchoolAdministratorDashboard() {"
"Dashboard","frontend\dashboards\src\pages\SchoolBoardDashboard.jsx","2","import BoardSnapshotCard from '../components/dashboard/board/BoardSnapshotCard';"
"Dashboard","frontend\dashboards\src\pages\SchoolBoardDashboard.jsx","3","import BoardKpiPanel from '../components/dashboard/board/BoardKpiPanel';"
"Dashboard","frontend\dashboards\src\pages\SchoolBoardDashboard.jsx","4","import BoardRiskPanel from '../components/dashboard/board/BoardRiskPanel';"
"Dashboard","frontend\dashboards\src\pages\SchoolBoardDashboard.jsx","6","export default function SchoolBoardDashboard() {"
"Dashboard","frontend\dashboards\src\pages\SchoolBoardDashboard.jsx","11","School Board Dashboard"
"Dashboard","frontend\dashboards\src\pages\SchoolBoardDashboard.jsx","26","<BoardKpiPanel />"
"Dashboard","frontend\dashboards\src\pages\SecurityDashboard.jsx","4","import CrownMetricCard from '../components/crown/CrownMetricCard.jsx';"
"Dashboard","frontend\dashboards\src\pages\SecurityDashboard.jsx","6","import DashboardSection   from '../components/layout/DashboardSection.jsx';"
"Dashboard","frontend\dashboards\src\pages\SecurityDashboard.jsx","7","import { KpiStrip } from '../components/dashboard/KpiFlipCard.jsx';"
"Dashboard","frontend\dashboards\src\pages\SecurityDashboard.jsx","51","async function fetchSecurityMetrics() {"
"Dashboard","frontend\dashboards\src\pages\SecurityDashboard.jsx","53","const url = `${apiBase()}/api/v1/security/metrics/`;"
"Dashboard","frontend\dashboards\src\pages\SecurityDashboard.jsx","83","/*  Security KPI flip cards  */"
"Dashboard","frontend\dashboards\src\pages\SecurityDashboard.jsx","84","const ADMIN_KPI = ["
"Dashboard","frontend\dashboards\src\pages\SecurityDashboard.jsx","98","export default function SecurityDashboard() {"
"Dashboard","frontend\dashboards\src\pages\SecurityDashboard.jsx","102","fetchSecurityMetrics().then(({ ok, data }) => {"
"Dashboard","frontend\dashboards\src\pages\SecurityDashboard.jsx","119","<KpiStrip cards={ADMIN_KPI} />"
"Dashboard","frontend\dashboards\src\pages\SecurityDashboard.jsx","122","<DashboardSection title=""Overview"">"
"Dashboard","frontend\dashboards\src\pages\SecurityDashboard.jsx","124","<Col span={3}><CrownMetricCard label=""Drills Completed (YTD)"" value={data.drills_completed_ytd ?? DEMO.drills_completed_ytd} /></Col>"
"Dashboard","frontend\dashboards\src\pages\SecurityDashboard.jsx","125","<Col span={3}><CrownMetricCard label=""Incidents (This Week)"" value={data.incidents_week ?? DEMO.incidents_week} /></Col>"
"Dashboard","frontend\dashboards\src\pages\SecurityDashboard.jsx","126","<Col span={3}><CrownMetricCard label=""Door Access Exceptions"" value={data.door_access_exceptions ?? DEMO.door_access_exceptions} /></Col>"
"Dashboard","frontend\dashboards\src\pages\SecurityDashboard.jsx","127","<Col span={3}><CrownMetricCard label=""Camera Uptime %"" value={`${data.camera_uptime_pct ?? DEMO.camera_uptime_pct}%`} /></Col>"
"Dashboard","frontend\dashboards\src\pages\SecurityDashboard.jsx","129","</DashboardSection>"
"Dashboard","frontend\dashboards\src\pages\SecurityDashboard.jsx","131","<DashboardSection title=""Incidents &amp; Drills"">"
"Dashboard","frontend\dashboards\src\pages\SecurityDashboard.jsx","173","</DashboardSection>"
"Dashboard","frontend\dashboards\src\pages\SecurityDashboard.jsx","175","<DashboardSection title=""Issues &amp; Alerts"">"
"Dashboard","frontend\dashboards\src\pages\SecurityDashboard.jsx","208","</DashboardSection>"
"Dashboard","frontend\dashboards\src\pages\SpiritualLifeDashboard.jsx","3","import DashboardSection from '../components/layout/DashboardSection.jsx';"
"Dashboard","frontend\dashboards\src\pages\SpiritualLifeDashboard.jsx","5","import PrayerRequests from '../components/dashboard/PrayerRequests.jsx';"
"Dashboard","frontend\dashboards\src\pages\SpiritualLifeDashboard.jsx","6","import DailyDevotion from '../components/dashboard/DailyDevotion.jsx';"
"Dashboard","frontend\dashboards\src\pages\SpiritualLifeDashboard.jsx","7","import SpecialDays from '../components/dashboard/SpecialDays.jsx';"
"Dashboard","frontend\dashboards\src\pages\SpiritualLifeDashboard.jsx","8","import KpiCard from '../components/dashboard/KpiCard.jsx';"
"Dashboard","frontend\dashboards\src\pages\SpiritualLifeDashboard.jsx","9","import KpiCardGrid from '../components/dashboard/KpiCardGrid.jsx';"
"Dashboard","frontend\dashboards\src\pages\SpiritualLifeDashboard.jsx","10","import ProgressGoalCard from '../components/dashboard/ProgressGoalCard.jsx';"
"Dashboard","frontend\dashboards\src\pages\SpiritualLifeDashboard.jsx","11","import HealthRingCard from '../components/dashboard/HealthRingCard.jsx';"
"Dashboard","frontend\dashboards\src\pages\SpiritualLifeDashboard.jsx","12","import TrendChartCard from '../components/dashboard/TrendChartCard.jsx';"
"Dashboard","frontend\dashboards\src\pages\SpiritualLifeDashboard.jsx","14","import StudentLifePrioritiesPanel from '../components/dashboard/studentlife/StudentLifePrioritiesPanel.jsx';"
"Dashboard","frontend\dashboards\src\pages\SpiritualLifeDashboard.jsx","15","import StudentLifeAlertsPanel from '../components/dashboard/studentlife/StudentLifeAlertsPanel.jsx';"
"Dashboard","frontend\dashboards\src\pages\SpiritualLifeDashboard.jsx","16","import StudentLifeActivityFeedCard from '../components/dashboard/studentlife/StudentLifeActivityFeedCard.jsx';"
"Dashboard","frontend\dashboards\src\pages\SpiritualLifeDashboard.jsx","17","import StudentLifeSnapshotCard from '../components/dashboard/studentlife/StudentLifeSnapshotCard.jsx';"
"Dashboard","frontend\dashboards\src\pages\SpiritualLifeDashboard.jsx","18","import StudentLifeCalendarCard from '../components/dashboard/studentlife/StudentLifeCalendarCard.jsx';"
"Dashboard","frontend\dashboards\src\pages\SpiritualLifeDashboard.jsx","19","import StudentLifeCommunicationsCard from '../components/dashboard/studentlife/StudentLifeCommunicationsCard.jsx';"
"Dashboard","frontend\dashboards\src\pages\SpiritualLifeDashboard.jsx","20","import StudentLifeReportsCard from '../components/dashboard/studentlife/StudentLifeReportsCard.jsx';"
"Dashboard","frontend\dashboards\src\pages\SpiritualLifeDashboard.jsx","22","export default function SpiritualLifeDashboard() {"
"Dashboard","frontend\dashboards\src\pages\SpiritualLifeDashboard.jsx","25","title=""Student Life / Chaplain Dashboard"""
"Dashboard","frontend\dashboards\src\pages\SpiritualLifeDashboard.jsx","28","<DashboardSection title=""Faith and Community"">"
"Dashboard","frontend\dashboards\src\pages\SpiritualLifeDashboard.jsx","34","</DashboardSection>"
"Dashboard","frontend\dashboards\src\pages\SpiritualLifeDashboard.jsx","36","<DashboardSection title=""Chaplain Action"">"
"Dashboard","frontend\dashboards\src\pages\SpiritualLifeDashboard.jsx","41","<KpiCardGrid>"
"Dashboard","frontend\dashboards\src\pages\SpiritualLifeDashboard.jsx","42","<KpiCard title=""Chapel Attendance"" value=""89%"" trend=""Strong this week"" icon=""CHP"" tone=""good"" />"
"Dashboard","frontend\dashboards\src\pages\SpiritualLifeDashboard.jsx","43","<KpiCard title=""Service Hours Logged"" value=""2,340"" trend=""+112 this week"" icon=""SRV"" tone=""good"" />"
"Dashboard","frontend\dashboards\src\pages\SpiritualLifeDashboard.jsx","44","<KpiCard title=""Care Referrals"" value=""6"" trend=""Monitor this week"" icon=""CAR"" tone=""warn"" />"
"Dashboard","frontend\dashboards\src\pages\SpiritualLifeDashboard.jsx","45","<KpiCard title=""Mentoring Follow-Ups"" value=""4"" trend=""Pending check-in"" icon=""MEN"" tone=""warn"" />"
"Dashboard","frontend\dashboards\src\pages\SpiritualLifeDashboard.jsx","46","</KpiCardGrid>"
"Dashboard","frontend\dashboards\src\pages\SpiritualLifeDashboard.jsx","51","</DashboardSection>"
"Dashboard","frontend\dashboards\src\pages\SpiritualLifeDashboard.jsx","53","<DashboardSection title=""Spiritual Health"">"
"Dashboard","frontend\dashboards\src\pages\SpiritualLifeDashboard.jsx","86","</DashboardSection>"
"Dashboard","frontend\dashboards\src\pages\SpiritualLifeDashboard.jsx","88","<DashboardSection title=""Spiritual Trends"">"
"Dashboard","frontend\dashboards\src\pages\SpiritualLifeDashboard.jsx","120","</DashboardSection>"
"Dashboard","frontend\dashboards\src\pages\SpiritualLifeDashboard.jsx","122","<DashboardSection title=""Care Detail"">"
"Dashboard","frontend\dashboards\src\pages\SpiritualLifeDashboard.jsx","127","</DashboardSection>"
"Dashboard","frontend\dashboards\src\pages\SpiritualLifeDashboard.jsx","129","<DashboardSection title=""Events, Communications, and Reports"">"
"Dashboard","frontend\dashboards\src\pages\SpiritualLifeDashboard.jsx","135","</DashboardSection>"
"Dashboard","frontend\dashboards\src\pages\StudentCareDashboard.jsx","3","import StudentCareSnapshotCard from '../components/dashboard/studentcare/StudentCareSnapshotCard.jsx';"
"Dashboard","frontend\dashboards\src\pages\StudentCareDashboard.jsx","4","import StudentCareAlertsPanel from '../components/dashboard/studentcare/StudentCareAlertsPanel.jsx';"
"Dashboard","frontend\dashboards\src\pages\StudentCareDashboard.jsx","5","import InterventionQueueCard from '../components/dashboard/studentcare/InterventionQueueCard.jsx';"
"Dashboard","frontend\dashboards\src\pages\StudentCareDashboard.jsx","7","export default function StudentCareDashboard() {"
"Dashboard","frontend\dashboards\src\pages\StudentCareDashboard.jsx","10","title=""Student Care Dashboard"""
"Dashboard","frontend\dashboards\src\pages\StudentDashboard.jsx","1","import CrownDashboardTemplate from '../components/crown-dashboard/CrownDashboardTemplate.jsx';"
"Dashboard","frontend\dashboards\src\pages\StudentDashboard.jsx","2","import { getDashboardTemplate } from '../config/dashboardTemplates/index.js';"
"Dashboard","frontend\dashboards\src\pages\StudentDashboard.jsx","4","export default function StudentDashboard() {"
"Dashboard","frontend\dashboards\src\pages\StudentDashboard.jsx","5","const config = getDashboardTemplate('student');"
"Dashboard","frontend\dashboards\src\pages\StudentDashboard.jsx","6","return <CrownDashboardTemplate config={config} roleKey=""student"" />;"
"Dashboard","frontend\dashboards\src\pages\StudentServicesDashboard.jsx","3","import CrownMetricCard from '../components/crown/CrownMetricCard.jsx';"
"Dashboard","frontend\dashboards\src\pages\StudentServicesDashboard.jsx","6","import DashboardSection from '../components/layout/DashboardSection.jsx';"
"Dashboard","frontend\dashboards\src\pages\StudentServicesDashboard.jsx","7","import { KpiStrip } from '../components/dashboard/KpiFlipCard.jsx';"
"Dashboard","frontend\dashboards\src\pages\StudentServicesDashboard.jsx","49","/*  Student Services KPI flip cards  */"
"Dashboard","frontend\dashboards\src\pages\StudentServicesDashboard.jsx","50","const SS_KPI = ["
"Dashboard","frontend\dashboards\src\pages\StudentServicesDashboard.jsx","65","async function fetchStudentServicesMetrics() {"
"Dashboard","frontend\dashboards\src\pages\StudentServicesDashboard.jsx","67","const url = `${apiBase()}/api/v1/student-services/metrics/`;"
"Dashboard","frontend\dashboards\src\pages\StudentServicesDashboard.jsx","98","export default function StudentServicesDashboard() {"
"Dashboard","frontend\dashboards\src\pages\StudentServicesDashboard.jsx","102","fetchStudentServicesMetrics().then(({ ok, data }) => setState({ loading: false, live: ok, data }));"
"Dashboard","frontend\dashboards\src\pages\StudentServicesDashboard.jsx","118","<KpiStrip cards={SS_KPI} />"
"Dashboard","frontend\dashboards\src\pages\StudentServicesDashboard.jsx","121","<DashboardSection title=""Overview"">"
"Dashboard","frontend\dashboards\src\pages\StudentServicesDashboard.jsx","123","<Col span={3}><CrownMetricCard label=""Lunch Balance Alerts"" value={data.lunch_balance_alerts    ?? DEMO.lunch_balance_alerts}    /></Col>"
"Dashboard","frontend\dashboards\src\pages\StudentServicesDashboard.jsx","124","<Col span={3}><CrownMetricCard label=""Unpaid Balances""       value={`$${data.unpaid_balances_total ?? DEMO.unpaid_balances_total}`} /></Col>"
"Dashboard","frontend\dashboards\src\pages\StudentServicesDashboard.jsx","125","<Col span={3}><CrownMetricCard label=""Applications Pending""  value={data.applications_pending   ?? DEMO.applications_pending}   /></Col>"
"Dashboard","frontend\dashboards\src\pages\StudentServicesDashboard.jsx","126","<Col span={3}><CrownMetricCard label=""Active Services""        value={data.services_active        ?? DEMO.services_active}        /></Col>"
"Dashboard","frontend\dashboards\src\pages\StudentServicesDashboard.jsx","128","</DashboardSection>"
"Dashboard","frontend\dashboards\src\pages\StudentServicesDashboard.jsx","130","<DashboardSection title=""Balance Alerts & Active Services"">"
"Dashboard","frontend\dashboards\src\pages\StudentServicesDashboard.jsx","169","</DashboardSection>"
"Dashboard","frontend\dashboards\src\pages\StudentServicesDashboard.jsx","171","<DashboardSection title=""Pending Applications & Alerts"">"
"Dashboard","frontend\dashboards\src\pages\StudentServicesDashboard.jsx","207","</DashboardSection>"
"Dashboard","frontend\dashboards\src\pages\TeacherAttendancePage.jsx","77","<h1 className=""text-2xl font-semibold tracking-tight"">Attendance Dashboard</h1>"
"Dashboard","frontend\dashboards\src\pages\TeacherDashboard.jsx","1","import CrownDashboardTemplate from '../components/crown-dashboard/CrownDashboardTemplate.jsx';"
"Dashboard","frontend\dashboards\src\pages\TeacherDashboard.jsx","2","import { getDashboardTemplate } from '../config/dashboardTemplates/index.js';"
"Dashboard","frontend\dashboards\src\pages\TeacherDashboard.jsx","4","export default function TeacherDashboard() {"
"Dashboard","frontend\dashboards\src\pages\TeacherDashboard.jsx","5","const config = getDashboardTemplate('teacher');"
"Dashboard","frontend\dashboards\src\pages\TeacherDashboard.jsx","6","return <CrownDashboardTemplate config={config} roleKey=""teacher"" />;"
"Dashboard","frontend\dashboards\src\pages\TransportationDashboard.jsx","2","import TransportationSnapshotCard from '../components/dashboard/transportation/TransportationSnapshotCard';"
"Dashboard","frontend\dashboards\src\pages\TransportationDashboard.jsx","3","import TransportationAlertsPanel from '../components/dashboard/transportation/TransportationAlertsPanel';"
"Dashboard","frontend\dashboards\src\pages\TransportationDashboard.jsx","4","import TransportationQueueCard from '../components/dashboard/transportation/TransportationQueueCard';"
"Dashboard","frontend\dashboards\src\pages\TransportationDashboard.jsx","6","export default function TransportationDashboard() {"
"Dashboard","frontend\dashboards\src\pages\TransportationDashboard.jsx","11","Transportation Dashboard"
"Dashboard","frontend\dashboards\src\pages\VolunteerManagementDashboard.jsx","2","import VolunteerSnapshotCard from '../components/dashboard/volunteermanagement/VolunteerSnapshotCard';"
"Dashboard","frontend\dashboards\src\pages\VolunteerManagementDashboard.jsx","3","import VolunteerAlertsPanel from '../components/dashboard/volunteermanagement/VolunteerAlertsPanel';"
"Dashboard","frontend\dashboards\src\pages\VolunteerManagementDashboard.jsx","4","import VolunteerQueueCard from '../components/dashboard/volunteermanagement/VolunteerQueueCard';"
"Dashboard","frontend\dashboards\src\pages\VolunteerManagementDashboard.jsx","6","export default function VolunteerManagementDashboard() {"
"Dashboard","frontend\dashboards\src\pages\VolunteerManagementDashboard.jsx","11","Volunteer Management Dashboard"
"Dashboard","frontend\dashboards\src\pages\billing_wizard\Step6Verify.jsx","92","Setup complete for term <strong>{result.result?.term || term}</strong>. Return to the dashboard to begin billing runs."
"Dashboard","frontend\dashboards\src\routes\dashboardRoutes.jsx","1","import { DASHBOARD_REGISTRY } from '../config/dashboardRegistry';"
"Dashboard","frontend\dashboards\src\routes\dashboardRoutes.jsx","5","export const dashboardRoutes = DASHBOARD_REGISTRY.map((dashboard) => {"
"Dashboard","frontend\dashboards\src\routes\dashboardRoutes.jsx","6","const Component = dashboard.component;"
"Dashboard","frontend\dashboards\src\routes\dashboardRoutes.jsx","9","path: dashboard.path,"
"Dashboard","frontend\dashboards\src\routes\dashboardRoutes.jsx","11","<RoleRouteGuard allowedRoles={dashboard.roles || dashboard.allowedRoles || []}>"
"Dashboard","frontend\dashboards\src\routes\dashboardRoutes.jsx","12","<ReleaseStateRoute route={dashboard}>"
"Dashboard","frontend\dashboards\src\routes\financeRouteAccess.test.jsx","17","path: ""/billing-dashboard"","
"Dashboard","frontend\dashboards\src\routes\paths.js","3","DASHBOARD: '/dashboard',"
"Dashboard","frontend\dashboards\src\routes\paths.js","5","ROLE_DASHBOARD: '/dash/:role',"
"Dashboard","frontend\dashboards\src\routes\paths.js","9","ADMISSIONS_DASHBOARD: '/admissions-dashboard',"
"Dashboard","frontend\dashboards\src\routes\paths.js","13","ATTENDANCE_DASHBOARD: '/attendance-dashboard',"
"Dashboard","frontend\dashboards\src\routes\paths.js","15","GRADEBOOK_DASHBOARD: '/gradebook-dashboard',"
"Dashboard","frontend\dashboards\src\routes\paths.js","16","SCHEDULING: '/scheduling-dashboard',"
"Dashboard","frontend\dashboards\src\routes\paths.js","17","SCHEDULING_DASHBOARD: '/scheduling-dashboard',"
"Dashboard","frontend\dashboards\src\routes\paths.js","19","COMMUNICATIONS_DASHBOARD: '/communications-dashboard',"
"Dashboard","frontend\dashboards\src\routes\paths.js","22","BILLING_DASHBOARD: '/billing-dashboard',"
"Dashboard","frontend\dashboards\src\routes\paths.js","24","FINANCIAL_AID_DASHBOARD: '/financial-aid-dashboard',"
"Dashboard","frontend\dashboards\src\routes\paths.js","29","SERVICE_HOURS_DASHBOARD: '/portrait-service-dashboard',"
"Dashboard","frontend\dashboards\src\routes\paths.js","32","ACTIVITIES: '/activities-dashboard',"
"Dashboard","frontend\dashboards\src\routes\paths.js","102","REGISTRAR_DASHBOARD: '/registrar-dashboard',"
"Dashboard","frontend\dashboards\src\routes\paths.js","103","STUDENT_CARE_DASHBOARD: '/student-care-dashboard',"
"Dashboard","frontend\dashboards\src\routes\paths.js","104","ACTIVITIES_DASHBOARD: '/activities-dashboard',"
"Dashboard","frontend\dashboards\src\routes\paths.js","105","SCHOOL_ADMIN_DASHBOARD: '/school-admin-dashboard',"
"Dashboard","frontend\dashboards\src\routes\paths.js","106","SCHOOL_BOARD_DASHBOARD: '/school-board-dashboard',"
"Dashboard","frontend\dashboards\src\routes\paths.js","107","MASTER_CONTROL_DASHBOARD: '/master-control-dashboard',"
"Dashboard","frontend\dashboards\src\routes\paths.js","108","ADVANCEMENT_DASHBOARD: '/advancement-dashboard',"
"Dashboard","frontend\dashboards\src\routes\paths.js","109","HR_DASHBOARD: '/hr-dashboard',"
"Dashboard","frontend\dashboards\src\routes\paths.js","110","FACILITIES_DASHBOARD: '/facilities-dashboard',"
"Dashboard","frontend\dashboards\src\routes\paths.js","111","HEALTH_OFFICE_DASHBOARD: '/health-office-dashboard',"
"Dashboard","frontend\dashboards\src\routes\paths.js","112","TRANSPORTATION_DASHBOARD: '/transportation-dashboard',"
"Dashboard","frontend\dashboards\src\routes\paths.js","113","FOOD_SERVICE_DASHBOARD: '/food-service-dashboard',"
"Dashboard","frontend\dashboards\src\routes\paths.js","114","IT_SUPPORT_DASHBOARD: '/it-support-dashboard',"
"Dashboard","frontend\dashboards\src\routes\paths.js","115","FINE_ARTS_DASHBOARD: '/fine-arts-dashboard',"
"Dashboard","frontend\dashboards\src\routes\paths.js","116","ATHLETICS_DIRECTOR_DASHBOARD: '/athletics-director-dashboard',"
"Dashboard","frontend\dashboards\src\routes\paths.js","117","LIBRARY_MEDIA_DASHBOARD: '/library-media-dashboard',"
"Dashboard","frontend\dashboards\src\routes\paths.js","118","EXTENDED_CARE_DASHBOARD: '/extended-care-dashboard',"
"Dashboard","frontend\dashboards\src\routes\paths.js","119","SAFETY_SECURITY_DASHBOARD: '/safety-security-dashboard',"
"Dashboard","frontend\dashboards\src\routes\paths.js","120","CURRICULUM_PD_DASHBOARD: '/curriculum-pd-dashboard',"
"Dashboard","frontend\dashboards\src\routes\paths.js","121","CHAPLAIN_DASHBOARD: '/chaplain-dashboard',"
"Dashboard","frontend\dashboards\src\routes\paths.js","122","ADVANCEMENT_OPERATIONS_DASHBOARD: '/advancement-operations-dashboard',"
"Dashboard","frontend\dashboards\src\routes\paths.js","123","VOLUNTEER_MANAGEMENT_DASHBOARD: '/volunteer-management-dashboard',"
"Dashboard","frontend\dashboards\src\routes\paths.js","124","PORTRAIT_SERVICE_DASHBOARD: '/portrait-service-dashboard',"
"Dashboard","frontend\dashboards\src\routes\paths.js","125","ALUMNI_RELATIONS_DASHBOARD: '/alumni-relations-dashboard',"
"Dashboard","frontend\dashboards\src\routes\paths.js","126","NETWORK_BENCHMARKING_DASHBOARD: '/network-benchmarking-dashboard',"
"Dashboard","frontend\dashboards\src\routes\paths.js","127","IMPLEMENTATION_SUCCESS_DASHBOARD: '/implementation-success-dashboard',"
"Dashboard","frontend\dashboards\src\routes\paths.js","128","DATA_MIGRATION_DASHBOARD: '/data-migration-dashboard',"
"Dashboard","frontend\dashboards\src\routes\paths.js","129","INTEGRATIONS_AUTOMATION_DASHBOARD: '/integrations-automation-dashboard',"
"Dashboard","frontend\dashboards\src\routes\paths.js","130","COMPLIANCE_AUDIT_DASHBOARD: '/compliance-audit-dashboard',"
"Dashboard","frontend\dashboards\src\routes\paths.js","131","REVENUE_OPERATIONS_DASHBOARD: '/revenue-operations-dashboard',"
"Dashboard","frontend\dashboards\src\routes\paths.js","132","RELEASE_RELIABILITY_DASHBOARD: '/release-reliability-dashboard',"
"Dashboard","frontend\dashboards\src\routes\paths.js","133","DASHBOARD_CERTIFICATION_CENTER: '/dashboard-certification-center',"
"Dashboard","frontend\dashboards\src\routes\router.jsx","3","// No-op touch to ensure required route/dashboard gate contexts run on this PR."
"Dashboard","frontend\dashboards\src\routes\router.jsx","5","import RoleDashboardPage from ""../pages/RoleDashboardPage.jsx"";"
"Dashboard","frontend\dashboards\src\routes\router.jsx","6","import { BillingDashboard } from ""../pages/BillingDashboard.jsx"";"
"Dashboard","frontend\dashboards\src\routes\router.jsx","7","import { FinancialAidDashboard } from ""../pages/FinancialAidDashboard.jsx"";"
"Dashboard","frontend\dashboards\src\routes\router.jsx","8","import { AcademicsDashboard } from ""../pages/AcademicsDashboard.jsx"";"
"Dashboard","frontend\dashboards\src\routes\router.jsx","15","import ClassroomsDashboard from ""../pages/ClassroomsDashboard.jsx"";"
"Dashboard","frontend\dashboards\src\routes\router.jsx","22","import TeacherDashboard from ""../pages/TeacherDashboard.jsx"";"
"Dashboard","frontend\dashboards\src\routes\router.jsx","23","import ParentDashboard from ""../pages/ParentDashboard.jsx"";"
"Dashboard","frontend\dashboards\src\routes\router.jsx","24","import StudentDashboard from ""../pages/StudentDashboard.jsx"";"
"Dashboard","frontend\dashboards\src\routes\router.jsx","28","import AttendanceDashboard from ""../pages/AttendanceDashboard.jsx"";"
"Dashboard","frontend\dashboards\src\routes\router.jsx","31","import IntegrityDashboard from ""../pages/IntegrityDashboard.jsx"";"
"Dashboard","frontend\dashboards\src\routes\router.jsx","32","import AdminDashboard from ""../pages/AdminDashboard.jsx"";"
"Dashboard","frontend\dashboards\src\routes\router.jsx","34","import BoardDashboard from ""../pages/BoardDashboard.jsx"";"
"Dashboard","frontend\dashboards\src\routes\router.jsx","35","import FinanceDashboard from ""../pages/FinanceDashboard.jsx"";"
"Dashboard","frontend\dashboards\src\routes\router.jsx","36","import ITDashboard from ""../pages/ITDashboard.jsx"";"
"Dashboard","frontend\dashboards\src\routes\router.jsx","37","import MarketingDashboard from ""../pages/MarketingDashboard.jsx"";"
"Dashboard","frontend\dashboards\src\routes\router.jsx","38","import SpiritualLifeDashboard from ""../pages/SpiritualLifeDashboard.jsx"";"
"Dashboard","frontend\dashboards\src\routes\router.jsx","39","import OfficeDashboard from ""../pages/OfficeDashboard.jsx"";"
"Dashboard","frontend\dashboards\src\routes\router.jsx","40","import HealthDashboard from ""../pages/HealthDashboard.jsx"";"
"Dashboard","frontend\dashboards\src\routes\router.jsx","41","import CounselingDashboard from ""../pages/CounselingDashboard.jsx"";"
"Dashboard","frontend\dashboards\src\routes\router.jsx","42","import FoodDashboard from ""../pages/FoodDashboard.jsx"";"
"Dashboard","frontend\dashboards\src\routes\router.jsx","43","import AthleticsDashboard from ""../pages/AthleticsDashboard.jsx"";"
"Dashboard","frontend\dashboards\src\routes\router.jsx","44","import AdvancementDashboard from ""../pages/AdvancementDashboard.jsx"";"
"Dashboard","frontend\dashboards\src\routes\router.jsx","45","import TransportationDashboard from ""../pages/TransportationDashboard.jsx"";"
"Dashboard","frontend\dashboards\src\routes\router.jsx","46","import FacilitiesDashboard from ""../pages/FacilitiesDashboard.jsx"";"
"Dashboard","frontend\dashboards\src\routes\router.jsx","47","import SecurityDashboard from ""../pages/SecurityDashboard.jsx"";"
"Dashboard","frontend\dashboards\src\routes\router.jsx","48","import AcademicSupportDashboard from ""../pages/AcademicSupportDashboard.jsx"";"
"Dashboard","frontend\dashboards\src\routes\router.jsx","49","import FineArtsDashboard from ""../pages/FineArtsDashboard.jsx"";"
"Dashboard","frontend\dashboards\src\routes\router.jsx","50","import LibraryDashboard from ""../pages/LibraryDashboard.jsx"";"
"Dashboard","frontend\dashboards\src\routes\router.jsx","51","import ExtendedCareDashboard from ""../pages/ExtendedCareDashboard.jsx"";"
"Dashboard","frontend\dashboards\src\routes\router.jsx","52","import RegistrarDashboard from ""../pages/RegistrarDashboard.jsx"";"
"Dashboard","frontend\dashboards\src\routes\router.jsx","53","import CommunicationsDirectorDashboard from ""../pages/CommunicationsDirectorDashboard.jsx"";"
"Dashboard","frontend\dashboards\src\routes\router.jsx","54","import PDDashboard from ""../pages/PDDashboard.jsx"";"
"Dashboard","frontend\dashboards\src\routes\router.jsx","55","import StudentServicesDashboard from ""../pages/StudentServicesDashboard.jsx"";"
"Dashboard","frontend\dashboards\src\routes\router.jsx","57","import SafetyDashboard from ""../pages/SafetyDashboard.jsx"";"
"Dashboard","frontend\dashboards\src\routes\router.jsx","58","import BoardExecutiveDashboard from ""../pages/BoardExecutiveDashboard.jsx"";"
"Dashboard","frontend\dashboards\src\routes\router.jsx","72","import CrownLaunchDashboardPage from ""../pages/CrownLaunchDashboardPage.jsx"";"
"Dashboard","frontend\dashboards\src\routes\router.jsx","74","import { dashboardRoutes } from ""./dashboardRoutes"";"
"Dashboard","frontend\dashboards\src\routes\router.jsx","81","import CompuwerxDisputesDashboard from ""../pages/CompuwerxDisputesDashboard.jsx"";"
"Dashboard","frontend\dashboards\src\routes\router.jsx","117","path: PATHS.DASHBOARD,"
"Dashboard","frontend\dashboards\src\routes\router.jsx","119","? <CrownLaunchDashboardPage activePath=""/dashboard"" />"
"Dashboard","frontend\dashboards\src\routes\router.jsx","125","? <Navigate to=""/school-admin-dashboard"" replace />"
"Dashboard","frontend\dashboards\src\routes\router.jsx","137","// Unified role dashboard ? /dash/admin, /dash/teacher, /dash/parent, etc."
"Dashboard","frontend\dashboards\src\routes\router.jsx","138","path: PATHS.ROLE_DASHBOARD,"
"Dashboard","frontend\dashboards\src\routes\router.jsx","139","element: <RoleDashboardPage />,"
"Dashboard","frontend\dashboards\src\routes\router.jsx","162","<BillingDashboard />"
"Dashboard","frontend\dashboards\src\routes\router.jsx","167","path: PATHS.BILLING_DASHBOARD,"
"Dashboard","frontend\dashboards\src\routes\router.jsx","170","<BillingDashboard />"
"Dashboard","frontend\dashboards\src\routes\router.jsx","178","<FinancialAidDashboard />"
"Dashboard","frontend\dashboards\src\routes\router.jsx","192","element: <AttendanceDashboard />,"
"Dashboard","frontend\dashboards\src\routes\router.jsx","200","element: <Navigate to=""/communications-dashboard"" replace />,"
"Dashboard","frontend\dashboards\src\routes\router.jsx","204","element: <Navigate to=""/scheduling-dashboard"" replace />,"
"Dashboard","frontend\dashboards\src\routes\router.jsx","208","element: <TeacherDashboard />,"
"Dashboard","frontend\dashboards\src\routes\router.jsx","214","element: <AttendanceDashboard />,"
"Dashboard","frontend\dashboards\src\routes\router.jsx","218","element: <Navigate to=""/communications-dashboard"" replace />,"
"Dashboard","frontend\dashboards\src\routes\router.jsx","222","element: <Navigate to=""/scheduling-dashboard"" replace />,"
"Dashboard","frontend\dashboards\src\routes\router.jsx","224","...dashboardRoutes,"
"Dashboard","frontend\dashboards\src\routes\router.jsx","229","<AcademicsDashboard />"
"Dashboard","frontend\dashboards\src\routes\router.jsx","235","element: <ParentDashboard />,"
"Dashboard","frontend\dashboards\src\routes\router.jsx","239","element: <StudentDashboard />,"
"Dashboard","frontend\dashboards\src\routes\router.jsx","243","element: <ClassroomsDashboard />,"
"Dashboard","frontend\dashboards\src\routes\router.jsx","348","<IntegrityDashboard />"
"Dashboard","frontend\dashboards\src\routes\router.jsx","378","element: <BoardDashboard />,"
"Dashboard","frontend\dashboards\src\routes\router.jsx","387","<FinanceDashboard />"
"Dashboard","frontend\dashboards\src\routes\router.jsx","394","element: <ITDashboard />,"
"Dashboard","frontend\dashboards\src\routes\router.jsx","398","element: <MarketingDashboard />,"
"Dashboard","frontend\dashboards\src\routes\router.jsx","402","element: <SpiritualLifeDashboard />,"
"Dashboard","frontend\dashboards\src\routes\router.jsx","406","element: <AdminDashboard />,"
"Dashboard","frontend\dashboards\src\routes\router.jsx","410","element: <OfficeDashboard />,"
"Dashboard","frontend\dashboards\src\routes\router.jsx","414","element: <HealthDashboard />,"
"Dashboard","frontend\dashboards\src\routes\router.jsx","418","element: <CounselingDashboard />,"
"Dashboard","frontend\dashboards\src\routes\router.jsx","422","element: <FoodDashboard />,"
"Dashboard","frontend\dashboards\src\routes\router.jsx","426","element: <AthleticsDashboard />,"
"Dashboard","frontend\dashboards\src\routes\router.jsx","454","element: <AdvancementDashboard />,"
"Dashboard","frontend\dashboards\src\routes\router.jsx","458","element: <TransportationDashboard />,"
"Dashboard","frontend\dashboards\src\routes\router.jsx","462","element: <FacilitiesDashboard />,"
"Dashboard","frontend\dashboards\src\routes\router.jsx","466","element: <SecurityDashboard />,"
"Dashboard","frontend\dashboards\src\routes\router.jsx","470","element: <AcademicSupportDashboard />,"
"Dashboard","frontend\dashboards\src\routes\router.jsx","474","element: <FineArtsDashboard />,"
"Dashboard","frontend\dashboards\src\routes\router.jsx","478","element: <LibraryDashboard />,"
"Dashboard","frontend\dashboards\src\routes\router.jsx","482","element: <ExtendedCareDashboard />,"
"Dashboard","frontend\dashboards\src\routes\router.jsx","486","element: <RegistrarDashboard />,"
"Dashboard","frontend\dashboards\src\routes\router.jsx","490","element: <CommunicationsDirectorDashboard />,"
"Dashboard","frontend\dashboards\src\routes\router.jsx","494","element: <PDDashboard />,"
"Dashboard","frontend\dashboards\src\routes\router.jsx","498","element: <StudentServicesDashboard />,"
"Dashboard","frontend\dashboards\src\routes\router.jsx","506","element: <SafetyDashboard />,"
"Dashboard","frontend\dashboards\src\routes\router.jsx","510","element: <BoardExecutiveDashboard />,"
"Dashboard","frontend\dashboards\src\routes\router.jsx","550","<CompuwerxDisputesDashboard />"
"Dashboard","frontend\dashboards\src\routes\router.jsx","635",": <SpiritualLifeDashboard />,"
"Dashboard","frontend\dashboards\src\routes\router.jsx","641",": <AdminDashboard />,"
"Dashboard","frontend\dashboards\src\routes\router.jsx","645","element: <IntegrityDashboard />,"
"Dashboard","frontend\dashboards\src\styles\admin-command-center-clean.css","377",".clean-kpi-grid {"
"Dashboard","frontend\dashboards\src\styles\admin-command-center-clean.css","383",".clean-kpi {"
"Dashboard","frontend\dashboards\src\styles\admin-command-center-clean.css","394",".clean-kpi::before {"
"Dashboard","frontend\dashboards\src\styles\admin-command-center-clean.css","402",".clean-kpi-green::before { background: var(--clean-green); }"
"Dashboard","frontend\dashboards\src\styles\admin-command-center-clean.css","403",".clean-kpi-purple::before { background: var(--clean-purple); }"
"Dashboard","frontend\dashboards\src\styles\admin-command-center-clean.css","404",".clean-kpi-gold::before { background: var(--clean-gold); }"
"Dashboard","frontend\dashboards\src\styles\admin-command-center-clean.css","405",".clean-kpi-red::before { background: var(--clean-red); }"
"Dashboard","frontend\dashboards\src\styles\admin-command-center-clean.css","406",".clean-kpi-teal::before { background: var(--clean-teal); }"
"Dashboard","frontend\dashboards\src\styles\admin-command-center-clean.css","408",".clean-kpi span {"
"Dashboard","frontend\dashboards\src\styles\admin-command-center-clean.css","416",".clean-kpi strong {"
"Dashboard","frontend\dashboards\src\styles\admin-command-center-clean.css","425",".clean-kpi p {"
"Dashboard","frontend\dashboards\src\styles\admin-command-center-clean.css","440",".clean-dashboard-grid {"
"Dashboard","frontend\dashboards\src\styles\admin-command-center-clean.css","781",".clean-kpi-grid {"
"Dashboard","frontend\dashboards\src\styles\admin-command-center-clean.css","785",".clean-dashboard-grid {"
"Dashboard","frontend\dashboards\src\styles\admin-command-center-clean.css","831",".clean-kpi-grid,"
"Dashboard","frontend\dashboards\src\styles\admin-command-center-final.css","19",".cc-dashboard {"
"Dashboard","frontend\dashboards\src\styles\admin-command-center-final.css","32",".cc-dashboard * {"
"Dashboard","frontend\dashboards\src\styles\admin-command-center-final.css","387","/* ?? KPI Grid ?????????????????????????????????????????????????????? */"
"Dashboard","frontend\dashboards\src\styles\admin-command-center-final.css","388",".cc-kpi-grid {"
"Dashboard","frontend\dashboards\src\styles\admin-command-center-final.css","395",".cc-kpi {"
"Dashboard","frontend\dashboards\src\styles\admin-command-center-final.css","407",".cc-kpi p {"
"Dashboard","frontend\dashboards\src\styles\admin-command-center-final.css","416",".cc-kpi strong {"
"Dashboard","frontend\dashboards\src\styles\admin-command-center-final.css","423",".cc-kpi span {"
"Dashboard","frontend\dashboards\src\styles\admin-command-center-final.css","431",".cc-kpi-icon {"
"Dashboard","frontend\dashboards\src\styles\admin-command-center-final.css","443",".cc-tone-purple .cc-kpi-icon { color: var(--cc-purple); background: #f3efff; }"
"Dashboard","frontend\dashboards\src\styles\admin-command-center-final.css","444",".cc-tone-green .cc-kpi-icon  { color: var(--cc-green);  background: #ecfdf5; }"
"Dashboard","frontend\dashboards\src\styles\admin-command-center-final.css","445",".cc-tone-gold .cc-kpi-icon   { color: var(--cc-orange); background: #fff7ed; }"
"Dashboard","frontend\dashboards\src\styles\admin-command-center-final.css","446",".cc-tone-teal .cc-kpi-icon   { color: var(--cc-teal);   background: #ecfeff; }"
"Dashboard","frontend\dashboards\src\styles\admin-command-center-final.css","906",".cc-kpi-grid { grid-template-columns: repeat(3, 1fr); }"
"Dashboard","frontend\dashboards\src\styles\admin-command-center-final.css","912",".cc-dashboard { grid-template-columns: 72px minmax(0, 1fr); }"
"Dashboard","frontend\dashboards\src\styles\admin-command-center-final.css","921",".cc-dashboard { grid-template-columns: 1fr; }"
"Dashboard","frontend\dashboards\src\styles\admin-command-center-final.css","926",".cc-kpi-grid,"
"Dashboard","frontend\dashboards\src\styles\admin-command-center.css","118",".admin-command-kpi-grid {"
"Dashboard","frontend\dashboards\src\styles\admin-command-center.css","124",".admin-command-kpi {"
"Dashboard","frontend\dashboards\src\styles\admin-command-center.css","135",".admin-command-kpi::before {"
"Dashboard","frontend\dashboards\src\styles\admin-command-center.css","143",".admin-command-kpi strong {"
"Dashboard","frontend\dashboards\src\styles\admin-command-center.css","151",".admin-command-kpi span {"
"Dashboard","frontend\dashboards\src\styles\admin-command-center.css","159",".admin-command-kpi-icon {"
"Dashboard","frontend\dashboards\src\styles\admin-command-center.css","172",".admin-command-kpi-gold::before {"
"Dashboard","frontend\dashboards\src\styles\admin-command-center.css","176",".admin-command-kpi-emerald::before {"
"Dashboard","frontend\dashboards\src\styles\admin-command-center.css","180",".admin-command-kpi-rose::before {"
"Dashboard","frontend\dashboards\src\styles\admin-command-center.css","323",".admin-command-metric-pairs {"
"Dashboard","frontend\dashboards\src\styles\admin-command-center.css","329",".admin-command-metric-pairs div {"
"Dashboard","frontend\dashboards\src\styles\admin-command-center.css","336",".admin-command-metric-pairs span {"
"Dashboard","frontend\dashboards\src\styles\admin-command-center.css","343",".admin-command-metric-pairs strong {"
"Dashboard","frontend\dashboards\src\styles\admin-command-center.css","513",".admin-command-kpi-grid {"
"Dashboard","frontend\dashboards\src\styles\admin-command-center.css","552",".admin-command-kpi-grid,"
"Dashboard","frontend\dashboards\src\styles\admin-command-center.css","558",".admin-command-kpi strong {"
"Dashboard","frontend\dashboards\src\styles\crown-theme.css","167",".crown-kpi {"
"Dashboard","frontend\dashboards\src\styles\crown-theme.css","171",".crown-kpi-label {"
"Dashboard","frontend\dashboards\src\styles\crown-theme.css","179",".crown-kpi-value {"
"Dashboard","frontend\dashboards\src\styles\crown-theme.css","188",".crown-kpi-context {"
"Dashboard","frontend\dashboards\src\styles\launch-shell.css","370",".launch-metric-detail {"
"Dashboard","frontend\dashboards\src\styles\launch-shell.css","400",".launch-dashboard-grid {"
"Dashboard","frontend\dashboards\src\styles\launch-shell.css","405",".launch-dashboard-grid-metrics {"
"Dashboard","frontend\dashboards\src\styles\launch-shell.css","409",".launch-dashboard-grid-metrics-admin {"
"Dashboard","frontend\dashboards\src\styles\launch-shell.css","413",".launch-dashboard-grid-primary {"
"Dashboard","frontend\dashboards\src\styles\launch-shell.css","417",".launch-dashboard-grid-secondary {"
"Dashboard","frontend\dashboards\src\styles\launch-shell.css","421",".launch-dashboard-grid-module {"
"Dashboard","frontend\dashboards\src\styles\launch-shell.css","425",".launch-dashboard-grid-analytics {"
"Dashboard","frontend\dashboards\src\styles\launch-shell.css","458",".launch-module-kpi-list {"
"Dashboard","frontend\dashboards\src\styles\launch-shell.css","468",".launch-module-kpi-list li {"
"Dashboard","frontend\dashboards\src\styles\launch-shell.css","531",".launch-module-kpi-list li {"
"Dashboard","frontend\dashboards\src\styles\launch-shell.css","539",".launch-module-kpi-list li strong {"
"Dashboard","frontend\dashboards\src\styles\launch-shell.css","562",".launch-metric-card {"
"Dashboard","frontend\dashboards\src\styles\launch-shell.css","569",".launch-metric-card::before {"
"Dashboard","frontend\dashboards\src\styles\launch-shell.css","583",".launch-metric-toprow {"
"Dashboard","frontend\dashboards\src\styles\launch-shell.css","590",".launch-metric-icon-bubble {"
"Dashboard","frontend\dashboards\src\styles\launch-shell.css","603",".launch-metric-label {"
"Dashboard","frontend\dashboards\src\styles\launch-shell.css","611",".launch-metric-value {"
"Dashboard","frontend\dashboards\src\styles\launch-shell.css","619",".launch-metric-detail {"
"Dashboard","frontend\dashboards\src\styles\launch-shell.css","773",".launch-dashboard-grid-secondary .launch-action-card p {"
"Dashboard","frontend\dashboards\src\styles\launch-shell.css","871",".launch-dashboard-grid-metrics {"
"Dashboard","frontend\dashboards\src\styles\launch-shell.css","875",".launch-dashboard-grid-metrics-admin {"
"Dashboard","frontend\dashboards\src\styles\launch-shell.css","879",".launch-dashboard-grid-secondary {"
"Dashboard","frontend\dashboards\src\styles\launch-shell.css","883",".launch-dashboard-grid-analytics {"
"Dashboard","frontend\dashboards\src\styles\launch-shell.css","929",".launch-dashboard-grid-metrics,"
"Dashboard","frontend\dashboards\src\styles\launch-shell.css","930",".launch-dashboard-grid-metrics-admin,"
"Dashboard","frontend\dashboards\src\styles\launch-shell.css","931",".launch-dashboard-grid-primary,"
"Dashboard","frontend\dashboards\src\styles\launch-shell.css","932",".launch-dashboard-grid-secondary,"
"Dashboard","frontend\dashboards\src\styles\launch-shell.css","933",".launch-dashboard-grid-module,"
"Dashboard","frontend\dashboards\src\styles\launch-shell.css","934",".launch-dashboard-grid-analytics {"
"Dashboard","frontend\dashboards\src\tests\dashboardCardContract.test.jsx","4","import dashboardRegistry from '../config/dashboardRegistry';"
"Dashboard","frontend\dashboards\src\tests\dashboardCardContract.test.jsx","5","import CrownLaunchDashboardPage from '../pages/CrownLaunchDashboardPage.jsx';"
"Dashboard","frontend\dashboards\src\tests\dashboardCardContract.test.jsx","7","import TeacherDashboard from '../pages/TeacherDashboard.jsx';"
"Dashboard","frontend\dashboards\src\tests\dashboardCardContract.test.jsx","8","import ParentDashboard from '../pages/ParentDashboard.jsx';"
"Dashboard","frontend\dashboards\src\tests\dashboardCardContract.test.jsx","9","import StudentDashboard from '../pages/StudentDashboard.jsx';"
"Dashboard","frontend\dashboards\src\tests\dashboardCardContract.test.jsx","15","describe('dashboard registry contract', () => {"
"Dashboard","frontend\dashboards\src\tests\dashboardCardContract.test.jsx","16","it('all dashboards have a title', () => {"
"Dashboard","frontend\dashboards\src\tests\dashboardCardContract.test.jsx","17","for (const item of dashboardRegistry) {"
"Dashboard","frontend\dashboards\src\tests\dashboardCardContract.test.jsx","22","it('all dashboards have a path', () => {"
"Dashboard","frontend\dashboards\src\tests\dashboardCardContract.test.jsx","23","for (const item of dashboardRegistry) {"
"Dashboard","frontend\dashboards\src\tests\dashboardCardContract.test.jsx","28","it('all dashboard paths are unique', () => {"
"Dashboard","frontend\dashboards\src\tests\dashboardCardContract.test.jsx","29","const paths = dashboardRegistry.map((item) => item.path);"
"Dashboard","frontend\dashboards\src\tests\dashboardCardContract.test.jsx","33","it('launch dashboard renders the canonical CROWN shell without legacy fallback chrome', () => {"
"Dashboard","frontend\dashboards\src\tests\dashboardCardContract.test.jsx","37","const view = render(<CrownLaunchDashboardPage activePath={path} />);"
"Dashboard","frontend\dashboards\src\tests\dashboardCardContract.test.jsx","74","expect(screen.queryByText('Dashboard unavailable')).toBeNull();"
"Dashboard","frontend\dashboards\src\tests\dashboardCardContract.test.jsx","91","const { unmount } = render(<TeacherDashboard />);"
"Dashboard","frontend\dashboards\src\tests\dashboardCardContract.test.jsx","92","expect(screen.getByText('Teacher Dashboard')).toBeTruthy();"
"Dashboard","frontend\dashboards\src\tests\dashboardCardContract.test.jsx","96","const parentRender = render(<ParentDashboard />);"
"Dashboard","frontend\dashboards\src\tests\dashboardCardContract.test.jsx","97","expect(screen.getByText('Parent Dashboard')).toBeTruthy();"
"Dashboard","frontend\dashboards\src\tests\dashboardCardContract.test.jsx","101","render(<StudentDashboard />);"
"Dashboard","frontend\dashboards\src\tests\dashboardCardContract.test.jsx","102","expect(screen.getByText('Student Dashboard')).toBeTruthy();"
"Dashboard","frontend\dashboards\src\tests\navigationSurfaceContract.test.js","3","import dashboardRegistry from '../config/dashboardRegistry';"
"Dashboard","frontend\dashboards\src\tests\navigationSurfaceContract.test.js","17","it('dashboard registry titles are unique', () => {"
"Dashboard","frontend\dashboards\src\tests\navigationSurfaceContract.test.js","18","const titles = dashboardRegistry.map((item) => item.title).filter(Boolean);"
"Dashboard","frontend\dashboards\src\tests\navigationSurfaceContract.test.js","22","it('every nav href exists in dashboard registry or is a system page', () => {"
"Dashboard","frontend\dashboards\src\tests\navigationSurfaceContract.test.js","23","const registryPaths = new Set(dashboardRegistry.map((item) => item.path).filter(Boolean));"
"Dashboard","frontend\dashboards\src\tests\navigationSurfaceContract.test.js","27","PATHS.DASHBOARD,"
"Dashboard","frontend\dashboards\src\tests\routeContract.test.jsx","3","import { DASHBOARD_REGISTRY } from '../config/dashboardRegistry';"
"Dashboard","frontend\dashboards\src\tests\routeContract.test.jsx","6","it('all dashboard registry paths are unique', () => {"
"Dashboard","frontend\dashboards\src\tests\routeContract.test.jsx","7","const paths = DASHBOARD_REGISTRY.map((item) => item.path).filter(Boolean);"
"Dashboard","frontend\dashboards\src\tests\routeContract.test.jsx","13","for (const item of DASHBOARD_REGISTRY) {"
"Dashboard","frontend\dashboards\src\tests\routeContract.test.jsx","21","expect(PATHS.DASHBOARD).toBeDefined();"
"Dashboard","frontend\dashboards\src\tests\routeContract.test.jsx","31","expect(PATHS.DASHBOARD).toBe('/dashboard');"
"Dashboard","frontend\dashboards\src\tests\routeContract.test.jsx","38","expect(PATHS.SCHOOL_ADMIN_DASHBOARD).toBe('/school-admin-dashboard');"
"Dashboard","frontend\dashboards\src\tests\sidebarContract.test.jsx","3","import { DASHBOARD_REGISTRY } from '../config/dashboardRegistry';"
"Dashboard","frontend\dashboards\src\tests\sidebarContract.test.jsx","14","const registryPaths = new Set(DASHBOARD_REGISTRY.map((item) => item.path).filter(Boolean));"
"Dashboard","frontend\dashboards\src\tests\sidebarContract.test.jsx","17","PATHS.DASHBOARD,"
"Dashboard","frontend\dashboards\src\utils\releaseChecks.js","2","import dashboardRegistry from '../config/dashboardRegistry';"
"Dashboard","frontend\dashboards\src\utils\releaseChecks.js","9","const registryPaths = dashboardRegistry.map((item) => item.path).filter(Boolean);"
