"Type","File","Line","Text"
"Wizard","frontend\dashboards\src\api\aftercareApi.js","30","// Wizard"
"Wizard","frontend\dashboards\src\api\aftercareApi.js","31","export async function fetchWizardConfig() {"
"Wizard","frontend\dashboards\src\api\aftercareApi.js","32","return requestJson(""/wizard/setup/"");"
"Wizard","frontend\dashboards\src\api\aftercareApi.js","35","export async function submitWizardConfig(data) {"
"Wizard","frontend\dashboards\src\api\aftercareApi.js","36","return requestJson(""/wizard/setup/"", { method: ""POST"", body: data });"
"Wizard","frontend\dashboards\src\api\attendance_codes_wizard.js","2","* api/attendance_codes_wizard.js"
"Wizard","frontend\dashboards\src\api\attendance_codes_wizard.js","4","* Follows the section_assign_wizard.js pattern exactly."
"Wizard","frontend\dashboards\src\api\attendance_codes_wizard.js","9","const PREFIX = `${API_BASE}/api/v1/attendance-codes-wizard/sessions`;"
"Wizard","frontend\dashboards\src\api\attendance_rules_wizard.js","2","* api/attendance_rules_wizard.js"
"Wizard","frontend\dashboards\src\api\attendance_rules_wizard.js","3","* Attendance Rules Wizard  API layer"
"Wizard","frontend\dashboards\src\api\attendance_rules_wizard.js","8","const SESSIONS = `${API_BASE}/api/v1/attendance-rules-wizard/sessions/`;"
"Wizard","frontend\dashboards\src\api\bell_schedule_wizard.js","2","* api/bell_schedule_wizard.js"
"Wizard","frontend\dashboards\src\api\bell_schedule_wizard.js","3","* Bell Schedule Wizard  API layer"
"Wizard","frontend\dashboards\src\api\bell_schedule_wizard.js","8","const SESSIONS = `${API_BASE}/api/v1/bell-schedule-wizard/sessions/`;"
"Wizard","frontend\dashboards\src\api\billing_wizard.js","2","* api/billing_wizard.js"
"Wizard","frontend\dashboards\src\api\billing_wizard.js","5","* behavior for the billing wizard flow."
"Wizard","frontend\dashboards\src\api\billing_wizard.js","29","/** Step 1: create a BillingWizardSession */"
"Wizard","frontend\dashboards\src\api\billing_wizard.js","30","export async function createBillingWizardSession() {"
"Wizard","frontend\dashboards\src\api\billing_wizard.js","31","return requestJson(`${API_BASE}/api/v1/billing-wizard/sessions/`, {"
"Wizard","frontend\dashboards\src\api\billing_wizard.js","38","export async function configureWizardSession(sessionId, term, billingMode) {"
"Wizard","frontend\dashboards\src\api\billing_wizard.js","39","return requestJson(`${API_BASE}/api/v1/billing-wizard/sessions/${sessionId}/configure/`, {"
"Wizard","frontend\dashboards\src\api\billing_wizard.js","47","return requestJson(`${API_BASE}/api/v1/billing-wizard/sessions/${sessionId}/plans/`, {"
"Wizard","frontend\dashboards\src\api\billing_wizard.js","55","return requestJson(`${API_BASE}/api/v1/billing-wizard/sessions/${sessionId}/fees/`, {"
"Wizard","frontend\dashboards\src\api\billing_wizard.js","63","return requestJson(`${API_BASE}/api/v1/billing-wizard/sessions/${sessionId}/commit/`, {"
"Wizard","frontend\dashboards\src\api\billing_wizard.js","71","return requestJson(`${API_BASE}/api/v1/billing-wizard/sessions/${sessionId}/verify/`);"
"Wizard","frontend\dashboards\src\api\comms_wizard.js","2","* api/comms_wizard.js"
"Wizard","frontend\dashboards\src\api\comms_wizard.js","5","* behavior for the communications wizard flow."
"Wizard","frontend\dashboards\src\api\comms_wizard.js","29","/** Step 1: create a CommsWizardSession */"
"Wizard","frontend\dashboards\src\api\comms_wizard.js","30","export async function createCommsWizardSession() {"
"Wizard","frontend\dashboards\src\api\comms_wizard.js","31","return requestJson(`${API_BASE}/api/v1/comms-wizard/sessions/`, {"
"Wizard","frontend\dashboards\src\api\comms_wizard.js","39","return requestJson(`${API_BASE}/api/v1/comms-wizard/sessions/${sessionId}/configure/`, {"
"Wizard","frontend\dashboards\src\api\comms_wizard.js","47","return requestJson(`${API_BASE}/api/v1/comms-wizard/sessions/${sessionId}/message/`, {"
"Wizard","frontend\dashboards\src\api\comms_wizard.js","55","return requestJson(`${API_BASE}/api/v1/comms-wizard/sessions/${sessionId}/recipients/`, {"
"Wizard","frontend\dashboards\src\api\comms_wizard.js","63","return requestJson(`${API_BASE}/api/v1/comms-wizard/sessions/${sessionId}/commit/`, {"
"Wizard","frontend\dashboards\src\api\comms_wizard.js","71","return requestJson(`${API_BASE}/api/v1/comms-wizard/sessions/${sessionId}/verify/`);"
"Wizard","frontend\dashboards\src\api\enrollment_conversion_wizard.js","2","* api/enrollment_conversion_wizard.js"
"Wizard","frontend\dashboards\src\api\enrollment_conversion_wizard.js","3","* Enrollment Conversion Wizard  API layer"
"Wizard","frontend\dashboards\src\api\enrollment_conversion_wizard.js","8","const SESSIONS = `${API_BASE}/api/v1/enrollment-conversion-wizard/sessions/`;"
"Wizard","frontend\dashboards\src\api\financeSetupApi.js","4","* Crown Finance Setup Wizard - API helpers."
"Wizard","frontend\dashboards\src\api\financeSetupApi.js","36","url: `${BASE}/wizard/status/?year=${encodeURIComponent(year)}`,"
"Wizard","frontend\dashboards\src\api\financeSetupApi.js","53","url: `${BASE}/wizard/configure/`,"
"Wizard","frontend\dashboards\src\api\financeSetupApi.js","76","url: `${BASE}/wizard/lock/`,"
"Wizard","frontend\dashboards\src\api\financeSetupApi.js","92","url: `${BASE}/wizard/snapshot/?year=${encodeURIComponent(year)}`,"
"Wizard","frontend\dashboards\src\api\financial_aid_wizard.js","2","* api/financial_aid_wizard.js"
"Wizard","frontend\dashboards\src\api\financial_aid_wizard.js","10","/** Step 1: create a FinancialAidWizardSession */"
"Wizard","frontend\dashboards\src\api\financial_aid_wizard.js","11","export async function createAidWizardSession() {"
"Wizard","frontend\dashboards\src\api\financial_aid_wizard.js","12","const url = `${API_BASE}/api/v1/aid-wizard/sessions/`;"
"Wizard","frontend\dashboards\src\api\financial_aid_wizard.js","21","export async function configureAidWizardSession(sessionId, aidYear) {"
"Wizard","frontend\dashboards\src\api\financial_aid_wizard.js","22","const url = `${API_BASE}/api/v1/aid-wizard/sessions/${sessionId}/configure/`;"
"Wizard","frontend\dashboards\src\api\financial_aid_wizard.js","32","const url = `${API_BASE}/api/v1/aid-wizard/sessions/${sessionId}/buckets/`;"
"Wizard","frontend\dashboards\src\api\financial_aid_wizard.js","42","const url = `${API_BASE}/api/v1/aid-wizard/sessions/${sessionId}/awards/`;"
"Wizard","frontend\dashboards\src\api\financial_aid_wizard.js","52","const url = `${API_BASE}/api/v1/aid-wizard/sessions/${sessionId}/commit/`;"
"Wizard","frontend\dashboards\src\api\financial_aid_wizard.js","62","const url = `${API_BASE}/api/v1/aid-wizard/sessions/${sessionId}/verify/`;"
"Wizard","frontend\dashboards\src\api\gradebook_setup_wizard.js","2","* api/gradebook_setup_wizard.js"
"Wizard","frontend\dashboards\src\api\gradebook_setup_wizard.js","3","* Gradebook Setup Wizard API layer"
"Wizard","frontend\dashboards\src\api\gradebook_setup_wizard.js","8","const SESSIONS = `${API_BASE}/api/v1/gradebook-setup-wizard/sessions/`;"
"Wizard","frontend\dashboards\src\api\grade_weights_wizard.js","2","* api/grade_weights_wizard.js"
"Wizard","frontend\dashboards\src\api\grade_weights_wizard.js","9","const PREFIX = `${API_BASE}/api/v1/grade-weights-wizard/sessions`;"
"Wizard","frontend\dashboards\src\api\guardian_household_wizard.js","2","* api/guardian_household_wizard.js"
"Wizard","frontend\dashboards\src\api\guardian_household_wizard.js","9","const PREFIX = `${API_BASE}/api/v1/guardian-household-wizard/sessions`;"
"Wizard","frontend\dashboards\src\api\invoice_run_wizard.js","2","* api/invoice_run_wizard.js"
"Wizard","frontend\dashboards\src\api\invoice_run_wizard.js","3","* Invoice Run Wizard API layer"
"Wizard","frontend\dashboards\src\api\invoice_run_wizard.js","8","const SESSIONS = `${API_BASE}/api/v1/invoice-run-wizard/sessions/`;"
"Wizard","frontend\dashboards\src\api\reenrollment.js","5","* behavior for the reenrollment wizard flow."
"Wizard","frontend\dashboards\src\api\scheduling_wizard.js","2","* api/scheduling_wizard.js"
"Wizard","frontend\dashboards\src\api\scheduling_wizard.js","10","/** Step 1: create a SchedulingWizardSession */"
"Wizard","frontend\dashboards\src\api\scheduling_wizard.js","11","export async function createSchedulingWizardSession() {"
"Wizard","frontend\dashboards\src\api\scheduling_wizard.js","12","const url = `${API_BASE}/api/v1/scheduling-wizard/sessions/`;"
"Wizard","frontend\dashboards\src\api\scheduling_wizard.js","22","const url = `${API_BASE}/api/v1/scheduling-wizard/sessions/${sessionId}/configure/`;"
"Wizard","frontend\dashboards\src\api\scheduling_wizard.js","32","const url = `${API_BASE}/api/v1/scheduling-wizard/sessions/${sessionId}/courses/`;"
"Wizard","frontend\dashboards\src\api\scheduling_wizard.js","42","const url = `${API_BASE}/api/v1/scheduling-wizard/sessions/${sessionId}/sections/`;"
"Wizard","frontend\dashboards\src\api\scheduling_wizard.js","52","const url = `${API_BASE}/api/v1/scheduling-wizard/sessions/${sessionId}/commit/`;"
"Wizard","frontend\dashboards\src\api\scheduling_wizard.js","62","const url = `${API_BASE}/api/v1/scheduling-wizard/sessions/${sessionId}/verify/`;"
"Wizard","frontend\dashboards\src\api\section_assign_wizard.js","2","* api/section_assign_wizard.js"
"Wizard","frontend\dashboards\src\api\section_assign_wizard.js","10","/** Step 1: create a SectionAssignWizardSession */"
"Wizard","frontend\dashboards\src\api\section_assign_wizard.js","12","const url = `${API_BASE}/api/v1/section-assign-wizard/sessions/`;"
"Wizard","frontend\dashboards\src\api\section_assign_wizard.js","22","const url = `${API_BASE}/api/v1/section-assign-wizard/sessions/${sessionId}/configure/`;"
"Wizard","frontend\dashboards\src\api\section_assign_wizard.js","32","const url = `${API_BASE}/api/v1/section-assign-wizard/sessions/${sessionId}/load/`;"
"Wizard","frontend\dashboards\src\api\section_assign_wizard.js","42","const url = `${API_BASE}/api/v1/section-assign-wizard/sessions/${sessionId}/stage/`;"
"Wizard","frontend\dashboards\src\api\section_assign_wizard.js","52","const url = `${API_BASE}/api/v1/section-assign-wizard/sessions/${sessionId}/commit/`;"
"Wizard","frontend\dashboards\src\api\section_assign_wizard.js","62","const url = `${API_BASE}/api/v1/section-assign-wizard/sessions/${sessionId}/verify/`;"
"Wizard","frontend\dashboards\src\api\section_staffing_wizard.js","2","* api/section_staffing_wizard.js"
"Wizard","frontend\dashboards\src\api\section_staffing_wizard.js","9","const PREFIX = `${API_BASE}/api/v1/section-staffing-wizard/sessions`;"
"Wizard","frontend\dashboards\src\api\student_import_wizard.js","2","* api/student_import_wizard.js"
"Wizard","frontend\dashboards\src\api\student_import_wizard.js","9","const PREFIX = `${API_BASE}/api/v1/student-import-wizard/sessions`;"
"Wizard","frontend\dashboards\src\api\student_import_wizard.js","11","/** Step 1: create a StudentImportWizardSession */"
"Wizard","frontend\dashboards\src\api\wizards.js","2","* Wizard discovery API ? Crown2026"
"Wizard","frontend\dashboards\src\api\wizards.js","8","* Fetches the ordered list of registered wizards from the backend."
"Wizard","frontend\dashboards\src\api\wizards.js","9","* Returns { wizards: [{ key, slug, title, enabled }] }"
"Wizard","frontend\dashboards\src\api\wizards.js","11","export async function fetchWizards() {"
"Wizard","frontend\dashboards\src\api\wizards.js","12","return apiFetch(""/api/v1/wizards/"");"
"Wizard","frontend\dashboards\src\components\crown\CrownWizard.jsx","4","* CrownWizard"
"Wizard","frontend\dashboards\src\components\crown\CrownWizard.jsx","6","* Generic multi-step container that passes a shared `context` / `setContext`"
"Wizard","frontend\dashboards\src\components\crown\CrownWizard.jsx","13","export default function CrownWizard({"
"Wizard","frontend\dashboards\src\components\crown\CrownWizardStepHeader.jsx","1","import ""../../styles/crown-wizard.css"";"
"Wizard","frontend\dashboards\src\components\crown\CrownWizardStepHeader.jsx","4","* CrownWizardStepHeader"
"Wizard","frontend\dashboards\src\components\crown\CrownWizardStepHeader.jsx","11","export default function CrownWizardStepHeader({ title, subtitle, stepIndex, steps = [] }) {"
"Wizard","frontend\dashboards\src\components\crown\CrownWizardStepHeader.jsx","13","<div className=""crown-wizard-header"" style={{ flexDirection: ""column"" }}>"
"Wizard","frontend\dashboards\src\components\crown\CrownWizardStepHeader.jsx","19","<div className=""crown-wizard-steps"">"
"Wizard","frontend\dashboards\src\components\crown\CrownWizardStepHeader.jsx","22","index < stepIndex ? ""crown-wizard-step-pill done"""
"Wizard","frontend\dashboards\src\components\crown\CrownWizardStepHeader.jsx","23",": index === stepIndex ? ""crown-wizard-step-pill active"""
"Wizard","frontend\dashboards\src\components\crown\CrownWizardStepHeader.jsx","24",": ""crown-wizard-step-pill"";"
"Wizard","frontend\dashboards\src\components\dashboard\implementationsuccess\ImplementationSuccessQueueCard.jsx","6","'Review admissions wizard configuration gap',"
"Wizard","frontend\dashboards\src\components\navigation\dashboardNavConfig.js","48","{ key: 'wizards', label: 'Wizard Hub', href: PATHS.WIZARDS, tier: 0, roles: ROLE_GROUPS.ADMIN_REGISTRAR },"
"Wizard","frontend\dashboards\src\components\wizard\CrownWizardStepper.jsx","2","import { Box, Stepper, Step, StepLabel, Button, Divider } from ""@mui/material"";"
"Wizard","frontend\dashboards\src\components\wizard\CrownWizardStepper.jsx","5","* CrownWizardStepper ? MUI Stepper shell for linear multi-step flows."
"Wizard","frontend\dashboards\src\components\wizard\CrownWizardStepper.jsx","7","* NOTE: This is the MUI Stepper wrapper."
"Wizard","frontend\dashboards\src\components\wizard\CrownWizardStepper.jsx","8","* For async multi-step wizard business logic use CrownWizard in"
"Wizard","frontend\dashboards\src\components\wizard\CrownWizardStepper.jsx","9","* components/crown/CrownWizard.jsx which wires step components with shared"
"Wizard","frontend\dashboards\src\components\wizard\CrownWizardStepper.jsx","13","*   steps    ? string[] of step labels shown in the progress stepper"
"Wizard","frontend\dashboards\src\components\wizard\CrownWizardStepper.jsx","17","export default function CrownWizardStepper({ steps = [], children, onFinish }) {"
"Wizard","frontend\dashboards\src\components\wizard\CrownWizardStepper.jsx","38","<Stepper activeStep={activeStep} sx={{ mb: 3 }}>"
"Wizard","frontend\dashboards\src\components\wizard\CrownWizardStepper.jsx","44","</Stepper>"
"Wizard","frontend\dashboards\src\components\wizards\WizardShell.jsx","8","Stepper,"
"Wizard","frontend\dashboards\src\components\wizards\WizardShell.jsx","12","export default function WizardShell({"
"Wizard","frontend\dashboards\src\components\wizards\WizardShell.jsx","42","<Stepper activeStep={activeStep} alternativeLabel>"
"Wizard","frontend\dashboards\src\components\wizards\WizardShell.jsx","48","</Stepper>"
"Wizard","frontend\dashboards\src\config\moduleReadiness.js","2","import { WIZARD_ROUTE_DEFINITIONS } from ""../routes/wizards.js"";"
"Wizard","frontend\dashboards\src\config\moduleReadiness.js","87","...annotate(WIZARD_ROUTE_DEFINITIONS, ""wizardRoutes"", ""wizard""),"
"Wizard","frontend\dashboards\src\config\moduleReadiness.js","161",".filter((entry) => !entry.__path || entry.__path === ""/wizards"")"
"Wizard","frontend\dashboards\src\config\releaseState.js","80","return routeLike.fallbackPath || ""/wizards"";"
"Wizard","frontend\dashboards\src\config\shellCertification.js","3","import { WIZARD_ROUTE_DEFINITIONS } from ""../routes/wizards.js"";"
"Wizard","frontend\dashboards\src\config\shellCertification.js","49","...annotate(WIZARD_ROUTE_DEFINITIONS, ""wizardRoutes""),"
"Wizard","frontend\dashboards\src\config\shellOwnership.js","3","import { WIZARD_ROUTE_DEFINITIONS } from ""../routes/wizards"";"
"Wizard","frontend\dashboards\src\config\shellOwnership.js","11","""/wizards"","
"Wizard","frontend\dashboards\src\config\shellOwnership.js","114","export function getWizardPaths() {"
"Wizard","frontend\dashboards\src\config\shellOwnership.js","116","(Array.isArray(WIZARD_ROUTE_DEFINITIONS) ? WIZARD_ROUTE_DEFINITIONS : [])"
"Wizard","frontend\dashboards\src\config\shellOwnership.js","126","...getWizardPaths(),"
"Wizard","frontend\dashboards\src\config\shellOwnership.js","151","...getWizardPaths(),"
"Wizard","frontend\dashboards\src\config\shellOwnership.test.js","8","getWizardPaths,"
"Wizard","frontend\dashboards\src\config\shellOwnership.test.js","27","expect(owned).toContain(""/wizards"");"
"Wizard","frontend\dashboards\src\config\shellOwnership.test.js","35","it(""collects wizard paths"", () => {"
"Wizard","frontend\dashboards\src\config\shellOwnership.test.js","36","const wizardPaths = getWizardPaths();"
"Wizard","frontend\dashboards\src\config\shellOwnership.test.js","37","expect(Array.isArray(wizardPaths)).toBe(true);"
"Wizard","frontend\dashboards\src\config\shellOwnership.test.js","38","expect(wizardPaths).toContain(""/onboarding"");"
"Wizard","frontend\dashboards\src\config\shellOwnership.test.js","39","expect(wizardPaths).toContain(""/reenrollment"");"
"Wizard","frontend\dashboards\src\config\shellOwnership.test.js","40","expect(wizardPaths).toContain(""/aid-setup"");"
"Wizard","frontend\dashboards\src\config\shellOwnership.test.js","41","expect(wizardPaths).toContain(""/enrollment-conversion"");"
"Wizard","frontend\dashboards\src\config\shellOwnership.test.js","42","expect(wizardPaths).toContain(""/enrollment-period-setup"");"
"Wizard","frontend\dashboards\src\config\shellOwnership.test.js","45","it(""has no duplicate owned application paths across dashboard and wizard sources"", () => {"
"Wizard","frontend\dashboards\src\contracts\shellBackendContract.js","3","import { WIZARD_ROUTE_DEFINITIONS } from ""../routes/wizards"";"
"Wizard","frontend\dashboards\src\contracts\shellBackendContract.js","39","function buildWizardContractEntry(entry) {"
"Wizard","frontend\dashboards\src\contracts\shellBackendContract.js","66","export function getFrontendWizardContract() {"
"Wizard","frontend\dashboards\src\contracts\shellBackendContract.js","68","(Array.isArray(WIZARD_ROUTE_DEFINITIONS) ? WIZARD_ROUTE_DEFINITIONS : [])"
"Wizard","frontend\dashboards\src\contracts\shellBackendContract.js","71",".map(buildWizardContractEntry),"
"Wizard","frontend\dashboards\src\contracts\shellBackendContract.js","93","wizards: getFrontendWizardContract(),"
"Wizard","frontend\dashboards\src\hooks\useWizardDraft.js","3","export function useWizardDraft(wizardKey, initialValue) {"
"Wizard","frontend\dashboards\src\hooks\useWizardDraft.js","4","const storageKey = useMemo(() => `crown_wizard_draft:${wizardKey}`, [wizardKey]);"
"Wizard","frontend\dashboards\src\pages\AcademicYearWizard.jsx","2","* AcademicYearWizard.jsx"
"Wizard","frontend\dashboards\src\pages\AcademicYearWizard.jsx","4","* Wizard #15 ? Academic Year Rollover"
"Wizard","frontend\dashboards\src\pages\AcademicYearWizard.jsx","18","const BASE = ""/api/v1/academic-year-wizard/sessions/"";"
"Wizard","frontend\dashboards\src\pages\AcademicYearWizard.jsx","40","export default function AcademicYearWizard() {"
"Wizard","frontend\dashboards\src\pages\AcademicYearWizard.jsx","141","<CrownLayout title=""Academic Year Rollover"" subtitle=""Wizard #15 ? Academic Year Rollover"">"
"Wizard","frontend\dashboards\src\pages\AcademicYearWizard.jsx","165","<CrownLayout title=""Academic Year Rollover"" subtitle=""Wizard #15 ? Academic Year Rollover"">"
"Wizard","frontend\dashboards\src\pages\AcademicYearWizard.jsx","224","<CrownLayout title=""Academic Year Rollover"" subtitle=""Wizard #15 ? Academic Year Rollover"">"
"Wizard","frontend\dashboards\src\pages\AcademicYearWizard.jsx","228","This wizard creates a new academic year and marks it as current."
"Wizard","frontend\dashboards\src\pages\AdmissionsIntakeWizard.jsx","3","import CrownWizard from ""../components/crown/CrownWizard.jsx"";"
"Wizard","frontend\dashboards\src\pages\AdmissionsIntakeWizard.jsx","4","import { useWizardDraft } from ""../hooks/useWizardDraft"";"
"Wizard","frontend\dashboards\src\pages\AdmissionsIntakeWizard.jsx","30","export default function AdmissionsIntakeWizard() {"
"Wizard","frontend\dashboards\src\pages\AdmissionsIntakeWizard.jsx","32","const { value, saveDraft, loaded } = useWizardDraft(""admissions-intake"", initialContext);"
"Wizard","frontend\dashboards\src\pages\AdmissionsIntakeWizard.jsx","39","<CrownLayout title=""Student Intake"" subtitle=""Bulk CSV import wizard"">"
"Wizard","frontend\dashboards\src\pages\AdmissionsIntakeWizard.jsx","42","<CrownWizard"
"Wizard","frontend\dashboards\src\pages\AttendanceRulesWizard.jsx","3","import CrownWizard from ""../components/crown/CrownWizard.jsx"";"
"Wizard","frontend\dashboards\src\pages\AttendanceRulesWizard.jsx","4","import Step1Configure  from ""./attendance_rules_wizard/Step1Configure.jsx"";"
"Wizard","frontend\dashboards\src\pages\AttendanceRulesWizard.jsx","5","import Step2Codes      from ""./attendance_rules_wizard/Step2Codes.jsx"";"
"Wizard","frontend\dashboards\src\pages\AttendanceRulesWizard.jsx","6","import Step3Preview    from ""./attendance_rules_wizard/Step3Preview.jsx"";"
"Wizard","frontend\dashboards\src\pages\AttendanceRulesWizard.jsx","7","import Step4Commit     from ""./attendance_rules_wizard/Step4Commit.jsx"";"
"Wizard","frontend\dashboards\src\pages\AttendanceRulesWizard.jsx","8","import Step5Verify     from ""./attendance_rules_wizard/Step5Verify.jsx"";"
"Wizard","frontend\dashboards\src\pages\AttendanceRulesWizard.jsx","12","const STORAGE_KEY     = ""crown_attendance_rules_wizard_ctx_v1"";"
"Wizard","frontend\dashboards\src\pages\AttendanceRulesWizard.jsx","21","export default function AttendanceRulesWizard() {"
"Wizard","frontend\dashboards\src\pages\AttendanceRulesWizard.jsx","30","<CrownWizard"
"Wizard","frontend\dashboards\src\pages\BellScheduleWizard.jsx","2","* BellScheduleWizard.jsx"
"Wizard","frontend\dashboards\src\pages\BellScheduleWizard.jsx","4","* Wizard #19 ? Bell Schedule / Day Template Seed"
"Wizard","frontend\dashboards\src\pages\BellScheduleWizard.jsx","17","const BASE = ""/api/v1/bell-schedule-wizard/sessions/"";"
"Wizard","frontend\dashboards\src\pages\BellScheduleWizard.jsx","303","// Root wizard"
"Wizard","frontend\dashboards\src\pages\BellScheduleWizard.jsx","306","export default function BellScheduleWizard() {"
"Wizard","frontend\dashboards\src\pages\BillingWizard.jsx","3","import CrownWizard from ""../components/crown/CrownWizard.jsx"";"
"Wizard","frontend\dashboards\src\pages\BillingWizard.jsx","4","import { useWizardDraft } from ""../hooks/useWizardDraft"";"
"Wizard","frontend\dashboards\src\pages\BillingWizard.jsx","5","import Step1Mode from ""./billing_wizard/Step1Mode.jsx"";"
"Wizard","frontend\dashboards\src\pages\BillingWizard.jsx","6","import Step2Plans from ""./billing_wizard/Step2Plans.jsx"";"
"Wizard","frontend\dashboards\src\pages\BillingWizard.jsx","7","import Step3Fees from ""./billing_wizard/Step3Fees.jsx"";"
"Wizard","frontend\dashboards\src\pages\BillingWizard.jsx","8","import Step4Schedule from ""./billing_wizard/Step4Schedule.jsx"";"
"Wizard","frontend\dashboards\src\pages\BillingWizard.jsx","9","import Step5Commit from ""./billing_wizard/Step5Commit.jsx"";"
"Wizard","frontend\dashboards\src\pages\BillingWizard.jsx","10","import Step6Verify from ""./billing_wizard/Step6Verify.jsx"";"
"Wizard","frontend\dashboards\src\pages\BillingWizard.jsx","30","export default function BillingWizard() {"
"Wizard","frontend\dashboards\src\pages\BillingWizard.jsx","32","const { value, saveDraft, loaded } = useWizardDraft(""billing-setup"", initialContext);"
"Wizard","frontend\dashboards\src\pages\BillingWizard.jsx","41","<CrownWizard"
"Wizard","frontend\dashboards\src\pages\CommsWizard.jsx","3","import CrownWizard from ""../components/crown/CrownWizard.jsx"";"
"Wizard","frontend\dashboards\src\pages\CommsWizard.jsx","4","import Step1Purpose from ""./comms_wizard/Step1Purpose.jsx"";"
"Wizard","frontend\dashboards\src\pages\CommsWizard.jsx","5","import Step2Message from ""./comms_wizard/Step2Message.jsx"";"
"Wizard","frontend\dashboards\src\pages\CommsWizard.jsx","6","import Step3Recipients from ""./comms_wizard/Step3Recipients.jsx"";"
"Wizard","frontend\dashboards\src\pages\CommsWizard.jsx","7","import Step4Preview from ""./comms_wizard/Step4Preview.jsx"";"
"Wizard","frontend\dashboards\src\pages\CommsWizard.jsx","8","import Step5Commit from ""./comms_wizard/Step5Commit.jsx"";"
"Wizard","frontend\dashboards\src\pages\CommsWizard.jsx","9","import Step6Verify from ""./comms_wizard/Step6Verify.jsx"";"
"Wizard","frontend\dashboards\src\pages\CommsWizard.jsx","29","const STORAGE_KEY = ""crown_comms_wizard_ctx_v1"";"
"Wizard","frontend\dashboards\src\pages\CommsWizard.jsx","46","export default function CommsWizard() {"
"Wizard","frontend\dashboards\src\pages\CommsWizard.jsx","57","<CrownWizard"
"Wizard","frontend\dashboards\src\pages\CourseCatalogWizard.jsx","2","* CourseCatalogWizard.jsx"
"Wizard","frontend\dashboards\src\pages\CourseCatalogWizard.jsx","3","* Wizard #22 ? Course Catalog Setup"
"Wizard","frontend\dashboards\src\pages\CourseCatalogWizard.jsx","9","const BASE = ""/api/v1/course-catalog-wizard/sessions/"";"
"Wizard","frontend\dashboards\src\pages\CourseCatalogWizard.jsx","20","export default function CourseCatalogWizard() {"
"Wizard","frontend\dashboards\src\pages\EnrollmentConversionWizard.jsx","3","import CrownWizard from ""../components/crown/CrownWizard.jsx"";"
"Wizard","frontend\dashboards\src\pages\EnrollmentConversionWizard.jsx","4","import Step1Configure  from ""./enrollment_conversion_wizard/Step1Configure.jsx"";"
"Wizard","frontend\dashboards\src\pages\EnrollmentConversionWizard.jsx","5","import Step2Load       from ""./enrollment_conversion_wizard/Step2Load.jsx"";"
"Wizard","frontend\dashboards\src\pages\EnrollmentConversionWizard.jsx","6","import Step3Preview    from ""./enrollment_conversion_wizard/Step3Preview.jsx"";"
"Wizard","frontend\dashboards\src\pages\EnrollmentConversionWizard.jsx","7","import Step4Commit     from ""./enrollment_conversion_wizard/Step4Commit.jsx"";"
"Wizard","frontend\dashboards\src\pages\EnrollmentConversionWizard.jsx","8","import Step5Verify     from ""./enrollment_conversion_wizard/Step5Verify.jsx"";"
"Wizard","frontend\dashboards\src\pages\EnrollmentConversionWizard.jsx","12","const STORAGE_KEY     = ""crown_enrollment_conversion_wizard_ctx_v1"";"
"Wizard","frontend\dashboards\src\pages\EnrollmentConversionWizard.jsx","21","export default function EnrollmentConversionWizard() {"
"Wizard","frontend\dashboards\src\pages\EnrollmentConversionWizard.jsx","30","<CrownWizard"
"Wizard","frontend\dashboards\src\pages\EnrollmentPeriodWizard.jsx","5","const BASE_URL = 'api/v1/enrollment-period-wizard/sessions/';"
"Wizard","frontend\dashboards\src\pages\EnrollmentPeriodWizard.jsx","30","export default function EnrollmentPeriodWizard() {"
"Wizard","frontend\dashboards\src\pages\EnrollmentPeriodWizard.jsx","161","subtitle=""Wizard #16 ? Define the enrollment window and grade-level capacity targets for an academic year."""
"Wizard","frontend\dashboards\src\pages\EnrollmentPeriodWizard.jsx","174","placeholder=""Paste the UUID from Wizard #15"""
"Wizard","frontend\dashboards\src\pages\FeeScheduleWizard.jsx","2","* FeeScheduleWizard.jsx"
"Wizard","frontend\dashboards\src\pages\FeeScheduleWizard.jsx","4","* Wizard #14 ? Fee Schedule Setup"
"Wizard","frontend\dashboards\src\pages\FeeScheduleWizard.jsx","12","* MVP implementation: collect form fields, POST to backend wizard sessions."
"Wizard","frontend\dashboards\src\pages\FeeScheduleWizard.jsx","18","const BASE = ""/api/v1/fee-schedule-wizard/sessions/"";"
"Wizard","frontend\dashboards\src\pages\FeeScheduleWizard.jsx","59","export default function FeeScheduleWizard() {"
"Wizard","frontend\dashboards\src\pages\FeeScheduleWizard.jsx","157","<CrownLayout title=""Fee Schedule Setup"" subtitle=""Wizard #14 ? Fee Schedule Setup"">"
"Wizard","frontend\dashboards\src\pages\FeeScheduleWizard.jsx","168","<CrownLayout title=""Fee Schedule Setup"" subtitle=""Wizard #14 ? Fee Schedule Setup"">"
"Wizard","frontend\dashboards\src\pages\FeeScheduleWizard.jsx","194","<CrownLayout title=""Fee Schedule Setup"" subtitle=""Wizard #14 ? Fee Schedule Setup"">"
"Wizard","frontend\dashboards\src\pages\FeeScheduleWizard.jsx","264","<CrownLayout title=""Fee Schedule Setup"" subtitle=""Wizard #14 ? Fee Schedule Setup"">"
"Wizard","frontend\dashboards\src\pages\FinancialAidWizard.jsx","3","import CrownWizard from ""../components/crown/CrownWizard.jsx"";"
"Wizard","frontend\dashboards\src\pages\FinancialAidWizard.jsx","4","import { useWizardDraft } from ""../hooks/useWizardDraft"";"
"Wizard","frontend\dashboards\src\pages\FinancialAidWizard.jsx","5","import Step1Year from ""./financial_aid_wizard/Step1Year.jsx"";"
"Wizard","frontend\dashboards\src\pages\FinancialAidWizard.jsx","6","import Step2Buckets from ""./financial_aid_wizard/Step2Buckets.jsx"";"
"Wizard","frontend\dashboards\src\pages\FinancialAidWizard.jsx","7","import Step3Awards from ""./financial_aid_wizard/Step3Awards.jsx"";"
"Wizard","frontend\dashboards\src\pages\FinancialAidWizard.jsx","8","import Step4Preview from ""./financial_aid_wizard/Step4Preview.jsx"";"
"Wizard","frontend\dashboards\src\pages\FinancialAidWizard.jsx","9","import Step5Commit from ""./financial_aid_wizard/Step5Commit.jsx"";"
"Wizard","frontend\dashboards\src\pages\FinancialAidWizard.jsx","10","import Step6Verify from ""./financial_aid_wizard/Step6Verify.jsx"";"
"Wizard","frontend\dashboards\src\pages\FinancialAidWizard.jsx","30","export default function FinancialAidWizard() {"
"Wizard","frontend\dashboards\src\pages\FinancialAidWizard.jsx","32","const { value, saveDraft, loaded } = useWizardDraft(""financial-aid-setup"", initialContext);"
"Wizard","frontend\dashboards\src\pages\FinancialAidWizard.jsx","41","<CrownWizard"
"Wizard","frontend\dashboards\src\pages\GradebookSetupWizard.jsx","3","import CrownWizard from ""../components/crown/CrownWizard.jsx"";"
"Wizard","frontend\dashboards\src\pages\GradebookSetupWizard.jsx","4","import Step1Configure   from ""./gradebook_setup_wizard/Step1Configure.jsx"";"
"Wizard","frontend\dashboards\src\pages\GradebookSetupWizard.jsx","5","import Step2Categories  from ""./gradebook_setup_wizard/Step2Categories.jsx"";"
"Wizard","frontend\dashboards\src\pages\GradebookSetupWizard.jsx","6","import Step3Preview     from ""./gradebook_setup_wizard/Step3Preview.jsx"";"
"Wizard","frontend\dashboards\src\pages\GradebookSetupWizard.jsx","7","import Step4Commit      from ""./gradebook_setup_wizard/Step4Commit.jsx"";"
"Wizard","frontend\dashboards\src\pages\GradebookSetupWizard.jsx","8","import Step5Verify      from ""./gradebook_setup_wizard/Step5Verify.jsx"";"
"Wizard","frontend\dashboards\src\pages\GradebookSetupWizard.jsx","12","const STORAGE_KEY     = ""crown_gradebook_setup_wizard_ctx_v1"";"
"Wizard","frontend\dashboards\src\pages\GradebookSetupWizard.jsx","21","export default function GradebookSetupWizard() {"
"Wizard","frontend\dashboards\src\pages\GradebookSetupWizard.jsx","30","<CrownWizard"
"Wizard","frontend\dashboards\src\pages\GradeScaleWizard.jsx","2","* GradeScaleWizard.jsx"
"Wizard","frontend\dashboards\src\pages\GradeScaleWizard.jsx","4","* Wizard #17 ? Grade Scale & Report Card Settings"
"Wizard","frontend\dashboards\src\pages\GradeScaleWizard.jsx","16","const BASE = ""/api/v1/grade-scale-wizard/sessions/"";"
"Wizard","frontend\dashboards\src\pages\GradeScaleWizard.jsx","41","export default function GradeScaleWizard() {"
"Wizard","frontend\dashboards\src\pages\GradeScaleWizard.jsx","165","subtitle=""Wizard #17 ? Define grading scale, bands, and optional term weights for an academic year."""
"Wizard","frontend\dashboards\src\pages\GradeScaleWizard.jsx","177","placeholder=""Paste UUID from Wizard #15 / #16"""
"Wizard","frontend\dashboards\src\pages\InvoiceRunWizard.jsx","3","import CrownWizard from ""../components/crown/CrownWizard.jsx"";"
"Wizard","frontend\dashboards\src\pages\InvoiceRunWizard.jsx","4","import Step1Configure  from ""./invoice_run_wizard/Step1Configure.jsx"";"
"Wizard","frontend\dashboards\src\pages\InvoiceRunWizard.jsx","5","import Step2Load       from ""./invoice_run_wizard/Step2Load.jsx"";"
"Wizard","frontend\dashboards\src\pages\InvoiceRunWizard.jsx","6","import Step3Preview    from ""./invoice_run_wizard/Step3Preview.jsx"";"
"Wizard","frontend\dashboards\src\pages\InvoiceRunWizard.jsx","7","import Step4Commit     from ""./invoice_run_wizard/Step4Commit.jsx"";"
"Wizard","frontend\dashboards\src\pages\InvoiceRunWizard.jsx","8","import Step5Verify     from ""./invoice_run_wizard/Step5Verify.jsx"";"
"Wizard","frontend\dashboards\src\pages\InvoiceRunWizard.jsx","12","const STORAGE_KEY     = ""crown_invoice_run_wizard_ctx_v1"";"
"Wizard","frontend\dashboards\src\pages\InvoiceRunWizard.jsx","21","export default function InvoiceRunWizard() {"
"Wizard","frontend\dashboards\src\pages\InvoiceRunWizard.jsx","30","<CrownWizard"
"Wizard","frontend\dashboards\src\pages\PromotionWizard.jsx","2","* PromotionWizard.jsx"
"Wizard","frontend\dashboards\src\pages\PromotionWizard.jsx","3","* Wizard #24 ? Student Promotion / Rollover Map"
"Wizard","frontend\dashboards\src\pages\PromotionWizard.jsx","9","const BASE = ""/api/v1/promotion-wizard/sessions/"";"
"Wizard","frontend\dashboards\src\pages\PromotionWizard.jsx","21","export default function PromotionWizard() {"
"Wizard","frontend\dashboards\src\pages\ReenrollmentWizard.jsx","3","import CrownWizard from ""../components/crown/CrownWizard.jsx"";"
"Wizard","frontend\dashboards\src\pages\ReenrollmentWizard.jsx","4","import { useWizardDraft } from ""../hooks/useWizardDraft"";"
"Wizard","frontend\dashboards\src\pages\ReenrollmentWizard.jsx","30","export default function ReenrollmentWizard() {"
"Wizard","frontend\dashboards\src\pages\ReenrollmentWizard.jsx","32","const { value, saveDraft, loaded } = useWizardDraft(""reenrollment"", initialContext);"
"Wizard","frontend\dashboards\src\pages\ReenrollmentWizard.jsx","41","<CrownWizard"
"Wizard","frontend\dashboards\src\pages\RoomSetupWizard.jsx","2","* RoomSetupWizard.jsx"
"Wizard","frontend\dashboards\src\pages\RoomSetupWizard.jsx","3","* Wizard #23 ? Rooms Setup"
"Wizard","frontend\dashboards\src\pages\RoomSetupWizard.jsx","9","const BASE = ""/api/v1/room-setup-wizard/sessions/"";"
"Wizard","frontend\dashboards\src\pages\RoomSetupWizard.jsx","20","export default function RoomSetupWizard() {"
"Wizard","frontend\dashboards\src\pages\SchedulingWizard.jsx","3","import CrownWizard from ""../components/crown/CrownWizard.jsx"";"
"Wizard","frontend\dashboards\src\pages\SchedulingWizard.jsx","4","import { useWizardDraft } from ""../hooks/useWizardDraft"";"
"Wizard","frontend\dashboards\src\pages\SchedulingWizard.jsx","5","import Step1Term from ""./scheduling_wizard/Step1Term.jsx"";"
"Wizard","frontend\dashboards\src\pages\SchedulingWizard.jsx","6","import Step2Courses from ""./scheduling_wizard/Step2Courses.jsx"";"
"Wizard","frontend\dashboards\src\pages\SchedulingWizard.jsx","7","import Step3Sections from ""./scheduling_wizard/Step3Sections.jsx"";"
"Wizard","frontend\dashboards\src\pages\SchedulingWizard.jsx","8","import Step4Preview from ""./scheduling_wizard/Step4Preview.jsx"";"
"Wizard","frontend\dashboards\src\pages\SchedulingWizard.jsx","9","import Step5Commit from ""./scheduling_wizard/Step5Commit.jsx"";"
"Wizard","frontend\dashboards\src\pages\SchedulingWizard.jsx","10","import Step6Verify from ""./scheduling_wizard/Step6Verify.jsx"";"
"Wizard","frontend\dashboards\src\pages\SchedulingWizard.jsx","30","export default function SchedulingWizard() {"
"Wizard","frontend\dashboards\src\pages\SchedulingWizard.jsx","32","const { value, saveDraft, loaded } = useWizardDraft(""scheduling-setup"", initialContext);"
"Wizard","frontend\dashboards\src\pages\SchedulingWizard.jsx","41","<CrownWizard"
"Wizard","frontend\dashboards\src\pages\SectionAssignWizard.jsx","3","import CrownWizard from ""../components/crown/CrownWizard.jsx"";"
"Wizard","frontend\dashboards\src\pages\SectionAssignWizard.jsx","4","import Step1Section from ""./section_assign_wizard/Step1Section.jsx"";"
"Wizard","frontend\dashboards\src\pages\SectionAssignWizard.jsx","5","import Step2LoadStudents from ""./section_assign_wizard/Step2LoadStudents.jsx"";"
"Wizard","frontend\dashboards\src\pages\SectionAssignWizard.jsx","6","import Step3StageRoster from ""./section_assign_wizard/Step3StageRoster.jsx"";"
"Wizard","frontend\dashboards\src\pages\SectionAssignWizard.jsx","7","import Step4Preview from ""./section_assign_wizard/Step4Preview.jsx"";"
"Wizard","frontend\dashboards\src\pages\SectionAssignWizard.jsx","8","import Step5Commit from ""./section_assign_wizard/Step5Commit.jsx"";"
"Wizard","frontend\dashboards\src\pages\SectionAssignWizard.jsx","9","import Step6Verify from ""./section_assign_wizard/Step6Verify.jsx"";"
"Wizard","frontend\dashboards\src\pages\SectionAssignWizard.jsx","29","const STORAGE_KEY = ""crown_section_assign_wizard_ctx_v1"";"
"Wizard","frontend\dashboards\src\pages\SectionAssignWizard.jsx","46","export default function SectionAssignWizard() {"
"Wizard","frontend\dashboards\src\pages\SectionAssignWizard.jsx","57","<CrownWizard"
"Wizard","frontend\dashboards\src\pages\SectionSchedulerWizard.jsx","2","* SectionSchedulerWizard.jsx"
"Wizard","frontend\dashboards\src\pages\SectionSchedulerWizard.jsx","3","* Wizard #20 ? Section Scheduler Seed"
"Wizard","frontend\dashboards\src\pages\SectionSchedulerWizard.jsx","10","const BASE = ""/api/v1/section-scheduler-wizard/sessions/"";"
"Wizard","frontend\dashboards\src\pages\SectionSchedulerWizard.jsx","21","export default function SectionSchedulerWizard() {"
"Wizard","frontend\dashboards\src\pages\StaffOnboardingWizard.jsx","2","* StaffOnboardingWizard.jsx"
"Wizard","frontend\dashboards\src\pages\StaffOnboardingWizard.jsx","4","* Wizard #13 ? Staff Onboarding"
"Wizard","frontend\dashboards\src\pages\StaffOnboardingWizard.jsx","13","* MVP implementation: collect form fields, POST to backend wizard sessions."
"Wizard","frontend\dashboards\src\pages\StaffOnboardingWizard.jsx","19","const BASE = ""/api/v1/staff-onboarding-wizard/sessions/"";"
"Wizard","frontend\dashboards\src\pages\StaffOnboardingWizard.jsx","37","export default function StaffOnboardingWizard() {"
"Wizard","frontend\dashboards\src\pages\StaffSetupWizard.jsx","2","* StaffSetupWizard.jsx"
"Wizard","frontend\dashboards\src\pages\StaffSetupWizard.jsx","3","* Wizard #21 - Staff and Roles Setup."
"Wizard","frontend\dashboards\src\pages\StaffSetupWizard.jsx","10","const BASE = ""/api/v1/staff-setup-wizard/sessions/"";"
"Wizard","frontend\dashboards\src\pages\StaffSetupWizard.jsx","21","export default function StaffSetupWizard() {"
"Wizard","frontend\dashboards\src\pages\TermStructureWizard.jsx","2","* TermStructureWizard.jsx"
"Wizard","frontend\dashboards\src\pages\TermStructureWizard.jsx","4","* Wizard #18 ? Term & Marking Period Setup"
"Wizard","frontend\dashboards\src\pages\TermStructureWizard.jsx","16","const BASE = ""/api/v1/term-structure-wizard/sessions/"";"
"Wizard","frontend\dashboards\src\pages\TermStructureWizard.jsx","37","export default function TermStructureWizard() {"
"Wizard","frontend\dashboards\src\pages\WizardHub.jsx","2","* WizardHub ? CROWN"
"Wizard","frontend\dashboards\src\pages\WizardHub.jsx","4","* Fetches all registered wizards from GET /api/v1/wizards/ and renders"
"Wizard","frontend\dashboards\src\pages\WizardHub.jsx","5","* a navigable card list. Browser paths are sourced from WIZARD_MANIFEST"
"Wizard","frontend\dashboards\src\pages\WizardHub.jsx","8","* Route: /wizards"
"Wizard","frontend\dashboards\src\pages\WizardHub.jsx","13","import { fetchWizards } from ""../api/wizards"";"
"Wizard","frontend\dashboards\src\pages\WizardHub.jsx","14","import { WIZARD_MANIFEST } from ""../routes/wizard-manifest.js"";"
"Wizard","frontend\dashboards\src\pages\WizardHub.jsx","18","WIZARD_MANIFEST.map((w) => [w.slug, w.path])"
"Wizard","frontend\dashboards\src\pages\WizardHub.jsx","21","export default function WizardHub() {"
"Wizard","frontend\dashboards\src\pages\WizardHub.jsx","32","const data = await fetchWizards();"
"Wizard","frontend\dashboards\src\pages\WizardHub.jsx","33","const wizards = Array.isArray(data?.wizards) ? data.wizards : [];"
"Wizard","frontend\dashboards\src\pages\WizardHub.jsx","34","if (alive) setItems(wizards);"
"Wizard","frontend\dashboards\src\pages\WizardHub.jsx","36","if (alive) setErr(e?.message || ""Failed to load wizards."");"
"Wizard","frontend\dashboards\src\pages\WizardHub.jsx","50","<CrownLayout title=""Wizard Hub"" subtitle=""Setup wizards"">"
"Wizard","frontend\dashboards\src\pages\WizardHub.jsx","51","<p style={{ opacity: 0.7 }}>Loading wizards?</p>"
"Wizard","frontend\dashboards\src\pages\WizardHub.jsx","58","<CrownLayout title=""Wizard Hub"" subtitle=""Setup wizards"">"
"Wizard","frontend\dashboards\src\pages\WizardHub.jsx","66","title=""Wizard Hub"""
"Wizard","frontend\dashboards\src\pages\WizardHub.jsx","67","subtitle={`${enabled.length} setup wizard${enabled.length !== 1 ? ""s"" : """"} available`}"
"Wizard","frontend\dashboards\src\pages\WizardHub.jsx","104","Open wizard ?"
"Wizard","frontend\dashboards\src\pages\attendance_rules_wizard\Step1Configure.jsx","2","import CrownWizardStepHeader from ""../../components/crown/CrownWizardStepHeader.jsx"";"
"Wizard","frontend\dashboards\src\pages\attendance_rules_wizard\Step1Configure.jsx","3","import { createAttendanceRulesSession, configureAttendanceRulesSession } from ""../../api/attendance_rules_wizard.js"";"
"Wizard","frontend\dashboards\src\pages\attendance_rules_wizard\Step1Configure.jsx","4","import ""../../styles/crown-wizard.css"";"
"Wizard","frontend\dashboards\src\pages\attendance_rules_wizard\Step1Configure.jsx","32","<CrownWizardStepHeader title=""Label & Year"" subtitle=""Name this attendance ruleset and set the school year."" stepIndex={stepIndex} totalSteps={totalSteps} steps={steps} />"
"Wizard","frontend\dashboards\src\pages\attendance_rules_wizard\Step1Configure.jsx","33","<div className=""crown-wizard-field"">"
"Wizard","frontend\dashboards\src\pages\attendance_rules_wizard\Step1Configure.jsx","37","<div className=""crown-wizard-field"">"
"Wizard","frontend\dashboards\src\pages\attendance_rules_wizard\Step2Codes.jsx","2","import CrownWizardStepHeader from ""../../components/crown/CrownWizardStepHeader.jsx"";"
"Wizard","frontend\dashboards\src\pages\attendance_rules_wizard\Step2Codes.jsx","3","import { defineCodes } from ""../../api/attendance_rules_wizard.js"";"
"Wizard","frontend\dashboards\src\pages\attendance_rules_wizard\Step2Codes.jsx","4","import ""../../styles/crown-wizard.css"";"
"Wizard","frontend\dashboards\src\pages\attendance_rules_wizard\Step2Codes.jsx","36","<CrownWizardStepHeader title=""Define Codes"" subtitle=""Add attendance codes. Max 8 chars, codes auto-uppercased."" stepIndex={stepIndex} totalSteps={totalSteps} steps={steps} />"
"Wizard","frontend\dashboards\src\pages\attendance_rules_wizard\Step3Preview.jsx","1","import CrownWizardStepHeader from ""../../components/crown/CrownWizardStepHeader.jsx"";"
"Wizard","frontend\dashboards\src\pages\attendance_rules_wizard\Step3Preview.jsx","2","import ""../../styles/crown-wizard.css"";"
"Wizard","frontend\dashboards\src\pages\attendance_rules_wizard\Step3Preview.jsx","8","<CrownWizardStepHeader title=""Preview"" subtitle=""Review attendance codes before committing."" stepIndex={stepIndex} totalSteps={totalSteps} steps={steps} />"
"Wizard","frontend\dashboards\src\pages\attendance_rules_wizard\Step4Commit.jsx","2","import CrownWizardStepHeader from ""../../components/crown/CrownWizardStepHeader.jsx"";"
"Wizard","frontend\dashboards\src\pages\attendance_rules_wizard\Step4Commit.jsx","3","import { commitAttendanceRulesSession } from ""../../api/attendance_rules_wizard.js"";"
"Wizard","frontend\dashboards\src\pages\attendance_rules_wizard\Step4Commit.jsx","4","import ""../../styles/crown-wizard.css"";"
"Wizard","frontend\dashboards\src\pages\attendance_rules_wizard\Step4Commit.jsx","23","<CrownWizardStepHeader title=""Commit"" subtitle=""Save attendance codes. This action is final."" stepIndex={stepIndex} totalSteps={totalSteps} steps={steps} />"
"Wizard","frontend\dashboards\src\pages\attendance_rules_wizard\Step5Verify.jsx","2","import CrownWizardStepHeader from ""../../components/crown/CrownWizardStepHeader.jsx"";"
"Wizard","frontend\dashboards\src\pages\attendance_rules_wizard\Step5Verify.jsx","3","import { verifyAttendanceRulesSession } from ""../../api/attendance_rules_wizard.js"";"
"Wizard","frontend\dashboards\src\pages\attendance_rules_wizard\Step5Verify.jsx","4","import ""../../styles/crown-wizard.css"";"
"Wizard","frontend\dashboards\src\pages\attendance_rules_wizard\Step5Verify.jsx","6","const STORAGE_KEY = ""crown_attendance_rules_wizard_ctx_v1"";"
"Wizard","frontend\dashboards\src\pages\attendance_rules_wizard\Step5Verify.jsx","22","<CrownWizardStepHeader title=""Verify"" subtitle=""Attendance rules committed."" stepIndex={stepIndex} totalSteps={totalSteps} steps={steps} />"
"Wizard","frontend\dashboards\src\pages\bell_schedule_wizard\Step1Configure.jsx","2","import CrownWizardStepHeader from ""../../components/crown/CrownWizardStepHeader.jsx"";"
"Wizard","frontend\dashboards\src\pages\bell_schedule_wizard\Step1Configure.jsx","3","import { createBellScheduleSession, configureBellScheduleSession } from ""../../api/bell_schedule_wizard.js"";"
"Wizard","frontend\dashboards\src\pages\bell_schedule_wizard\Step1Configure.jsx","4","import ""../../styles/crown-wizard.css"";"
"Wizard","frontend\dashboards\src\pages\bell_schedule_wizard\Step1Configure.jsx","32","<CrownWizardStepHeader title=""Label & Year"" subtitle=""Name this bell schedule and enter the school year."" stepIndex={stepIndex} totalSteps={totalSteps} steps={steps} />"
"Wizard","frontend\dashboards\src\pages\bell_schedule_wizard\Step1Configure.jsx","33","<div className=""crown-wizard-field"">"
"Wizard","frontend\dashboards\src\pages\bell_schedule_wizard\Step1Configure.jsx","37","<div className=""crown-wizard-field"">"
"Wizard","frontend\dashboards\src\pages\bell_schedule_wizard\Step2Periods.jsx","2","import CrownWizardStepHeader from ""../../components/crown/CrownWizardStepHeader.jsx"";"
"Wizard","frontend\dashboards\src\pages\bell_schedule_wizard\Step2Periods.jsx","3","import { definePeriods } from ""../../api/bell_schedule_wizard.js"";"
"Wizard","frontend\dashboards\src\pages\bell_schedule_wizard\Step2Periods.jsx","4","import ""../../styles/crown-wizard.css"";"
"Wizard","frontend\dashboards\src\pages\bell_schedule_wizard\Step2Periods.jsx","35","<CrownWizardStepHeader title=""Define Periods"" subtitle=""Add bell schedule periods with start/end times."" stepIndex={stepIndex} totalSteps={totalSteps} steps={steps} />"
"Wizard","frontend\dashboards\src\pages\bell_schedule_wizard\Step2Periods.jsx","37","<div key={i} className=""crown-wizard-field"" style={{ display: ""flex"", gap: 8, alignItems: ""center"", marginBottom: 8 }}>"
"Wizard","frontend\dashboards\src\pages\bell_schedule_wizard\Step3Preview.jsx","1","import CrownWizardStepHeader from ""../../components/crown/CrownWizardStepHeader.jsx"";"
"Wizard","frontend\dashboards\src\pages\bell_schedule_wizard\Step3Preview.jsx","2","import ""../../styles/crown-wizard.css"";"
"Wizard","frontend\dashboards\src\pages\bell_schedule_wizard\Step3Preview.jsx","8","<CrownWizardStepHeader title=""Preview"" subtitle=""Review your bell schedule before committing."" stepIndex={stepIndex} totalSteps={totalSteps} steps={steps} />"
"Wizard","frontend\dashboards\src\pages\bell_schedule_wizard\Step4Commit.jsx","2","import CrownWizardStepHeader from ""../../components/crown/CrownWizardStepHeader.jsx"";"
"Wizard","frontend\dashboards\src\pages\bell_schedule_wizard\Step4Commit.jsx","3","import { commitBellScheduleSession } from ""../../api/bell_schedule_wizard.js"";"
"Wizard","frontend\dashboards\src\pages\bell_schedule_wizard\Step4Commit.jsx","4","import ""../../styles/crown-wizard.css"";"
"Wizard","frontend\dashboards\src\pages\bell_schedule_wizard\Step4Commit.jsx","23","<CrownWizardStepHeader title=""Commit"" subtitle=""Commit the bell schedule. This action is final."" stepIndex={stepIndex} totalSteps={totalSteps} steps={steps} />"
"Wizard","frontend\dashboards\src\pages\bell_schedule_wizard\Step5Verify.jsx","2","import CrownWizardStepHeader from ""../../components/crown/CrownWizardStepHeader.jsx"";"
"Wizard","frontend\dashboards\src\pages\bell_schedule_wizard\Step5Verify.jsx","3","import { verifyBellScheduleSession } from ""../../api/bell_schedule_wizard.js"";"
"Wizard","frontend\dashboards\src\pages\bell_schedule_wizard\Step5Verify.jsx","4","import ""../../styles/crown-wizard.css"";"
"Wizard","frontend\dashboards\src\pages\bell_schedule_wizard\Step5Verify.jsx","6","const STORAGE_KEY = ""crown_bell_schedule_wizard_ctx_v1"";"
"Wizard","frontend\dashboards\src\pages\bell_schedule_wizard\Step5Verify.jsx","22","<CrownWizardStepHeader title=""Verify"" subtitle=""Bell schedule confirmed."" stepIndex={stepIndex} totalSteps={totalSteps} steps={steps} />"
"Wizard","frontend\dashboards\src\pages\billing_wizard\Step1Mode.jsx","2","import CrownWizardStepHeader from ""../../components/crown/CrownWizardStepHeader.jsx"";"
"Wizard","frontend\dashboards\src\pages\billing_wizard\Step1Mode.jsx","3","import { createBillingWizardSession, configureWizardSession } from ""../../api/billing_wizard.js"";"
"Wizard","frontend\dashboards\src\pages\billing_wizard\Step1Mode.jsx","4","import ""../../styles/crown-wizard.css"";"
"Wizard","frontend\dashboards\src\pages\billing_wizard\Step1Mode.jsx","26","const created = await createBillingWizardSession();"
"Wizard","frontend\dashboards\src\pages\billing_wizard\Step1Mode.jsx","29","const data = await configureWizardSession(sessionId, term.trim(), mode);"
"Wizard","frontend\dashboards\src\pages\billing_wizard\Step1Mode.jsx","50","<CrownWizardStepHeader"
"Wizard","frontend\dashboards\src\pages\billing_wizard\Step1Mode.jsx","115","<div className=""crown-wizard-actions"">"
"Wizard","frontend\dashboards\src\pages\billing_wizard\Step1Mode.jsx","117","<div className=""crown-wizard-actions-right"">"
"Wizard","frontend\dashboards\src\pages\billing_wizard\Step2Plans.jsx","2","import CrownWizardStepHeader from ""../../components/crown/CrownWizardStepHeader.jsx"";"
"Wizard","frontend\dashboards\src\pages\billing_wizard\Step2Plans.jsx","3","import { savePlans } from ""../../api/billing_wizard.js"";"
"Wizard","frontend\dashboards\src\pages\billing_wizard\Step2Plans.jsx","4","import ""../../styles/crown-wizard.css"";"
"Wizard","frontend\dashboards\src\pages\billing_wizard\Step2Plans.jsx","67","<CrownWizardStepHeader"
"Wizard","frontend\dashboards\src\pages\billing_wizard\Step2Plans.jsx","124","<div className=""crown-wizard-actions"">"
"Wizard","frontend\dashboards\src\pages\billing_wizard\Step2Plans.jsx","126","<div className=""crown-wizard-actions-right"">"
"Wizard","frontend\dashboards\src\pages\billing_wizard\Step3Fees.jsx","2","import CrownWizardStepHeader from ""../../components/crown/CrownWizardStepHeader.jsx"";"
"Wizard","frontend\dashboards\src\pages\billing_wizard\Step3Fees.jsx","3","import { saveFees } from ""../../api/billing_wizard.js"";"
"Wizard","frontend\dashboards\src\pages\billing_wizard\Step3Fees.jsx","4","import ""../../styles/crown-wizard.css"";"
"Wizard","frontend\dashboards\src\pages\billing_wizard\Step3Fees.jsx","76","<CrownWizardStepHeader"
"Wizard","frontend\dashboards\src\pages\billing_wizard\Step3Fees.jsx","137","<div className=""crown-wizard-actions"">"
"Wizard","frontend\dashboards\src\pages\billing_wizard\Step3Fees.jsx","139","<div className=""crown-wizard-actions-right"">"
"Wizard","frontend\dashboards\src\pages\billing_wizard\Step4Schedule.jsx","1","import CrownWizardStepHeader from ""../../components/crown/CrownWizardStepHeader.jsx"";"
"Wizard","frontend\dashboards\src\pages\billing_wizard\Step4Schedule.jsx","2","import ""../../styles/crown-wizard.css"";"
"Wizard","frontend\dashboards\src\pages\billing_wizard\Step4Schedule.jsx","34","<CrownWizardStepHeader"
"Wizard","frontend\dashboards\src\pages\billing_wizard\Step4Schedule.jsx","105","<div className=""crown-wizard-actions"">"
"Wizard","frontend\dashboards\src\pages\billing_wizard\Step4Schedule.jsx","107","<div className=""crown-wizard-actions-right"">"
"Wizard","frontend\dashboards\src\pages\billing_wizard\Step5Commit.jsx","2","import CrownWizardStepHeader from ""../../components/crown/CrownWizardStepHeader.jsx"";"
"Wizard","frontend\dashboards\src\pages\billing_wizard\Step5Commit.jsx","3","import { commitBillingSetup } from ""../../api/billing_wizard.js"";"
"Wizard","frontend\dashboards\src\pages\billing_wizard\Step5Commit.jsx","4","import ""../../styles/crown-wizard.css"";"
"Wizard","frontend\dashboards\src\pages\billing_wizard\Step5Commit.jsx","31","<CrownWizardStepHeader"
"Wizard","frontend\dashboards\src\pages\billing_wizard\Step5Commit.jsx","68","<div className=""crown-wizard-actions"">"
"Wizard","frontend\dashboards\src\pages\billing_wizard\Step5Commit.jsx","70","<div className=""crown-wizard-actions-right"">"
"Wizard","frontend\dashboards\src\pages\billing_wizard\Step6Verify.jsx","2","import CrownWizardStepHeader from ""../../components/crown/CrownWizardStepHeader.jsx"";"
"Wizard","frontend\dashboards\src\pages\billing_wizard\Step6Verify.jsx","3","import { verifyBillingSetup } from ""../../api/billing_wizard.js"";"
"Wizard","frontend\dashboards\src\pages\billing_wizard\Step6Verify.jsx","4","import ""../../styles/crown-wizard.css"";"
"Wizard","frontend\dashboards\src\pages\billing_wizard\Step6Verify.jsx","27","<CrownWizardStepHeader"
"Wizard","frontend\dashboards\src\pages\billing_wizard\Step6Verify.jsx","98","<div className=""crown-wizard-actions"">"
"Wizard","frontend\dashboards\src\pages\billing_wizard\Step6Verify.jsx","100","<div className=""crown-wizard-actions-right"">"
"Wizard","frontend\dashboards\src\pages\comms_wizard\Step1Purpose.jsx","2","import CrownWizardStepHeader from ""../../components/crown/CrownWizardStepHeader.jsx"";"
"Wizard","frontend\dashboards\src\pages\comms_wizard\Step1Purpose.jsx","4","createCommsWizardSession,"
"Wizard","frontend\dashboards\src\pages\comms_wizard\Step1Purpose.jsx","6","} from ""../../api/comms_wizard.js"";"
"Wizard","frontend\dashboards\src\pages\comms_wizard\Step1Purpose.jsx","7","import ""../../styles/crown-wizard.css"";"
"Wizard","frontend\dashboards\src\pages\comms_wizard\Step1Purpose.jsx","37","const created = await createCommsWizardSession();"
"Wizard","frontend\dashboards\src\pages\comms_wizard\Step1Purpose.jsx","62","<CrownWizardStepHeader"
"Wizard","frontend\dashboards\src\pages\comms_wizard\Step2Message.jsx","2","import CrownWizardStepHeader from ""../../components/crown/CrownWizardStepHeader.jsx"";"
"Wizard","frontend\dashboards\src\pages\comms_wizard\Step2Message.jsx","3","import { draftCommsMessage } from ""../../api/comms_wizard.js"";"
"Wizard","frontend\dashboards\src\pages\comms_wizard\Step2Message.jsx","4","import ""../../styles/crown-wizard.css"";"
"Wizard","frontend\dashboards\src\pages\comms_wizard\Step2Message.jsx","32","<CrownWizardStepHeader"
"Wizard","frontend\dashboards\src\pages\comms_wizard\Step3Recipients.jsx","2","import CrownWizardStepHeader from ""../../components/crown/CrownWizardStepHeader.jsx"";"
"Wizard","frontend\dashboards\src\pages\comms_wizard\Step3Recipients.jsx","3","import { stageCommsRecipients } from ""../../api/comms_wizard.js"";"
"Wizard","frontend\dashboards\src\pages\comms_wizard\Step3Recipients.jsx","4","import ""../../styles/crown-wizard.css"";"
"Wizard","frontend\dashboards\src\pages\comms_wizard\Step3Recipients.jsx","57","<CrownWizardStepHeader"
"Wizard","frontend\dashboards\src\pages\comms_wizard\Step4Preview.jsx","1","import CrownWizardStepHeader from ""../../components/crown/CrownWizardStepHeader.jsx"";"
"Wizard","frontend\dashboards\src\pages\comms_wizard\Step4Preview.jsx","2","import ""../../styles/crown-wizard.css"";"
"Wizard","frontend\dashboards\src\pages\comms_wizard\Step4Preview.jsx","11","<CrownWizardStepHeader"
"Wizard","frontend\dashboards\src\pages\comms_wizard\Step5Commit.jsx","2","import CrownWizardStepHeader from ""../../components/crown/CrownWizardStepHeader.jsx"";"
"Wizard","frontend\dashboards\src\pages\comms_wizard\Step5Commit.jsx","3","import { commitCommsSetup } from ""../../api/comms_wizard.js"";"
"Wizard","frontend\dashboards\src\pages\comms_wizard\Step5Commit.jsx","4","import ""../../styles/crown-wizard.css"";"
"Wizard","frontend\dashboards\src\pages\comms_wizard\Step5Commit.jsx","33","<CrownWizardStepHeader"
"Wizard","frontend\dashboards\src\pages\comms_wizard\Step6Verify.jsx","2","import CrownWizardStepHeader from ""../../components/crown/CrownWizardStepHeader.jsx"";"
"Wizard","frontend\dashboards\src\pages\comms_wizard\Step6Verify.jsx","3","import { verifyCommsSetup } from ""../../api/comms_wizard.js"";"
"Wizard","frontend\dashboards\src\pages\comms_wizard\Step6Verify.jsx","4","import ""../../styles/crown-wizard.css"";"
"Wizard","frontend\dashboards\src\pages\comms_wizard\Step6Verify.jsx","6","const STORAGE_KEY = ""crown_comms_wizard_ctx_v1"";"
"Wizard","frontend\dashboards\src\pages\comms_wizard\Step6Verify.jsx","29","<CrownWizardStepHeader"
"Wizard","frontend\dashboards\src\pages\enrollment_conversion_wizard\Step1Configure.jsx","2","import CrownWizardStepHeader from ""../../components/crown/CrownWizardStepHeader.jsx"";"
"Wizard","frontend\dashboards\src\pages\enrollment_conversion_wizard\Step1Configure.jsx","3","import { createEnrollmentConversionSession, configureEnrollmentConversionSession } from ""../../api/enrollment_conversion_wizard.js"";"
"Wizard","frontend\dashboards\src\pages\enrollment_conversion_wizard\Step1Configure.jsx","4","import ""../../styles/crown-wizard.css"";"
"Wizard","frontend\dashboards\src\pages\enrollment_conversion_wizard\Step1Configure.jsx","33","<CrownWizardStepHeader title=""Configure"" subtitle=""Set the academic year and source application status."" stepIndex={stepIndex} totalSteps={totalSteps} steps={steps} />"
"Wizard","frontend\dashboards\src\pages\enrollment_conversion_wizard\Step1Configure.jsx","34","<div className=""crown-wizard-field"">"
"Wizard","frontend\dashboards\src\pages\enrollment_conversion_wizard\Step1Configure.jsx","38","<div className=""crown-wizard-field"">"
"Wizard","frontend\dashboards\src\pages\enrollment_conversion_wizard\Step2Load.jsx","2","import CrownWizardStepHeader from ""../../components/crown/CrownWizardStepHeader.jsx"";"
"Wizard","frontend\dashboards\src\pages\enrollment_conversion_wizard\Step2Load.jsx","3","import { loadApplicants } from ""../../api/enrollment_conversion_wizard.js"";"
"Wizard","frontend\dashboards\src\pages\enrollment_conversion_wizard\Step2Load.jsx","4","import ""../../styles/crown-wizard.css"";"
"Wizard","frontend\dashboards\src\pages\enrollment_conversion_wizard\Step2Load.jsx","26","<CrownWizardStepHeader title=""Load Applicants"" subtitle=""Load applicants matching your configuration."" stepIndex={stepIndex} totalSteps={totalSteps} steps={steps} />"
"Wizard","frontend\dashboards\src\pages\enrollment_conversion_wizard\Step3Preview.jsx","1","import CrownWizardStepHeader from ""../../components/crown/CrownWizardStepHeader.jsx"";"
"Wizard","frontend\dashboards\src\pages\enrollment_conversion_wizard\Step3Preview.jsx","2","import ""../../styles/crown-wizard.css"";"
"Wizard","frontend\dashboards\src\pages\enrollment_conversion_wizard\Step3Preview.jsx","7","<CrownWizardStepHeader title=""Preview"" subtitle=""Confirm conversion before committing."" stepIndex={stepIndex} totalSteps={totalSteps} steps={steps} />"
"Wizard","frontend\dashboards\src\pages\enrollment_conversion_wizard\Step4Commit.jsx","2","import CrownWizardStepHeader from ""../../components/crown/CrownWizardStepHeader.jsx"";"
"Wizard","frontend\dashboards\src\pages\enrollment_conversion_wizard\Step4Commit.jsx","3","import { commitEnrollmentConversionSession } from ""../../api/enrollment_conversion_wizard.js"";"
"Wizard","frontend\dashboards\src\pages\enrollment_conversion_wizard\Step4Commit.jsx","4","import ""../../styles/crown-wizard.css"";"
"Wizard","frontend\dashboards\src\pages\enrollment_conversion_wizard\Step4Commit.jsx","23","<CrownWizardStepHeader title=""Commit"" subtitle=""Enroll applicants now."" stepIndex={stepIndex} totalSteps={totalSteps} steps={steps} />"
"Wizard","frontend\dashboards\src\pages\enrollment_conversion_wizard\Step5Verify.jsx","2","import CrownWizardStepHeader from ""../../components/crown/CrownWizardStepHeader.jsx"";"
"Wizard","frontend\dashboards\src\pages\enrollment_conversion_wizard\Step5Verify.jsx","3","import { verifyEnrollmentConversionSession } from ""../../api/enrollment_conversion_wizard.js"";"
"Wizard","frontend\dashboards\src\pages\enrollment_conversion_wizard\Step5Verify.jsx","4","import ""../../styles/crown-wizard.css"";"
"Wizard","frontend\dashboards\src\pages\enrollment_conversion_wizard\Step5Verify.jsx","6","const STORAGE_KEY = ""crown_enrollment_conversion_wizard_ctx_v1"";"
"Wizard","frontend\dashboards\src\pages\enrollment_conversion_wizard\Step5Verify.jsx","22","<CrownWizardStepHeader title=""Verify"" subtitle=""Enrollment conversion complete."" stepIndex={stepIndex} totalSteps={totalSteps} steps={steps} />"
"Wizard","frontend\dashboards\src\pages\financial_aid_wizard\Step1Year.jsx","2","import CrownWizardStepHeader from ""../../components/crown/CrownWizardStepHeader.jsx"";"
"Wizard","frontend\dashboards\src\pages\financial_aid_wizard\Step1Year.jsx","3","import { createAidWizardSession, configureAidWizardSession } from ""../../api/financial_aid_wizard.js"";"
"Wizard","frontend\dashboards\src\pages\financial_aid_wizard\Step1Year.jsx","4","import ""../../styles/crown-wizard.css"";"
"Wizard","frontend\dashboards\src\pages\financial_aid_wizard\Step1Year.jsx","20","const created = await createAidWizardSession();"
"Wizard","frontend\dashboards\src\pages\financial_aid_wizard\Step1Year.jsx","23","const data = await configureAidWizardSession(sessionId, aidYear.trim());"
"Wizard","frontend\dashboards\src\pages\financial_aid_wizard\Step1Year.jsx","43","<CrownWizardStepHeader"
"Wizard","frontend\dashboards\src\pages\financial_aid_wizard\Step2Buckets.jsx","2","import CrownWizardStepHeader from ""../../components/crown/CrownWizardStepHeader.jsx"";"
"Wizard","frontend\dashboards\src\pages\financial_aid_wizard\Step2Buckets.jsx","3","import { saveAidBuckets } from ""../../api/financial_aid_wizard.js"";"
"Wizard","frontend\dashboards\src\pages\financial_aid_wizard\Step2Buckets.jsx","4","import ""../../styles/crown-wizard.css"";"
"Wizard","frontend\dashboards\src\pages\financial_aid_wizard\Step2Buckets.jsx","42","<CrownWizardStepHeader"
"Wizard","frontend\dashboards\src\pages\financial_aid_wizard\Step3Awards.jsx","2","import CrownWizardStepHeader from ""../../components/crown/CrownWizardStepHeader.jsx"";"
"Wizard","frontend\dashboards\src\pages\financial_aid_wizard\Step3Awards.jsx","3","import { stageAidAwards } from ""../../api/financial_aid_wizard.js"";"
"Wizard","frontend\dashboards\src\pages\financial_aid_wizard\Step3Awards.jsx","4","import ""../../styles/crown-wizard.css"";"
"Wizard","frontend\dashboards\src\pages\financial_aid_wizard\Step3Awards.jsx","76","<CrownWizardStepHeader"
"Wizard","frontend\dashboards\src\pages\financial_aid_wizard\Step4Preview.jsx","1","import CrownWizardStepHeader from ""../../components/crown/CrownWizardStepHeader.jsx"";"
"Wizard","frontend\dashboards\src\pages\financial_aid_wizard\Step4Preview.jsx","2","import ""../../styles/crown-wizard.css"";"
"Wizard","frontend\dashboards\src\pages\financial_aid_wizard\Step4Preview.jsx","24","<CrownWizardStepHeader"
"Wizard","frontend\dashboards\src\pages\financial_aid_wizard\Step5Commit.jsx","2","import CrownWizardStepHeader from ""../../components/crown/CrownWizardStepHeader.jsx"";"
"Wizard","frontend\dashboards\src\pages\financial_aid_wizard\Step5Commit.jsx","3","import { commitAidSetup } from ""../../api/financial_aid_wizard.js"";"
"Wizard","frontend\dashboards\src\pages\financial_aid_wizard\Step5Commit.jsx","4","import ""../../styles/crown-wizard.css"";"
"Wizard","frontend\dashboards\src\pages\financial_aid_wizard\Step5Commit.jsx","31","<CrownWizardStepHeader"
"Wizard","frontend\dashboards\src\pages\financial_aid_wizard\Step6Verify.jsx","2","import CrownWizardStepHeader from ""../../components/crown/CrownWizardStepHeader.jsx"";"
"Wizard","frontend\dashboards\src\pages\financial_aid_wizard\Step6Verify.jsx","3","import { verifyAidSetup } from ""../../api/financial_aid_wizard.js"";"
"Wizard","frontend\dashboards\src\pages\financial_aid_wizard\Step6Verify.jsx","4","import ""../../styles/crown-wizard.css"";"
"Wizard","frontend\dashboards\src\pages\financial_aid_wizard\Step6Verify.jsx","31","try { sessionStorage.removeItem(""crown_aid_wizard_ctx_v1""); } catch { /* ignore */ }"
"Wizard","frontend\dashboards\src\pages\financial_aid_wizard\Step6Verify.jsx","38","<CrownWizardStepHeader"
"Wizard","frontend\dashboards\src\pages\gradebook_setup_wizard\Step1Configure.jsx","3","import CrownWizardStepHeader from ""../../components/crown/CrownWizardStepHeader.jsx"";"
"Wizard","frontend\dashboards\src\pages\gradebook_setup_wizard\Step1Configure.jsx","4","import { createGradebookSetupSession, configureGradebookSetupSession } from ""../../api/gradebook_setup_wizard.js"";"
"Wizard","frontend\dashboards\src\pages\gradebook_setup_wizard\Step1Configure.jsx","5","import ""../../styles/crown-wizard.css"";"
"Wizard","frontend\dashboards\src\pages\gradebook_setup_wizard\Step1Configure.jsx","31","<CrownWizardStepHeader title=""Select Section"" subtitle=""Enter the section UUID for gradebook category setup."" stepIndex={stepIndex} totalSteps={totalSteps} steps={steps} />"
"Wizard","frontend\dashboards\src\pages\gradebook_setup_wizard\Step1Configure.jsx","32","<div className=""crown-wizard-field"">"
"Wizard","frontend\dashboards\src\pages\gradebook_setup_wizard\Step2Categories.jsx","2","import CrownWizardStepHeader from ""../../components/crown/CrownWizardStepHeader.jsx"";"
"Wizard","frontend\dashboards\src\pages\gradebook_setup_wizard\Step2Categories.jsx","3","import { defineCategories } from ""../../api/gradebook_setup_wizard.js"";"
"Wizard","frontend\dashboards\src\pages\gradebook_setup_wizard\Step2Categories.jsx","4","import ""../../styles/crown-wizard.css"";"
"Wizard","frontend\dashboards\src\pages\gradebook_setup_wizard\Step2Categories.jsx","36","<CrownWizardStepHeader title=""Define Categories"" subtitle=""Define assignment categories. Weights must sum to 0 or 100."" stepIndex={stepIndex} totalSteps={totalSteps} steps={steps} />"
"Wizard","frontend\dashboards\src\pages\gradebook_setup_wizard\Step3Preview.jsx","1","import CrownWizardStepHeader from ""../../components/crown/CrownWizardStepHeader.jsx"";"
"Wizard","frontend\dashboards\src\pages\gradebook_setup_wizard\Step3Preview.jsx","2","import ""../../styles/crown-wizard.css"";"
"Wizard","frontend\dashboards\src\pages\gradebook_setup_wizard\Step3Preview.jsx","9","<CrownWizardStepHeader title=""Preview"" subtitle=""Review gradebook categories before committing."" stepIndex={stepIndex} totalSteps={totalSteps} steps={steps} />"
"Wizard","frontend\dashboards\src\pages\gradebook_setup_wizard\Step4Commit.jsx","2","import CrownWizardStepHeader from ""../../components/crown/CrownWizardStepHeader.jsx"";"
"Wizard","frontend\dashboards\src\pages\gradebook_setup_wizard\Step4Commit.jsx","3","import { commitGradebookSetupSession } from ""../../api/gradebook_setup_wizard.js"";"
"Wizard","frontend\dashboards\src\pages\gradebook_setup_wizard\Step4Commit.jsx","4","import ""../../styles/crown-wizard.css"";"
"Wizard","frontend\dashboards\src\pages\gradebook_setup_wizard\Step4Commit.jsx","23","<CrownWizardStepHeader title=""Commit"" subtitle=""Save gradebook categories to the database."" stepIndex={stepIndex} totalSteps={totalSteps} steps={steps} />"
"Wizard","frontend\dashboards\src\pages\gradebook_setup_wizard\Step5Verify.jsx","2","import CrownWizardStepHeader from ""../../components/crown/CrownWizardStepHeader.jsx"";"
"Wizard","frontend\dashboards\src\pages\gradebook_setup_wizard\Step5Verify.jsx","3","import { verifyGradebookSetupSession } from ""../../api/gradebook_setup_wizard.js"";"
"Wizard","frontend\dashboards\src\pages\gradebook_setup_wizard\Step5Verify.jsx","4","import ""../../styles/crown-wizard.css"";"
"Wizard","frontend\dashboards\src\pages\gradebook_setup_wizard\Step5Verify.jsx","6","const STORAGE_KEY = ""crown_gradebook_setup_wizard_ctx_v1"";"
"Wizard","frontend\dashboards\src\pages\gradebook_setup_wizard\Step5Verify.jsx","22","<CrownWizardStepHeader title=""Verify"" subtitle=""Gradebook categories saved."" stepIndex={stepIndex} totalSteps={totalSteps} steps={steps} />"
"Wizard","frontend\dashboards\src\pages\invoice_run_wizard\Step1Configure.jsx","2","import CrownWizardStepHeader from ""../../components/crown/CrownWizardStepHeader.jsx"";"
"Wizard","frontend\dashboards\src\pages\invoice_run_wizard\Step1Configure.jsx","3","import { createInvoiceRunSession, configureInvoiceRunSession } from ""../../api/invoice_run_wizard.js"";"
"Wizard","frontend\dashboards\src\pages\invoice_run_wizard\Step1Configure.jsx","4","import ""../../styles/crown-wizard.css"";"
"Wizard","frontend\dashboards\src\pages\invoice_run_wizard\Step1Configure.jsx","34","<CrownWizardStepHeader title=""Configure Period"" subtitle=""Set billing period dates and invoice due date."" stepIndex={stepIndex} totalSteps={totalSteps} steps={steps} />"
"Wizard","frontend\dashboards\src\pages\invoice_run_wizard\Step1Configure.jsx","35","<div className=""crown-wizard-field"">"
"Wizard","frontend\dashboards\src\pages\invoice_run_wizard\Step1Configure.jsx","39","<div className=""crown-wizard-field"">"
"Wizard","frontend\dashboards\src\pages\invoice_run_wizard\Step1Configure.jsx","43","<div className=""crown-wizard-field"">"
"Wizard","frontend\dashboards\src\pages\invoice_run_wizard\Step2Load.jsx","2","import CrownWizardStepHeader from ""../../components/crown/CrownWizardStepHeader.jsx"";"
"Wizard","frontend\dashboards\src\pages\invoice_run_wizard\Step2Load.jsx","3","import { loadObligations } from ""../../api/invoice_run_wizard.js"";"
"Wizard","frontend\dashboards\src\pages\invoice_run_wizard\Step2Load.jsx","4","import ""../../styles/crown-wizard.css"";"
"Wizard","frontend\dashboards\src\pages\invoice_run_wizard\Step2Load.jsx","26","<CrownWizardStepHeader title=""Load Obligations"" subtitle=""Load open billing obligations for this period."" stepIndex={stepIndex} totalSteps={totalSteps} steps={steps} />"
"Wizard","frontend\dashboards\src\pages\invoice_run_wizard\Step3Preview.jsx","1","import CrownWizardStepHeader from ""../../components/crown/CrownWizardStepHeader.jsx"";"
"Wizard","frontend\dashboards\src\pages\invoice_run_wizard\Step3Preview.jsx","2","import ""../../styles/crown-wizard.css"";"
"Wizard","frontend\dashboards\src\pages\invoice_run_wizard\Step3Preview.jsx","7","<CrownWizardStepHeader title=""Preview"" subtitle=""Review invoice run before committing."" stepIndex={stepIndex} totalSteps={totalSteps} steps={steps} />"
"Wizard","frontend\dashboards\src\pages\invoice_run_wizard\Step4Commit.jsx","2","import CrownWizardStepHeader from ""../../components/crown/CrownWizardStepHeader.jsx"";"
"Wizard","frontend\dashboards\src\pages\invoice_run_wizard\Step4Commit.jsx","3","import { commitInvoiceRunSession } from ""../../api/invoice_run_wizard.js"";"
"Wizard","frontend\dashboards\src\pages\invoice_run_wizard\Step4Commit.jsx","4","import ""../../styles/crown-wizard.css"";"
"Wizard","frontend\dashboards\src\pages\invoice_run_wizard\Step4Commit.jsx","23","<CrownWizardStepHeader title=""Commit"" subtitle=""Generate invoices. This action cannot be undone."" stepIndex={stepIndex} totalSteps={totalSteps} steps={steps} />"
"Wizard","frontend\dashboards\src\pages\invoice_run_wizard\Step5Verify.jsx","2","import CrownWizardStepHeader from ""../../components/crown/CrownWizardStepHeader.jsx"";"
"Wizard","frontend\dashboards\src\pages\invoice_run_wizard\Step5Verify.jsx","3","import { verifyInvoiceRunSession } from ""../../api/invoice_run_wizard.js"";"
"Wizard","frontend\dashboards\src\pages\invoice_run_wizard\Step5Verify.jsx","4","import ""../../styles/crown-wizard.css"";"
"Wizard","frontend\dashboards\src\pages\invoice_run_wizard\Step5Verify.jsx","6","const STORAGE_KEY = ""crown_invoice_run_wizard_ctx_v1"";"
"Wizard","frontend\dashboards\src\pages\invoice_run_wizard\Step5Verify.jsx","22","<CrownWizardStepHeader title=""Verify"" subtitle=""Invoice run complete."" stepIndex={stepIndex} totalSteps={totalSteps} steps={steps} />"
"Wizard","frontend\dashboards\src\pages\onboarding\Step1ChooseMode.jsx","2","import CrownWizardStepHeader from ""../../components/crown/CrownWizardStepHeader.jsx"";"
"Wizard","frontend\dashboards\src\pages\onboarding\Step1ChooseMode.jsx","3","import ""../../styles/crown-wizard.css"";"
"Wizard","frontend\dashboards\src\pages\onboarding\Step1ChooseMode.jsx","21","<CrownWizardStepHeader"
"Wizard","frontend\dashboards\src\pages\onboarding\Step1ChooseMode.jsx","59","<div className=""crown-wizard-actions"">"
"Wizard","frontend\dashboards\src\pages\onboarding\Step1ChooseMode.jsx","61","<div className=""crown-wizard-actions-right"">"
"Wizard","frontend\dashboards\src\pages\onboarding\Step2Upload.jsx","2","import CrownWizardStepHeader from ""../../components/crown/CrownWizardStepHeader.jsx"";"
"Wizard","frontend\dashboards\src\pages\onboarding\Step2Upload.jsx","4","import ""../../styles/crown-wizard.css"";"
"Wizard","frontend\dashboards\src\pages\onboarding\Step2Upload.jsx","35","<CrownWizardStepHeader"
"Wizard","frontend\dashboards\src\pages\onboarding\Step2Upload.jsx","65","<div className=""crown-wizard-actions"">"
"Wizard","frontend\dashboards\src\pages\onboarding\Step2Upload.jsx","67","<div className=""crown-wizard-actions-right"">"
"Wizard","frontend\dashboards\src\pages\onboarding\Step3Validate.jsx","2","import CrownWizardStepHeader from ""../../components/crown/CrownWizardStepHeader.jsx"";"
"Wizard","frontend\dashboards\src\pages\onboarding\Step3Validate.jsx","4","import ""../../styles/crown-wizard.css"";"
"Wizard","frontend\dashboards\src\pages\onboarding\Step3Validate.jsx","30","<CrownWizardStepHeader"
"Wizard","frontend\dashboards\src\pages\onboarding\Step3Validate.jsx","101","<div className=""crown-wizard-actions"">"
"Wizard","frontend\dashboards\src\pages\onboarding\Step3Validate.jsx","103","<div className=""crown-wizard-actions-right"">"
"Wizard","frontend\dashboards\src\pages\onboarding\Step4Preview.jsx","2","import CrownWizardStepHeader from ""../../components/crown/CrownWizardStepHeader.jsx"";"
"Wizard","frontend\dashboards\src\pages\onboarding\Step4Preview.jsx","4","import ""../../styles/crown-wizard.css"";"
"Wizard","frontend\dashboards\src\pages\onboarding\Step4Preview.jsx","36","<CrownWizardStepHeader"
"Wizard","frontend\dashboards\src\pages\onboarding\Step4Preview.jsx","91","<div className=""crown-wizard-actions"">"
"Wizard","frontend\dashboards\src\pages\onboarding\Step4Preview.jsx","93","<div className=""crown-wizard-actions-right"">"
"Wizard","frontend\dashboards\src\pages\onboarding\Step5Commit.jsx","2","import CrownWizardStepHeader from ""../../components/crown/CrownWizardStepHeader.jsx"";"
"Wizard","frontend\dashboards\src\pages\onboarding\Step5Commit.jsx","4","import ""../../styles/crown-wizard.css"";"
"Wizard","frontend\dashboards\src\pages\onboarding\Step5Commit.jsx","31","<CrownWizardStepHeader"
"Wizard","frontend\dashboards\src\pages\onboarding\Step5Commit.jsx","72","<div className=""crown-wizard-actions"">"
"Wizard","frontend\dashboards\src\pages\onboarding\Step5Commit.jsx","74","<div className=""crown-wizard-actions-right"">"
"Wizard","frontend\dashboards\src\pages\onboarding\Step6Verify.jsx","2","import CrownWizardStepHeader from ""../../components/crown/CrownWizardStepHeader.jsx"";"
"Wizard","frontend\dashboards\src\pages\onboarding\Step6Verify.jsx","4","import ""../../styles/crown-wizard.css"";"
"Wizard","frontend\dashboards\src\pages\onboarding\Step6Verify.jsx","35","// Navigate back to step 0 via page reload trick ? wizard owns step state"
"Wizard","frontend\dashboards\src\pages\onboarding\Step6Verify.jsx","36","// Parent will re-mount CrownWizard when importId is cleared"
"Wizard","frontend\dashboards\src\pages\onboarding\Step6Verify.jsx","48","<CrownWizardStepHeader"
"Wizard","frontend\dashboards\src\pages\onboarding\Step6Verify.jsx","94","<div className=""crown-wizard-actions"">"
"Wizard","frontend\dashboards\src\pages\onboarding\Step6Verify.jsx","96","<div className=""crown-wizard-actions-right"">"
"Wizard","frontend\dashboards\src\pages\reenrollment\Step1Config.jsx","2","import CrownWizardStepHeader from ""../../components/crown/CrownWizardStepHeader.jsx"";"
"Wizard","frontend\dashboards\src\pages\reenrollment\Step1Config.jsx","4","import ""../../styles/crown-wizard.css"";"
"Wizard","frontend\dashboards\src\pages\reenrollment\Step1Config.jsx","47","<CrownWizardStepHeader"
"Wizard","frontend\dashboards\src\pages\reenrollment\Step1Config.jsx","91","<div className=""crown-wizard-actions"">"
"Wizard","frontend\dashboards\src\pages\reenrollment\Step1Config.jsx","93","<div className=""crown-wizard-actions-right"">"
"Wizard","frontend\dashboards\src\pages\reenrollment\Step2Candidates.jsx","2","import CrownWizardStepHeader from ""../../components/crown/CrownWizardStepHeader.jsx"";"
"Wizard","frontend\dashboards\src\pages\reenrollment\Step2Candidates.jsx","4","import ""../../styles/crown-wizard.css"";"
"Wizard","frontend\dashboards\src\pages\reenrollment\Step2Candidates.jsx","30","<CrownWizardStepHeader"
"Wizard","frontend\dashboards\src\pages\reenrollment\Step2Candidates.jsx","82","<div className=""crown-wizard-actions"">"
"Wizard","frontend\dashboards\src\pages\reenrollment\Step2Candidates.jsx","84","<div className=""crown-wizard-actions-right"">"
"Wizard","frontend\dashboards\src\pages\reenrollment\Step3Select.jsx","2","import CrownWizardStepHeader from ""../../components/crown/CrownWizardStepHeader.jsx"";"
"Wizard","frontend\dashboards\src\pages\reenrollment\Step3Select.jsx","4","import ""../../styles/crown-wizard.css"";"
"Wizard","frontend\dashboards\src\pages\reenrollment\Step3Select.jsx","40","<CrownWizardStepHeader"
"Wizard","frontend\dashboards\src\pages\reenrollment\Step3Select.jsx","95","<div className=""crown-wizard-actions"">"
"Wizard","frontend\dashboards\src\pages\reenrollment\Step3Select.jsx","97","<div className=""crown-wizard-actions-right"">"
"Wizard","frontend\dashboards\src\pages\reenrollment\Step4Preview.jsx","1","import CrownWizardStepHeader from ""../../components/crown/CrownWizardStepHeader.jsx"";"
"Wizard","frontend\dashboards\src\pages\reenrollment\Step4Preview.jsx","2","import ""../../styles/crown-wizard.css"";"
"Wizard","frontend\dashboards\src\pages\reenrollment\Step4Preview.jsx","16","<CrownWizardStepHeader"
"Wizard","frontend\dashboards\src\pages\reenrollment\Step4Preview.jsx","71","<div className=""crown-wizard-actions"">"
"Wizard","frontend\dashboards\src\pages\reenrollment\Step4Preview.jsx","73","<div className=""crown-wizard-actions-right"">"
"Wizard","frontend\dashboards\src\pages\reenrollment\Step5Commit.jsx","2","import CrownWizardStepHeader from ""../../components/crown/CrownWizardStepHeader.jsx"";"
"Wizard","frontend\dashboards\src\pages\reenrollment\Step5Commit.jsx","4","import ""../../styles/crown-wizard.css"";"
"Wizard","frontend\dashboards\src\pages\reenrollment\Step5Commit.jsx","29","<CrownWizardStepHeader"
"Wizard","frontend\dashboards\src\pages\reenrollment\Step5Commit.jsx","70","<div className=""crown-wizard-actions"">"
"Wizard","frontend\dashboards\src\pages\reenrollment\Step5Commit.jsx","72","<div className=""crown-wizard-actions-right"">"
"Wizard","frontend\dashboards\src\pages\reenrollment\Step6Verify.jsx","2","import CrownWizardStepHeader from ""../../components/crown/CrownWizardStepHeader.jsx"";"
"Wizard","frontend\dashboards\src\pages\reenrollment\Step6Verify.jsx","4","import ""../../styles/crown-wizard.css"";"
"Wizard","frontend\dashboards\src\pages\reenrollment\Step6Verify.jsx","28","<CrownWizardStepHeader"
"Wizard","frontend\dashboards\src\pages\scheduling_wizard\Step1Term.jsx","2","import CrownWizardStepHeader from ""../../components/crown/CrownWizardStepHeader.jsx"";"
"Wizard","frontend\dashboards\src\pages\scheduling_wizard\Step1Term.jsx","4","createSchedulingWizardSession,"
"Wizard","frontend\dashboards\src\pages\scheduling_wizard\Step1Term.jsx","6","} from ""../../api/scheduling_wizard.js"";"
"Wizard","frontend\dashboards\src\pages\scheduling_wizard\Step1Term.jsx","7","import ""../../styles/crown-wizard.css"";"
"Wizard","frontend\dashboards\src\pages\scheduling_wizard\Step1Term.jsx","26","const created = await createSchedulingWizardSession();"
"Wizard","frontend\dashboards\src\pages\scheduling_wizard\Step1Term.jsx","50","<CrownWizardStepHeader"
"Wizard","frontend\dashboards\src\pages\scheduling_wizard\Step2Courses.jsx","2","import CrownWizardStepHeader from ""../../components/crown/CrownWizardStepHeader.jsx"";"
"Wizard","frontend\dashboards\src\pages\scheduling_wizard\Step2Courses.jsx","3","import { saveSchedulingCourses } from ""../../api/scheduling_wizard.js"";"
"Wizard","frontend\dashboards\src\pages\scheduling_wizard\Step2Courses.jsx","4","import ""../../styles/crown-wizard.css"";"
"Wizard","frontend\dashboards\src\pages\scheduling_wizard\Step2Courses.jsx","60","<CrownWizardStepHeader"
"Wizard","frontend\dashboards\src\pages\scheduling_wizard\Step3Sections.jsx","2","import CrownWizardStepHeader from ""../../components/crown/CrownWizardStepHeader.jsx"";"
"Wizard","frontend\dashboards\src\pages\scheduling_wizard\Step3Sections.jsx","3","import { stageSchedulingSections } from ""../../api/scheduling_wizard.js"";"
"Wizard","frontend\dashboards\src\pages\scheduling_wizard\Step3Sections.jsx","4","import ""../../styles/crown-wizard.css"";"
"Wizard","frontend\dashboards\src\pages\scheduling_wizard\Step3Sections.jsx","58","<CrownWizardStepHeader"
"Wizard","frontend\dashboards\src\pages\scheduling_wizard\Step4Preview.jsx","1","import CrownWizardStepHeader from ""../../components/crown/CrownWizardStepHeader.jsx"";"
"Wizard","frontend\dashboards\src\pages\scheduling_wizard\Step4Preview.jsx","2","import ""../../styles/crown-wizard.css"";"
"Wizard","frontend\dashboards\src\pages\scheduling_wizard\Step4Preview.jsx","20","<CrownWizardStepHeader"
"Wizard","frontend\dashboards\src\pages\scheduling_wizard\Step5Commit.jsx","2","import CrownWizardStepHeader from ""../../components/crown/CrownWizardStepHeader.jsx"";"
"Wizard","frontend\dashboards\src\pages\scheduling_wizard\Step5Commit.jsx","3","import { commitSchedulingSetup } from ""../../api/scheduling_wizard.js"";"
"Wizard","frontend\dashboards\src\pages\scheduling_wizard\Step5Commit.jsx","4","import ""../../styles/crown-wizard.css"";"
"Wizard","frontend\dashboards\src\pages\scheduling_wizard\Step5Commit.jsx","32","<CrownWizardStepHeader"
"Wizard","frontend\dashboards\src\pages\scheduling_wizard\Step6Verify.jsx","2","import CrownWizardStepHeader from ""../../components/crown/CrownWizardStepHeader.jsx"";"
"Wizard","frontend\dashboards\src\pages\scheduling_wizard\Step6Verify.jsx","3","import { verifySchedulingSetup } from ""../../api/scheduling_wizard.js"";"
"Wizard","frontend\dashboards\src\pages\scheduling_wizard\Step6Verify.jsx","4","import ""../../styles/crown-wizard.css"";"
"Wizard","frontend\dashboards\src\pages\scheduling_wizard\Step6Verify.jsx","6","const STORAGE_KEY = ""crown_scheduling_wizard_ctx_v1"";"
"Wizard","frontend\dashboards\src\pages\scheduling_wizard\Step6Verify.jsx","27","<CrownWizardStepHeader"
"Wizard","frontend\dashboards\src\pages\section_assign_wizard\Step1Section.jsx","3","import CrownWizardStepHeader from ""../../components/crown/CrownWizardStepHeader.jsx"";"
"Wizard","frontend\dashboards\src\pages\section_assign_wizard\Step1Section.jsx","4","import { createSectionAssignSession, configureSectionAssignSession } from ""../../api/section_assign_wizard.js"";"
"Wizard","frontend\dashboards\src\pages\section_assign_wizard\Step1Section.jsx","5","import ""../../styles/crown-wizard.css"";"
"Wizard","frontend\dashboards\src\pages\section_assign_wizard\Step1Section.jsx","36","<CrownWizardStepHeader"
"Wizard","frontend\dashboards\src\pages\section_assign_wizard\Step2LoadStudents.jsx","3","import CrownWizardStepHeader from ""../../components/crown/CrownWizardStepHeader.jsx"";"
"Wizard","frontend\dashboards\src\pages\section_assign_wizard\Step2LoadStudents.jsx","4","import { loadStudents } from ""../../api/section_assign_wizard.js"";"
"Wizard","frontend\dashboards\src\pages\section_assign_wizard\Step2LoadStudents.jsx","5","import ""../../styles/crown-wizard.css"";"
"Wizard","frontend\dashboards\src\pages\section_assign_wizard\Step2LoadStudents.jsx","38","<CrownWizardStepHeader"
"Wizard","frontend\dashboards\src\pages\section_assign_wizard\Step3StageRoster.jsx","2","import CrownWizardStepHeader from ""../../components/crown/CrownWizardStepHeader.jsx"";"
"Wizard","frontend\dashboards\src\pages\section_assign_wizard\Step3StageRoster.jsx","3","import { stageRoster } from ""../../api/section_assign_wizard.js"";"
"Wizard","frontend\dashboards\src\pages\section_assign_wizard\Step3StageRoster.jsx","4","import ""../../styles/crown-wizard.css"";"
"Wizard","frontend\dashboards\src\pages\section_assign_wizard\Step3StageRoster.jsx","42","<CrownWizardStepHeader"
"Wizard","frontend\dashboards\src\pages\section_assign_wizard\Step4Preview.jsx","1","import CrownWizardStepHeader from ""../../components/crown/CrownWizardStepHeader.jsx"";"
"Wizard","frontend\dashboards\src\pages\section_assign_wizard\Step4Preview.jsx","2","import ""../../styles/crown-wizard.css"";"
"Wizard","frontend\dashboards\src\pages\section_assign_wizard\Step4Preview.jsx","11","<CrownWizardStepHeader"
"Wizard","frontend\dashboards\src\pages\section_assign_wizard\Step5Commit.jsx","2","import CrownWizardStepHeader from ""../../components/crown/CrownWizardStepHeader.jsx"";"
"Wizard","frontend\dashboards\src\pages\section_assign_wizard\Step5Commit.jsx","3","import { commitSectionAssign } from ""../../api/section_assign_wizard.js"";"
"Wizard","frontend\dashboards\src\pages\section_assign_wizard\Step5Commit.jsx","4","import ""../../styles/crown-wizard.css"";"
"Wizard","frontend\dashboards\src\pages\section_assign_wizard\Step5Commit.jsx","33","<CrownWizardStepHeader"
"Wizard","frontend\dashboards\src\pages\section_assign_wizard\Step6Verify.jsx","2","import CrownWizardStepHeader from ""../../components/crown/CrownWizardStepHeader.jsx"";"
"Wizard","frontend\dashboards\src\pages\section_assign_wizard\Step6Verify.jsx","3","import { verifySectionAssign } from ""../../api/section_assign_wizard.js"";"
"Wizard","frontend\dashboards\src\pages\section_assign_wizard\Step6Verify.jsx","4","import ""../../styles/crown-wizard.css"";"
"Wizard","frontend\dashboards\src\pages\section_assign_wizard\Step6Verify.jsx","6","const STORAGE_KEY = ""crown_section_assign_wizard_ctx_v1"";"
"Wizard","frontend\dashboards\src\pages\section_assign_wizard\Step6Verify.jsx","29","<CrownWizardStepHeader"
"Wizard","frontend\dashboards\src\pages\wizards\AftercareSetupWizard.jsx","3","import CrownWizardStepper from ""../../components/wizard/CrownWizardStepper.jsx"";"
"Wizard","frontend\dashboards\src\pages\wizards\AftercareSetupWizard.jsx","4","import { fetchWizardConfig, submitWizardConfig } from ""../../api/aftercareApi.js"";"
"Wizard","frontend\dashboards\src\pages\wizards\AftercareSetupWizard.jsx","32","export default function AftercareSetupWizard() {"
"Wizard","frontend\dashboards\src\pages\wizards\AftercareSetupWizard.jsx","65","const res = await fetchWizardConfig();"
"Wizard","frontend\dashboards\src\pages\wizards\AftercareSetupWizard.jsx","86","await submitWizardConfig({ config: cfg });"
"Wizard","frontend\dashboards\src\pages\wizards\AftercareSetupWizard.jsx","161","<Typography variant=""h5"" sx={{ mb: 3 }}>Aftercare Setup Wizard</Typography>"
"Wizard","frontend\dashboards\src\pages\wizards\AftercareSetupWizard.jsx","162","<CrownWizardStepper steps={STEPS} onFinish={save}>"
"Wizard","frontend\dashboards\src\pages\wizards\AftercareSetupWizard.jsx","167","</CrownWizardStepper>"
"Wizard","frontend\dashboards\src\pages\wizards\FinanceSetupWizard.jsx","2","* FinanceSetupWizard.jsx"
"Wizard","frontend\dashboards\src\pages\wizards\FinanceSetupWizard.jsx","4","* Year-locked financial canon wizard: Tuition ? Discounts ? Aid ? Plans ? Extended Care ? Review."
"Wizard","frontend\dashboards\src\pages\wizards\FinanceSetupWizard.jsx","13","function WizardShell({ title, children }) {"
"Wizard","frontend\dashboards\src\pages\wizards\FinanceSetupWizard.jsx","138","// -- Default wizardState shape -------------------------------------------------"
"Wizard","frontend\dashboards\src\pages\wizards\FinanceSetupWizard.jsx","531","export default function FinanceSetupWizard() {"
"Wizard","frontend\dashboards\src\pages\wizards\FinanceSetupWizard.jsx","534","const [wizardData, setWizardData] = useState(defaults());"
"Wizard","frontend\dashboards\src\pages\wizards\FinanceSetupWizard.jsx","552","setWizardData({"
"Wizard","frontend\dashboards\src\pages\wizards\FinanceSetupWizard.jsx","561","// Non-fatal: wizard starts with defaults"
"Wizard","frontend\dashboards\src\pages\wizards\FinanceSetupWizard.jsx","569","return (val) => setWizardData((prev) => ({ ...prev, [key]: val }));"
"Wizard","frontend\dashboards\src\pages\wizards\FinanceSetupWizard.jsx","577","const payload = { academic_year: academicYear, ...wizardData };"
"Wizard","frontend\dashboards\src\pages\wizards\FinanceSetupWizard.jsx","601","const payload = { academic_year: academicYear, ...wizardData };"
"Wizard","frontend\dashboards\src\pages\wizards\FinanceSetupWizard.jsx","603","const lockResult = await lockFinancePolicy(academicYear, ""wizard-ui"");"
"Wizard","frontend\dashboards\src\pages\wizards\FinanceSetupWizard.jsx","615","<WizardShell title=""Finance Setup Wizard"">"
"Wizard","frontend\dashboards\src\pages\wizards\FinanceSetupWizard.jsx","617","</WizardShell>"
"Wizard","frontend\dashboards\src\pages\wizards\FinanceSetupWizard.jsx","622","<WizardShell title={`Finance Setup Wizard ? ${academicYear}`}>"
"Wizard","frontend\dashboards\src\pages\wizards\FinanceSetupWizard.jsx","643","<StepTuition data={wizardData.tuition} onChange={setSection(""tuition"")} locked={locked} />"
"Wizard","frontend\dashboards\src\pages\wizards\FinanceSetupWizard.jsx","646","<StepDiscounts data={wizardData.discounts} onChange={setSection(""discounts"")} locked={locked} />"
"Wizard","frontend\dashboards\src\pages\wizards\FinanceSetupWizard.jsx","649","<StepAid data={wizardData.aid} onChange={setSection(""aid"")} locked={locked} />"
"Wizard","frontend\dashboards\src\pages\wizards\FinanceSetupWizard.jsx","652","<StepPlans data={wizardData.payment_plans} onChange={setSection(""payment_plans"")} locked={locked} />"
"Wizard","frontend\dashboards\src\pages\wizards\FinanceSetupWizard.jsx","655","<StepExtendedCare data={wizardData.extended_care} onChange={setSection(""extended_care"")} locked={locked} />"
"Wizard","frontend\dashboards\src\pages\wizards\FinanceSetupWizard.jsx","704","</WizardShell>"
"Wizard","frontend\dashboards\src\routes\financeRouteAccess.test.jsx","21","path: ""/wizards/finance-setup"","
"Wizard","frontend\dashboards\src\routes\paths.js","40","WIZARDS: '/wizards',"
"Wizard","frontend\dashboards\src\routes\paths.js","41","WIZARD_ADMISSIONS: '/onboarding',"
"Wizard","frontend\dashboards\src\routes\paths.js","42","WIZARD_ENROLLMENT: '/reenrollment',"
"Wizard","frontend\dashboards\src\routes\paths.js","43","WIZARD_BILLING: '/billing-setup',"
"Wizard","frontend\dashboards\src\routes\paths.js","44","WIZARD_FINANCIAL_AID: '/aid-setup',"
"Wizard","frontend\dashboards\src\routes\paths.js","45","WIZARD_SCHEDULING: '/scheduling-setup',"
"Wizard","frontend\dashboards\src\routes\paths.js","46","WIZARD_AFTERCARE_SETUP: '/wizards/aftercare-setup',"
"Wizard","frontend\dashboards\src\routes\paths.js","47","WIZARD_FINANCE_SETUP: '/wizards/finance-setup',"
"Wizard","frontend\dashboards\src\routes\router.jsx","60","import AftercareSetupWizard from ""../pages/wizards/AftercareSetupWizard.jsx"";"
"Wizard","frontend\dashboards\src\routes\router.jsx","61","import FinanceSetupWizard from ""../pages/wizards/FinanceSetupWizard.jsx"";"
"Wizard","frontend\dashboards\src\routes\router.jsx","75","import { wizardRoutes } from ""./wizards.js"";"
"Wizard","frontend\dashboards\src\routes\router.jsx","78","import WizardHub from ""../pages/WizardHub.jsx"";"
"Wizard","frontend\dashboards\src\routes\router.jsx","287","// Wizard Hub ? lists all registered wizards from /api/v1/wizards/"
"Wizard","frontend\dashboards\src\routes\router.jsx","289","path: PATHS.WIZARDS,"
"Wizard","frontend\dashboards\src\routes\router.jsx","290","element: <WizardHub />,"
"Wizard","frontend\dashboards\src\routes\router.jsx","292","// Wizard routes are owned by routes/wizards.js."
"Wizard","frontend\dashboards\src\routes\router.jsx","293","...wizardRoutes(),"
"Wizard","frontend\dashboards\src\routes\router.jsx","517","path: PATHS.WIZARD_AFTERCARE_SETUP,"
"Wizard","frontend\dashboards\src\routes\router.jsx","518","element: <AftercareSetupWizard />,"
"Wizard","frontend\dashboards\src\routes\router.jsx","521","path: PATHS.WIZARD_FINANCE_SETUP,"
"Wizard","frontend\dashboards\src\routes\router.jsx","524","<FinanceSetupWizard />"
"Wizard","frontend\dashboards\src\routes\wizard-manifest.js","2","* Wizard manifest ? Crown2026"
"Wizard","frontend\dashboards\src\routes\wizard-manifest.js","6","* Slugs must match backend wizard_registry.py ? url_prefix segment [2]."
"Wizard","frontend\dashboards\src\routes\wizard-manifest.js","7","* e.g.  url_prefix ""api/v1/billing-wizard/sessions/"" ? slug ""billing-wizard"""
"Wizard","frontend\dashboards\src\routes\wizard-manifest.js","9","* To add a wizard:"
"Wizard","frontend\dashboards\src\routes\wizard-manifest.js","11","*   2. Add the full entry (path, component, apiPrefix, ...) to WIZARD_REGISTRY in wizards.js."
"Wizard","frontend\dashboards\src\routes\wizard-manifest.js","14","export const WIZARD_MANIFEST = ["
"Wizard","frontend\dashboards\src\routes\wizard-manifest.js","17","{ slug: ""billing-wizard"",               title: ""Billing Setup"",             path: ""/billing-setup"" },"
"Wizard","frontend\dashboards\src\routes\wizard-manifest.js","18","{ slug: ""aid-wizard"",                   title: ""Financial Aid Setup"",       path: ""/aid-setup"" },"
"Wizard","frontend\dashboards\src\routes\wizard-manifest.js","19","{ slug: ""scheduling-wizard"",            title: ""Scheduling Setup"",          path: ""/scheduling-setup"" },"
"Wizard","frontend\dashboards\src\routes\wizard-manifest.js","20","{ slug: ""comms-wizard"",                 title: ""Communications Campaign"",   path: ""/comms-setup"" },"
"Wizard","frontend\dashboards\src\routes\wizard-manifest.js","21","{ slug: ""section-assign-wizard"",        title: ""Section Assignments"",       path: ""/section-assign-setup"" },"
"Wizard","frontend\dashboards\src\routes\wizard-manifest.js","22","{ slug: ""bell-schedule-wizard"",         title: ""Bell Schedule"",             path: ""/bell-schedule-setup"" },"
"Wizard","frontend\dashboards\src\routes\wizard-manifest.js","23","{ slug: ""gradebook-setup-wizard"",       title: ""Gradebook Setup"",           path: ""/gradebook-setup"" },"
"Wizard","frontend\dashboards\src\routes\wizard-manifest.js","24","{ slug: ""attendance-rules-wizard"",      title: ""Attendance Rules"",          path: ""/attendance-rules-setup"" },"
"Wizard","frontend\dashboards\src\routes\wizard-manifest.js","25","{ slug: ""enrollment-conversion-wizard"", title: ""Enrollment Conversion"",     path: ""/enrollment-conversion"" },"
"Wizard","frontend\dashboards\src\routes\wizard-manifest.js","26","{ slug: ""invoice-run-wizard"",           title: ""Invoice Run"",               path: ""/invoice-run"" },"
"Wizard","frontend\dashboards\src\routes\wizard-manifest.js","27","{ slug: ""staff-onboarding-wizard"",      title: ""Staff Onboarding"",          path: ""/staff-onboarding"" },"
"Wizard","frontend\dashboards\src\routes\wizard-manifest.js","28","{ slug: ""fee-schedule-wizard"",          title: ""Fee Schedule Setup"",         path: ""/fee-schedule-setup"" },"
"Wizard","frontend\dashboards\src\routes\wizard-manifest.js","29","{ slug: ""academic-year-wizard"",         title: ""Academic Year Rollover"",     path: ""/academic-year-rollover"" },"
"Wizard","frontend\dashboards\src\routes\wizard-manifest.js","30","{ slug: ""enrollment-period-wizard"",     title: ""Enrollment Period Setup"",     path: ""/enrollment-period-setup"" },"
"Wizard","frontend\dashboards\src\routes\wizard-manifest.js","31","{ slug: ""grade-scale-wizard"",           title: ""Grade Scale Setup"",           path: ""/grade-scale-setup"" },"
"Wizard","frontend\dashboards\src\routes\wizard-manifest.js","32","{ slug: ""term-structure-wizard"",        title: ""Term Structure Setup"",        path: ""/term-structure-setup"" },"
"Wizard","frontend\dashboards\src\routes\wizard-manifest.js","33","// ? Add new wizards here (one line, include path matching WIZARD_REGISTRY)"
"Wizard","frontend\dashboards\src\routes\wizard-manifest.js","34","{ slug: ""section-scheduler-wizard"",    title: ""Section Scheduler Seed"",      path: ""/section-scheduler-setup"" },"
"Wizard","frontend\dashboards\src\routes\wizard-manifest.js","35","{ slug: ""staff-setup-wizard"",          title: ""Staff & Roles Setup"",         path: ""/staff-setup"" },"
"Wizard","frontend\dashboards\src\routes\wizard-manifest.js","36","{ slug: ""course-catalog-wizard"",       title: ""Course Catalog Setup"",        path: ""/course-catalog-setup"" },"
"Wizard","frontend\dashboards\src\routes\wizard-manifest.js","37","{ slug: ""room-setup-wizard"",           title: ""Rooms Setup"",                 path: ""/room-setup"" },"
"Wizard","frontend\dashboards\src\routes\wizard-manifest.js","38","{ slug: ""promotion-wizard"",            title: ""Promotion Map Setup"",         path: ""/promotion-setup"" },"
"Wizard","frontend\dashboards\src\routes\wizard-manifest.js","39","{ slug: ""student-import-wizard"",       title: ""Student Import"",               path: ""/wizards"" },"
"Wizard","frontend\dashboards\src\routes\wizard-manifest.js","40","{ slug: ""guardian-household-wizard"",   title: ""Guardian & Household Setup"",   path: ""/wizards"" },"
"Wizard","frontend\dashboards\src\routes\wizard-manifest.js","41","{ slug: ""section-staffing-wizard"",     title: ""Section Staffing"",             path: ""/wizards"" },"
"Wizard","frontend\dashboards\src\routes\wizard-manifest.js","42","{ slug: ""attendance-codes-wizard"",     title: ""Attendance Codes Setup"",       path: ""/wizards"" },"
"Wizard","frontend\dashboards\src\routes\wizard-manifest.js","43","{ slug: ""grade-weights-wizard"",        title: ""Grade Weights & Categories"",   path: ""/wizards"" },"
"Wizard","frontend\dashboards\src\routes\wizard-manifest.js","46","/** Flat slug list ? the frontend's commitment to which wizard slugs exist. */"
"Wizard","frontend\dashboards\src\routes\wizard-manifest.js","47","export const WIZARD_SLUGS = WIZARD_MANIFEST.map((w) => w.slug);"
"Wizard","frontend\dashboards\src\routes\wizardRouteAccess.test.jsx","2","import { WIZARD_REGISTRY } from ""./wizards.js"";"
"Wizard","frontend\dashboards\src\routes\wizardRouteAccess.test.jsx","5","const route = WIZARD_REGISTRY.find((item) => item.path === path);"
"Wizard","frontend\dashboards\src\routes\wizardRouteAccess.test.jsx","13","describe(""wizard route access matrix"", () => {"
"Wizard","frontend\dashboards\src\routes\wizardRouteAccess.test.jsx","14","it(""keeps unique wizard paths"", () => {"
"Wizard","frontend\dashboards\src\routes\wizardRouteAccess.test.jsx","15","const paths = WIZARD_REGISTRY.map((item) => item.path);"
"Wizard","frontend\dashboards\src\routes\wizardRouteAccess.test.jsx","19","it(""defines explicit allowed roles for every wizard route"", () => {"
"Wizard","frontend\dashboards\src\routes\wizardRouteAccess.test.jsx","20","WIZARD_REGISTRY.forEach((route) => {"
"Wizard","frontend\dashboards\src\routes\wizards.js","2","* Wizard Route Registry ? Crown2026"
"Wizard","frontend\dashboards\src\routes\wizards.js","4","* Single source of truth for all setup wizard routes."
"Wizard","frontend\dashboards\src\routes\wizards.js","6","* To add a new wizard:"
"Wizard","frontend\dashboards\src\routes\wizards.js","7","*   1. Create pages/<WizardName>Wizard.jsx + pages/<wizard_name>_wizard/Step*.jsx"
"Wizard","frontend\dashboards\src\routes\wizards.js","8","*   2. Create api/<wizard_name>_wizard.js"
"Wizard","frontend\dashboards\src\routes\wizards.js","9","*   3. Add ONE entry to WIZARD_REGISTRY below."
"Wizard","frontend\dashboards\src\routes\wizards.js","10","*   4. router.jsx auto-picks it up via `...wizardRoutes()`."
"Wizard","frontend\dashboards\src\routes\wizards.js","17","*   roles       ? which roles may access this wizard (optional, for future guard)"
"Wizard","frontend\dashboards\src\routes\wizards.js","23","import { WIZARD_SLUGS } from './wizard-manifest.js';"
"Wizard","frontend\dashboards\src\routes\wizards.js","25","import AdmissionsIntakeWizard from '../pages/AdmissionsIntakeWizard.jsx';"
"Wizard","frontend\dashboards\src\routes\wizards.js","26","import ReenrollmentWizard from '../pages/ReenrollmentWizard.jsx';"
"Wizard","frontend\dashboards\src\routes\wizards.js","27","import BillingWizard from '../pages/BillingWizard.jsx';"
"Wizard","frontend\dashboards\src\routes\wizards.js","28","import FinancialAidWizard from '../pages/FinancialAidWizard.jsx';"
"Wizard","frontend\dashboards\src\routes\wizards.js","29","import SchedulingWizard from '../pages/SchedulingWizard.jsx';"
"Wizard","frontend\dashboards\src\routes\wizards.js","30","import CommsWizard from '../pages/CommsWizard.jsx';"
"Wizard","frontend\dashboards\src\routes\wizards.js","31","import SectionAssignWizard from '../pages/SectionAssignWizard.jsx';"
"Wizard","frontend\dashboards\src\routes\wizards.js","32","import BellScheduleWizard from '../pages/BellScheduleWizard.jsx';"
"Wizard","frontend\dashboards\src\routes\wizards.js","33","import GradebookSetupWizard from '../pages/GradebookSetupWizard.jsx';"
"Wizard","frontend\dashboards\src\routes\wizards.js","34","import AttendanceRulesWizard from '../pages/AttendanceRulesWizard.jsx';"
"Wizard","frontend\dashboards\src\routes\wizards.js","35","import EnrollmentConversionWizard from '../pages/EnrollmentConversionWizard.jsx';"
"Wizard","frontend\dashboards\src\routes\wizards.js","36","import InvoiceRunWizard from '../pages/InvoiceRunWizard.jsx';"
"Wizard","frontend\dashboards\src\routes\wizards.js","37","import StaffOnboardingWizard from '../pages/StaffOnboardingWizard.jsx';"
"Wizard","frontend\dashboards\src\routes\wizards.js","38","import FeeScheduleWizard from '../pages/FeeScheduleWizard.jsx';"
"Wizard","frontend\dashboards\src\routes\wizards.js","39","import AcademicYearWizard from '../pages/AcademicYearWizard.jsx';"
"Wizard","frontend\dashboards\src\routes\wizards.js","40","import EnrollmentPeriodWizard from '../pages/EnrollmentPeriodWizard.jsx';"
"Wizard","frontend\dashboards\src\routes\wizards.js","41","import GradeScaleWizard from '../pages/GradeScaleWizard.jsx';"
"Wizard","frontend\dashboards\src\routes\wizards.js","42","import TermStructureWizard from '../pages/TermStructureWizard.jsx';"
"Wizard","frontend\dashboards\src\routes\wizards.js","43","// ? Add new wizard imports here"
"Wizard","frontend\dashboards\src\routes\wizards.js","44","import SectionSchedulerWizard from '../pages/SectionSchedulerWizard.jsx';"
"Wizard","frontend\dashboards\src\routes\wizards.js","45","import StaffSetupWizard from '../pages/StaffSetupWizard.jsx';"
"Wizard","frontend\dashboards\src\routes\wizards.js","46","import CourseCatalogWizard from '../pages/CourseCatalogWizard.jsx';"
"Wizard","frontend\dashboards\src\routes\wizards.js","47","import RoomSetupWizard from '../pages/RoomSetupWizard.jsx';"
"Wizard","frontend\dashboards\src\routes\wizards.js","48","import PromotionWizard from '../pages/PromotionWizard.jsx';"
"Wizard","frontend\dashboards\src\routes\wizards.js","64","const RAW_WIZARD_ROUTE_DEFINITIONS = ["
"Wizard","frontend\dashboards\src\routes\wizards.js","67","component: AdmissionsIntakeWizard,"
"Wizard","frontend\dashboards\src\routes\wizards.js","74","component: ReenrollmentWizard,"
"Wizard","frontend\dashboards\src\routes\wizards.js","81","component: BillingWizard,"
"Wizard","frontend\dashboards\src\routes\wizards.js","83","apiPrefix: '/api/v1/billing-wizard/sessions/',"
"Wizard","frontend\dashboards\src\routes\wizards.js","88","component: FinancialAidWizard,"
"Wizard","frontend\dashboards\src\routes\wizards.js","90","apiPrefix: '/api/v1/aid-wizard/sessions/',"
"Wizard","frontend\dashboards\src\routes\wizards.js","95","component: SchedulingWizard,"
"Wizard","frontend\dashboards\src\routes\wizards.js","97","apiPrefix: '/api/v1/scheduling-wizard/sessions/',"
"Wizard","frontend\dashboards\src\routes\wizards.js","102","component: CommsWizard,"
"Wizard","frontend\dashboards\src\routes\wizards.js","104","apiPrefix: '/api/v1/comms-wizard/sessions/',"
"Wizard","frontend\dashboards\src\routes\wizards.js","109","component: SectionAssignWizard,"
"Wizard","frontend\dashboards\src\routes\wizards.js","111","apiPrefix: '/api/v1/section-assign-wizard/sessions/',"
"Wizard","frontend\dashboards\src\routes\wizards.js","116","component: BellScheduleWizard,"
"Wizard","frontend\dashboards\src\routes\wizards.js","118","apiPrefix: '/api/v1/bell-schedule-wizard/sessions/',"
"Wizard","frontend\dashboards\src\routes\wizards.js","123","component: GradebookSetupWizard,"
"Wizard","frontend\dashboards\src\routes\wizards.js","125","apiPrefix: '/api/v1/gradebook-setup-wizard/sessions/',"
"Wizard","frontend\dashboards\src\routes\wizards.js","130","component: AttendanceRulesWizard,"
"Wizard","frontend\dashboards\src\routes\wizards.js","132","apiPrefix: '/api/v1/attendance-rules-wizard/sessions/',"
"Wizard","frontend\dashboards\src\routes\wizards.js","137","component: EnrollmentConversionWizard,"
"Wizard","frontend\dashboards\src\routes\wizards.js","139","apiPrefix: '/api/v1/enrollment-conversion-wizard/sessions/',"
"Wizard","frontend\dashboards\src\routes\wizards.js","144","component: InvoiceRunWizard,"
"Wizard","frontend\dashboards\src\routes\wizards.js","146","apiPrefix: '/api/v1/invoice-run-wizard/sessions/',"
"Wizard","frontend\dashboards\src\routes\wizards.js","151","component: StaffOnboardingWizard,"
"Wizard","frontend\dashboards\src\routes\wizards.js","153","apiPrefix: '/api/v1/staff-onboarding-wizard/sessions/',"
"Wizard","frontend\dashboards\src\routes\wizards.js","158","component: FeeScheduleWizard,"
"Wizard","frontend\dashboards\src\routes\wizards.js","160","apiPrefix: '/api/v1/fee-schedule-wizard/sessions/',"
"Wizard","frontend\dashboards\src\routes\wizards.js","165","component: AcademicYearWizard,"
"Wizard","frontend\dashboards\src\routes\wizards.js","167","apiPrefix: '/api/v1/academic-year-wizard/sessions/',"
"Wizard","frontend\dashboards\src\routes\wizards.js","172","component: EnrollmentPeriodWizard,"
"Wizard","frontend\dashboards\src\routes\wizards.js","174","apiPrefix: '/api/v1/enrollment-period-wizard/sessions/',"
"Wizard","frontend\dashboards\src\routes\wizards.js","179","component: GradeScaleWizard,"
"Wizard","frontend\dashboards\src\routes\wizards.js","181","apiPrefix: '/api/v1/grade-scale-wizard/sessions/',"
"Wizard","frontend\dashboards\src\routes\wizards.js","186","component: TermStructureWizard,"
"Wizard","frontend\dashboards\src\routes\wizards.js","188","apiPrefix: '/api/v1/term-structure-wizard/sessions/',"
"Wizard","frontend\dashboards\src\routes\wizards.js","191","// ? Add new wizard entries here"
"Wizard","frontend\dashboards\src\routes\wizards.js","194","component: SectionSchedulerWizard,"
"Wizard","frontend\dashboards\src\routes\wizards.js","196","apiPrefix: '/api/v1/section-scheduler-wizard/sessions/',"
"Wizard","frontend\dashboards\src\routes\wizards.js","201","component: StaffSetupWizard,"
"Wizard","frontend\dashboards\src\routes\wizards.js","203","apiPrefix: '/api/v1/staff-setup-wizard/sessions/',"
"Wizard","frontend\dashboards\src\routes\wizards.js","208","component: CourseCatalogWizard,"
"Wizard","frontend\dashboards\src\routes\wizards.js","210","apiPrefix: '/api/v1/course-catalog-wizard/sessions/',"
"Wizard","frontend\dashboards\src\routes\wizards.js","215","component: RoomSetupWizard,"
"Wizard","frontend\dashboards\src\routes\wizards.js","217","apiPrefix: '/api/v1/room-setup-wizard/sessions/',"
"Wizard","frontend\dashboards\src\routes\wizards.js","222","component: PromotionWizard,"
"Wizard","frontend\dashboards\src\routes\wizards.js","224","apiPrefix: '/api/v1/promotion-wizard/sessions/',"
"Wizard","frontend\dashboards\src\routes\wizards.js","229","function normalizeWizardRoute(route) {"
"Wizard","frontend\dashboards\src\routes\wizards.js","236","moduleType: route.moduleType || 'wizard',"
"Wizard","frontend\dashboards\src\routes\wizards.js","237","owner: route.owner || 'wizardRoutes',"
"Wizard","frontend\dashboards\src\routes\wizards.js","243","export const WIZARD_ROUTE_DEFINITIONS = RAW_WIZARD_ROUTE_DEFINITIONS.map(normalizeWizardRoute);"
"Wizard","frontend\dashboards\src\routes\wizards.js","246","export const WIZARD_REGISTRY = WIZARD_ROUTE_DEFINITIONS;"
"Wizard","frontend\dashboards\src\routes\wizards.js","249","* Slugs imported from wizard-manifest.js (React-free) ? safe for Playwright tests."
"Wizard","frontend\dashboards\src\routes\wizards.js","252","export { WIZARD_SLUGS };"
"Wizard","frontend\dashboards\src\routes\wizards.js","254","function buildWizardElement(route) {"
"Wizard","frontend\dashboards\src\routes\wizards.js","266","* Returns React Router route objects for all registered wizards."
"Wizard","frontend\dashboards\src\routes\wizards.js","270","*   import { wizardRoutes } from './wizards.js';"
"Wizard","frontend\dashboards\src\routes\wizards.js","274","*     ...wizardRoutes(),"
"Wizard","frontend\dashboards\src\routes\wizards.js","277","export function wizardRoutes() {"
"Wizard","frontend\dashboards\src\routes\wizards.js","278","return WIZARD_ROUTE_DEFINITIONS.map((route) => ({"
"Wizard","frontend\dashboards\src\routes\wizards.js","280","element: buildWizardElement(route),"
"Wizard","frontend\dashboards\src\routes\wizards.js","284","export default wizardRoutes;"
"Wizard","frontend\dashboards\src\styles\crown-wizard.css","1","/* crown-wizard.css ? tokens from crown-theme.css, no overrides */"
"Wizard","frontend\dashboards\src\styles\crown-wizard.css","3",".crown-wizard-header {"
"Wizard","frontend\dashboards\src\styles\crown-wizard.css","11",".crown-wizard-steps {"
"Wizard","frontend\dashboards\src\styles\crown-wizard.css","18",".crown-wizard-step-pill {"
"Wizard","frontend\dashboards\src\styles\crown-wizard.css","29",".crown-wizard-step-pill.active {"
"Wizard","frontend\dashboards\src\styles\crown-wizard.css","35",".crown-wizard-step-pill.done {"
"Wizard","frontend\dashboards\src\styles\crown-wizard.css","40",".crown-wizard-actions {"
"Wizard","frontend\dashboards\src\styles\crown-wizard.css","50",".crown-wizard-actions-right {"
"Wizard","frontend\dashboards\src\styles\crown-wizard.css","74","/* Table variants used inside wizard steps */"
"Wizard","frontend\dashboards\src\tests\writeFlowContract.test.jsx","6","import { useWizardDraft } from '../hooks/useWizardDraft';"
"Wizard","frontend\dashboards\src\tests\writeFlowContract.test.jsx","10","function TestWriteWizard({ onSuccess }) {"
"Wizard","frontend\dashboards\src\tests\writeFlowContract.test.jsx","11","const { value, setValue, saveDraft, clearDraft } = useWizardDraft('test-write-wizard', {"
"Wizard","frontend\dashboards\src\tests\writeFlowContract.test.jsx","74","render(<TestWriteWizard onSuccess={onSuccess} />);"
"Wizard","frontend\dashboards\src\tests\writeFlowContract.test.jsx","83","window.localStorage.getItem('crown_wizard_draft:test-write-wizard'),"
"Wizard","frontend\dashboards\src\tests\writeFlowContract.test.jsx","93","window.localStorage.getItem('crown_wizard_draft:test-write-wizard'),"
"Wizard","frontend\dashboards\src\tests\writeFlowContract.test.jsx","108","render(<TestWriteWizard onSuccess={onSuccess} />);"
"Wizard","frontend\dashboards\src\tests\writeFlowContract.test.jsx","122","window.localStorage.getItem('crown_wizard_draft:test-write-wizard'),"
"Wizard","frontend\dashboards\src\tests\writeFlowContract.test.jsx","136","render(<TestWriteWizard onSuccess={() => {}} />);"
