"FindingType","RelativePath","LineNumber","LineContent"
"DashboardComponent","frontend\dashboards\src\auth\AuthProvider.jsx","1","// frontend/dashboards/src/auth/AuthProvider.jsx"
"DashboardComponent","frontend\dashboards\src\auth\RequireAuth.jsx","1","// frontend/dashboards/src/auth/RequireAuth.jsx"
"DashboardComponent","frontend\dashboards\src\auth\RequireAuth.jsx","6","//   <Route path=""/dash/:role"" element={<RequireAuth><RoleDashboardPage /></RequireAuth>} />"
"DashboardComponent","frontend\dashboards\src\components\board\AftercareBoardCard.jsx","38","<BoardCard title=""Aftercare ??? Monthly Dashboard"" subtitle={`As of ${data.as_of}`}>"
"DashboardComponent","frontend\dashboards\src\components\board\BoardTrendChart.jsx","3","LineChart,"
"DashboardComponent","frontend\dashboards\src\components\board\BoardTrendChart.jsx","29","<LineChart data={data}>"
"DashboardComponent","frontend\dashboards\src\components\board\BoardTrendChart.jsx","49","</LineChart>"
"DashboardComponent","frontend\dashboards\src\components\crown\CrownGrid.jsx","7","*     <Col span={3}><CrownMetricCard ... /></Col>"
"DashboardComponent","frontend\dashboards\src\components\crown\CrownMetricCard.jsx","4","* CrownMetricCard ??? single KPI tile used in the top metric row."
"DashboardComponent","frontend\dashboards\src\components\crown\CrownMetricCard.jsx","11","export default function CrownMetricCard({ label, value, hint }) {"
"DashboardComponent","frontend\dashboards\src\components\crown-dashboard\CrownDashboardActionGrid.jsx","3","export default function CrownDashboardActionGrid({ actions = [] }) {"
"DashboardComponent","frontend\dashboards\src\components\crown-dashboard\CrownDashboardActivityFeed.jsx","3","export default function CrownDashboardActivityFeed({"
"DashboardComponent","frontend\dashboards\src\components\crown-dashboard\CrownDashboardEmptyState.jsx","3","export default function CrownDashboardEmptyState(props) {"
"DashboardComponent","frontend\dashboards\src\components\crown-dashboard\CrownDashboardErrorState.jsx","3","export default function CrownDashboardErrorState(props) {"
"DashboardComponent","frontend\dashboards\src\components\crown-dashboard\CrownDashboardFlipCard.jsx","4","export default function CrownDashboardFlipCard({ module }) {"
"DashboardComponent","frontend\dashboards\src\components\crown-dashboard\CrownDashboardHeader.jsx","3","export default function CrownDashboardHeader(props) {"
"DashboardComponent","frontend\dashboards\src\components\crown-dashboard\CrownDashboardMetricCard.jsx","3","export default function CrownDashboardMetricCard({ label, value, detail, accent = 'blue' }) {"
"DashboardComponent","frontend\dashboards\src\components\crown-dashboard\CrownDashboardMetricGrid.jsx","1","export default function CrownDashboardMetricGrid({ children, className = '' }) {"
"DashboardComponent","frontend\dashboards\src\components\crown-dashboard\CrownDashboardMetricGrid.jsx","2","const classes = ['launch-dashboard-grid', 'launch-dashboard-grid-metrics', className].filter(Boolean).join(' ');"
"DashboardComponent","frontend\dashboards\src\components\crown-dashboard\CrownDashboardRightRail.jsx","13","export default function CrownDashboardRightRail({ sections = [] }) {"
"DashboardComponent","frontend\dashboards\src\components\crown-dashboard\CrownDashboardSection.jsx","3","export default function CrownDashboardSection({ kicker = 'Overview', title, body, actions = [] }) {"
"DashboardComponent","frontend\dashboards\src\components\crown-dashboard\CrownDashboardShell.jsx","4","export default function CrownDashboardShell({"
"DashboardComponent","frontend\dashboards\src\components\crown-dashboard\CrownDashboardStatusPanel.jsx","3","export default function CrownDashboardStatusPanel({ title = 'System Status', statuses = [], kicker = 'System Status' }) "
"DashboardComponent","frontend\dashboards\src\components\crown-dashboard\CrownDashboardTemplate.jsx","2","import CrownDashboardShell from './CrownDashboardShell.jsx';"
"DashboardComponent","frontend\dashboards\src\components\crown-dashboard\CrownDashboardTemplate.jsx","3","import CrownDashboardHeader from './CrownDashboardHeader.jsx';"
"DashboardComponent","frontend\dashboards\src\components\crown-dashboard\CrownDashboardTemplate.jsx","4","import CrownDashboardMetricGrid from './CrownDashboardMetricGrid.jsx';"
"DashboardComponent","frontend\dashboards\src\components\crown-dashboard\CrownDashboardTemplate.jsx","5","import CrownDashboardMetricCard from './CrownDashboardMetricCard.jsx';"
"DashboardComponent","frontend\dashboards\src\components\crown-dashboard\CrownDashboardTemplate.jsx","8","import CrownDashboardActivityFeed from './CrownDashboardActivityFeed.jsx';"
"DashboardComponent","frontend\dashboards\src\components\crown-dashboard\CrownDashboardTemplate.jsx","9","import CrownDashboardStatusPanel from './CrownDashboardStatusPanel.jsx';"
"DashboardComponent","frontend\dashboards\src\components\crown-dashboard\CrownDashboardTemplate.jsx","11","import CrownDashboardEmptyState from './CrownDashboardEmptyState.jsx';"
"DashboardComponent","frontend\dashboards\src\components\crown-dashboard\CrownDashboardTemplate.jsx","12","import CrownDashboardErrorState from './CrownDashboardErrorState.jsx';"
"DashboardComponent","frontend\dashboards\src\components\crown-dashboard\CrownDashboardTemplate.jsx","13","import CrownDashboardFlipCard from './CrownDashboardFlipCard.jsx';"
"DashboardComponent","frontend\dashboards\src\components\crown-dashboard\CrownDashboardTemplate.jsx","14","import CrownDashboardRightRail from './CrownDashboardRightRail.jsx';"
"DashboardComponent","frontend\dashboards\src\components\crown-dashboard\CrownDashboardTemplate.jsx","23","export default function CrownDashboardTemplate({ config, roleKey }) {"
"DashboardComponent","frontend\dashboards\src\components\crown-dashboard\CrownDashboardTemplate.jsx","25","return <CrownDashboardErrorState title=""Dashboard unavailable"" message=""Dashboard configuration is missing or invalid."" "
"DashboardComponent","frontend\dashboards\src\components\crown-dashboard\CrownDashboardTemplate.jsx","43","<CrownDashboardShell"
"DashboardComponent","frontend\dashboards\src\components\crown-dashboard\CrownDashboardTemplate.jsx","48","rightRail={isSchoolAdminCommandCenter ? <CrownDashboardRightRail sections={rightRailSections} /> : null}"
"DashboardComponent","frontend\dashboards\src\components\crown-dashboard\CrownDashboardTemplate.jsx","50","<CrownDashboardHeader"
"DashboardComponent","frontend\dashboards\src\components\crown-dashboard\CrownDashboardTemplate.jsx","60","<CrownDashboardMetricGrid className=""launch-dashboard-grid-metrics-admin"">"
"DashboardComponent","frontend\dashboards\src\components\crown-dashboard\CrownDashboardTemplate.jsx","62","<CrownDashboardMetricCard key={card.label} {...card} />"
"DashboardComponent","frontend\dashboards\src\components\crown-dashboard\CrownDashboardTemplate.jsx","64","</CrownDashboardMetricGrid>"
"DashboardComponent","frontend\dashboards\src\components\crown-dashboard\CrownDashboardTemplate.jsx","66","<section className=""launch-dashboard-grid launch-dashboard-grid-primary"">"
"DashboardComponent","frontend\dashboards\src\components\crown-dashboard\CrownDashboardTemplate.jsx","97","<section className=""launch-dashboard-grid launch-dashboard-grid-module launch-command-grid"">"
"DashboardComponent","frontend\dashboards\src\components\crown-dashboard\CrownDashboardTemplate.jsx","99","<CrownDashboardFlipCard key={module.key} module={module} />"
"DashboardComponent","frontend\dashboards\src\components\crown-dashboard\CrownDashboardTemplate.jsx","103","<section className=""launch-dashboard-grid launch-dashboard-grid-analytics"">"
"DashboardComponent","frontend\dashboards\src\components\crown-dashboard\CrownDashboardTemplate.jsx","113","<CrownDashboardActivityFeed"
"DashboardComponent","frontend\dashboards\src\components\crown-dashboard\CrownDashboardTemplate.jsx","151","<section className=""launch-dashboard-grid launch-dashboard-grid-secondary"">"
"DashboardComponent","frontend\dashboards\src\components\crown-dashboard\CrownDashboardTemplate.jsx","153","<CrownDashboardStatusPanel"
"DashboardComponent","frontend\dashboards\src\components\crown-dashboard\CrownDashboardTemplate.jsx","158","<CrownDashboardEmptyState"
"DashboardComponent","frontend\dashboards\src\components\crown-dashboard\CrownDashboardTemplate.jsx","166","<CrownDashboardMetricGrid>"
"DashboardComponent","frontend\dashboards\src\components\crown-dashboard\CrownDashboardTemplate.jsx","168","<CrownDashboardMetricCard key={card.label} {...card} />"
"DashboardComponent","frontend\dashboards\src\components\crown-dashboard\CrownDashboardTemplate.jsx","170","</CrownDashboardMetricGrid>"
"DashboardComponent","frontend\dashboards\src\components\crown-dashboard\CrownDashboardTemplate.jsx","172","<section className=""launch-dashboard-grid launch-dashboard-grid-primary"">"
"DashboardComponent","frontend\dashboards\src\components\crown-dashboard\CrownDashboardTemplate.jsx","179","<CrownDashboardActivityFeed"
"DashboardComponent","frontend\dashboards\src\components\crown-dashboard\CrownDashboardTemplate.jsx","186","<section className=""launch-dashboard-grid launch-dashboard-grid-secondary"">"
"DashboardComponent","frontend\dashboards\src\components\crown-dashboard\CrownDashboardTemplate.jsx","188","<CrownDashboardStatusPanel"
"DashboardComponent","frontend\dashboards\src\components\crown-dashboard\CrownDashboardTemplate.jsx","196","<section className=""launch-dashboard-grid launch-dashboard-grid-primary"">"
"DashboardComponent","frontend\dashboards\src\components\crown-dashboard\CrownDashboardTemplate.jsx","203","<CrownDashboardEmptyState"
"DashboardComponent","frontend\dashboards\src\components\crown-dashboard\CrownDashboardTemplate.jsx","213","<CrownDashboardErrorState title={config.errorState.title} message={config.errorState.message} />"
"DashboardComponent","frontend\dashboards\src\components\crown-dashboard\CrownDashboardTemplate.jsx","250","</CrownDashboardShell>"
"DashboardComponent","frontend\dashboards\src\components\crown-dashboard\CrownInsightPanel.jsx","3","LineChart,"
"DashboardComponent","frontend\dashboards\src\components\crown-dashboard\CrownInsightPanel.jsx","32","<LineChart data={trend} margin={{ top: 10, right: 10, left: -20, bottom: 0 }}>"
"DashboardComponent","frontend\dashboards\src\components\crown-dashboard\CrownInsightPanel.jsx","45","</LineChart>"
"DashboardComponent","frontend\dashboards\src\components\crown-dashboard\CrownModuleSection.jsx","1","import CrownDashboardSection from './CrownDashboardSection.jsx';"
"DashboardComponent","frontend\dashboards\src\components\crown-dashboard\CrownModuleSection.jsx","4","return <CrownDashboardSection {...props} />;"
"DashboardComponent","frontend\dashboards\src\components\crown-dashboard\CrownQuickActions.jsx","1","import CrownDashboardActionGrid from './CrownDashboardActionGrid.jsx';"
"DashboardComponent","frontend\dashboards\src\components\crown-dashboard\CrownQuickActions.jsx","4","return <CrownDashboardActionGrid {...props} />;"
"DashboardComponent","frontend\dashboards\src\components\dashboard\master\MasterControlActivityFeedCard.jsx","6","{ title: 'Support dashboard refreshed', meta: 'Today' },"
"DashboardComponent","frontend\dashboards\src\components\dashboard\shared\DashboardErrorState.jsx","3","export default function DashboardErrorState({ error }) {"
"DashboardComponent","frontend\dashboards\src\components\dashboard\shared\DashboardErrorState.jsx","6","{error?.message || 'Dashboard data failed to load.'}"
"DashboardComponent","frontend\dashboards\src\components\dashboard\shared\DashboardLoadingState.jsx","3","export default function DashboardLoadingState({ title = 'Loading dashboard data...' }) {"
"DashboardComponent","frontend\dashboards\src\components\dashboard\shared\DataStatusBanner.jsx","2","import { getCertificationStatusColor } from '../../../config/dashboardCertificationRegistry';"
"DashboardComponent","frontend\dashboards\src\components\dashboard\FlipMetricCard.jsx","4","export default function FlipMetricCard({"
"DashboardComponent","frontend\dashboards\src\components\dashboard\KpiCard.jsx","3","export default function KpiCard({ title, value, trend, icon, tone = 'default' }) {"
"DashboardComponent","frontend\dashboards\src\components\dashboard\KpiCardGrid.jsx","1","export default function KpiCardGrid({ children }) {"
"DashboardComponent","frontend\dashboards\src\components\dashboard\KpiFlipCard.jsx","26","/* ?????? Card height (px) ??? consistent across all dashboards ??????????????????????????????????????? */"
"DashboardComponent","frontend\dashboards\src\components\dashboard\MetricCard.jsx","3","export default function MetricCard({ label, value, helperText, footer }) {"
"DashboardComponent","frontend\dashboards\src\components\dashboard\OperationalSnapshotCard.jsx","52","actionLabel = 'Open Dashboard Detail',"
"DashboardComponent","frontend\dashboards\src\components\dashboard\StatWidget.jsx","3","* Extends CrownMetricCard with expand + status coloring."
"DashboardComponent","frontend\dashboards\src\components\dashboard\TrendChartCard.jsx","4","LineChart,"
"DashboardComponent","frontend\dashboards\src\components\dashboard\TrendChartCard.jsx","6","BarChart,"
"DashboardComponent","frontend\dashboards\src\components\dashboard\TrendChartCard.jsx","25","export default function TrendChartCard({"
"DashboardComponent","frontend\dashboards\src\components\dashboard\TrendChartCard.jsx","43","<BarChart data={rows}>"
"DashboardComponent","frontend\dashboards\src\components\dashboard\TrendChartCard.jsx","57","</BarChart>"
"DashboardComponent","frontend\dashboards\src\components\dashboard\TrendChartCard.jsx","59","<LineChart data={rows}>"
"DashboardComponent","frontend\dashboards\src\components\dashboard\TrendChartCard.jsx","76","</LineChart>"
"DashboardComponent","frontend\dashboards\src\components\dashboard\WidgetDispatcher.jsx","2","* WidgetDispatcher ??? routes a DashboardWidget to the right component."
"DashboardComponent","frontend\dashboards\src\components\launch\CrownMetricCard.jsx","3","export default function CrownMetricCard({ label, value, detail, accent = 'blue' }) {"
"DashboardComponent","frontend\dashboards\src\components\launch\CrownSidebar.jsx","6","{ label: 'Dashboard', href: '/dashboard', glyph: 'D' },"
"DashboardComponent","frontend\dashboards\src\components\launch\CrownSidebar.jsx","44","activePath = '/dashboard',"
"DashboardComponent","frontend\dashboards\src\components\layout\DashboardSection.jsx","4","* DashboardSection ??? consistent titled section wrapper."
"DashboardComponent","frontend\dashboards\src\components\layout\DashboardSection.jsx","7","*   <DashboardSection title=""Executive Summary"">"
"DashboardComponent","frontend\dashboards\src\components\layout\DashboardSection.jsx","9","*   </DashboardSection>"
"DashboardComponent","frontend\dashboards\src\components\layout\DashboardSection.jsx","11","export default function DashboardSection({ title, subtitle, children }) {"
"DashboardComponent","frontend\dashboards\src\components\navigation\CrownSidebar.jsx","3","import { getDashboardNavSections } from './dashboardNavConfig';"
"DashboardComponent","frontend\dashboards\src\components\navigation\CrownSidebar.jsx","110","const dashboardNavSections = getDashboardNavSections();"
"DashboardComponent","frontend\dashboards\src\components\navigation\CrownSidebar.jsx","113","const visibleNavItems = filterVisibleNav(dashboardNavSections, { roles: userRoles, permissions })"
"DashboardComponent","frontend\dashboards\src\components\system\AppErrorBoundary.jsx","32","Crown dashboard error"
"DashboardComponent","frontend\dashboards\src\components\system\AppErrorBoundary.jsx","35","The dashboard hit a runtime error and could not continue safely."
"DashboardComponent","frontend\dashboards\src\entitlements\EntitlementGate.tsx","17","*     <AdvancedAnalyticsDashboard />"
"DashboardComponent","frontend\dashboards\src\modules\advancement\AdvancementDashboard.jsx","2","* AdvancementDashboard  Stage 1 KPI overview"
"DashboardComponent","frontend\dashboards\src\modules\advancement\AdvancementDashboard.jsx","28","export default function AdvancementDashboard() {"
"DashboardComponent","frontend\dashboards\src\modules\advancement\AdvancementDashboard.jsx","54","<div aria-label=""Advancement Dashboard"">"
"DashboardComponent","frontend\dashboards\src\modules\advancement\AdvancementDashboard.jsx","59","<KpiCard label=""Total Advancement Revenue"" value={fmtCurrency(data.total_advancement_revenue)} />"
"DashboardComponent","frontend\dashboards\src\modules\advancement\AdvancementDashboard.jsx","60","<KpiCard label=""Donations""                  value={fmtCurrency(data.donation_revenue)} />"
"DashboardComponent","frontend\dashboards\src\modules\advancement\AdvancementDashboard.jsx","61","<KpiCard label=""Ticket Revenue""             value={fmtCurrency(data.ticket_revenue)} />"
"DashboardComponent","frontend\dashboards\src\modules\advancement\AdvancementDashboard.jsx","62","<KpiCard label=""Sponsorship Revenue""        value={fmtCurrency(data.sponsorship_revenue)} />"
"DashboardComponent","frontend\dashboards\src\modules\advancement\AdvancementDashboard.jsx","63","<KpiCard label=""Store Revenue""              value={fmtCurrency(data.store_revenue)} />"
"DashboardComponent","frontend\dashboards\src\modules\advancement\AdvancementDashboard.jsx","64","<KpiCard label=""Total Donors""               value={data.total_donors} />"
"DashboardComponent","frontend\dashboards\src\modules\advancement\AdvancementDashboard.jsx","65","<KpiCard label=""Tickets Sold""               value={data.tickets_sold_total} />"
"DashboardComponent","frontend\dashboards\src\modules\advancement\AdvancementDashboard.jsx","66","<KpiCard label=""Active Store Items""         value={data.store_items_active} />"
"DashboardComponent","frontend\dashboards\src\modules\advancement\AdvancementDashboard.jsx","131","function KpiCard({ label, value }) {"
"DashboardComponent","frontend\dashboards\src\pages\billing_wizard\Step6Verify.jsx","92","Setup complete for term <strong>{result.result?.term || term}</strong>. Return to the dashboard to begin billing runs."
"DashboardComponent","frontend\dashboards\src\pages\AcademicsDashboard.jsx","16","import { KpiStrip } from '../components/dashboard/KpiFlipCard.jsx';"
"DashboardComponent","frontend\dashboards\src\pages\AcademicsDashboard.jsx","38","export function AcademicsDashboard() {"
"DashboardComponent","frontend\dashboards\src\pages\AcademicSupportDashboard.jsx","4","import CrownMetricCard from '../components/crown/CrownMetricCard.jsx';"
"DashboardComponent","frontend\dashboards\src\pages\AcademicSupportDashboard.jsx","6","import DashboardSection from '../components/layout/DashboardSection.jsx';"
"DashboardComponent","frontend\dashboards\src\pages\AcademicSupportDashboard.jsx","7","import { KpiStrip } from '../components/dashboard/KpiFlipCard.jsx';"
"DashboardComponent","frontend\dashboards\src\pages\AcademicSupportDashboard.jsx","96","export default function AcademicSupportDashboard() {"
"DashboardComponent","frontend\dashboards\src\pages\AcademicSupportDashboard.jsx","119","<DashboardSection title=""Overview"">"
"DashboardComponent","frontend\dashboards\src\pages\AcademicSupportDashboard.jsx","121","<Col span={3}><CrownMetricCard label=""Students on IEP""       value={data.students_on_iep       ?? DEMO.students_on_iep} "
"DashboardComponent","frontend\dashboards\src\pages\AcademicSupportDashboard.jsx","122","<Col span={3}><CrownMetricCard label=""Reviews Due (30 days)"" value={data.upcoming_reviews      ?? DEMO.upcoming_reviews}"
"DashboardComponent","frontend\dashboards\src\pages\AcademicSupportDashboard.jsx","123","<Col span={3}><CrownMetricCard label=""Active Accommodations""  value={data.accommodations_active ?? DEMO.accommodations_a"
"DashboardComponent","frontend\dashboards\src\pages\AcademicSupportDashboard.jsx","124","<Col span={3}><CrownMetricCard label=""Referrals Pending""      value={data.referrals_pending     ?? DEMO.referrals_pendin"
"DashboardComponent","frontend\dashboards\src\pages\AcademicSupportDashboard.jsx","126","</DashboardSection>"
"DashboardComponent","frontend\dashboards\src\pages\AcademicSupportDashboard.jsx","129","<DashboardSection title=""IEP Reviews & Caseload"">"
"DashboardComponent","frontend\dashboards\src\pages\AcademicSupportDashboard.jsx","173","</DashboardSection>"
"DashboardComponent","frontend\dashboards\src\pages\AcademicSupportDashboard.jsx","176","<DashboardSection title=""Accommodations & Alerts"">"
"DashboardComponent","frontend\dashboards\src\pages\AcademicSupportDashboard.jsx","211","</DashboardSection>"
"DashboardComponent","frontend\dashboards\src\pages\ActivitiesAthleticsDashboard.jsx","3","import ActivitiesSnapshotCard from '../components/dashboard/activities/ActivitiesSnapshotCard.jsx';"
"DashboardComponent","frontend\dashboards\src\pages\ActivitiesAthleticsDashboard.jsx","4","import EligibilityAlertsPanel from '../components/dashboard/activities/EligibilityAlertsPanel.jsx';"
"DashboardComponent","frontend\dashboards\src\pages\ActivitiesAthleticsDashboard.jsx","5","import EventQueueCard from '../components/dashboard/activities/EventQueueCard.jsx';"
"DashboardComponent","frontend\dashboards\src\pages\ActivitiesAthleticsDashboard.jsx","7","export default function ActivitiesAthleticsDashboard() {"
"DashboardComponent","frontend\dashboards\src\pages\ActivitiesAthleticsDashboard.jsx","10","title=""Activities and Athletics Dashboard"""
"DashboardComponent","frontend\dashboards\src\pages\AdminCommandCenterClean.jsx","268","function KpiCard({ item }) {"
"DashboardComponent","frontend\dashboards\src\pages\AdminCommandCenterClean.jsx","440","<p>School Administrator Dashboard</p>"
"DashboardComponent","frontend\dashboards\src\pages\AdminCommandCenterClean.jsx","464","<KpiCard key={item.label} item={item} />"
"DashboardComponent","frontend\dashboards\src\pages\AdminCommandCenterClean.jsx","468","<section className=""clean-dashboard-grid"">"
"DashboardComponent","frontend\dashboards\src\pages\AdminCommandCenterDashboard.jsx","233","function KpiCard({ item }) {"
"DashboardComponent","frontend\dashboards\src\pages\AdminCommandCenterDashboard.jsx","290","export default function AdminCommandCenterDashboard() {"
"DashboardComponent","frontend\dashboards\src\pages\AdminCommandCenterDashboard.jsx","311","<KpiCard key={item.label} item={item} />"
"DashboardComponent","frontend\dashboards\src\pages\AdminCommandCenterFinal.jsx","410","{ title: ""Command Centre"", items: [""Dashboard"", ""Overview""] },"
"DashboardComponent","frontend\dashboards\src\pages\AdminCommandCenterFinal.jsx","431","{ key: ""dashboard"", icon: ""dashboard"", targetId: ""overview"" },"
"DashboardComponent","frontend\dashboards\src\pages\AdminCommandCenterFinal.jsx","449","Dashboard: ""overview"","
"DashboardComponent","frontend\dashboards\src\pages\AdminCommandCenterFinal.jsx","482","dashboard: ""M4 4h7v7H4zM13 4h7v4h-7zM13 10h7v10h-7zM4 13h7v7H4z"","
"DashboardComponent","frontend\dashboards\src\pages\AdminCommandCenterFinal.jsx","504","<path d={iconPaths[name] || iconPaths.dashboard} />"
"DashboardComponent","frontend\dashboards\src\pages\AdminCommandCenterFinal.jsx","510","function KpiCard({ item }) {"
"DashboardComponent","frontend\dashboards\src\pages\AdminCommandCenterFinal.jsx","699","View attendance dashboard ???"
"DashboardComponent","frontend\dashboards\src\pages\AdminCommandCenterFinal.jsx","729","View finance dashboard ???"
"DashboardComponent","frontend\dashboards\src\pages\AdminCommandCenterFinal.jsx","970","<div className={`cc-dashboard ${isSidebarCollapsed ? ""cc-dashboard-collapsed"" : """"}`}>"
"DashboardComponent","frontend\dashboards\src\pages\AdminCommandCenterFinal.jsx","980","<span className=""cc-hero-kicker"">School Administrator Dashboard</span>"
"DashboardComponent","frontend\dashboards\src\pages\AdminCommandCenterFinal.jsx","1014","<KpiCard key={item.label} item={item} />"
"DashboardComponent","frontend\dashboards\src\pages\AdminDashboard.jsx","4","import DashboardSection from '../components/layout/DashboardSection.jsx';"
"DashboardComponent","frontend\dashboards\src\pages\AdminDashboard.jsx","7","import PrayerRequests from '../components/dashboard/PrayerRequests.jsx';"
"DashboardComponent","frontend\dashboards\src\pages\AdminDashboard.jsx","8","import DailyDevotion from '../components/dashboard/DailyDevotion.jsx';"
"DashboardComponent","frontend\dashboards\src\pages\AdminDashboard.jsx","9","import SpecialDays from '../components/dashboard/SpecialDays.jsx';"
"DashboardComponent","frontend\dashboards\src\pages\AdminDashboard.jsx","10","import PrioritiesPanel from '../components/dashboard/PrioritiesPanel.jsx';"
"DashboardComponent","frontend\dashboards\src\pages\AdminDashboard.jsx","11","import AlertsPanel from '../components/dashboard/AlertsPanel.jsx';"
"DashboardComponent","frontend\dashboards\src\pages\AdminDashboard.jsx","12","import KpiCard from '../components/dashboard/KpiCard.jsx';"
"DashboardComponent","frontend\dashboards\src\pages\AdminDashboard.jsx","13","import FlipMetricCard from '../components/dashboard/FlipMetricCard.jsx';"
"DashboardComponent","frontend\dashboards\src\pages\AdminDashboard.jsx","14","import KpiCardGrid from '../components/dashboard/KpiCardGrid.jsx';"
"DashboardComponent","frontend\dashboards\src\pages\AdminDashboard.jsx","15","import ProgressGoalCard from '../components/dashboard/ProgressGoalCard.jsx';"
"DashboardComponent","frontend\dashboards\src\pages\AdminDashboard.jsx","16","import HealthRingCard from '../components/dashboard/HealthRingCard.jsx';"
"DashboardComponent","frontend\dashboards\src\pages\AdminDashboard.jsx","17","import TrendChartCard from '../components/dashboard/TrendChartCard.jsx';"
"DashboardComponent","frontend\dashboards\src\pages\AdminDashboard.jsx","18","import ActivityFeedCard from '../components/dashboard/ActivityFeedCard.jsx';"
"DashboardComponent","frontend\dashboards\src\pages\AdminDashboard.jsx","19","import OperationalSnapshotCard from '../components/dashboard/OperationalSnapshotCard.jsx';"
"DashboardComponent","frontend\dashboards\src\pages\AdminDashboard.jsx","20","import CalendarCard from '../components/dashboard/CalendarCard.jsx';"
"DashboardComponent","frontend\dashboards\src\pages\AdminDashboard.jsx","21","import CommunicationsCard from '../components/dashboard/CommunicationsCard.jsx';"
"DashboardComponent","frontend\dashboards\src\pages\AdminDashboard.jsx","22","import ReportSnapshotCard from '../components/dashboard/ReportSnapshotCard.jsx';"
"DashboardComponent","frontend\dashboards\src\pages\AdminDashboard.jsx","68","export default function AdminDashboard() {"
"DashboardComponent","frontend\dashboards\src\pages\AdminDashboard.jsx","99","<h2 className=""text-sm font-medium uppercase tracking-wide"">Executive Dashboard</h2>"
"DashboardComponent","frontend\dashboards\src\pages\AdminDashboard.jsx","101","<ErrorBanner title=""Dashboard unavailable"" message={metricsError} />"
"DashboardComponent","frontend\dashboards\src\pages\AdminDashboard.jsx","103","<DashboardSection title=""Faith and Community"">"
"DashboardComponent","frontend\dashboards\src\pages\AdminDashboard.jsx","117","</DashboardSection>"
"DashboardComponent","frontend\dashboards\src\pages\AdminDashboard.jsx","119","<DashboardSection title=""Leadership Action"">"
"DashboardComponent","frontend\dashboards\src\pages\AdminDashboard.jsx","126","<KpiCardGrid>"
"DashboardComponent","frontend\dashboards\src\pages\AdminDashboard.jsx","127","<KpiCard"
"DashboardComponent","frontend\dashboards\src\pages\AdminDashboard.jsx","135","<KpiCard"
"DashboardComponent","frontend\dashboards\src\pages\AdminDashboard.jsx","143","<FlipMetricCard"
"DashboardComponent","frontend\dashboards\src\pages\AdminDashboard.jsx","154","'Open Discipline Dashboard',"
"DashboardComponent","frontend\dashboards\src\pages\AdminDashboard.jsx","160","<FlipMetricCard"
"DashboardComponent","frontend\dashboards\src\pages\AdminDashboard.jsx","176","</KpiCardGrid>"
"DashboardComponent","frontend\dashboards\src\pages\AdminDashboard.jsx","183","</DashboardSection>"
"DashboardComponent","frontend\dashboards\src\pages\AdminDashboard.jsx","185","<DashboardSection title=""Executive Insights"">"
"DashboardComponent","frontend\dashboards\src\pages\AdminDashboard.jsx","218","</DashboardSection>"
"DashboardComponent","frontend\dashboards\src\pages\AdminDashboard.jsx","220","<DashboardSection title=""Enrollment Funnel"">"
"DashboardComponent","frontend\dashboards\src\pages\AdminDashboard.jsx","223","<TrendChartCard"
"DashboardComponent","frontend\dashboards\src\pages\AdminDashboard.jsx","243","<TrendChartCard"
"DashboardComponent","frontend\dashboards\src\pages\AdminDashboard.jsx","258","</DashboardSection>"
"DashboardComponent","frontend\dashboards\src\pages\AdminDashboard.jsx","260","<DashboardSection title=""Operational Detail"">"
"DashboardComponent","frontend\dashboards\src\pages\AdminDashboard.jsx","270","</DashboardSection>"
"DashboardComponent","frontend\dashboards\src\pages\AdminDashboard.jsx","272","<DashboardSection title=""Awareness, Communication, and Reporting"">"
"DashboardComponent","frontend\dashboards\src\pages\AdminDashboard.jsx","286","</DashboardSection>"
"DashboardComponent","frontend\dashboards\src\pages\AdmissionsDashboard.jsx","21","import useAdmissionsDashboardData from ""../hooks/useAdmissionsDashboardData"";"
"DashboardComponent","frontend\dashboards\src\pages\AdmissionsDashboard.jsx","52","function SummaryCard({ title, value, onClick, clickable = true }) {"
"DashboardComponent","frontend\dashboards\src\pages\AdmissionsDashboard.jsx","75","export default function AdmissionsDashboard() {"
"DashboardComponent","frontend\dashboards\src\pages\AdmissionsDashboard.jsx","93","} = useAdmissionsDashboardData(year);"
"DashboardComponent","frontend\dashboards\src\pages\AdmissionsDashboard.jsx","114","<Typography variant=""h4"">Admissions Dashboard</Typography>"
"DashboardComponent","frontend\dashboards\src\pages\AdmissionsDashboard.jsx","154","<SummaryCard"
"DashboardComponent","frontend\dashboards\src\pages\AdmissionsDashboard.jsx","162","<SummaryCard"
"DashboardComponent","frontend\dashboards\src\pages\AdmissionsDashboard.jsx","171","<SummaryCard"
"DashboardComponent","frontend\dashboards\src\pages\AdmissionsDashboard.jsx","180","<SummaryCard"
"DashboardComponent","frontend\dashboards\src\pages\AdmissionsDashboard.jsx","189","<SummaryCard"
"DashboardComponent","frontend\dashboards\src\pages\AdmissionsDashboard.jsx","198","<SummaryCard"
"DashboardComponent","frontend\dashboards\src\pages\AdmissionsDashboard.jsx","205","<SummaryCard"
"DashboardComponent","frontend\dashboards\src\pages\AdvancementDashboard.jsx","2","import AdvancementSnapshotCard from '../components/dashboard/advancement/AdvancementSnapshotCard';"
"DashboardComponent","frontend\dashboards\src\pages\AdvancementDashboard.jsx","3","import AdvancementCampaignPanel from '../components/dashboard/advancement/AdvancementCampaignPanel';"
"DashboardComponent","frontend\dashboards\src\pages\AdvancementDashboard.jsx","4","import AdvancementPipelineCard from '../components/dashboard/advancement/AdvancementPipelineCard';"
"DashboardComponent","frontend\dashboards\src\pages\AdvancementDashboard.jsx","6","export default function AdvancementDashboard() {"
"DashboardComponent","frontend\dashboards\src\pages\AdvancementDashboard.jsx","11","Advancement Dashboard"
"DashboardComponent","frontend\dashboards\src\pages\AdvancementOperationsDashboard.jsx","2","import AdvancementOpsSnapshotCard from '../components/dashboard/advancementops/AdvancementOpsSnapshotCard';"
"DashboardComponent","frontend\dashboards\src\pages\AdvancementOperationsDashboard.jsx","3","import AdvancementOpsAlertsPanel from '../components/dashboard/advancementops/AdvancementOpsAlertsPanel';"
"DashboardComponent","frontend\dashboards\src\pages\AdvancementOperationsDashboard.jsx","4","import AdvancementOpsQueueCard from '../components/dashboard/advancementops/AdvancementOpsQueueCard';"
"DashboardComponent","frontend\dashboards\src\pages\AdvancementOperationsDashboard.jsx","6","export default function AdvancementOperationsDashboard() {"
"DashboardComponent","frontend\dashboards\src\pages\AdvancementOperationsDashboard.jsx","11","Advancement Operations Dashboard"
"DashboardComponent","frontend\dashboards\src\pages\AftercareRosterPage.jsx","3","import DashboardSection from ""../components/layout/DashboardSection.jsx"";"
"DashboardComponent","frontend\dashboards\src\pages\AftercareRosterPage.jsx","87","<DashboardSection title={rosterTitle}>"
"DashboardComponent","frontend\dashboards\src\pages\AftercareRosterPage.jsx","144","</DashboardSection>"
"DashboardComponent","frontend\dashboards\src\pages\AlumniRelationsDashboard.jsx","2","import AlumniSnapshotCard from '../components/dashboard/alumni/AlumniSnapshotCard';"
"DashboardComponent","frontend\dashboards\src\pages\AlumniRelationsDashboard.jsx","3","import AlumniAlertsPanel from '../components/dashboard/alumni/AlumniAlertsPanel';"
"DashboardComponent","frontend\dashboards\src\pages\AlumniRelationsDashboard.jsx","4","import AlumniQueueCard from '../components/dashboard/alumni/AlumniQueueCard';"
"DashboardComponent","frontend\dashboards\src\pages\AlumniRelationsDashboard.jsx","6","export default function AlumniRelationsDashboard() {"
"DashboardComponent","frontend\dashboards\src\pages\AlumniRelationsDashboard.jsx","11","Alumni Relations Dashboard"
"DashboardComponent","frontend\dashboards\src\pages\AthleticsDashboard.jsx","4","import CrownMetricCard from '../components/crown/CrownMetricCard.jsx';"
"DashboardComponent","frontend\dashboards\src\pages\AthleticsDashboard.jsx","6","import DashboardSection   from '../components/layout/DashboardSection.jsx';"
"DashboardComponent","frontend\dashboards\src\pages\AthleticsDashboard.jsx","7","import { KpiStrip } from '../components/dashboard/KpiFlipCard.jsx';"
"DashboardComponent","frontend\dashboards\src\pages\AthleticsDashboard.jsx","97","export default function AthleticsDashboard() {"
"DashboardComponent","frontend\dashboards\src\pages\AthleticsDashboard.jsx","121","<DashboardSection title=""Overview"">"
"DashboardComponent","frontend\dashboards\src\pages\AthleticsDashboard.jsx","123","<Col span={3}><CrownMetricCard label=""Upcoming Events"" value={data.upcoming_events ?? DEMO.upcoming_events} /></Col>"
"DashboardComponent","frontend\dashboards\src\pages\AthleticsDashboard.jsx","124","<Col span={3}><CrownMetricCard label=""Eligibility Issues"" value={data.eligibility_issues ?? DEMO.eligibility_issues} /><"
"DashboardComponent","frontend\dashboards\src\pages\AthleticsDashboard.jsx","125","<Col span={3}><CrownMetricCard label=""Injuries (Active)"" value={data.injuries_count ?? DEMO.injuries_count} /></Col>"
"DashboardComponent","frontend\dashboards\src\pages\AthleticsDashboard.jsx","126","<Col span={3}><CrownMetricCard label=""Transport Needs"" value={data.transportation_needs ?? DEMO.transportation_needs} />"
"DashboardComponent","frontend\dashboards\src\pages\AthleticsDashboard.jsx","128","</DashboardSection>"
"DashboardComponent","frontend\dashboards\src\pages\AthleticsDashboard.jsx","130","<DashboardSection title=""Schedule &amp; Eligibility"">"
"DashboardComponent","frontend\dashboards\src\pages\AthleticsDashboard.jsx","176","</DashboardSection>"
"DashboardComponent","frontend\dashboards\src\pages\AthleticsDashboard.jsx","178","<DashboardSection title=""Compliance &amp; Alerts"">"
"DashboardComponent","frontend\dashboards\src\pages\AthleticsDashboard.jsx","227","</DashboardSection>"
"DashboardComponent","frontend\dashboards\src\pages\AthleticsDirectorDashboard.jsx","2","import AthleticsDirectorSnapshotCard from '../components/dashboard/athleticsdirector/AthleticsDirectorSnapshotCard';"
"DashboardComponent","frontend\dashboards\src\pages\AthleticsDirectorDashboard.jsx","3","import AthleticsDirectorAlertsPanel from '../components/dashboard/athleticsdirector/AthleticsDirectorAlertsPanel';"
"DashboardComponent","frontend\dashboards\src\pages\AthleticsDirectorDashboard.jsx","4","import AthleticsDirectorQueueCard from '../components/dashboard/athleticsdirector/AthleticsDirectorQueueCard';"
"DashboardComponent","frontend\dashboards\src\pages\AthleticsDirectorDashboard.jsx","6","export default function AthleticsDirectorDashboard() {"
"DashboardComponent","frontend\dashboards\src\pages\AthleticsDirectorDashboard.jsx","11","Athletics Director Dashboard"
"DashboardComponent","frontend\dashboards\src\pages\AttendanceDashboard.jsx","2","import useDashboardData from '../hooks/useDashboardData';"
"DashboardComponent","frontend\dashboards\src\pages\AttendanceDashboard.jsx","3","import DataStatusBanner from '../components/dashboard/shared/DataStatusBanner';"
"DashboardComponent","frontend\dashboards\src\pages\AttendanceDashboard.jsx","4","import DashboardLoadingState from '../components/dashboard/shared/DashboardLoadingState';"
"DashboardComponent","frontend\dashboards\src\pages\AttendanceDashboard.jsx","5","import DashboardErrorState from '../components/dashboard/shared/DashboardErrorState';"
"DashboardComponent","frontend\dashboards\src\pages\AttendanceDashboard.jsx","6","import MetricSummaryGrid from '../components/dashboard/shared/MetricSummaryGrid';"
"DashboardComponent","frontend\dashboards\src\pages\AttendanceDashboard.jsx","7","import AlertListCard from '../components/dashboard/shared/AlertListCard';"
"DashboardComponent","frontend\dashboards\src\pages\AttendanceDashboard.jsx","8","import TextListCard from '../components/dashboard/shared/TextListCard';"
"DashboardComponent","frontend\dashboards\src\pages\AttendanceDashboard.jsx","11","export default function AttendanceDashboard() {"
"DashboardComponent","frontend\dashboards\src\pages\AttendanceDashboard.jsx","20","} = useDashboardData('attendance');"
"DashboardComponent","frontend\dashboards\src\pages\AttendanceDashboard.jsx","26","Attendance Dashboard"
"DashboardComponent","frontend\dashboards\src\pages\AttendanceDashboard.jsx","48","{loading ? <DashboardLoadingState title=""Loading attendance metrics..."" /> : null}"
"DashboardComponent","frontend\dashboards\src\pages\AttendanceDashboard.jsx","49","{!loading && error && source === 'none' ? <DashboardErrorState error={error} /> : null}"
"DashboardComponent","frontend\dashboards\src\pages\BillingDashboard.jsx","7","import CrownMetricCard from ""../components/crown/CrownMetricCard.jsx"";"
"DashboardComponent","frontend\dashboards\src\pages\BillingDashboard.jsx","10","import { KpiStrip } from ""../components/dashboard/KpiFlipCard.jsx"";"
"DashboardComponent","frontend\dashboards\src\pages\BillingDashboard.jsx","13","Crown2026 ? Billing Dashboard (0101 UI)"
"DashboardComponent","frontend\dashboards\src\pages\BillingDashboard.jsx","31","console.warn(""?? BillingDashboard: API_BASE is empty. Exports will fail. Set VITE_API_BASE_URL in .env.local"");"
"DashboardComponent","frontend\dashboards\src\pages\BillingDashboard.jsx","56","export function BillingDashboard() {"
"DashboardComponent","frontend\dashboards\src\pages\BillingDashboard.jsx","396","<Col span={3}><CrownMetricCard label=""Status"" value=""Healthy"" hint=""All systems nominal"" /></Col>"
"DashboardComponent","frontend\dashboards\src\pages\BillingDashboard.jsx","397","<Col span={3}><CrownMetricCard label=""Today"" value=""Live"" hint=""Demo surface active"" /></Col>"
"DashboardComponent","frontend\dashboards\src\pages\BillingDashboard.jsx","398","<Col span={3}><CrownMetricCard label=""Security"" value=""Enforced"" hint=""Tenant + RBAC gates"" /></Col>"
"DashboardComponent","frontend\dashboards\src\pages\BillingDashboard.jsx","399","<Col span={3}><CrownMetricCard label=""Data"" value=""Seeded"" hint=""Realistic demo records"" /></Col>"
"DashboardComponent","frontend\dashboards\src\pages\BillingDashboard.jsx","402","<CrownCard title=""Billing"" right={<span className=""crown-pill"">Crown Dashboard</span>}>"
"DashboardComponent","frontend\dashboards\src\pages\BoardDashboard.jsx","3","import DashboardSection from '../components/layout/DashboardSection.jsx';"
"DashboardComponent","frontend\dashboards\src\pages\BoardDashboard.jsx","5","import PrayerRequests from '../components/dashboard/PrayerRequests.jsx';"
"DashboardComponent","frontend\dashboards\src\pages\BoardDashboard.jsx","6","import DailyDevotion from '../components/dashboard/DailyDevotion.jsx';"
"DashboardComponent","frontend\dashboards\src\pages\BoardDashboard.jsx","7","import SpecialDays from '../components/dashboard/SpecialDays.jsx';"
"DashboardComponent","frontend\dashboards\src\pages\BoardDashboard.jsx","8","import FlipMetricCard from '../components/dashboard/FlipMetricCard.jsx';"
"DashboardComponent","frontend\dashboards\src\pages\BoardDashboard.jsx","9","import KpiCard from '../components/dashboard/KpiCard.jsx';"
"DashboardComponent","frontend\dashboards\src\pages\BoardDashboard.jsx","10","import KpiCardGrid from '../components/dashboard/KpiCardGrid.jsx';"
"DashboardComponent","frontend\dashboards\src\pages\BoardDashboard.jsx","11","import ProgressGoalCard from '../components/dashboard/ProgressGoalCard.jsx';"
"DashboardComponent","frontend\dashboards\src\pages\BoardDashboard.jsx","12","import HealthRingCard from '../components/dashboard/HealthRingCard.jsx';"
"DashboardComponent","frontend\dashboards\src\pages\BoardDashboard.jsx","13","import TrendChartCard from '../components/dashboard/TrendChartCard.jsx';"
"DashboardComponent","frontend\dashboards\src\pages\BoardDashboard.jsx","15","import BoardPrioritiesPanel from '../components/dashboard/board/BoardPrioritiesPanel.jsx';"
"DashboardComponent","frontend\dashboards\src\pages\BoardDashboard.jsx","16","import BoardAlertsPanel from '../components/dashboard/board/BoardAlertsPanel.jsx';"
"DashboardComponent","frontend\dashboards\src\pages\BoardDashboard.jsx","17","import BoardActivityFeedCard from '../components/dashboard/board/BoardActivityFeedCard.jsx';"
"DashboardComponent","frontend\dashboards\src\pages\BoardDashboard.jsx","18","import BoardStrategicSnapshotCard from '../components/dashboard/board/BoardStrategicSnapshotCard.jsx';"
"DashboardComponent","frontend\dashboards\src\pages\BoardDashboard.jsx","19","import BoardCalendarCard from '../components/dashboard/board/BoardCalendarCard.jsx';"
"DashboardComponent","frontend\dashboards\src\pages\BoardDashboard.jsx","20","import BoardCommunicationsCard from '../components/dashboard/board/BoardCommunicationsCard.jsx';"
"DashboardComponent","frontend\dashboards\src\pages\BoardDashboard.jsx","21","import BoardReportSnapshotCard from '../components/dashboard/board/BoardReportSnapshotCard.jsx';"
"DashboardComponent","frontend\dashboards\src\pages\BoardDashboard.jsx","23","export default function BoardDashboard() {"
"DashboardComponent","frontend\dashboards\src\pages\BoardDashboard.jsx","26","title=""Board Dashboard"""
"DashboardComponent","frontend\dashboards\src\pages\BoardDashboard.jsx","29","<DashboardSection title=""Faith and Community"">"
"DashboardComponent","frontend\dashboards\src\pages\BoardDashboard.jsx","35","</DashboardSection>"
"DashboardComponent","frontend\dashboards\src\pages\BoardDashboard.jsx","37","<DashboardSection title=""Board Snapshot"">"
"DashboardComponent","frontend\dashboards\src\pages\BoardDashboard.jsx","42","<KpiCardGrid>"
"DashboardComponent","frontend\dashboards\src\pages\BoardDashboard.jsx","43","<KpiCard title=""Enrollment"" value=""412"" trend=""+4% vs last year"" icon=""ENR"" tone=""good"" />"
"DashboardComponent","frontend\dashboards\src\pages\BoardDashboard.jsx","44","<KpiCard title=""Revenue Collected"" value=""$3.1M"" trend=""+6% YTD"" icon=""REV"" tone=""good"" />"
"DashboardComponent","frontend\dashboards\src\pages\BoardDashboard.jsx","46","<FlipMetricCard"
"DashboardComponent","frontend\dashboards\src\pages\BoardDashboard.jsx","55","<FlipMetricCard"
"DashboardComponent","frontend\dashboards\src\pages\BoardDashboard.jsx","63","</KpiCardGrid>"
"DashboardComponent","frontend\dashboards\src\pages\BoardDashboard.jsx","68","</DashboardSection>"
"DashboardComponent","frontend\dashboards\src\pages\BoardDashboard.jsx","70","<DashboardSection title=""Strategic Health"">"
"DashboardComponent","frontend\dashboards\src\pages\BoardDashboard.jsx","103","</DashboardSection>"
"DashboardComponent","frontend\dashboards\src\pages\BoardDashboard.jsx","105","<DashboardSection title=""Strategic Analysis"">"
"DashboardComponent","frontend\dashboards\src\pages\BoardDashboard.jsx","108","<TrendChartCard"
"DashboardComponent","frontend\dashboards\src\pages\BoardDashboard.jsx","128","<TrendChartCard"
"DashboardComponent","frontend\dashboards\src\pages\BoardDashboard.jsx","147","</DashboardSection>"
"DashboardComponent","frontend\dashboards\src\pages\BoardDashboard.jsx","149","<DashboardSection title=""Governance Detail"">"
"DashboardComponent","frontend\dashboards\src\pages\BoardDashboard.jsx","154","</DashboardSection>"
"DashboardComponent","frontend\dashboards\src\pages\BoardDashboard.jsx","156","<DashboardSection title=""Board Awareness"">"
"DashboardComponent","frontend\dashboards\src\pages\BoardDashboard.jsx","162","</DashboardSection>"
"DashboardComponent","frontend\dashboards\src\pages\BoardExecutiveDashboard.jsx","4","import DashboardSection from ""../components/layout/DashboardSection.jsx"";"
"DashboardComponent","frontend\dashboards\src\pages\BoardExecutiveDashboard.jsx","13","import { KpiStrip } from ""../components/dashboard/KpiFlipCard.jsx"";"
"DashboardComponent","frontend\dashboards\src\pages\BoardExecutiveDashboard.jsx","111","export default function BoardExecutiveDashboard() {"
"DashboardComponent","frontend\dashboards\src\pages\BoardExecutiveDashboard.jsx","136","title=""Board Executive Dashboard"""
"DashboardComponent","frontend\dashboards\src\pages\BoardExecutiveDashboard.jsx","148","<DashboardSection title=""Executive Snapshot"">"
"DashboardComponent","frontend\dashboards\src\pages\BoardExecutiveDashboard.jsx","163","</DashboardSection>"
"DashboardComponent","frontend\dashboards\src\pages\BoardExecutiveDashboard.jsx","166","<DashboardSection title=""Trends"">"
"DashboardComponent","frontend\dashboards\src\pages\BoardExecutiveDashboard.jsx","179","</DashboardSection>"
"DashboardComponent","frontend\dashboards\src\pages\BoardExecutiveDashboard.jsx","182","<DashboardSection title=""Crown Compass ? Signals"">"
"DashboardComponent","frontend\dashboards\src\pages\BoardExecutiveDashboard.jsx","195","</DashboardSection>"
"DashboardComponent","frontend\dashboards\src\pages\BoardExecutiveDashboard.jsx","199","<DashboardSection title=""Crown Compass 2.0"">"
"DashboardComponent","frontend\dashboards\src\pages\BoardExecutiveDashboard.jsx","205","</DashboardSection>"
"DashboardComponent","frontend\dashboards\src\pages\BoardExecutiveDashboard.jsx","210","<DashboardSection title=""Student Risk Distribution"">"
"DashboardComponent","frontend\dashboards\src\pages\BoardExecutiveDashboard.jsx","222","</DashboardSection>"
"DashboardComponent","frontend\dashboards\src\pages\BoardExecutiveDashboard.jsx","224","<DashboardSection title=""Programs"">"
"DashboardComponent","frontend\dashboards\src\pages\BoardExecutiveDashboard.jsx","230","</DashboardSection>"
"DashboardComponent","frontend\dashboards\src\pages\ChaplainSpiritualLifeDashboard.jsx","2","import ChaplainSnapshotCard from '../components/dashboard/chaplain/ChaplainSnapshotCard';"
"DashboardComponent","frontend\dashboards\src\pages\ChaplainSpiritualLifeDashboard.jsx","3","import ChaplainAlertsPanel from '../components/dashboard/chaplain/ChaplainAlertsPanel';"
"DashboardComponent","frontend\dashboards\src\pages\ChaplainSpiritualLifeDashboard.jsx","4","import ChaplainQueueCard from '../components/dashboard/chaplain/ChaplainQueueCard';"
"DashboardComponent","frontend\dashboards\src\pages\ChaplainSpiritualLifeDashboard.jsx","6","export default function ChaplainSpiritualLifeDashboard() {"
"DashboardComponent","frontend\dashboards\src\pages\ChaplainSpiritualLifeDashboard.jsx","11","Chaplain / Spiritual Life Dashboard"
"DashboardComponent","frontend\dashboards\src\pages\ClassroomsDashboard.jsx","6","import { KpiStrip } from ""../components/dashboard/KpiFlipCard.jsx"";"
"DashboardComponent","frontend\dashboards\src\pages\ClassroomsDashboard.jsx","27","export default function ClassroomsDashboard() {"
"DashboardComponent","frontend\dashboards\src\pages\CommunicationsDashboard.jsx","3","import CommunicationsSnapshotCard from '../components/dashboard/communications/CommunicationsSnapshotCard.jsx';"
"DashboardComponent","frontend\dashboards\src\pages\CommunicationsDashboard.jsx","4","import CommunicationsAlertsPanel from '../components/dashboard/communications/CommunicationsAlertsPanel.jsx';"
"DashboardComponent","frontend\dashboards\src\pages\CommunicationsDashboard.jsx","5","import OutreachQueueCard from '../components/dashboard/communications/OutreachQueueCard.jsx';"
"DashboardComponent","frontend\dashboards\src\pages\CommunicationsDashboard.jsx","9","export default function CommunicationsDashboard() {"
"DashboardComponent","frontend\dashboards\src\pages\CommunicationsDashboard.jsx","12","title=""Communications Dashboard"""
"DashboardComponent","frontend\dashboards\src\pages\CommunicationsDirectorDashboard.jsx","3","import CrownMetricCard from '../components/crown/CrownMetricCard.jsx';"
"DashboardComponent","frontend\dashboards\src\pages\CommunicationsDirectorDashboard.jsx","6","import DashboardSection from '../components/layout/DashboardSection.jsx';"
"DashboardComponent","frontend\dashboards\src\pages\CommunicationsDirectorDashboard.jsx","7","import { KpiStrip } from '../components/dashboard/KpiFlipCard.jsx';"
"DashboardComponent","frontend\dashboards\src\pages\CommunicationsDirectorDashboard.jsx","8","// NOTE: This dashboard lives at /communications-director to avoid conflicting"
"DashboardComponent","frontend\dashboards\src\pages\CommunicationsDirectorDashboard.jsx","92","export default function CommunicationsDirectorDashboard() {"
"DashboardComponent","frontend\dashboards\src\pages\CommunicationsDirectorDashboard.jsx","107","<DashboardSection title=""Overview"">"
"DashboardComponent","frontend\dashboards\src\pages\CommunicationsDirectorDashboard.jsx","109","<Col span={3}><CrownMetricCard label=""Messages Sent (Week)""      value={data.messages_sent_week}        /></Col>"
"DashboardComponent","frontend\dashboards\src\pages\CommunicationsDirectorDashboard.jsx","110","<Col span={3}><CrownMetricCard label=""Open Rate""                 value={`${data.open_rate_pct}%`}       /></Col>"
"DashboardComponent","frontend\dashboards\src\pages\CommunicationsDirectorDashboard.jsx","111","<Col span={3}><CrownMetricCard label=""Announcements Scheduled""   value={data.announcements_scheduled}   /></Col>"
"DashboardComponent","frontend\dashboards\src\pages\CommunicationsDirectorDashboard.jsx","112","<Col span={3}><CrownMetricCard label=""Unsubscribes (Week)""       value={data.unsubscribes_week}         /></Col>"
"DashboardComponent","frontend\dashboards\src\pages\CommunicationsDirectorDashboard.jsx","114","</DashboardSection>"
"DashboardComponent","frontend\dashboards\src\pages\CommunicationsDirectorDashboard.jsx","116","<DashboardSection title=""Campaigns &amp; Channels"">"
"DashboardComponent","frontend\dashboards\src\pages\CommunicationsDirectorDashboard.jsx","158","</DashboardSection>"
"DashboardComponent","frontend\dashboards\src\pages\CommunicationsDirectorDashboard.jsx","160","<DashboardSection title=""Upcoming &amp; Alerts"">"
"DashboardComponent","frontend\dashboards\src\pages\CommunicationsDirectorDashboard.jsx","201","</DashboardSection>"
"DashboardComponent","frontend\dashboards\src\pages\ComplianceAuditDashboard.jsx","2","import ComplianceAuditSnapshotCard from '../components/dashboard/complianceaudit/ComplianceAuditSnapshotCard';"
"DashboardComponent","frontend\dashboards\src\pages\ComplianceAuditDashboard.jsx","3","import ComplianceAuditAlertsPanel from '../components/dashboard/complianceaudit/ComplianceAuditAlertsPanel';"
"DashboardComponent","frontend\dashboards\src\pages\ComplianceAuditDashboard.jsx","4","import ComplianceAuditQueueCard from '../components/dashboard/complianceaudit/ComplianceAuditQueueCard';"
"DashboardComponent","frontend\dashboards\src\pages\ComplianceAuditDashboard.jsx","6","export default function ComplianceAuditDashboard() {"
"DashboardComponent","frontend\dashboards\src\pages\ComplianceAuditDashboard.jsx","11","Compliance / Audit Dashboard"
"DashboardComponent","frontend\dashboards\src\pages\CompuwerxDisputesDashboard.jsx","17","export default function CompuwerxDisputesDashboard() {"
"DashboardComponent","frontend\dashboards\src\pages\CounselingDashboard.jsx","4","import CrownMetricCard from '../components/crown/CrownMetricCard.jsx';"
"DashboardComponent","frontend\dashboards\src\pages\CounselingDashboard.jsx","6","import DashboardSection   from '../components/layout/DashboardSection.jsx';"
"DashboardComponent","frontend\dashboards\src\pages\CounselingDashboard.jsx","7","import { KpiStrip } from '../components/dashboard/KpiFlipCard.jsx';"
"DashboardComponent","frontend\dashboards\src\pages\CounselingDashboard.jsx","107","export default function CounselingDashboard() {"
"DashboardComponent","frontend\dashboards\src\pages\CounselingDashboard.jsx","132","<DashboardSection title=""Overview"">"
"DashboardComponent","frontend\dashboards\src\pages\CounselingDashboard.jsx","134","<Col span={3}><CrownMetricCard label=""Referrals (This Week)"" value={data.referrals_this_week ?? DEMO.referrals_this_week"
"DashboardComponent","frontend\dashboards\src\pages\CounselingDashboard.jsx","135","<Col span={3}><CrownMetricCard label=""Active Plans"" value={data.active_plans ?? DEMO.active_plans} /></Col>"
"DashboardComponent","frontend\dashboards\src\pages\CounselingDashboard.jsx","136","<Col span={3}><CrownMetricCard label=""Detentions (Week)"" value={data.detentions_week ?? DEMO.detentions_week} /></Col>"
"DashboardComponent","frontend\dashboards\src\pages\CounselingDashboard.jsx","137","<Col span={3}><CrownMetricCard label=""Suspensions (Week)"" value={data.suspensions_week ?? DEMO.suspensions_week} /></Col"
"DashboardComponent","frontend\dashboards\src\pages\CounselingDashboard.jsx","139","</DashboardSection>"
"DashboardComponent","frontend\dashboards\src\pages\CounselingDashboard.jsx","141","<DashboardSection title=""Referrals &amp; Categories"">"
"DashboardComponent","frontend\dashboards\src\pages\CounselingDashboard.jsx","188","</DashboardSection>"
"DashboardComponent","frontend\dashboards\src\pages\CounselingDashboard.jsx","190","<DashboardSection title=""Caseload &amp; Alerts"">"
"DashboardComponent","frontend\dashboards\src\pages\CounselingDashboard.jsx","231","</DashboardSection>"
"DashboardComponent","frontend\dashboards\src\pages\CrownLaunchDashboardPage.jsx","1","import CrownDashboardTemplate from '../components/crown-dashboard/CrownDashboardTemplate.jsx';"
"DashboardComponent","frontend\dashboards\src\pages\CrownLaunchDashboardPage.jsx","2","import { getDashboardTemplate } from '../config/dashboardTemplates/index.js';"
"DashboardComponent","frontend\dashboards\src\pages\CrownLaunchDashboardPage.jsx","4","export default function CrownLaunchDashboardPage({ activePath = '/admin' }) {"
"DashboardComponent","frontend\dashboards\src\pages\CrownLaunchDashboardPage.jsx","6","...getDashboardTemplate('schoolAdministrator'),"
"DashboardComponent","frontend\dashboards\src\pages\CrownLaunchDashboardPage.jsx","10","return <CrownDashboardTemplate config={config} roleKey=""schoolAdministrator"" />;"
"DashboardComponent","frontend\dashboards\src\pages\CrownLaunchModulePage.jsx","1","import CrownDashboardTemplate from '../components/crown-dashboard/CrownDashboardTemplate.jsx';"
"DashboardComponent","frontend\dashboards\src\pages\CrownLaunchModulePage.jsx","2","import { getDashboardTemplate } from '../config/dashboardTemplates/index.js';"
"DashboardComponent","frontend\dashboards\src\pages\CrownLaunchModulePage.jsx","6","...getDashboardTemplate(moduleKey),"
"DashboardComponent","frontend\dashboards\src\pages\CrownLaunchModulePage.jsx","10","return <CrownDashboardTemplate config={config} roleKey=""schoolAdministrator"" />;"
"DashboardComponent","frontend\dashboards\src\pages\CurriculumPDDashboard.jsx","2","import CurriculumPDSnapshotCard from '../components/dashboard/curriculumpd/CurriculumPDSnapshotCard';"
"DashboardComponent","frontend\dashboards\src\pages\CurriculumPDDashboard.jsx","3","import CurriculumPDAlertsPanel from '../components/dashboard/curriculumpd/CurriculumPDAlertsPanel';"
"DashboardComponent","frontend\dashboards\src\pages\CurriculumPDDashboard.jsx","4","import CurriculumPDQueueCard from '../components/dashboard/curriculumpd/CurriculumPDQueueCard';"
"DashboardComponent","frontend\dashboards\src\pages\CurriculumPDDashboard.jsx","6","export default function CurriculumPDDashboard() {"
"DashboardComponent","frontend\dashboards\src\pages\CurriculumPDDashboard.jsx","11","Curriculum / PD Hub Dashboard"
"DashboardComponent","frontend\dashboards\src\pages\DashboardCertificationCenter.jsx","14","import { DASHBOARD_REGISTRY } from '../config/dashboardRegistry';"
"DashboardComponent","frontend\dashboards\src\pages\DashboardCertificationCenter.jsx","16","DASHBOARD_CERTIFICATION_REGISTRY,"
"DashboardComponent","frontend\dashboards\src\pages\DashboardCertificationCenter.jsx","18","} from '../config/dashboardCertificationRegistry';"
"DashboardComponent","frontend\dashboards\src\pages\DashboardCertificationCenter.jsx","19","import { DASHBOARD_DATA_REGISTRY } from '../config/dashboardDataRegistry';"
"DashboardComponent","frontend\dashboards\src\pages\DashboardCertificationCenter.jsx","22","return Object.values(DASHBOARD_CERTIFICATION_REGISTRY).filter("
"DashboardComponent","frontend\dashboards\src\pages\DashboardCertificationCenter.jsx","27","export default function DashboardCertificationCenter() {"
"DashboardComponent","frontend\dashboards\src\pages\DashboardCertificationCenter.jsx","28","const rows = DASHBOARD_REGISTRY.map((dashboard) => {"
"DashboardComponent","frontend\dashboards\src\pages\DashboardCertificationCenter.jsx","29","const certification = DASHBOARD_CERTIFICATION_REGISTRY[dashboard.key] || {"
"DashboardComponent","frontend\dashboards\src\pages\DashboardCertificationCenter.jsx","35","const dataConfig = DASHBOARD_DATA_REGISTRY[dashboard.key];"
"DashboardComponent","frontend\dashboards\src\pages\DashboardCertificationCenter.jsx","38","...dashboard,"
"DashboardComponent","frontend\dashboards\src\pages\DashboardCertificationCenter.jsx","48","Dashboard Certification Center"
"DashboardComponent","frontend\dashboards\src\pages\DashboardCertificationCenter.jsx","51","Single view of dashboard readiness, endpoint binding, ownership, and rollout posture."
"DashboardComponent","frontend\dashboards\src\pages\DashboardCertificationCenter.jsx","112","Dashboard Readiness Matrix"
"DashboardComponent","frontend\dashboards\src\pages\DataMigrationDashboard.jsx","2","import DataMigrationSnapshotCard from '../components/dashboard/datamigration/DataMigrationSnapshotCard';"
"DashboardComponent","frontend\dashboards\src\pages\DataMigrationDashboard.jsx","3","import DataMigrationAlertsPanel from '../components/dashboard/datamigration/DataMigrationAlertsPanel';"
"DashboardComponent","frontend\dashboards\src\pages\DataMigrationDashboard.jsx","4","import DataMigrationQueueCard from '../components/dashboard/datamigration/DataMigrationQueueCard';"
"DashboardComponent","frontend\dashboards\src\pages\DataMigrationDashboard.jsx","6","export default function DataMigrationDashboard() {"
"DashboardComponent","frontend\dashboards\src\pages\DataMigrationDashboard.jsx","11","Data Migration Dashboard"
"DashboardComponent","frontend\dashboards\src\pages\DemoReadinessPage.jsx","3","import PageHeader from '../components/dashboard/PageHeader';"
"DashboardComponent","frontend\dashboards\src\pages\ExtendedCareDashboard.jsx","2","import ExtendedCareSnapshotCard from '../components/dashboard/extendedcare/ExtendedCareSnapshotCard';"
"DashboardComponent","frontend\dashboards\src\pages\ExtendedCareDashboard.jsx","3","import ExtendedCareAlertsPanel from '../components/dashboard/extendedcare/ExtendedCareAlertsPanel';"
"DashboardComponent","frontend\dashboards\src\pages\ExtendedCareDashboard.jsx","4","import ExtendedCareQueueCard from '../components/dashboard/extendedcare/ExtendedCareQueueCard';"
"DashboardComponent","frontend\dashboards\src\pages\ExtendedCareDashboard.jsx","6","export default function ExtendedCareDashboard() {"
"DashboardComponent","frontend\dashboards\src\pages\ExtendedCareDashboard.jsx","11","Extended Care Dashboard"
"DashboardComponent","frontend\dashboards\src\pages\FacilitiesDashboard.jsx","2","import FacilitiesSnapshotCard from '../components/dashboard/facilities/FacilitiesSnapshotCard';"
"DashboardComponent","frontend\dashboards\src\pages\FacilitiesDashboard.jsx","3","import FacilitiesAlertsPanel from '../components/dashboard/facilities/FacilitiesAlertsPanel';"
"DashboardComponent","frontend\dashboards\src\pages\FacilitiesDashboard.jsx","4","import FacilitiesQueueCard from '../components/dashboard/facilities/FacilitiesQueueCard';"
"DashboardComponent","frontend\dashboards\src\pages\FacilitiesDashboard.jsx","6","export default function FacilitiesDashboard() {"
"DashboardComponent","frontend\dashboards\src\pages\FacilitiesDashboard.jsx","11","Facilities Dashboard"
"DashboardComponent","frontend\dashboards\src\pages\FinanceDashboard.jsx","1","import useFinanceDashboardData from ""../hooks/useFinanceDashboardData"";"
"DashboardComponent","frontend\dashboards\src\pages\FinanceDashboard.jsx","34","function KpiCard({ title, value, subtitle }) {"
"DashboardComponent","frontend\dashboards\src\pages\FinanceDashboard.jsx","46","export default function FinanceDashboard() {"
"DashboardComponent","frontend\dashboards\src\pages\FinanceDashboard.jsx","48","useFinanceDashboardData();"
"DashboardComponent","frontend\dashboards\src\pages\FinanceDashboard.jsx","58","<h1 className=""text-2xl font-semibold tracking-tight"">Finance Dashboard</h1>"
"DashboardComponent","frontend\dashboards\src\pages\FinanceDashboard.jsx","83","<KpiCard"
"DashboardComponent","frontend\dashboards\src\pages\FinanceDashboard.jsx","89","<KpiCard"
"DashboardComponent","frontend\dashboards\src\pages\FinanceDashboard.jsx","95","<KpiCard"
"DashboardComponent","frontend\dashboards\src\pages\FinanceDashboard.jsx","101","<KpiCard"
"DashboardComponent","frontend\dashboards\src\pages\FinancialAidDashboard.jsx","5","import CrownMetricCard from ""../components/crown/CrownMetricCard.jsx"";"
"DashboardComponent","frontend\dashboards\src\pages\FinancialAidDashboard.jsx","8","import { KpiStrip } from ""../components/dashboard/KpiFlipCard.jsx"";"
"DashboardComponent","frontend\dashboards\src\pages\FinancialAidDashboard.jsx","13","Crown2026 ? Financial Aid Dashboard"
"DashboardComponent","frontend\dashboards\src\pages\FinancialAidDashboard.jsx","42","export function FinancialAidDashboard() {"
"DashboardComponent","frontend\dashboards\src\pages\FinancialAidDashboard.jsx","119","<CrownMetricCard label=""Applications"" value={String(summary?.applications?.total ?? 0)} hint=""Total submitted"" />"
"DashboardComponent","frontend\dashboards\src\pages\FinancialAidDashboard.jsx","124","<CrownMetricCard label=""Awards"" value={String(summary?.awards?.total ?? 0)} hint=""Active grants"" />"
"DashboardComponent","frontend\dashboards\src\pages\FinancialAidDashboard.jsx","129","<CrownMetricCard"
"DashboardComponent","frontend\dashboards\src\pages\FinancialAidDashboard.jsx","138","<CrownMetricCard"
"DashboardComponent","frontend\dashboards\src\pages\FinancialAidDashboard.jsx","147","<CrownCard title=""Financial Aid"" right={<span className=""crown-pill"">Crown Dashboard</span>}>"
"DashboardComponent","frontend\dashboards\src\pages\FineArtsDashboard.jsx","2","import FineArtsSnapshotCard from '../components/dashboard/finearts/FineArtsSnapshotCard';"
"DashboardComponent","frontend\dashboards\src\pages\FineArtsDashboard.jsx","3","import FineArtsAlertsPanel from '../components/dashboard/finearts/FineArtsAlertsPanel';"
"DashboardComponent","frontend\dashboards\src\pages\FineArtsDashboard.jsx","4","import FineArtsQueueCard from '../components/dashboard/finearts/FineArtsQueueCard';"
"DashboardComponent","frontend\dashboards\src\pages\FineArtsDashboard.jsx","6","export default function FineArtsDashboard() {"
"DashboardComponent","frontend\dashboards\src\pages\FineArtsDashboard.jsx","11","Fine Arts Dashboard"
"DashboardComponent","frontend\dashboards\src\pages\FoodDashboard.jsx","4","import CrownMetricCard from '../components/crown/CrownMetricCard.jsx';"
"DashboardComponent","frontend\dashboards\src\pages\FoodDashboard.jsx","6","import DashboardSection   from '../components/layout/DashboardSection.jsx';"
"DashboardComponent","frontend\dashboards\src\pages\FoodDashboard.jsx","7","import { KpiStrip } from '../components/dashboard/KpiFlipCard.jsx';"
"DashboardComponent","frontend\dashboards\src\pages\FoodDashboard.jsx","103","export default function FoodDashboard() {"
"DashboardComponent","frontend\dashboards\src\pages\FoodDashboard.jsx","129","<DashboardSection title=""Overview"">"
"DashboardComponent","frontend\dashboards\src\pages\FoodDashboard.jsx","131","<Col span={3}><CrownMetricCard label=""Meals Served Today"" value={data.meals_served_today ?? DEMO.meals_served_today} /><"
"DashboardComponent","frontend\dashboards\src\pages\FoodDashboard.jsx","132","<Col span={3}><CrownMetricCard label=""Free / Reduced Students"" value={data.free_reduced_count ?? DEMO.free_reduced_count"
"DashboardComponent","frontend\dashboards\src\pages\FoodDashboard.jsx","133","<Col span={3}><CrownMetricCard label=""Low Inventory Items"" value={data.inventory_low_items ?? DEMO.inventory_low_items} "
"DashboardComponent","frontend\dashboards\src\pages\FoodDashboard.jsx","134","<Col span={3}><CrownMetricCard label=""Payments Pending"" value={data.payments_pending_count ?? DEMO.payments_pending_coun"
"DashboardComponent","frontend\dashboards\src\pages\FoodDashboard.jsx","136","</DashboardSection>"
"DashboardComponent","frontend\dashboards\src\pages\FoodDashboard.jsx","138","<DashboardSection title=""Menu &amp; Inventory"">"
"DashboardComponent","frontend\dashboards\src\pages\FoodDashboard.jsx","183","</DashboardSection>"
"DashboardComponent","frontend\dashboards\src\pages\FoodDashboard.jsx","185","<DashboardSection title=""Participation &amp; Alerts"">"
"DashboardComponent","frontend\dashboards\src\pages\FoodDashboard.jsx","216","</DashboardSection>"
"DashboardComponent","frontend\dashboards\src\pages\FoodServiceDashboard.jsx","2","import FoodServiceSnapshotCard from '../components/dashboard/foodservice/FoodServiceSnapshotCard';"
"DashboardComponent","frontend\dashboards\src\pages\FoodServiceDashboard.jsx","3","import FoodServiceAlertsPanel from '../components/dashboard/foodservice/FoodServiceAlertsPanel';"
"DashboardComponent","frontend\dashboards\src\pages\FoodServiceDashboard.jsx","4","import FoodServiceQueueCard from '../components/dashboard/foodservice/FoodServiceQueueCard';"
"DashboardComponent","frontend\dashboards\src\pages\FoodServiceDashboard.jsx","6","export default function FoodServiceDashboard() {"
"DashboardComponent","frontend\dashboards\src\pages\FoodServiceDashboard.jsx","11","Food Service Dashboard"
"DashboardComponent","frontend\dashboards\src\pages\GradebookDashboard.jsx","3","import GradebookSnapshotCard from '../components/dashboard/gradebook/GradebookSnapshotCard.jsx';"
"DashboardComponent","frontend\dashboards\src\pages\GradebookDashboard.jsx","4","import GradebookAlertsPanel from '../components/dashboard/gradebook/GradebookAlertsPanel.jsx';"
"DashboardComponent","frontend\dashboards\src\pages\GradebookDashboard.jsx","5","import TeacherPostingQueueCard from '../components/dashboard/gradebook/TeacherPostingQueueCard.jsx';"
"DashboardComponent","frontend\dashboards\src\pages\GradebookDashboard.jsx","9","export default function GradebookDashboard() {"
"DashboardComponent","frontend\dashboards\src\pages\GradebookDashboard.jsx","12","title=""Gradebook Dashboard"""
"DashboardComponent","frontend\dashboards\src\pages\HealthDashboard.jsx","4","import CrownMetricCard from '../components/crown/CrownMetricCard.jsx';"
"DashboardComponent","frontend\dashboards\src\pages\HealthDashboard.jsx","6","import DashboardSection from '../components/layout/DashboardSection.jsx';"
"DashboardComponent","frontend\dashboards\src\pages\HealthDashboard.jsx","7","import { KpiStrip } from '../components/dashboard/KpiFlipCard.jsx';"
"DashboardComponent","frontend\dashboards\src\pages\HealthDashboard.jsx","104","export default function HealthDashboard() {"
"DashboardComponent","frontend\dashboards\src\pages\HealthDashboard.jsx","132","<DashboardSection title=""Overview"">"
"DashboardComponent","frontend\dashboards\src\pages\HealthDashboard.jsx","135","<CrownMetricCard label=""Visits Today""          value={data.visits_today          ?? DEMO.visits_today} />"
"DashboardComponent","frontend\dashboards\src\pages\HealthDashboard.jsx","138","<CrownMetricCard label=""Meds Administered""     value={data.meds_administered     ?? DEMO.meds_administered} />"
"DashboardComponent","frontend\dashboards\src\pages\HealthDashboard.jsx","141","<CrownMetricCard label=""Immunizations Missing"" value={data.immunizations_missing  ?? DEMO.immunizations_missing} />"
"DashboardComponent","frontend\dashboards\src\pages\HealthDashboard.jsx","144","<CrownMetricCard label=""Incidents (This Week)"" value={data.incident_reports_week  ?? DEMO.incident_reports_week} />"
"DashboardComponent","frontend\dashboards\src\pages\HealthDashboard.jsx","147","</DashboardSection>"
"DashboardComponent","frontend\dashboards\src\pages\HealthDashboard.jsx","150","<DashboardSection title=""Daily Activity"">"
"DashboardComponent","frontend\dashboards\src\pages\HealthDashboard.jsx","202","</DashboardSection>"
"DashboardComponent","frontend\dashboards\src\pages\HealthDashboard.jsx","205","<DashboardSection title=""Compliance & Alerts"">"
"DashboardComponent","frontend\dashboards\src\pages\HealthDashboard.jsx","252","</DashboardSection>"
"DashboardComponent","frontend\dashboards\src\pages\HealthOfficeDashboard.jsx","2","import HealthOfficeSnapshotCard from '../components/dashboard/healthoffice/HealthOfficeSnapshotCard';"
"DashboardComponent","frontend\dashboards\src\pages\HealthOfficeDashboard.jsx","3","import HealthOfficeAlertsPanel from '../components/dashboard/healthoffice/HealthOfficeAlertsPanel';"
"DashboardComponent","frontend\dashboards\src\pages\HealthOfficeDashboard.jsx","4","import HealthOfficeQueueCard from '../components/dashboard/healthoffice/HealthOfficeQueueCard';"
"DashboardComponent","frontend\dashboards\src\pages\HealthOfficeDashboard.jsx","6","export default function HealthOfficeDashboard() {"
"DashboardComponent","frontend\dashboards\src\pages\HealthOfficeDashboard.jsx","11","Health Office Dashboard"
"DashboardComponent","frontend\dashboards\src\pages\HomeDashboard.jsx","3","import CrownMetricCard from '../components/crown/CrownMetricCard.jsx';"
"DashboardComponent","frontend\dashboards\src\pages\HomeDashboard.jsx","7","export function HomeDashboard() {"
"DashboardComponent","frontend\dashboards\src\pages\HomeDashboard.jsx","19","<h1 className=""text-2xl font-semibold tracking-tight"">Crown Dashboard</h1>"
"DashboardComponent","frontend\dashboards\src\pages\HomeDashboard.jsx","36","<Col span={3}><CrownMetricCard label=""Status"" value=""Healthy"" hint=""All systems nominal"" /></Col>"
"DashboardComponent","frontend\dashboards\src\pages\HomeDashboard.jsx","37","<Col span={3}><CrownMetricCard label=""Today"" value=""Live"" hint=""Demo surface active"" /></Col>"
"DashboardComponent","frontend\dashboards\src\pages\HomeDashboard.jsx","38","<Col span={3}><CrownMetricCard label=""Security"" value=""Enforced"" hint=""Tenant + RBAC gates"" /></Col>"
"DashboardComponent","frontend\dashboards\src\pages\HomeDashboard.jsx","39","<Col span={3}><CrownMetricCard label=""Data"" value=""Seeded"" hint=""Realistic demo records"" /></Col>"
"DashboardComponent","frontend\dashboards\src\pages\HomeDashboard.jsx","42","<CrownCard title=""Navigation"" right={<span className=""crown-pill"">Crown Dashboard</span>}>"
"DashboardComponent","frontend\dashboards\src\pages\HRDashboard.jsx","2","import HRSnapshotCard from '../components/dashboard/hr/HRSnapshotCard';"
"DashboardComponent","frontend\dashboards\src\pages\HRDashboard.jsx","3","import HRAlertsPanel from '../components/dashboard/hr/HRAlertsPanel';"
"DashboardComponent","frontend\dashboards\src\pages\HRDashboard.jsx","4","import HRWorkQueueCard from '../components/dashboard/hr/HRWorkQueueCard';"
"DashboardComponent","frontend\dashboards\src\pages\HRDashboard.jsx","6","export default function HRDashboard() {"
"DashboardComponent","frontend\dashboards\src\pages\HRDashboard.jsx","11","HR Dashboard"
"DashboardComponent","frontend\dashboards\src\pages\HumanResources.jsx","4","import CrownMetricCard from '../components/crown/CrownMetricCard.jsx';"
"DashboardComponent","frontend\dashboards\src\pages\HumanResources.jsx","6","import DashboardSection from '../components/layout/DashboardSection.jsx';"
"DashboardComponent","frontend\dashboards\src\pages\HumanResources.jsx","7","import { KpiStrip } from '../components/dashboard/KpiFlipCard.jsx';"
"DashboardComponent","frontend\dashboards\src\pages\HumanResources.jsx","108","<DashboardSection title=""Overview"">"
"DashboardComponent","frontend\dashboards\src\pages\HumanResources.jsx","110","<Col span={4}><CrownMetricCard label=""Total Staff""    value={data.total_employees}    /></Col>"
"DashboardComponent","frontend\dashboards\src\pages\HumanResources.jsx","111","<Col span={4}><CrownMetricCard label=""Active""          value={data.active_employees}   /></Col>"
"DashboardComponent","frontend\dashboards\src\pages\HumanResources.jsx","112","<Col span={4}><CrownMetricCard label=""Inactive""        value={data.inactive_employees} /></Col>"
"DashboardComponent","frontend\dashboards\src\pages\HumanResources.jsx","114","</DashboardSection>"
"DashboardComponent","frontend\dashboards\src\pages\HumanResources.jsx","116","<DashboardSection title=""Directory"">"
"DashboardComponent","frontend\dashboards\src\pages\HumanResources.jsx","165","</DashboardSection>"
"DashboardComponent","frontend\dashboards\src\pages\ImplementationSuccessDashboard.jsx","2","import ImplementationSuccessSnapshotCard from '../components/dashboard/implementationsuccess/ImplementationSuccessSnapsh"
"DashboardComponent","frontend\dashboards\src\pages\ImplementationSuccessDashboard.jsx","3","import ImplementationSuccessAlertsPanel from '../components/dashboard/implementationsuccess/ImplementationSuccessAlertsP"
"DashboardComponent","frontend\dashboards\src\pages\ImplementationSuccessDashboard.jsx","4","import ImplementationSuccessQueueCard from '../components/dashboard/implementationsuccess/ImplementationSuccessQueueCard"
"DashboardComponent","frontend\dashboards\src\pages\ImplementationSuccessDashboard.jsx","6","export default function ImplementationSuccessDashboard() {"
"DashboardComponent","frontend\dashboards\src\pages\ImplementationSuccessDashboard.jsx","11","Implementation Success Dashboard"
"DashboardComponent","frontend\dashboards\src\pages\IntegrationsAutomationDashboard.jsx","2","import IntegrationsAutomationSnapshotCard from '../components/dashboard/integrationsautomation/IntegrationsAutomationSna"
"DashboardComponent","frontend\dashboards\src\pages\IntegrationsAutomationDashboard.jsx","3","import IntegrationsAutomationAlertsPanel from '../components/dashboard/integrationsautomation/IntegrationsAutomationAler"
"DashboardComponent","frontend\dashboards\src\pages\IntegrationsAutomationDashboard.jsx","4","import IntegrationsAutomationQueueCard from '../components/dashboard/integrationsautomation/IntegrationsAutomationQueueC"
"DashboardComponent","frontend\dashboards\src\pages\IntegrationsAutomationDashboard.jsx","6","export default function IntegrationsAutomationDashboard() {"
"DashboardComponent","frontend\dashboards\src\pages\IntegrationsAutomationDashboard.jsx","11","Integrations / Automation Dashboard"
"DashboardComponent","frontend\dashboards\src\pages\IntegrityDashboard.jsx","5","import { KpiStrip } from '../components/dashboard/KpiFlipCard.jsx';"
"DashboardComponent","frontend\dashboards\src\pages\IntegrityDashboard.jsx","159","export default function IntegrityDashboard() {"
"DashboardComponent","frontend\dashboards\src\pages\IntegrityDashboard.jsx","184","<span style={{ fontSize: 22, fontWeight: 700, color: 'var(--crown-ink)' }}>Crown Integrity Dashboard</span>"
"DashboardComponent","frontend\dashboards\src\pages\ITDashboard.jsx","4","import CrownMetricCard from '../components/crown/CrownMetricCard.jsx';"
"DashboardComponent","frontend\dashboards\src\pages\ITDashboard.jsx","6","import DashboardSection   from '../components/layout/DashboardSection.jsx';"
"DashboardComponent","frontend\dashboards\src\pages\ITDashboard.jsx","7","import { KpiStrip } from '../components/dashboard/KpiFlipCard.jsx';"
"DashboardComponent","frontend\dashboards\src\pages\ITDashboard.jsx","98","export default function ITDashboard() {"
"DashboardComponent","frontend\dashboards\src\pages\ITDashboard.jsx","123","<DashboardSection title=""Overview"">"
"DashboardComponent","frontend\dashboards\src\pages\ITDashboard.jsx","126","<CrownMetricCard label=""Open Tickets""       value={data.open_tickets       ?? DEMO.open_tickets} />"
"DashboardComponent","frontend\dashboards\src\pages\ITDashboard.jsx","129","<CrownMetricCard label=""Overdue Tickets""    value={data.overdue_tickets    ?? DEMO.overdue_tickets} />"
"DashboardComponent","frontend\dashboards\src\pages\ITDashboard.jsx","132","<CrownMetricCard label=""Total Devices""      value={data.total_devices      ?? DEMO.total_devices} />"
"DashboardComponent","frontend\dashboards\src\pages\ITDashboard.jsx","135","<CrownMetricCard label=""Cert Expiry (days)"" value={data.cert_expiry_days   ?? DEMO.cert_expiry_days} />"
"DashboardComponent","frontend\dashboards\src\pages\ITDashboard.jsx","138","</DashboardSection>"
"DashboardComponent","frontend\dashboards\src\pages\ITDashboard.jsx","141","<DashboardSection title=""System Status & Devices"">"
"DashboardComponent","frontend\dashboards\src\pages\ITDashboard.jsx","191","</DashboardSection>"
"DashboardComponent","frontend\dashboards\src\pages\ITDashboard.jsx","194","<DashboardSection title=""Tickets & Alerts"">"
"DashboardComponent","frontend\dashboards\src\pages\ITDashboard.jsx","236","</DashboardSection>"
"DashboardComponent","frontend\dashboards\src\pages\ITSupportDashboard.jsx","2","import ITSupportSnapshotCard from '../components/dashboard/itsupport/ITSupportSnapshotCard';"
"DashboardComponent","frontend\dashboards\src\pages\ITSupportDashboard.jsx","3","import ITSupportAlertsPanel from '../components/dashboard/itsupport/ITSupportAlertsPanel';"
"DashboardComponent","frontend\dashboards\src\pages\ITSupportDashboard.jsx","4","import ITSupportQueueCard from '../components/dashboard/itsupport/ITSupportQueueCard';"
"DashboardComponent","frontend\dashboards\src\pages\ITSupportDashboard.jsx","6","export default function ITSupportDashboard() {"
"DashboardComponent","frontend\dashboards\src\pages\ITSupportDashboard.jsx","11","IT Support Dashboard"
"DashboardComponent","frontend\dashboards\src\pages\LibraryDashboard.jsx","3","import CrownMetricCard from '../components/crown/CrownMetricCard.jsx';"
"DashboardComponent","frontend\dashboards\src\pages\LibraryDashboard.jsx","6","import DashboardSection from '../components/layout/DashboardSection.jsx';"
"DashboardComponent","frontend\dashboards\src\pages\LibraryDashboard.jsx","7","import { KpiStrip } from '../components/dashboard/KpiFlipCard.jsx';"
"DashboardComponent","frontend\dashboards\src\pages\LibraryDashboard.jsx","92","export default function LibraryDashboard() {"
"DashboardComponent","frontend\dashboards\src\pages\LibraryDashboard.jsx","115","<DashboardSection title=""Overview"">"
"DashboardComponent","frontend\dashboards\src\pages\LibraryDashboard.jsx","117","<Col span={3}><CrownMetricCard label=""Books Checked Out""          value={data.books_checked_out          ?? DEMO.books_c"
"DashboardComponent","frontend\dashboards\src\pages\LibraryDashboard.jsx","118","<Col span={3}><CrownMetricCard label=""Overdue Items""              value={data.overdue_items               ?? DEMO.overdu"
"DashboardComponent","frontend\dashboards\src\pages\LibraryDashboard.jsx","119","<Col span={3}><CrownMetricCard label=""New Materials (This Month)"" value={data.new_materials_this_month    ?? DEMO.new_ma"
"DashboardComponent","frontend\dashboards\src\pages\LibraryDashboard.jsx","120","<Col span={3}><CrownMetricCard label=""Digital Resources Active""   value={data.digital_resources_active   ?? DEMO.digital"
"DashboardComponent","frontend\dashboards\src\pages\LibraryDashboard.jsx","122","</DashboardSection>"
"DashboardComponent","frontend\dashboards\src\pages\LibraryDashboard.jsx","124","<DashboardSection title=""Circulation & Overdue"">"
"DashboardComponent","frontend\dashboards\src\pages\LibraryDashboard.jsx","161","</DashboardSection>"
"DashboardComponent","frontend\dashboards\src\pages\LibraryDashboard.jsx","163","<DashboardSection title=""Collection & Digital Resources"">"
"DashboardComponent","frontend\dashboards\src\pages\LibraryDashboard.jsx","201","</DashboardSection>"
"DashboardComponent","frontend\dashboards\src\pages\LibraryMediaDashboard.jsx","2","import LibraryMediaSnapshotCard from '../components/dashboard/librarymedia/LibraryMediaSnapshotCard';"
"DashboardComponent","frontend\dashboards\src\pages\LibraryMediaDashboard.jsx","3","import LibraryMediaAlertsPanel from '../components/dashboard/librarymedia/LibraryMediaAlertsPanel';"
"DashboardComponent","frontend\dashboards\src\pages\LibraryMediaDashboard.jsx","4","import LibraryMediaQueueCard from '../components/dashboard/librarymedia/LibraryMediaQueueCard';"
"DashboardComponent","frontend\dashboards\src\pages\LibraryMediaDashboard.jsx","6","export default function LibraryMediaDashboard() {"
"DashboardComponent","frontend\dashboards\src\pages\LibraryMediaDashboard.jsx","11","Library / Media Dashboard"
"DashboardComponent","frontend\dashboards\src\pages\LoginPage.jsx","13","{ value: ""school_admin"", label: ""School Admin"", route: ""/school-admin-dashboard"" },"
"DashboardComponent","frontend\dashboards\src\pages\LoginPage.jsx","22","{ value: ""admissions_director"", label: ""Admissions Director"", route: ""/admissions-dashboard"" },"
"DashboardComponent","frontend\dashboards\src\pages\MarketingDashboard.jsx","4","import CrownMetricCard from '../components/crown/CrownMetricCard.jsx';"
"DashboardComponent","frontend\dashboards\src\pages\MarketingDashboard.jsx","6","import DashboardSection   from '../components/layout/DashboardSection.jsx';"
"DashboardComponent","frontend\dashboards\src\pages\MarketingDashboard.jsx","7","import { KpiStrip } from '../components/dashboard/KpiFlipCard.jsx';"
"DashboardComponent","frontend\dashboards\src\pages\MarketingDashboard.jsx","110","export default function MarketingDashboard() {"
"DashboardComponent","frontend\dashboards\src\pages\MarketingDashboard.jsx","133","<DashboardSection title=""Overview"">"
"DashboardComponent","frontend\dashboards\src\pages\MarketingDashboard.jsx","135","<Col span={3}><CrownMetricCard label=""Inquiries YTD"" value={data.inquiries_ytd ?? DEMO.inquiries_ytd} /></Col>"
"DashboardComponent","frontend\dashboards\src\pages\MarketingDashboard.jsx","136","<Col span={3}><CrownMetricCard label=""Tours Scheduled"" value={data.tours_scheduled ?? DEMO.tours_scheduled} /></Col>"
"DashboardComponent","frontend\dashboards\src\pages\MarketingDashboard.jsx","137","<Col span={3}><CrownMetricCard label=""Applications"" value={data.applications ?? DEMO.applications} /></Col>"
"DashboardComponent","frontend\dashboards\src\pages\MarketingDashboard.jsx","138","<Col span={3}><CrownMetricCard label=""Enrolled"" value={data.enrolled ?? DEMO.enrolled} /></Col>"
"DashboardComponent","frontend\dashboards\src\pages\MarketingDashboard.jsx","140","</DashboardSection>"
"DashboardComponent","frontend\dashboards\src\pages\MarketingDashboard.jsx","142","<DashboardSection title=""Enrollment Funnel"">"
"DashboardComponent","frontend\dashboards\src\pages\MarketingDashboard.jsx","172","</DashboardSection>"
"DashboardComponent","frontend\dashboards\src\pages\MarketingDashboard.jsx","174","<DashboardSection title=""Campaigns &amp; Alerts"">"
"DashboardComponent","frontend\dashboards\src\pages\MarketingDashboard.jsx","221","</DashboardSection>"
"DashboardComponent","frontend\dashboards\src\pages\MasterControlDashboard.jsx","2","import MasterControlSnapshotCard from '../components/dashboard/mastercontrol/MasterControlSnapshotCard';"
"DashboardComponent","frontend\dashboards\src\pages\MasterControlDashboard.jsx","3","import PortfolioHealthPanel from '../components/dashboard/mastercontrol/PortfolioHealthPanel';"
"DashboardComponent","frontend\dashboards\src\pages\MasterControlDashboard.jsx","4","import MasterControlAlertsPanel from '../components/dashboard/mastercontrol/MasterControlAlertsPanel';"
"DashboardComponent","frontend\dashboards\src\pages\MasterControlDashboard.jsx","6","export default function MasterControlDashboard() {"
"DashboardComponent","frontend\dashboards\src\pages\MasterControlDashboard.jsx","11","Master Control Dashboard"
"DashboardComponent","frontend\dashboards\src\pages\NetworkBenchmarkingDashboard.jsx","2","import NetworkBenchmarkSnapshotCard from '../components/dashboard/networkbenchmarking/NetworkBenchmarkSnapshotCard';"
"DashboardComponent","frontend\dashboards\src\pages\NetworkBenchmarkingDashboard.jsx","3","import NetworkBenchmarkAlertsPanel from '../components/dashboard/networkbenchmarking/NetworkBenchmarkAlertsPanel';"
"DashboardComponent","frontend\dashboards\src\pages\NetworkBenchmarkingDashboard.jsx","4","import NetworkBenchmarkQueueCard from '../components/dashboard/networkbenchmarking/NetworkBenchmarkQueueCard';"
"DashboardComponent","frontend\dashboards\src\pages\NetworkBenchmarkingDashboard.jsx","6","export default function NetworkBenchmarkingDashboard() {"
"DashboardComponent","frontend\dashboards\src\pages\NetworkBenchmarkingDashboard.jsx","11","Network Benchmarking Dashboard"
"DashboardComponent","frontend\dashboards\src\pages\NotAuthorized.jsx","4","import { getDefaultDashboardPath } from '../config/dashboardRegistry';"
"DashboardComponent","frontend\dashboards\src\pages\NotAuthorized.jsx","9","const fallbackPath = getDefaultDashboardPath(userRoles);"
"DashboardComponent","frontend\dashboards\src\pages\NotAuthorized.jsx","35","Go to Allowed Dashboard"
"DashboardComponent","frontend\dashboards\src\pages\NotFoundPage.jsx","20","Back to Dashboard"
"DashboardComponent","frontend\dashboards\src\pages\OfficeDashboard.jsx","4","import CrownMetricCard from '../components/crown/CrownMetricCard.jsx';"
"DashboardComponent","frontend\dashboards\src\pages\OfficeDashboard.jsx","6","import DashboardSection   from '../components/layout/DashboardSection.jsx';"
"DashboardComponent","frontend\dashboards\src\pages\OfficeDashboard.jsx","7","import { KpiStrip } from '../components/dashboard/KpiFlipCard.jsx';"
"DashboardComponent","frontend\dashboards\src\pages\OfficeDashboard.jsx","104","export default function OfficeDashboard() {"
"DashboardComponent","frontend\dashboards\src\pages\OfficeDashboard.jsx","127","<DashboardSection title=""Overview"">"
"DashboardComponent","frontend\dashboards\src\pages\OfficeDashboard.jsx","129","<Col span={3}><CrownMetricCard label=""Staff Absent Today"" value={data.staff_absent_today ?? DEMO.staff_absent_today} /><"
"DashboardComponent","frontend\dashboards\src\pages\OfficeDashboard.jsx","130","<Col span={3}><CrownMetricCard label=""Coverage Gaps"" value={data.coverage_gaps ?? DEMO.coverage_gaps} /></Col>"
"DashboardComponent","frontend\dashboards\src\pages\OfficeDashboard.jsx","131","<Col span={3}><CrownMetricCard label=""Open Requests"" value={data.open_requests ?? DEMO.open_requests} /></Col>"
"DashboardComponent","frontend\dashboards\src\pages\OfficeDashboard.jsx","132","<Col span={3}><CrownMetricCard label=""Compliance Due"" value={data.compliance_items_due ?? DEMO.compliance_items_due} /><"
"DashboardComponent","frontend\dashboards\src\pages\OfficeDashboard.jsx","134","</DashboardSection>"
"DashboardComponent","frontend\dashboards\src\pages\OfficeDashboard.jsx","136","<DashboardSection title=""Requests &amp; Tasks"">"
"DashboardComponent","frontend\dashboards\src\pages\OfficeDashboard.jsx","175","</DashboardSection>"
"DashboardComponent","frontend\dashboards\src\pages\OfficeDashboard.jsx","177","<DashboardSection title=""Alerts"">"
"DashboardComponent","frontend\dashboards\src\pages\OfficeDashboard.jsx","198","</DashboardSection>"
"DashboardComponent","frontend\dashboards\src\pages\ParentDashboard.jsx","1","import CrownDashboardTemplate from '../components/crown-dashboard/CrownDashboardTemplate.jsx';"
"DashboardComponent","frontend\dashboards\src\pages\ParentDashboard.jsx","2","import { getDashboardTemplate } from '../config/dashboardTemplates/index.js';"
"DashboardComponent","frontend\dashboards\src\pages\ParentDashboard.jsx","4","export default function ParentDashboard() {"
"DashboardComponent","frontend\dashboards\src\pages\ParentDashboard.jsx","5","const config = getDashboardTemplate('parent');"
"DashboardComponent","frontend\dashboards\src\pages\ParentDashboard.jsx","6","return <CrownDashboardTemplate config={config} roleKey=""parent"" />;"
"DashboardComponent","frontend\dashboards\src\pages\PDDashboard.jsx","3","import CrownMetricCard from '../components/crown/CrownMetricCard.jsx';"
"DashboardComponent","frontend\dashboards\src\pages\PDDashboard.jsx","6","import DashboardSection from '../components/layout/DashboardSection.jsx';"
"DashboardComponent","frontend\dashboards\src\pages\PDDashboard.jsx","7","import { KpiStrip } from '../components/dashboard/KpiFlipCard.jsx';"
"DashboardComponent","frontend\dashboards\src\pages\PDDashboard.jsx","96","export default function PDDashboard() {"
"DashboardComponent","frontend\dashboards\src\pages\PDDashboard.jsx","121","<DashboardSection title=""Overview"">"
"DashboardComponent","frontend\dashboards\src\pages\PDDashboard.jsx","123","<Col span={3}><CrownMetricCard label=""Total Sessions""           value={data.total_sessions          ?? DEMO.sessions_thi"
"DashboardComponent","frontend\dashboards\src\pages\PDDashboard.jsx","124","<Col span={3}><CrownMetricCard label=""Upcoming""                 value={upcomingCount}                                   "
"DashboardComponent","frontend\dashboards\src\pages\PDDashboard.jsx","125","<Col span={3}><CrownMetricCard label=""Completed""                value={data.completed_sessions      ?? 0}               "
"DashboardComponent","frontend\dashboards\src\pages\PDDashboard.jsx","126","<Col span={3}><CrownMetricCard label=""Avg Satisfaction Score""   value={`${data.average_rating ?? DEMO.satisfaction_avg}/"
"DashboardComponent","frontend\dashboards\src\pages\PDDashboard.jsx","128","</DashboardSection>"
"DashboardComponent","frontend\dashboards\src\pages\PDDashboard.jsx","130","<DashboardSection title=""Sessions & Certifications"">"
"DashboardComponent","frontend\dashboards\src\pages\PDDashboard.jsx","171","</DashboardSection>"
"DashboardComponent","frontend\dashboards\src\pages\PDDashboard.jsx","173","<DashboardSection title=""Completion & Alerts"">"
"DashboardComponent","frontend\dashboards\src\pages\PDDashboard.jsx","208","</DashboardSection>"
"DashboardComponent","frontend\dashboards\src\pages\PortraitServiceHoursDashboard.jsx","2","import PortraitServiceSnapshotCard from '../components/dashboard/portraitservice/PortraitServiceSnapshotCard';"
"DashboardComponent","frontend\dashboards\src\pages\PortraitServiceHoursDashboard.jsx","3","import PortraitServiceAlertsPanel from '../components/dashboard/portraitservice/PortraitServiceAlertsPanel';"
"DashboardComponent","frontend\dashboards\src\pages\PortraitServiceHoursDashboard.jsx","4","import PortraitServiceQueueCard from '../components/dashboard/portraitservice/PortraitServiceQueueCard';"
"DashboardComponent","frontend\dashboards\src\pages\PortraitServiceHoursDashboard.jsx","6","export default function PortraitServiceHoursDashboard() {"
"DashboardComponent","frontend\dashboards\src\pages\PortraitServiceHoursDashboard.jsx","11","Portrait / Service Hours Dashboard"
"DashboardComponent","frontend\dashboards\src\pages\RegistrarDashboard.jsx","3","import CrownMetricCard from '../components/crown/CrownMetricCard.jsx';"
"DashboardComponent","frontend\dashboards\src\pages\RegistrarDashboard.jsx","6","import DashboardSection from '../components/layout/DashboardSection.jsx';"
"DashboardComponent","frontend\dashboards\src\pages\RegistrarDashboard.jsx","7","import { KpiStrip } from '../components/dashboard/KpiFlipCard.jsx';"
"DashboardComponent","frontend\dashboards\src\pages\RegistrarDashboard.jsx","97","export default function RegistrarDashboard() {"
"DashboardComponent","frontend\dashboards\src\pages\RegistrarDashboard.jsx","119","<DashboardSection title=""Overview"">"
"DashboardComponent","frontend\dashboards\src\pages\RegistrarDashboard.jsx","121","<Col span={3}><CrownMetricCard label=""Total Enrollment""   value={data.enrollment_total       ?? DEMO.enrollment_total}  "
"DashboardComponent","frontend\dashboards\src\pages\RegistrarDashboard.jsx","122","<Col span={3}><CrownMetricCard label=""Pending Requests""   value={data.pending_requests       ?? DEMO.pending_requests}  "
"DashboardComponent","frontend\dashboards\src\pages\RegistrarDashboard.jsx","123","<Col span={3}><CrownMetricCard label=""Transcripts (MTD)"" value={data.transcripts_issued_mtd ?? DEMO.transcripts_issued_m"
"DashboardComponent","frontend\dashboards\src\pages\RegistrarDashboard.jsx","124","<Col span={3}><CrownMetricCard label=""Holds Active""       value={data.holds_active           ?? DEMO.holds_active}      "
"DashboardComponent","frontend\dashboards\src\pages\RegistrarDashboard.jsx","126","</DashboardSection>"
"DashboardComponent","frontend\dashboards\src\pages\RegistrarDashboard.jsx","128","<DashboardSection title=""Records Requests & Transcripts"">"
"DashboardComponent","frontend\dashboards\src\pages\RegistrarDashboard.jsx","168","</DashboardSection>"
"DashboardComponent","frontend\dashboards\src\pages\RegistrarDashboard.jsx","170","<DashboardSection title=""New Enrollments & Alerts"">"
"DashboardComponent","frontend\dashboards\src\pages\RegistrarDashboard.jsx","205","</DashboardSection>"
"DashboardComponent","frontend\dashboards\src\pages\ReleaseReadinessPage.jsx","7","import PageHeader from '../components/dashboard/PageHeader';"
"DashboardComponent","frontend\dashboards\src\pages\ReleaseReliabilityDashboard.jsx","2","import useDashboardData from '../hooks/useDashboardData';"
"DashboardComponent","frontend\dashboards\src\pages\ReleaseReliabilityDashboard.jsx","3","import DataStatusBanner from '../components/dashboard/shared/DataStatusBanner';"
"DashboardComponent","frontend\dashboards\src\pages\ReleaseReliabilityDashboard.jsx","4","import DashboardLoadingState from '../components/dashboard/shared/DashboardLoadingState';"
"DashboardComponent","frontend\dashboards\src\pages\ReleaseReliabilityDashboard.jsx","5","import DashboardErrorState from '../components/dashboard/shared/DashboardErrorState';"
"DashboardComponent","frontend\dashboards\src\pages\ReleaseReliabilityDashboard.jsx","6","import MetricSummaryGrid from '../components/dashboard/shared/MetricSummaryGrid';"
"DashboardComponent","frontend\dashboards\src\pages\ReleaseReliabilityDashboard.jsx","7","import AlertListCard from '../components/dashboard/shared/AlertListCard';"
"DashboardComponent","frontend\dashboards\src\pages\ReleaseReliabilityDashboard.jsx","8","import TextListCard from '../components/dashboard/shared/TextListCard';"
"DashboardComponent","frontend\dashboards\src\pages\ReleaseReliabilityDashboard.jsx","10","export default function ReleaseReliabilityDashboard() {"
"DashboardComponent","frontend\dashboards\src\pages\ReleaseReliabilityDashboard.jsx","19","} = useDashboardData('release-reliability');"
"DashboardComponent","frontend\dashboards\src\pages\ReleaseReliabilityDashboard.jsx","25","Release Reliability Dashboard"
"DashboardComponent","frontend\dashboards\src\pages\ReleaseReliabilityDashboard.jsx","40","{loading ? <DashboardLoadingState title=""Loading release reliability metrics..."" /> : null}"
"DashboardComponent","frontend\dashboards\src\pages\ReleaseReliabilityDashboard.jsx","41","{!loading && error && source === 'none' ? <DashboardErrorState error={error} /> : null}"
"DashboardComponent","frontend\dashboards\src\pages\RevenueOperationsDashboard.jsx","2","import RevenueOpsSnapshotCard from '../components/dashboard/revenueops/RevenueOpsSnapshotCard';"
"DashboardComponent","frontend\dashboards\src\pages\RevenueOperationsDashboard.jsx","3","import RevenueOpsAlertsPanel from '../components/dashboard/revenueops/RevenueOpsAlertsPanel';"
"DashboardComponent","frontend\dashboards\src\pages\RevenueOperationsDashboard.jsx","4","import RevenueOpsQueueCard from '../components/dashboard/revenueops/RevenueOpsQueueCard';"
"DashboardComponent","frontend\dashboards\src\pages\RevenueOperationsDashboard.jsx","6","export default function RevenueOperationsDashboard() {"
"DashboardComponent","frontend\dashboards\src\pages\RevenueOperationsDashboard.jsx","11","Revenue Operations Dashboard"
"DashboardComponent","frontend\dashboards\src\pages\RoleDashboardPage.jsx","2","* RoleDashboardPage - unified role-based dashboard."
"DashboardComponent","frontend\dashboards\src\pages\RoleDashboardPage.jsx","6","* Fetches /api/dashboards/summary/ with the current school + role context,"
"DashboardComponent","frontend\dashboards\src\pages\RoleDashboardPage.jsx","12","import WidgetDispatcher from ""../components/dashboard/WidgetDispatcher.jsx"";"
"DashboardComponent","frontend\dashboards\src\pages\RoleDashboardPage.jsx","13","import DrilldownDrawer from ""../components/dashboard/DrilldownDrawer.jsx"";"
"DashboardComponent","frontend\dashboards\src\pages\RoleDashboardPage.jsx","14","import { fetchDashboardSummary } from ""../api/dashboards.js"";"
"DashboardComponent","frontend\dashboards\src\pages\RoleDashboardPage.jsx","42","export default function RoleDashboardPage() {"
"DashboardComponent","frontend\dashboards\src\pages\RoleDashboardPage.jsx","54","const applyDashboardResponse = useCallback(({ ok, data, error: err }) => {"
"DashboardComponent","frontend\dashboards\src\pages\RoleDashboardPage.jsx","61","setError(err || ""Failed to load dashboard"");"
"DashboardComponent","frontend\dashboards\src\pages\RoleDashboardPage.jsx","68","fetchDashboardSummary(schoolId, role).then(applyDashboardResponse);"
"DashboardComponent","frontend\dashboards\src\pages\RoleDashboardPage.jsx","69","}, [applyDashboardResponse, role, schoolId]);"
"DashboardComponent","frontend\dashboards\src\pages\RoleDashboardPage.jsx","74","fetchDashboardSummary(schoolId, role).then((result) => {"
"DashboardComponent","frontend\dashboards\src\pages\RoleDashboardPage.jsx","78","applyDashboardResponse(result);"
"DashboardComponent","frontend\dashboards\src\pages\RoleDashboardPage.jsx","84","}, [applyDashboardResponse, role, schoolId]);"
"DashboardComponent","frontend\dashboards\src\pages\RoleDashboardPage.jsx","101","title={`${roleLabel} Dashboard`}"
"DashboardComponent","frontend\dashboards\src\pages\RoleDashboardPage.jsx","107","aria-label=""Refresh dashboard"""
"DashboardComponent","frontend\dashboards\src\pages\RoleDashboardPage.jsx","140","data-testid=""dashboard-grid"""
"DashboardComponent","frontend\dashboards\src\pages\RoleHomeRedirect.jsx","4","import { HomeDashboard } from './HomeDashboard.jsx';"
"DashboardComponent","frontend\dashboards\src\pages\RoleHomeRedirect.jsx","49","// backend metrics endpoint AND one frontend dashboard page."
"DashboardComponent","frontend\dashboards\src\pages\RoleHomeRedirect.jsx","103","// Admin ??? route to /admin; router.jsx redirects /admin ??? /school-admin-dashboard in sandbox mode"
"DashboardComponent","frontend\dashboards\src\pages\RoleHomeRedirect.jsx","133","function resolveDashboardPath() {"
"DashboardComponent","frontend\dashboards\src\pages\RoleHomeRedirect.jsx","151","if (isSandbox && role === ""school_admin"") navigate(""/school-admin-dashboard"");"
"DashboardComponent","frontend\dashboards\src\pages\RoleHomeRedirect.jsx","156","const target = resolveDashboardPath();"
"DashboardComponent","frontend\dashboards\src\pages\RoleHomeRedirect.jsx","162","return <HomeDashboard />;"
"DashboardComponent","frontend\dashboards\src\pages\SafetyDashboard.jsx","4","import CrownMetricCard from '../components/crown/CrownMetricCard.jsx';"
"DashboardComponent","frontend\dashboards\src\pages\SafetyDashboard.jsx","6","import DashboardSection from '../components/layout/DashboardSection.jsx';"
"DashboardComponent","frontend\dashboards\src\pages\SafetyDashboard.jsx","7","import { KpiStrip } from '../components/dashboard/KpiFlipCard.jsx';"
"DashboardComponent","frontend\dashboards\src\pages\SafetyDashboard.jsx","102","export default function SafetyDashboard() {"
"DashboardComponent","frontend\dashboards\src\pages\SafetyDashboard.jsx","118","<DashboardSection title=""Overview"">"
"DashboardComponent","frontend\dashboards\src\pages\SafetyDashboard.jsx","120","<Col span={3}><CrownMetricCard label=""Total Incidents""    value={data.total_incidents}    /></Col>"
"DashboardComponent","frontend\dashboards\src\pages\SafetyDashboard.jsx","121","<Col span={3}><CrownMetricCard label=""Open""               value={data.open_incidents}     /></Col>"
"DashboardComponent","frontend\dashboards\src\pages\SafetyDashboard.jsx","122","<Col span={3}><CrownMetricCard label=""Resolved""           value={data.resolved_incidents} /></Col>"
"DashboardComponent","frontend\dashboards\src\pages\SafetyDashboard.jsx","123","<Col span={3}><CrownMetricCard label=""Critical Open""      value={data.critical_open}      /></Col>"
"DashboardComponent","frontend\dashboards\src\pages\SafetyDashboard.jsx","125","</DashboardSection>"
"DashboardComponent","frontend\dashboards\src\pages\SafetyDashboard.jsx","127","<DashboardSection title=""Incidents"">"
"DashboardComponent","frontend\dashboards\src\pages\SafetyDashboard.jsx","177","</DashboardSection>"
"DashboardComponent","frontend\dashboards\src\pages\SafetySecurityDashboard.jsx","2","import SafetySecuritySnapshotCard from '../components/dashboard/safetysecurity/SafetySecuritySnapshotCard';"
"DashboardComponent","frontend\dashboards\src\pages\SafetySecurityDashboard.jsx","3","import SafetySecurityAlertsPanel from '../components/dashboard/safetysecurity/SafetySecurityAlertsPanel';"
"DashboardComponent","frontend\dashboards\src\pages\SafetySecurityDashboard.jsx","4","import SafetySecurityQueueCard from '../components/dashboard/safetysecurity/SafetySecurityQueueCard';"
"DashboardComponent","frontend\dashboards\src\pages\SafetySecurityDashboard.jsx","6","export default function SafetySecurityDashboard() {"
"DashboardComponent","frontend\dashboards\src\pages\SafetySecurityDashboard.jsx","11","Safety / Security Dashboard"
"DashboardComponent","frontend\dashboards\src\pages\SchedulingDashboard.jsx","3","import SchedulingSnapshotCard from '../components/dashboard/scheduling/SchedulingSnapshotCard.jsx';"
"DashboardComponent","frontend\dashboards\src\pages\SchedulingDashboard.jsx","4","import SchedulingConflictsPanel from '../components/dashboard/scheduling/SchedulingConflictsPanel.jsx';"
"DashboardComponent","frontend\dashboards\src\pages\SchedulingDashboard.jsx","5","import SchedulingWorkQueueCard from '../components/dashboard/scheduling/SchedulingWorkQueueCard.jsx';"
"DashboardComponent","frontend\dashboards\src\pages\SchedulingDashboard.jsx","9","export default function SchedulingDashboard() {"
"DashboardComponent","frontend\dashboards\src\pages\SchedulingDashboard.jsx","11","<CrownLayout title=""Scheduling Dashboard"" subtitle=""Master schedule health, conflicts, room usage, and registrar workloa"
"DashboardComponent","frontend\dashboards\src\pages\SchoolAdministratorDashboard.jsx","3","export default function SchoolAdministratorDashboard() {"
"DashboardComponent","frontend\dashboards\src\pages\SchoolBoardDashboard.jsx","2","import BoardSnapshotCard from '../components/dashboard/board/BoardSnapshotCard';"
"DashboardComponent","frontend\dashboards\src\pages\SchoolBoardDashboard.jsx","3","import BoardKpiPanel from '../components/dashboard/board/BoardKpiPanel';"
"DashboardComponent","frontend\dashboards\src\pages\SchoolBoardDashboard.jsx","4","import BoardRiskPanel from '../components/dashboard/board/BoardRiskPanel';"
"DashboardComponent","frontend\dashboards\src\pages\SchoolBoardDashboard.jsx","6","export default function SchoolBoardDashboard() {"
"DashboardComponent","frontend\dashboards\src\pages\SchoolBoardDashboard.jsx","11","School Board Dashboard"
"DashboardComponent","frontend\dashboards\src\pages\SecurityDashboard.jsx","4","import CrownMetricCard from '../components/crown/CrownMetricCard.jsx';"
"DashboardComponent","frontend\dashboards\src\pages\SecurityDashboard.jsx","6","import DashboardSection   from '../components/layout/DashboardSection.jsx';"
"DashboardComponent","frontend\dashboards\src\pages\SecurityDashboard.jsx","7","import { KpiStrip } from '../components/dashboard/KpiFlipCard.jsx';"
"DashboardComponent","frontend\dashboards\src\pages\SecurityDashboard.jsx","98","export default function SecurityDashboard() {"
"DashboardComponent","frontend\dashboards\src\pages\SecurityDashboard.jsx","122","<DashboardSection title=""Overview"">"
"DashboardComponent","frontend\dashboards\src\pages\SecurityDashboard.jsx","124","<Col span={3}><CrownMetricCard label=""Drills Completed (YTD)"" value={data.drills_completed_ytd ?? DEMO.drills_completed_"
"DashboardComponent","frontend\dashboards\src\pages\SecurityDashboard.jsx","125","<Col span={3}><CrownMetricCard label=""Incidents (This Week)"" value={data.incidents_week ?? DEMO.incidents_week} /></Col>"
"DashboardComponent","frontend\dashboards\src\pages\SecurityDashboard.jsx","126","<Col span={3}><CrownMetricCard label=""Door Access Exceptions"" value={data.door_access_exceptions ?? DEMO.door_access_exc"
"DashboardComponent","frontend\dashboards\src\pages\SecurityDashboard.jsx","127","<Col span={3}><CrownMetricCard label=""Camera Uptime %"" value={`${data.camera_uptime_pct ?? DEMO.camera_uptime_pct}%`} />"
"DashboardComponent","frontend\dashboards\src\pages\SecurityDashboard.jsx","129","</DashboardSection>"
"DashboardComponent","frontend\dashboards\src\pages\SecurityDashboard.jsx","131","<DashboardSection title=""Incidents &amp; Drills"">"
"DashboardComponent","frontend\dashboards\src\pages\SecurityDashboard.jsx","173","</DashboardSection>"
"DashboardComponent","frontend\dashboards\src\pages\SecurityDashboard.jsx","175","<DashboardSection title=""Issues &amp; Alerts"">"
"DashboardComponent","frontend\dashboards\src\pages\SecurityDashboard.jsx","208","</DashboardSection>"
"DashboardComponent","frontend\dashboards\src\pages\SpiritualLifeDashboard.jsx","3","import DashboardSection from '../components/layout/DashboardSection.jsx';"
"DashboardComponent","frontend\dashboards\src\pages\SpiritualLifeDashboard.jsx","5","import PrayerRequests from '../components/dashboard/PrayerRequests.jsx';"
"DashboardComponent","frontend\dashboards\src\pages\SpiritualLifeDashboard.jsx","6","import DailyDevotion from '../components/dashboard/DailyDevotion.jsx';"
"DashboardComponent","frontend\dashboards\src\pages\SpiritualLifeDashboard.jsx","7","import SpecialDays from '../components/dashboard/SpecialDays.jsx';"
"DashboardComponent","frontend\dashboards\src\pages\SpiritualLifeDashboard.jsx","8","import KpiCard from '../components/dashboard/KpiCard.jsx';"
"DashboardComponent","frontend\dashboards\src\pages\SpiritualLifeDashboard.jsx","9","import KpiCardGrid from '../components/dashboard/KpiCardGrid.jsx';"
"DashboardComponent","frontend\dashboards\src\pages\SpiritualLifeDashboard.jsx","10","import ProgressGoalCard from '../components/dashboard/ProgressGoalCard.jsx';"
"DashboardComponent","frontend\dashboards\src\pages\SpiritualLifeDashboard.jsx","11","import HealthRingCard from '../components/dashboard/HealthRingCard.jsx';"
"DashboardComponent","frontend\dashboards\src\pages\SpiritualLifeDashboard.jsx","12","import TrendChartCard from '../components/dashboard/TrendChartCard.jsx';"
"DashboardComponent","frontend\dashboards\src\pages\SpiritualLifeDashboard.jsx","14","import StudentLifePrioritiesPanel from '../components/dashboard/studentlife/StudentLifePrioritiesPanel.jsx';"
"DashboardComponent","frontend\dashboards\src\pages\SpiritualLifeDashboard.jsx","15","import StudentLifeAlertsPanel from '../components/dashboard/studentlife/StudentLifeAlertsPanel.jsx';"
"DashboardComponent","frontend\dashboards\src\pages\SpiritualLifeDashboard.jsx","16","import StudentLifeActivityFeedCard from '../components/dashboard/studentlife/StudentLifeActivityFeedCard.jsx';"
"DashboardComponent","frontend\dashboards\src\pages\SpiritualLifeDashboard.jsx","17","import StudentLifeSnapshotCard from '../components/dashboard/studentlife/StudentLifeSnapshotCard.jsx';"
"DashboardComponent","frontend\dashboards\src\pages\SpiritualLifeDashboard.jsx","18","import StudentLifeCalendarCard from '../components/dashboard/studentlife/StudentLifeCalendarCard.jsx';"
"DashboardComponent","frontend\dashboards\src\pages\SpiritualLifeDashboard.jsx","19","import StudentLifeCommunicationsCard from '../components/dashboard/studentlife/StudentLifeCommunicationsCard.jsx';"
"DashboardComponent","frontend\dashboards\src\pages\SpiritualLifeDashboard.jsx","20","import StudentLifeReportsCard from '../components/dashboard/studentlife/StudentLifeReportsCard.jsx';"
"DashboardComponent","frontend\dashboards\src\pages\SpiritualLifeDashboard.jsx","22","export default function SpiritualLifeDashboard() {"
"DashboardComponent","frontend\dashboards\src\pages\SpiritualLifeDashboard.jsx","25","title=""Student Life / Chaplain Dashboard"""
"DashboardComponent","frontend\dashboards\src\pages\SpiritualLifeDashboard.jsx","28","<DashboardSection title=""Faith and Community"">"
"DashboardComponent","frontend\dashboards\src\pages\SpiritualLifeDashboard.jsx","34","</DashboardSection>"
"DashboardComponent","frontend\dashboards\src\pages\SpiritualLifeDashboard.jsx","36","<DashboardSection title=""Chaplain Action"">"
"DashboardComponent","frontend\dashboards\src\pages\SpiritualLifeDashboard.jsx","41","<KpiCardGrid>"
"DashboardComponent","frontend\dashboards\src\pages\SpiritualLifeDashboard.jsx","42","<KpiCard title=""Chapel Attendance"" value=""89%"" trend=""Strong this week"" icon=""CHP"" tone=""good"" />"
"DashboardComponent","frontend\dashboards\src\pages\SpiritualLifeDashboard.jsx","43","<KpiCard title=""Service Hours Logged"" value=""2,340"" trend=""+112 this week"" icon=""SRV"" tone=""good"" />"
"DashboardComponent","frontend\dashboards\src\pages\SpiritualLifeDashboard.jsx","44","<KpiCard title=""Care Referrals"" value=""6"" trend=""Monitor this week"" icon=""CAR"" tone=""warn"" />"
"DashboardComponent","frontend\dashboards\src\pages\SpiritualLifeDashboard.jsx","45","<KpiCard title=""Mentoring Follow-Ups"" value=""4"" trend=""Pending check-in"" icon=""MEN"" tone=""warn"" />"
"DashboardComponent","frontend\dashboards\src\pages\SpiritualLifeDashboard.jsx","46","</KpiCardGrid>"
"DashboardComponent","frontend\dashboards\src\pages\SpiritualLifeDashboard.jsx","51","</DashboardSection>"
"DashboardComponent","frontend\dashboards\src\pages\SpiritualLifeDashboard.jsx","53","<DashboardSection title=""Spiritual Health"">"
"DashboardComponent","frontend\dashboards\src\pages\SpiritualLifeDashboard.jsx","86","</DashboardSection>"
"DashboardComponent","frontend\dashboards\src\pages\SpiritualLifeDashboard.jsx","88","<DashboardSection title=""Spiritual Trends"">"
"DashboardComponent","frontend\dashboards\src\pages\SpiritualLifeDashboard.jsx","91","<TrendChartCard"
"DashboardComponent","frontend\dashboards\src\pages\SpiritualLifeDashboard.jsx","106","<TrendChartCard"
"DashboardComponent","frontend\dashboards\src\pages\SpiritualLifeDashboard.jsx","120","</DashboardSection>"
"DashboardComponent","frontend\dashboards\src\pages\SpiritualLifeDashboard.jsx","122","<DashboardSection title=""Care Detail"">"
"DashboardComponent","frontend\dashboards\src\pages\SpiritualLifeDashboard.jsx","127","</DashboardSection>"
"DashboardComponent","frontend\dashboards\src\pages\SpiritualLifeDashboard.jsx","129","<DashboardSection title=""Events, Communications, and Reports"">"
"DashboardComponent","frontend\dashboards\src\pages\SpiritualLifeDashboard.jsx","135","</DashboardSection>"
"DashboardComponent","frontend\dashboards\src\pages\StudentCareDashboard.jsx","3","import StudentCareSnapshotCard from '../components/dashboard/studentcare/StudentCareSnapshotCard.jsx';"
"DashboardComponent","frontend\dashboards\src\pages\StudentCareDashboard.jsx","4","import StudentCareAlertsPanel from '../components/dashboard/studentcare/StudentCareAlertsPanel.jsx';"
"DashboardComponent","frontend\dashboards\src\pages\StudentCareDashboard.jsx","5","import InterventionQueueCard from '../components/dashboard/studentcare/InterventionQueueCard.jsx';"
"DashboardComponent","frontend\dashboards\src\pages\StudentCareDashboard.jsx","7","export default function StudentCareDashboard() {"
"DashboardComponent","frontend\dashboards\src\pages\StudentCareDashboard.jsx","10","title=""Student Care Dashboard"""
"DashboardComponent","frontend\dashboards\src\pages\StudentDashboard.jsx","1","import CrownDashboardTemplate from '../components/crown-dashboard/CrownDashboardTemplate.jsx';"
"DashboardComponent","frontend\dashboards\src\pages\StudentDashboard.jsx","2","import { getDashboardTemplate } from '../config/dashboardTemplates/index.js';"
"DashboardComponent","frontend\dashboards\src\pages\StudentDashboard.jsx","4","export default function StudentDashboard() {"
"DashboardComponent","frontend\dashboards\src\pages\StudentDashboard.jsx","5","const config = getDashboardTemplate('student');"
"DashboardComponent","frontend\dashboards\src\pages\StudentDashboard.jsx","6","return <CrownDashboardTemplate config={config} roleKey=""student"" />;"
"DashboardComponent","frontend\dashboards\src\pages\StudentServicesDashboard.jsx","3","import CrownMetricCard from '../components/crown/CrownMetricCard.jsx';"
"DashboardComponent","frontend\dashboards\src\pages\StudentServicesDashboard.jsx","6","import DashboardSection from '../components/layout/DashboardSection.jsx';"
"DashboardComponent","frontend\dashboards\src\pages\StudentServicesDashboard.jsx","7","import { KpiStrip } from '../components/dashboard/KpiFlipCard.jsx';"
"DashboardComponent","frontend\dashboards\src\pages\StudentServicesDashboard.jsx","98","export default function StudentServicesDashboard() {"
"DashboardComponent","frontend\dashboards\src\pages\StudentServicesDashboard.jsx","121","<DashboardSection title=""Overview"">"
"DashboardComponent","frontend\dashboards\src\pages\StudentServicesDashboard.jsx","123","<Col span={3}><CrownMetricCard label=""Lunch Balance Alerts"" value={data.lunch_balance_alerts    ?? DEMO.lunch_balance_al"
"DashboardComponent","frontend\dashboards\src\pages\StudentServicesDashboard.jsx","124","<Col span={3}><CrownMetricCard label=""Unpaid Balances""       value={`$${data.unpaid_balances_total ?? DEMO.unpaid_balanc"
"DashboardComponent","frontend\dashboards\src\pages\StudentServicesDashboard.jsx","125","<Col span={3}><CrownMetricCard label=""Applications Pending""  value={data.applications_pending   ?? DEMO.applications_pen"
"DashboardComponent","frontend\dashboards\src\pages\StudentServicesDashboard.jsx","126","<Col span={3}><CrownMetricCard label=""Active Services""        value={data.services_active        ?? DEMO.services_active"
"DashboardComponent","frontend\dashboards\src\pages\StudentServicesDashboard.jsx","128","</DashboardSection>"
"DashboardComponent","frontend\dashboards\src\pages\StudentServicesDashboard.jsx","130","<DashboardSection title=""Balance Alerts & Active Services"">"
"DashboardComponent","frontend\dashboards\src\pages\StudentServicesDashboard.jsx","169","</DashboardSection>"
"DashboardComponent","frontend\dashboards\src\pages\StudentServicesDashboard.jsx","171","<DashboardSection title=""Pending Applications & Alerts"">"
"DashboardComponent","frontend\dashboards\src\pages\StudentServicesDashboard.jsx","207","</DashboardSection>"
"DashboardComponent","frontend\dashboards\src\pages\TeacherAttendancePage.jsx","77","<h1 className=""text-2xl font-semibold tracking-tight"">Attendance Dashboard</h1>"
"DashboardComponent","frontend\dashboards\src\pages\TeacherDashboard.jsx","1","import CrownDashboardTemplate from '../components/crown-dashboard/CrownDashboardTemplate.jsx';"
"DashboardComponent","frontend\dashboards\src\pages\TeacherDashboard.jsx","2","import { getDashboardTemplate } from '../config/dashboardTemplates/index.js';"
"DashboardComponent","frontend\dashboards\src\pages\TeacherDashboard.jsx","4","export default function TeacherDashboard() {"
"DashboardComponent","frontend\dashboards\src\pages\TeacherDashboard.jsx","5","const config = getDashboardTemplate('teacher');"
"DashboardComponent","frontend\dashboards\src\pages\TeacherDashboard.jsx","6","return <CrownDashboardTemplate config={config} roleKey=""teacher"" />;"
"DashboardComponent","frontend\dashboards\src\pages\TransportationDashboard.jsx","2","import TransportationSnapshotCard from '../components/dashboard/transportation/TransportationSnapshotCard';"
"DashboardComponent","frontend\dashboards\src\pages\TransportationDashboard.jsx","3","import TransportationAlertsPanel from '../components/dashboard/transportation/TransportationAlertsPanel';"
"DashboardComponent","frontend\dashboards\src\pages\TransportationDashboard.jsx","4","import TransportationQueueCard from '../components/dashboard/transportation/TransportationQueueCard';"
"DashboardComponent","frontend\dashboards\src\pages\TransportationDashboard.jsx","6","export default function TransportationDashboard() {"
"DashboardComponent","frontend\dashboards\src\pages\TransportationDashboard.jsx","11","Transportation Dashboard"
"DashboardComponent","frontend\dashboards\src\pages\VolunteerManagementDashboard.jsx","2","import VolunteerSnapshotCard from '../components/dashboard/volunteermanagement/VolunteerSnapshotCard';"
"DashboardComponent","frontend\dashboards\src\pages\VolunteerManagementDashboard.jsx","3","import VolunteerAlertsPanel from '../components/dashboard/volunteermanagement/VolunteerAlertsPanel';"
"DashboardComponent","frontend\dashboards\src\pages\VolunteerManagementDashboard.jsx","4","import VolunteerQueueCard from '../components/dashboard/volunteermanagement/VolunteerQueueCard';"
"DashboardComponent","frontend\dashboards\src\pages\VolunteerManagementDashboard.jsx","6","export default function VolunteerManagementDashboard() {"
"DashboardComponent","frontend\dashboards\src\pages\VolunteerManagementDashboard.jsx","11","Volunteer Management Dashboard"
"DashboardComponent","frontend\dashboards\src\routes\dashboardRoutes.jsx","1","import { DASHBOARD_REGISTRY } from '../config/dashboardRegistry';"
"DashboardComponent","frontend\dashboards\src\routes\dashboardRoutes.jsx","5","export const dashboardRoutes = DASHBOARD_REGISTRY.map((dashboard) => {"
"DashboardComponent","frontend\dashboards\src\routes\dashboardRoutes.jsx","6","const Component = dashboard.component;"
"DashboardComponent","frontend\dashboards\src\routes\dashboardRoutes.jsx","9","path: dashboard.path,"
"DashboardComponent","frontend\dashboards\src\routes\dashboardRoutes.jsx","11","<RoleRouteGuard allowedRoles={dashboard.roles || dashboard.allowedRoles || []}>"
"DashboardComponent","frontend\dashboards\src\routes\dashboardRoutes.jsx","12","<ReleaseStateRoute route={dashboard}>"
"DashboardComponent","frontend\dashboards\src\routes\financeRouteAccess.test.jsx","17","path: ""/billing-dashboard"","
"DashboardComponent","frontend\dashboards\src\routes\router.jsx","3","// No-op touch to ensure required route/dashboard gate contexts run on this PR."
"DashboardComponent","frontend\dashboards\src\routes\router.jsx","5","import RoleDashboardPage from ""../pages/RoleDashboardPage.jsx"";"
"DashboardComponent","frontend\dashboards\src\routes\router.jsx","6","import { BillingDashboard } from ""../pages/BillingDashboard.jsx"";"
"DashboardComponent","frontend\dashboards\src\routes\router.jsx","7","import { FinancialAidDashboard } from ""../pages/FinancialAidDashboard.jsx"";"
"DashboardComponent","frontend\dashboards\src\routes\router.jsx","8","import { AcademicsDashboard } from ""../pages/AcademicsDashboard.jsx"";"
"DashboardComponent","frontend\dashboards\src\routes\router.jsx","15","import ClassroomsDashboard from ""../pages/ClassroomsDashboard.jsx"";"
"DashboardComponent","frontend\dashboards\src\routes\router.jsx","22","import TeacherDashboard from ""../pages/TeacherDashboard.jsx"";"
"DashboardComponent","frontend\dashboards\src\routes\router.jsx","23","import ParentDashboard from ""../pages/ParentDashboard.jsx"";"
"DashboardComponent","frontend\dashboards\src\routes\router.jsx","24","import StudentDashboard from ""../pages/StudentDashboard.jsx"";"
"DashboardComponent","frontend\dashboards\src\routes\router.jsx","28","import AttendanceDashboard from ""../pages/AttendanceDashboard.jsx"";"
"DashboardComponent","frontend\dashboards\src\routes\router.jsx","31","import IntegrityDashboard from ""../pages/IntegrityDashboard.jsx"";"
"DashboardComponent","frontend\dashboards\src\routes\router.jsx","32","import AdminDashboard from ""../pages/AdminDashboard.jsx"";"
"DashboardComponent","frontend\dashboards\src\routes\router.jsx","34","import BoardDashboard from ""../pages/BoardDashboard.jsx"";"
"DashboardComponent","frontend\dashboards\src\routes\router.jsx","35","import FinanceDashboard from ""../pages/FinanceDashboard.jsx"";"
"DashboardComponent","frontend\dashboards\src\routes\router.jsx","36","import ITDashboard from ""../pages/ITDashboard.jsx"";"
"DashboardComponent","frontend\dashboards\src\routes\router.jsx","37","import MarketingDashboard from ""../pages/MarketingDashboard.jsx"";"
"DashboardComponent","frontend\dashboards\src\routes\router.jsx","38","import SpiritualLifeDashboard from ""../pages/SpiritualLifeDashboard.jsx"";"
"DashboardComponent","frontend\dashboards\src\routes\router.jsx","39","import OfficeDashboard from ""../pages/OfficeDashboard.jsx"";"
"DashboardComponent","frontend\dashboards\src\routes\router.jsx","40","import HealthDashboard from ""../pages/HealthDashboard.jsx"";"
"DashboardComponent","frontend\dashboards\src\routes\router.jsx","41","import CounselingDashboard from ""../pages/CounselingDashboard.jsx"";"
"DashboardComponent","frontend\dashboards\src\routes\router.jsx","42","import FoodDashboard from ""../pages/FoodDashboard.jsx"";"
"DashboardComponent","frontend\dashboards\src\routes\router.jsx","43","import AthleticsDashboard from ""../pages/AthleticsDashboard.jsx"";"
"DashboardComponent","frontend\dashboards\src\routes\router.jsx","44","import AdvancementDashboard from ""../pages/AdvancementDashboard.jsx"";"
"DashboardComponent","frontend\dashboards\src\routes\router.jsx","45","import TransportationDashboard from ""../pages/TransportationDashboard.jsx"";"
"DashboardComponent","frontend\dashboards\src\routes\router.jsx","46","import FacilitiesDashboard from ""../pages/FacilitiesDashboard.jsx"";"
"DashboardComponent","frontend\dashboards\src\routes\router.jsx","47","import SecurityDashboard from ""../pages/SecurityDashboard.jsx"";"
"DashboardComponent","frontend\dashboards\src\routes\router.jsx","48","import AcademicSupportDashboard from ""../pages/AcademicSupportDashboard.jsx"";"
"DashboardComponent","frontend\dashboards\src\routes\router.jsx","49","import FineArtsDashboard from ""../pages/FineArtsDashboard.jsx"";"
"DashboardComponent","frontend\dashboards\src\routes\router.jsx","50","import LibraryDashboard from ""../pages/LibraryDashboard.jsx"";"
"DashboardComponent","frontend\dashboards\src\routes\router.jsx","51","import ExtendedCareDashboard from ""../pages/ExtendedCareDashboard.jsx"";"
"DashboardComponent","frontend\dashboards\src\routes\router.jsx","52","import RegistrarDashboard from ""../pages/RegistrarDashboard.jsx"";"
"DashboardComponent","frontend\dashboards\src\routes\router.jsx","53","import CommunicationsDirectorDashboard from ""../pages/CommunicationsDirectorDashboard.jsx"";"
"DashboardComponent","frontend\dashboards\src\routes\router.jsx","54","import PDDashboard from ""../pages/PDDashboard.jsx"";"
"DashboardComponent","frontend\dashboards\src\routes\router.jsx","55","import StudentServicesDashboard from ""../pages/StudentServicesDashboard.jsx"";"
"DashboardComponent","frontend\dashboards\src\routes\router.jsx","57","import SafetyDashboard from ""../pages/SafetyDashboard.jsx"";"
"DashboardComponent","frontend\dashboards\src\routes\router.jsx","58","import BoardExecutiveDashboard from ""../pages/BoardExecutiveDashboard.jsx"";"
"DashboardComponent","frontend\dashboards\src\routes\router.jsx","72","import CrownLaunchDashboardPage from ""../pages/CrownLaunchDashboardPage.jsx"";"
"DashboardComponent","frontend\dashboards\src\routes\router.jsx","74","import { dashboardRoutes } from ""./dashboardRoutes"";"
"DashboardComponent","frontend\dashboards\src\routes\router.jsx","81","import CompuwerxDisputesDashboard from ""../pages/CompuwerxDisputesDashboard.jsx"";"
"DashboardComponent","frontend\dashboards\src\routes\router.jsx","117","path: PATHS.DASHBOARD,"
"DashboardComponent","frontend\dashboards\src\routes\router.jsx","119","? <CrownLaunchDashboardPage activePath=""/dashboard"" />"
"DashboardComponent","frontend\dashboards\src\routes\router.jsx","125","? <Navigate to=""/school-admin-dashboard"" replace />"
"DashboardComponent","frontend\dashboards\src\routes\router.jsx","137","// Unified role dashboard ??? /dash/admin, /dash/teacher, /dash/parent, etc."
"DashboardComponent","frontend\dashboards\src\routes\router.jsx","138","path: PATHS.ROLE_DASHBOARD,"
"DashboardComponent","frontend\dashboards\src\routes\router.jsx","139","element: <RoleDashboardPage />,"
"DashboardComponent","frontend\dashboards\src\routes\router.jsx","162","<BillingDashboard />"
"DashboardComponent","frontend\dashboards\src\routes\router.jsx","167","path: PATHS.BILLING_DASHBOARD,"
"DashboardComponent","frontend\dashboards\src\routes\router.jsx","170","<BillingDashboard />"
"DashboardComponent","frontend\dashboards\src\routes\router.jsx","178","<FinancialAidDashboard />"
"DashboardComponent","frontend\dashboards\src\routes\router.jsx","192","element: <AttendanceDashboard />,"
"DashboardComponent","frontend\dashboards\src\routes\router.jsx","200","element: <Navigate to=""/communications-dashboard"" replace />,"
"DashboardComponent","frontend\dashboards\src\routes\router.jsx","204","element: <Navigate to=""/scheduling-dashboard"" replace />,"
"DashboardComponent","frontend\dashboards\src\routes\router.jsx","208","element: <TeacherDashboard />,"
"DashboardComponent","frontend\dashboards\src\routes\router.jsx","214","element: <AttendanceDashboard />,"
"DashboardComponent","frontend\dashboards\src\routes\router.jsx","218","element: <Navigate to=""/communications-dashboard"" replace />,"
"DashboardComponent","frontend\dashboards\src\routes\router.jsx","222","element: <Navigate to=""/scheduling-dashboard"" replace />,"
"DashboardComponent","frontend\dashboards\src\routes\router.jsx","224","...dashboardRoutes,"
"DashboardComponent","frontend\dashboards\src\routes\router.jsx","229","<AcademicsDashboard />"
"DashboardComponent","frontend\dashboards\src\routes\router.jsx","235","element: <ParentDashboard />,"
"DashboardComponent","frontend\dashboards\src\routes\router.jsx","239","element: <StudentDashboard />,"
"DashboardComponent","frontend\dashboards\src\routes\router.jsx","243","element: <ClassroomsDashboard />,"
"DashboardComponent","frontend\dashboards\src\routes\router.jsx","348","<IntegrityDashboard />"
"DashboardComponent","frontend\dashboards\src\routes\router.jsx","378","element: <BoardDashboard />,"
"DashboardComponent","frontend\dashboards\src\routes\router.jsx","387","<FinanceDashboard />"
"DashboardComponent","frontend\dashboards\src\routes\router.jsx","394","element: <ITDashboard />,"
"DashboardComponent","frontend\dashboards\src\routes\router.jsx","398","element: <MarketingDashboard />,"
"DashboardComponent","frontend\dashboards\src\routes\router.jsx","402","element: <SpiritualLifeDashboard />,"
"DashboardComponent","frontend\dashboards\src\routes\router.jsx","406","element: <AdminDashboard />,"
"DashboardComponent","frontend\dashboards\src\routes\router.jsx","410","element: <OfficeDashboard />,"
"DashboardComponent","frontend\dashboards\src\routes\router.jsx","414","element: <HealthDashboard />,"
"DashboardComponent","frontend\dashboards\src\routes\router.jsx","418","element: <CounselingDashboard />,"
"DashboardComponent","frontend\dashboards\src\routes\router.jsx","422","element: <FoodDashboard />,"
"DashboardComponent","frontend\dashboards\src\routes\router.jsx","426","element: <AthleticsDashboard />,"
"DashboardComponent","frontend\dashboards\src\routes\router.jsx","454","element: <AdvancementDashboard />,"
"DashboardComponent","frontend\dashboards\src\routes\router.jsx","458","element: <TransportationDashboard />,"
"DashboardComponent","frontend\dashboards\src\routes\router.jsx","462","element: <FacilitiesDashboard />,"
"DashboardComponent","frontend\dashboards\src\routes\router.jsx","466","element: <SecurityDashboard />,"
"DashboardComponent","frontend\dashboards\src\routes\router.jsx","470","element: <AcademicSupportDashboard />,"
"DashboardComponent","frontend\dashboards\src\routes\router.jsx","474","element: <FineArtsDashboard />,"
"DashboardComponent","frontend\dashboards\src\routes\router.jsx","478","element: <LibraryDashboard />,"
"DashboardComponent","frontend\dashboards\src\routes\router.jsx","482","element: <ExtendedCareDashboard />,"
"DashboardComponent","frontend\dashboards\src\routes\router.jsx","486","element: <RegistrarDashboard />,"
"DashboardComponent","frontend\dashboards\src\routes\router.jsx","490","element: <CommunicationsDirectorDashboard />,"
"DashboardComponent","frontend\dashboards\src\routes\router.jsx","494","element: <PDDashboard />,"
"DashboardComponent","frontend\dashboards\src\routes\router.jsx","498","element: <StudentServicesDashboard />,"
"DashboardComponent","frontend\dashboards\src\routes\router.jsx","506","element: <SafetyDashboard />,"
"DashboardComponent","frontend\dashboards\src\routes\router.jsx","510","element: <BoardExecutiveDashboard />,"
"DashboardComponent","frontend\dashboards\src\routes\router.jsx","550","<CompuwerxDisputesDashboard />"
"DashboardComponent","frontend\dashboards\src\routes\router.jsx","635",": <SpiritualLifeDashboard />,"
"DashboardComponent","frontend\dashboards\src\routes\router.jsx","641",": <AdminDashboard />,"
"DashboardComponent","frontend\dashboards\src\routes\router.jsx","645","element: <IntegrityDashboard />,"
"DashboardComponent","frontend\dashboards\src\tests\dashboardCardContract.test.jsx","4","import dashboardRegistry from '../config/dashboardRegistry';"
"DashboardComponent","frontend\dashboards\src\tests\dashboardCardContract.test.jsx","5","import CrownLaunchDashboardPage from '../pages/CrownLaunchDashboardPage.jsx';"
"DashboardComponent","frontend\dashboards\src\tests\dashboardCardContract.test.jsx","7","import TeacherDashboard from '../pages/TeacherDashboard.jsx';"
"DashboardComponent","frontend\dashboards\src\tests\dashboardCardContract.test.jsx","8","import ParentDashboard from '../pages/ParentDashboard.jsx';"
"DashboardComponent","frontend\dashboards\src\tests\dashboardCardContract.test.jsx","9","import StudentDashboard from '../pages/StudentDashboard.jsx';"
"DashboardComponent","frontend\dashboards\src\tests\dashboardCardContract.test.jsx","15","describe('dashboard registry contract', () => {"
"DashboardComponent","frontend\dashboards\src\tests\dashboardCardContract.test.jsx","16","it('all dashboards have a title', () => {"
"DashboardComponent","frontend\dashboards\src\tests\dashboardCardContract.test.jsx","17","for (const item of dashboardRegistry) {"
"DashboardComponent","frontend\dashboards\src\tests\dashboardCardContract.test.jsx","22","it('all dashboards have a path', () => {"
"DashboardComponent","frontend\dashboards\src\tests\dashboardCardContract.test.jsx","23","for (const item of dashboardRegistry) {"
"DashboardComponent","frontend\dashboards\src\tests\dashboardCardContract.test.jsx","28","it('all dashboard paths are unique', () => {"
"DashboardComponent","frontend\dashboards\src\tests\dashboardCardContract.test.jsx","29","const paths = dashboardRegistry.map((item) => item.path);"
"DashboardComponent","frontend\dashboards\src\tests\dashboardCardContract.test.jsx","33","it('launch dashboard renders the canonical CROWN shell without legacy fallback chrome', () => {"
"DashboardComponent","frontend\dashboards\src\tests\dashboardCardContract.test.jsx","37","const view = render(<CrownLaunchDashboardPage activePath={path} />);"
"DashboardComponent","frontend\dashboards\src\tests\dashboardCardContract.test.jsx","74","expect(screen.queryByText('Dashboard unavailable')).toBeNull();"
"DashboardComponent","frontend\dashboards\src\tests\dashboardCardContract.test.jsx","91","const { unmount } = render(<TeacherDashboard />);"
"DashboardComponent","frontend\dashboards\src\tests\dashboardCardContract.test.jsx","92","expect(screen.getByText('Teacher Dashboard')).toBeTruthy();"
"DashboardComponent","frontend\dashboards\src\tests\dashboardCardContract.test.jsx","96","const parentRender = render(<ParentDashboard />);"
"DashboardComponent","frontend\dashboards\src\tests\dashboardCardContract.test.jsx","97","expect(screen.getByText('Parent Dashboard')).toBeTruthy();"
"DashboardComponent","frontend\dashboards\src\tests\dashboardCardContract.test.jsx","101","render(<StudentDashboard />);"
"DashboardComponent","frontend\dashboards\src\tests\dashboardCardContract.test.jsx","102","expect(screen.getByText('Student Dashboard')).toBeTruthy();"
"DashboardComponent","frontend\dashboards\src\tests\routeContract.test.jsx","3","import { DASHBOARD_REGISTRY } from '../config/dashboardRegistry';"
"DashboardComponent","frontend\dashboards\src\tests\routeContract.test.jsx","6","it('all dashboard registry paths are unique', () => {"
"DashboardComponent","frontend\dashboards\src\tests\routeContract.test.jsx","7","const paths = DASHBOARD_REGISTRY.map((item) => item.path).filter(Boolean);"
"DashboardComponent","frontend\dashboards\src\tests\routeContract.test.jsx","13","for (const item of DASHBOARD_REGISTRY) {"
"DashboardComponent","frontend\dashboards\src\tests\routeContract.test.jsx","21","expect(PATHS.DASHBOARD).toBeDefined();"
"DashboardComponent","frontend\dashboards\src\tests\routeContract.test.jsx","31","expect(PATHS.DASHBOARD).toBe('/dashboard');"
"DashboardComponent","frontend\dashboards\src\tests\routeContract.test.jsx","38","expect(PATHS.SCHOOL_ADMIN_DASHBOARD).toBe('/school-admin-dashboard');"
"DashboardComponent","frontend\dashboards\src\tests\sidebarContract.test.jsx","3","import { DASHBOARD_REGISTRY } from '../config/dashboardRegistry';"
"DashboardComponent","frontend\dashboards\src\tests\sidebarContract.test.jsx","14","const registryPaths = new Set(DASHBOARD_REGISTRY.map((item) => item.path).filter(Boolean));"
"DashboardComponent","frontend\dashboards\src\tests\sidebarContract.test.jsx","17","PATHS.DASHBOARD,"
"DashboardComponent","frontend\src\components\__tests__\MissionMetricsModule.test.tsx","3","* Module keywords: MissionMetrics, MissionFit, mission_dashboard, faith_health, culture"
"DashboardComponent","frontend\src\components\__tests__\ParentPortalModule.test.tsx","3","* Module keywords: ParentPortal, parent, guardian_portal, family_dashboard, parent_dashboard"
