"File","HighRisk"
".env.release","False"
".github/workflows/dependency-audit.yml","True"
".github/workflows/release-verify.yml","True"
".github/workflows/schema-governance.yml","True"
".history/.github/workflows/deploy-prod_20260411142043.yml","False"
".history/.github/workflows/deploy-prod_20260411143741.yml","False"
".history/.github/workflows/deploy-prod_20260411160252.yml","False"
".history/.github/workflows/deploy-prod-dispatch_20260411142043.yml","False"
".history/.github/workflows/deploy-prod-dispatch_20260411143741.yml","False"
".history/.github/workflows/deploy-prod-dispatch_20260411160252.yml","False"
".history/.github/workflows/rc-runbook_20260411142043.yml","False"
".history/.github/workflows/rc-runbook_20260411143741.yml","False"
".history/.github/workflows/rc-runbook_20260411160252.yml","False"
".history/.github/workflows/release-verify_20260411161919.yml","False"
".history/.github/workflows/release-verify_20260411161926.yml","False"
".history/.github/workflows/release-verify_20260411211351.yml","False"
".history/backend/academic_year_wizard/views_20260411144354.py","False"
".history/backend/academic_year_wizard/views_20260411160253.py","False"
".history/backend/advancement/api_20260411161114.py","False"
".history/backend/advancement/api_20260411161758.py","False"
".history/backend/aftercare/api_20260411160856.py","False"
".history/backend/aftercare/api_20260411161758.py","False"
".history/backend/aid/api_views_20260411160856.py","False"
".history/backend/aid/api_views_20260411161758.py","False"
".history/backend/analytics/api_health_20260411144354.py","False"
".history/backend/analytics/api_health_20260411160252.py","False"
".history/backend/analytics/predictors_20260411091711.py","False"
".history/backend/analytics/predictors_20260411120546.py","False"
".history/backend/analytics/README_DISCERNMENT_NOT_FOR_INTEGRATION_YET_20260411084622.md","False"
".history/backend/analytics/README_DISCERNMENT_NOT_FOR_INTEGRATION_YET_20260411084929.md","False"
".history/backend/analytics/tasks_20260411091711.py","False"
".history/backend/analytics/tasks_20260411120546.py","False"
".history/backend/attendance_codes_wizard/views_20260411144354.py","False"
".history/backend/attendance_codes_wizard/views_20260411160253.py","False"
".history/backend/attendance_rules_wizard/views_20260411144649.py","False"
".history/backend/attendance_rules_wizard/views_20260411160253.py","False"
".history/backend/bell_schedule_wizard/views_20260411144650.py","False"
".history/backend/bell_schedule_wizard/views_20260411160253.py","False"
".history/backend/billing/api_20260411160856.py","False"
".history/backend/billing/api_20260411161758.py","False"
".history/backend/billing_wizard/views_20260411144650.py","False"
".history/backend/billing_wizard/views_20260411160253.py","False"
".history/backend/board_oversight/api_governance_20260411121054.py","False"
".history/backend/board_oversight/api_governance_20260411122801.py","False"
".history/backend/board_oversight/api_governance_20260411143741.py","False"
".history/backend/board_oversight/api_governance_20260411143756.py","False"
".history/backend/board_oversight/api_governance_20260411160252.py","False"
".history/backend/board_oversight/views_20260411143741.py","False"
".history/backend/board_oversight/views_20260411160252.py","False"
".history/backend/classroom/urls_20260411163114.py","False"
".history/backend/classroom/urls_20260411163144.py","False"
".history/backend/comms/api/views_20260411160856.py","False"
".history/backend/comms/api/views_20260411161758.py","False"
".history/backend/comms_wizard/views_20260411144650.py","False"
".history/backend/comms_wizard/views_20260411160253.py","False"
".history/backend/core/auth/views_20260411161113.py","False"
".history/backend/core/auth/views_20260411161758.py","False"
".history/backend/course_catalog_wizard/views_20260411144649.py","False"
".history/backend/course_catalog_wizard/views_20260411160253.py","False"
".history/backend/crown_api/dashboards/views_20260411143922.py","False"
".history/backend/crown_api/dashboards/views_20260411143939.py","False"
".history/backend/crown_api/dashboards/views_20260411160252.py","False"
".history/backend/crown_api/director_views_20260411143922.py","False"
".history/backend/crown_api/director_views_20260411160252.py","False"
".history/backend/crown_api/exports/views_20260411144354.py","False"
".history/backend/crown_api/exports/views_20260411144436.py","False"
".history/backend/crown_api/exports/views_20260411144459.py","False"
".history/backend/crown_api/exports/views_20260411160253.py","False"
".history/backend/crown_api/settings_20260411121000.py","False"
".history/backend/crown_api/settings_20260411122801.py","False"
".history/backend/crown_api/settings_20260411123633.py","False"
".history/backend/crown_api/settings_20260411124221.py","False"
".history/backend/crown_api/settings_20260411142043.py","False"
".history/backend/crown_api/settings_20260411160251.py","False"
".history/backend/crown_api/system_views_20260411143741.py","False"
".history/backend/crown_api/system_views_20260411160252.py","False"
".history/backend/crown_api/tests/test_prod_flag_guards_20260411142043.py","False"
".history/backend/crown_api/tests/test_prod_flag_guards_20260411143741.py","False"
".history/backend/crown_api/tests/test_prod_flag_guards_20260411160252.py","False"
".history/backend/fee_schedule_wizard/views_20260411144820.py","False"
".history/backend/fee_schedule_wizard/views_20260411160253.py","False"
".history/backend/finance/api_views_20260411144354.py","False"
".history/backend/finance/api_views_20260411160253.py","False"
".history/backend/financial_aid/workflows_20260411120620.py","False"
".history/backend/financial_aid/workflows_20260411120632.py","False"
".history/backend/financial_aid_wizard/views_20260411144820.py","False"
".history/backend/financial_aid_wizard/views_20260411160253.py","False"
".history/backend/governance/openapi_20260411121001.py","False"
".history/backend/governance/openapi_20260411122801.py","False"
".history/backend/governance/openapi_20260411124131.py","False"
".history/backend/governance/openapi_20260411124221.py","False"
".history/backend/governance/services_20260411121001.py","False"
".history/backend/governance/services_20260411122801.py","False"
".history/backend/governance/views_20260411124131.py","False"
".history/backend/governance/views_20260411124221.py","False"
".history/backend/grade_scale_wizard/views_20260411144820.py","False"
".history/backend/grade_scale_wizard/views_20260411160253.py","False"
".history/backend/grade_weights_wizard/views_20260411144820.py","False"
".history/backend/grade_weights_wizard/views_20260411160253.py","False"
".history/backend/guardian_household_wizard/views_20260411144820.py","False"
".history/backend/guardian_household_wizard/views_20260411160253.py","False"
".history/backend/households/urls_20260411163114.py","False"
".history/backend/households/urls_20260411163144.py","False"
".history/backend/hr/api_20260411160856.py","False"
".history/backend/hr/api_20260411161758.py","False"
".history/backend/invoice_run_wizard/views_20260411160508.py","False"
".history/backend/invoice_run_wizard/views_20260411160615.py","False"
".history/backend/messaging/urls_20260411163115.py","False"
".history/backend/messaging/urls_20260411163144.py","False"
".history/backend/onboarding/solomon_services_20260411211449.py","False"
".history/backend/onboarding/solomon_services_20260411211518.py","False"
".history/backend/onboarding/solomon_services_20260411211528.py","False"
".history/backend/onboarding/solomon_services_20260411212248.py","False"
".history/backend/onboarding/tests/test_solomon_services_20260411211514.py","False"
".history/backend/onboarding/tests/test_solomon_services_20260411211520.py","False"
".history/backend/portrait/models_20260411211508.py","False"
".history/backend/portrait/models_20260411211519.py","False"
".history/backend/portrait/services_20260411211503.py","False"
".history/backend/portrait/services_20260411211518.py","False"
".history/backend/promotion_wizard/views_20260411160507.py","False"
".history/backend/promotion_wizard/views_20260411160615.py","False"
".history/backend/room_setup_wizard/views_20260411160508.py","False"
".history/backend/room_setup_wizard/views_20260411160615.py","False"
".history/backend/safety/api_20260411160856.py","False"
".history/backend/safety/api_20260411161758.py","False"
".history/backend/section_staffing_wizard/views_20260411160545.py","False"
".history/backend/section_staffing_wizard/views_20260411160615.py","False"
".history/backend/signals/api_20260411121000.py","False"
".history/backend/signals/api_20260411122801.py","False"
".history/backend/signals/api_20260411124131.py","False"
".history/backend/signals/api_20260411124221.py","False"
".history/backend/staff_onboarding_wizard/views_20260411160545.py","False"
".history/backend/staff_onboarding_wizard/views_20260411160615.py","False"
".history/backend/staff_setup_wizard/views_20260411160545.py","False"
".history/backend/staff_setup_wizard/views_20260411160615.py","False"
".history/backend/student_import_wizard/views_20260411160545.py","False"
".history/backend/student_import_wizard/views_20260411160615.py","False"
".history/backend/student_records/models_20260411211457.py","False"
".history/backend/student_records/models_20260411211518.py","False"
".history/backend/student_records/urls_20260411211454.py","False"
".history/backend/student_records/urls_20260411211518.py","False"
".history/backend/term_structure_wizard/views_20260411160508.py","False"
".history/backend/term_structure_wizard/views_20260411160615.py","False"
".history/docs/architecture/SYSTEM_OVERVIEW_20260411085647.md","False"
".history/docs/architecture/SYSTEM_OVERVIEW_20260411090459.md","False"
".history/docs/canon/CROWN_COMPASS_CANON_20260411084607.md","False"
".history/docs/canon/CROWN_COMPASS_CANON_20260411084928.md","False"
".history/docs/canon/CROWN_COMPASS_SOLOMON_DISCERNMENT_ARCHITECTURE_20260411084609.md","False"
".history/docs/canon/CROWN_COMPASS_SOLOMON_DISCERNMENT_ARCHITECTURE_20260411084929.md","False"
".history/docs/canon/CROWN_DISCERNMENT_PRINCIPLES_20260411084608.md","False"
".history/docs/canon/CROWN_DISCERNMENT_PRINCIPLES_20260411084928.md","False"
".history/docs/canon/CROWN_DISCERNMENT_TECHNICAL_POSITION_20260411084608.md","False"
".history/docs/canon/CROWN_DISCERNMENT_TECHNICAL_POSITION_20260411084929.md","False"
".history/docs/canon/CROWN_SOLOMON_CANON_20260411084607.md","False"
".history/docs/canon/CROWN_SOLOMON_CANON_20260411084928.md","False"
".history/docs/CROWN_ARCHITECTURE_CANON_20260411085409.md","False"
".history/docs/CROWN_ARCHITECTURE_CANON_20260411090459.md","False"
".history/docs/CROWN_IP_DESIGN_ORIGIN_DECLARATION_20260411085647.md","False"
".history/docs/CROWN_IP_DESIGN_ORIGIN_DECLARATION_20260411090459.md","False"
".history/docs/maps/CROWN_MAGUS_SPRINT_MAP_20260411085719.md","False"
".history/docs/maps/CROWN_MAGUS_SPRINT_MAP_20260411090459.md","False"
".history/docs/openapi/crown-openapi-current_20260411085918.yaml","False"
".history/docs/openapi/crown-openapi-current_20260411090459.yaml","False"
".history/docs/openapi/governance-module-reference_20260411085918.yaml","False"
".history/docs/openapi/governance-module-reference_20260411090459.yaml","False"
".history/docs/product/CROWN_ADDON_CLASSIFICATION_UPDATE_20260411084621.md","False"
".history/docs/product/CROWN_ADDON_CLASSIFICATION_UPDATE_20260411084929.md","False"
".history/docs/product/CROWN_MISSION_INTELLIGENCE_POSITIONING_20260411084621.md","False"
".history/docs/product/CROWN_MISSION_INTELLIGENCE_POSITIONING_20260411084929.md","False"
".history/docs/release/NEXT_ACTION_SUMMARY_20260411213926.md","False"
".history/docs/release/SCHEMA_W002_PROGRESS_20260411213920.md","False"
".history/docs/release/SHIP_CANDIDATE_32_46_20260411213920.md","False"
".history/docs/release/SHIP_CANDIDATE_47_61_20260411213926.md","False"
".history/docs/release/TOP_W002_OFFENDERS_POST_20260411213930.md","False"
".history/docs/release/TOP_W002_OFFENDERS_PRE_20260411213930.md","False"
".history/docs/reviews/CROWN_DISCERNMENT_DOWNSTREAM_REVIEW_20260411120645.md","False"
".history/docs/reviews/CROWN_DISCERNMENT_DOWNSTREAM_REVIEW_20260411120702.md","False"
".history/docs/reviews/CROWN_DISCERNMENT_DOWNSTREAM_REVIEW_20260411121054.md","False"
".history/docs/reviews/CROWN_DISCERNMENT_DOWNSTREAM_REVIEW_20260411122801.md","False"
".history/docs/reviews/CROWN_DISCERNMENT_RUNTIME_REVIEW_20260411091807.md","False"
".history/docs/reviews/CROWN_DISCERNMENT_RUNTIME_REVIEW_20260411120052.md","False"
".history/docs/reviews/CROWN_DISCERNMENT_RUNTIME_REVIEW_20260411120108.md","False"
".history/docs/reviews/CROWN_DISCERNMENT_RUNTIME_REVIEW_20260411120125.md","False"
".history/docs/reviews/CROWN_DISCERNMENT_RUNTIME_REVIEW_20260411120546.md","False"
".history/docs/reviews/PRODUCTION_RELEASE_PRIORITY_CHECKLIST_20260411123754.md","False"
".history/docs/reviews/PRODUCTION_RELEASE_PRIORITY_CHECKLIST_20260411123837.md","False"
".history/docs/reviews/PRODUCTION_RELEASE_PRIORITY_CHECKLIST_20260411123855.md","False"
".history/docs/reviews/PRODUCTION_RELEASE_PRIORITY_CHECKLIST_20260411124221.md","False"
".history/docs/reviews/PRODUCTION_RELEASE_PRIORITY_CHECKLIST_20260411124940.md","False"
".history/docs/reviews/PRODUCTION_RELEASE_PRIORITY_CHECKLIST_20260411142215.md","False"
".history/docs/reviews/PRODUCTION_RELEASE_PRIORITY_CHECKLIST_20260411144031.md","False"
".history/docs/reviews/PRODUCTION_RELEASE_PRIORITY_CHECKLIST_20260411144918.md","False"
".history/docs/reviews/PRODUCTION_RELEASE_PRIORITY_CHECKLIST_20260411160252.md","False"
".history/docs/reviews/PRODUCTION_RELEASE_PRIORITY_CHECKLIST_20260411161207.md","False"
".history/docs/reviews/PRODUCTION_RELEASE_PRIORITY_CHECKLIST_20260411161758.md","False"
".history/docs/status/CROWN_MAGUS_COVERAGE_MATRIX_20260411085719.md","False"
".history/docs/status/CROWN_MAGUS_COVERAGE_MATRIX_20260411085815.md","False"
".history/docs/status/CROWN_MAGUS_COVERAGE_MATRIX_20260411090459.md","False"
".history/scripts/release/11_verify_import_and_migrations_20260411161920.ps1","False"
".history/scripts/release/11_verify_import_and_migrations_20260411161926.ps1","False"
".history/scripts/release/11_verify_import_and_migrations_20260411161949.ps1","False"
".history/scripts/release/11_verify_import_and_migrations_20260411163144.ps1","False"
".history/scripts/release/12_verify_backend_urls_and_health_20260411161949.ps1","False"
".history/scripts/release/12_verify_backend_urls_and_health_20260411163144.ps1","False"
".history/scripts/release/13_verify_workflows_and_deploy_risk_20260411161950.ps1","False"
".history/scripts/release/13_verify_workflows_and_deploy_risk_20260411163144.ps1","False"
".history/scripts/release/20_release_verify_20260411161919.ps1","False"
".history/scripts/release/20_release_verify_20260411161926.ps1","False"
".history/scripts/release/20_release_verify_20260411161949.ps1","False"
".history/scripts/release/20_release_verify_20260411163144.ps1","False"
".history/scripts/release/28_run_next_release_sequence_20260411212007.ps1","False"
".history/scripts/release/28_run_next_release_sequence_20260411212051.ps1","False"
".history/scripts/release/28_run_next_release_sequence_20260411212248.ps1","False"
".history/scripts/release/29_reconcile_after_freeze_20260411213015.ps1","False"
".history/scripts/release/29_reconcile_after_freeze_20260411213523.ps1","False"
".history/scripts/release/fix_15_to_green_20260411161556.ps1","False"
".history/scripts/release/fix_15_to_green_20260411161654.ps1","False"
".history/scripts/release/fix_15_to_green_20260411161758.ps1","False"
".history/scripts/release/fix_15_to_green_20260411163115.ps1","False"
".history/scripts/release/fix_15_to_green_20260411163143.ps1","False"
".history/scripts/release/fix_15_to_green_20260411210948.ps1","False"
".history/scripts/release/fix_15_to_green_20260411211115.ps1","False"
".history/scripts/release/fix_15_to_green_20260411212219.ps1","False"
".history/scripts/release/fix_15_to_green_20260411212248.ps1","False"
".history/scripts/release/fix_16_31_to_green_20260411164158.ps1","False"
".history/scripts/release/fix_16_31_to_green_20260411164629.ps1","False"
".history/scripts/release/fix_16_31_to_green_20260411174447.ps1","False"
".history/scripts/release/fix_16_31_to_green_20260411211105.ps1","False"
".history/scripts/release/fix_16_31_to_green_20260411211115.ps1","False"
".history/scripts/release/fix_16_31_to_green_20260411211538.ps1","False"
".history/scripts/release/fix_16_31_to_green_20260411212248.ps1","False"
".history/scripts/release/fix_32_46_to_green_20260411211747.ps1","False"
".history/scripts/release/fix_32_46_to_green_20260411212248.ps1","False"
".history/scripts/release/fix_32_46_to_green_20260411212523.ps1","False"
".history/scripts/release/fix_32_46_to_green_20260411212823.ps1","False"
".history/scripts/release/fix_47_61_to_green_20260411211859.ps1","False"
".history/scripts/release/fix_47_61_to_green_20260411212248.ps1","False"
".history/scripts/release/phase16_professional_repo_cleanup_20260411080828.ps1","False"
".history/scripts/release/phase16_professional_repo_cleanup_20260411081545.ps1","False"
".history/tests/test_release_tenant_and_urls_20260411161920.py","False"
".history/tests/test_release_tenant_and_urls_20260411161926.py","False"
".history/tests/test_release_tenant_and_urls_20260411163350.py","False"
".history/tests/test_release_tenant_and_urls_20260411163408.py","False"
".history/tests/test_release_tenant_and_urls_20260411174447.py","False"
"_tmp_admissions_schema.yaml","False"
"_tmp_admissions_schema_v3.yaml","False"
"_tmp_admissions_triplecheck.yaml","False"
"_tmp_admissions_triplecheck_after.yaml","False"
"_tmp_enrollment_audit.yaml","False"
"_tmp_enrollment_audit_after.yaml","False"
"_tmp_openapi_audit_after_priority_fix.yaml","False"
"_tmp_openapi_audit_after_settings_fix.yaml","False"
"_tmp_openapi_speedpass.yaml","False"
"_tmp_openapi_speedpass2.yaml","False"
"_tmp_scheduling_audit.yaml","False"
"_tmp_scheduling_audit_after.yaml","False"
"_tmp_scheduling_audit_final.yaml","False"
"=== LOCAL CHANGED FILES VS BASE ===","False"
"APPLY_DEMO_PROOF_FIXES.ps1","False"
"APPLY_WIRING_VERIFICATION_PACK.ps1","False"
"audit-artifacts/freeze-reconcile/01_expected_file_inventory.csv","False"
"audit-artifacts/freeze-reconcile/02_missing_files.csv","False"
"audit-artifacts/freeze-reconcile/03_present_files.csv","False"
"audit-artifacts/freeze-reconcile/04_git_status.txt","False"
"audit-artifacts/freeze-reconcile/05_git_branch.txt","False"
"audit-artifacts/freeze-reconcile/06_recent_commits.txt","False"
"audit-artifacts/freeze-reconcile/07_release_script_presence.txt","False"
"audit-artifacts/freeze-reconcile/08_release_docs_presence.txt","False"
"audit-artifacts/freeze-reconcile/09_frontend_presence.txt","False"
"audit-artifacts/freeze-reconcile/10_backend_presence.txt","False"
"audit-artifacts/freeze-reconcile/11_known_evidence_inventory.csv","False"
"audit-artifacts/freeze-reconcile/12_schema_progress_snapshot.json","False"
"audit-artifacts/freeze-reconcile/13_runtime_presence.json","False"
"audit-artifacts/release-manifest/00_repo_root.txt","False"
"audit-artifacts/release-manifest/01_current_branch.txt","False"
"audit-artifacts/release-manifest/02_head_sha.txt","False"
"audit-artifacts/release-manifest/03_tags.txt","False"
"audit-artifacts/release-manifest/04_status.txt","False"
"audit-artifacts/release-manifest/05_recent_commits.txt","False"
"audit-artifacts/release-manifest/06_workflows.json","False"
"audit-artifacts/release-manifest/07_release_docs.json","False"
"audit-artifacts/release-manifest/08_workflow_inventory.csv","False"
"audit-artifacts/release-manifest/route_catalog.json","False"
"audit-artifacts/release-manifest/route_catalog.md","False"
"audit-artifacts/release-manifest/workflow_preflight.json","False"
"audit-artifacts/release-verify/01_manage_check.txt","False"
"audit-artifacts/release-verify/02_showmigrations.txt","False"
"audit-artifacts/release-verify/03_deploy_check.txt","False"
"audit-artifacts/release-verify/04_pytest_release_smoke.txt","False"
"audit-artifacts/release-verify/05_openapi_export.txt","False"
"audit-artifacts/release-verify/10_manage_check_phase2.txt","False"
"audit-artifacts/release-verify/11_pytest_phase2.txt","False"
"audit-artifacts/release-verify/12_npm_ci_phase2.txt","False"
"audit-artifacts/release-verify/13_frontend_tests_phase2.txt","False"
"audit-artifacts/release-verify/14_playwright_routes_phase2.txt","False"
"audit-artifacts/release-verify/23_pytest_route_contracts.txt","False"
"audit-artifacts/release-verify/33_py_compile_schema_patch.txt","False"
"audit-artifacts/release-verify/50_fix_15_to_green.txt","False"
"audit-artifacts/release-verify/51_fix_16_31_to_green.txt","False"
"audit-artifacts/release-verify/52_fix_32_46_to_green.txt","False"
"audit-artifacts/release-verify/53_fix_47_61_to_green.txt","False"
"audit-artifacts/release-verify/54_schema_green_pass.txt","False"
"audit-artifacts/release-verify/58_next_release_sequence_results.json","False"
"audit-artifacts/release-verify/api_v1_notifications_sms_status.txt","False"
"audit-artifacts/release-verify/api_v1_release-closeout_metrics_live.txt","False"
"audit-artifacts/release-verify/api_v1_release-closeout_status.txt","False"
"audit-artifacts/release-verify/api_v1_reports_board.txt","False"
"audit-artifacts/release-verify/api_v1_reports_discipline_DEMO-001.txt","False"
"audit-artifacts/release-verify/api_v1_reports_report-card_DEMO-001.txt","False"
"audit-artifacts/release-verify/api_v1_reports_transcript_DEMO-001.txt","False"
"audit-artifacts/release-verify/compuwerx_sandbox_capture.txt","False"
"audit-artifacts/release-verify/mock_seed_scan.json","False"
"audit-artifacts/release-verify/mock_seed_scan.md","False"
"audit-artifacts/release-verify/release_demo_seed_manifest.json","False"
"audit-artifacts/release-verify/release_package_readiness.json","False"
"audit-artifacts/release-verify/release_patch_guard.json","False"
"audit-artifacts/release-verify/schema_apiview_patch_report.json","False"
"audit-artifacts/release-verify/schema_function_patch_report.json","False"
"audit-artifacts/release-verify/schema_w002_check.txt","False"
"audit-artifacts/release-verify/schema_w002_inventory.csv","False"
"audit-artifacts/release-verify/schema_w002_inventory.json","False"
"audit-artifacts/release-verify/schema_w002_inventory.md","False"
"audit-artifacts/release-verify/schema_w002_summary.json","False"
"audit-artifacts/release-verify/seed_fixture_parity.json","False"
"backend/academic_year_wizard/urls.py","True"
"backend/academic_year_wizard/views.py","True"
"backend/academics/urls.py","True"
"backend/academics_ro/urls.py","True"
"backend/advancement/api.py","True"
"backend/advancement/urls.py","True"
"backend/aftercare/api.py","True"
"backend/aftercare/urls.py","True"
"backend/aid/api_views.py","True"
"backend/analytics/migrations/0002_predictivemodelrun.py","False"
"backend/analytics/models.py","False"
"backend/analytics/predictors.py","False"
"backend/analytics/README_DISCERNMENT_NOT_FOR_INTEGRATION_YET.md","False"
"backend/analytics/tasks.py","False"
"backend/analytics/tests/test_predictor_integrations.py","False"
"backend/athletics/api/urls.py","True"
"backend/attendance_codes_wizard/urls.py","True"
"backend/attendance_codes_wizard/views.py","True"
"backend/attendance_rules_wizard/urls.py","True"
"backend/attendance_rules_wizard/views.py","True"
"backend/bell_schedule_wizard/urls.py","True"
"backend/bell_schedule_wizard/views.py","True"
"backend/billing/api.py","True"
"backend/billing_wizard/urls.py","True"
"backend/billing_wizard/views.py","True"
"backend/board_oversight/urls.py","True"
"backend/classroom/urls.py","True"
"backend/comms/api/urls.py","True"
"backend/comms/api/views.py","True"
"backend/comms/urls.py","True"
"backend/comms_wizard/urls.py","True"
"backend/comms_wizard/views.py","True"
"backend/core/api_schema.py","True"
"backend/core/auth/urls.py","True"
"backend/core/auth/views.py","True"
"backend/core/demo/heritage_demo_credentials.json","False"
"backend/core/tenant_header_middleware.py","False"
"backend/course_catalog_wizard/urls.py","True"
"backend/course_catalog_wizard/views.py","True"
"backend/crown_api/api_urls.py","False"
"backend/crown_api/api_v1_urls.py","False"
"backend/crown_api/billing_api/urls.py","True"
"backend/crown_api/dashboards/sample_payloads.py","False"
"backend/crown_api/dashboards/urls.py","True"
"backend/crown_api/dashboards/views.py","True"
"backend/crown_api/exports/urls.py","True"
"backend/crown_api/settings.py","False"
"backend/crown_api/urls.py","True"
"backend/curricula/urls.py","True"
"backend/curriculum/urls.py","True"
"backend/discipline/api/urls.py","True"
"backend/enrollment_conversion_wizard/urls.py","True"
"backend/enrollment_conversion_wizard/views.py","True"
"backend/enrollment_period_wizard/urls.py","True"
"backend/enrollment_period_wizard/views.py","True"
"backend/executive360/api/urls.py","True"
"backend/facops/api/urls.py","True"
"backend/fee_schedule_wizard/urls.py","True"
"backend/fee_schedule_wizard/views.py","True"
"backend/finance_setup/urls.py","True"
"backend/financial_aid/need_index.py","False"
"backend/financial_aid/tests/test_workflows.py","False"
"backend/financial_aid/urls.py","True"
"backend/financial_aid/workflows.py","False"
"backend/financial_aid_wizard/urls.py","True"
"backend/financial_aid_wizard/views.py","True"
"backend/governance/__init__.py","False"
"backend/governance/microsoft_graph.py","False"
"backend/governance/services.py","False"
"backend/governance/urls.py","True"
"backend/governance/views.py","True"
"backend/grade_scale_wizard/urls.py","True"
"backend/grade_scale_wizard/views.py","True"
"backend/grade_weights_wizard/urls.py","True"
"backend/grade_weights_wizard/views.py","True"
"backend/gradebook/urls.py","True"
"backend/gradebook_setup_wizard/urls.py","True"
"backend/gradebook_setup_wizard/views.py","True"
"backend/graduation/urls.py","True"
"backend/guardian_household_wizard/urls.py","True"
"backend/guardian_household_wizard/views.py","True"
"backend/households/urls.py","True"
"backend/hr/api.py","True"
"backend/hr/urls.py","True"
"backend/integrations/api/urls.py","True"
"backend/integrations/urls.py","True"
"backend/integrations_real/urls.py","True"
"backend/invoice_run_wizard/urls.py","True"
"backend/invoice_run_wizard/views.py","True"
"backend/ledger/api.py","True"
"backend/msauth/urls.py","True"
"backend/onboarding/api_onboarding.py","False"
"backend/onboarding/migrations/0004_solomonaudience_solomoncategory_solomontopic_and_more.py","False"
"backend/onboarding/models_tasks.py","False"
"backend/onboarding/solomon_seed.py","False"
"backend/onboarding/solomon_services.py","False"
"backend/onboarding/tests/test_solomon_services.py","False"
"backend/onboarding/urls.py","True"
"backend/outreach/api/urls.py","True"
"backend/parent360/api/urls.py","True"
"backend/parent360/tests/test_parent_overview_api.py","False"
"backend/pdhub/urls.py","True"
"backend/platform_ops/urls.py","True"
"backend/portrait/__init__.py","False"
"backend/portrait/apps.py","False"
"backend/portrait/migrations/__init__.py","False"
"backend/portrait/models.py","False"
"backend/portrait/services.py","False"
"backend/promotion_wizard/urls.py","True"
"backend/promotion_wizard/views.py","True"
"backend/reenrollment/urls.py","True"
"backend/requirements.txt","False"
"backend/room_setup_wizard/urls.py","True"
"backend/room_setup_wizard/views.py","True"
"backend/safety/api.py","True"
"backend/safety/urls.py","True"
"backend/scheduling_wizard/urls.py","True"
"backend/scheduling_wizard/views.py","True"
"backend/section_assign_wizard/urls.py","True"
"backend/section_assign_wizard/views.py","True"
"backend/section_scheduler_wizard/urls.py","True"
"backend/section_scheduler_wizard/views.py","True"
"backend/section_staffing_wizard/urls.py","True"
"backend/section_staffing_wizard/views.py","True"
"backend/servicehours/api/urls.py","True"
"backend/signals/urls.py","True"
"backend/spiritual_life/api/urls.py","True"
"backend/spiritual_life/services.py","False"
"backend/staff_onboarding_wizard/urls.py","True"
"backend/staff_onboarding_wizard/views.py","True"
"backend/staff_setup_wizard/urls.py","True"
"backend/staff_setup_wizard/views.py","True"
"backend/student_import_wizard/urls.py","True"
"backend/student_import_wizard/views.py","True"
"backend/student_records/__init__.py","False"
"backend/student_records/apps.py","False"
"backend/student_records/migrations/__init__.py","False"
"backend/student_records/models.py","False"
"backend/student_records/urls.py","True"
"backend/student360/api/urls.py","True"
"backend/student360/tests/test_overview_api.py","False"
"backend/subscriptions/api/urls.py","True"
"backend/subscriptions/urls.py","True"
"backend/term_structure_wizard/urls.py","True"
"backend/term_structure_wizard/views.py","True"
"backend/tests/test_microsoft_integration_readiness.py","False"
"backend/transportation/api/urls.py","True"
"crown2026_config/settings.py","False"
"crown2026_config/urls.py","False"
"docs/canon/CROWN_COMPASS_CANON.md","False"
"docs/canon/CROWN_COMPASS_SOLOMON_DISCERNMENT_ARCHITECTURE.md","False"
"docs/canon/CROWN_DISCERNMENT_PRINCIPLES.md","False"
"docs/canon/CROWN_DISCERNMENT_TECHNICAL_POSITION.md","False"
"docs/canon/CROWN_SOLOMON_CANON.md","False"
"docs/product/CROWN_ADDON_CLASSIFICATION_UPDATE.md","False"
"docs/product/CROWN_MISSION_INTELLIGENCE_POSITIONING.md","False"
"docs/release/archive-cleanup/20260411_081314/.history/.github/workflows/codeql_20260410222152.yml","True"
"docs/release/archive-cleanup/20260411_081314/.history/.gitignore_20260409183015","True"
"docs/release/archive-cleanup/20260411_081314/.history/.gitignore_20260409183941","True"
"docs/release/archive-cleanup/20260411_081314/.history/APPLY_DEMO_PROOF_FIXES_20260410062540.ps1","True"
"docs/release/archive-cleanup/20260411_081314/.history/APPLY_DEMO_PROOF_FIXES_20260410072140.ps1","True"
"docs/release/archive-cleanup/20260411_081314/.history/APPLY_DEMO_PROOF_FIXES_20260410073209.ps1","True"
"docs/release/archive-cleanup/20260411_081314/.history/APPLY_DEMO_PROOF_FIXES_20260410073249.ps1","True"
"docs/release/archive-cleanup/20260411_081314/.history/APPLY_DEMO_PROOF_FIXES_20260410073651.ps1","True"
"docs/release/archive-cleanup/20260411_081314/.history/APPLY_WIRING_VERIFICATION_PACK_20260410075954.ps1","True"
"docs/release/archive-cleanup/20260411_081314/.history/APPLY_WIRING_VERIFICATION_PACK_20260410080036.ps1","True"
"docs/release/archive-cleanup/20260411_081314/.history/APPLY_WIRING_VERIFICATION_PACK_20260410174136.ps1","True"
"docs/release/archive-cleanup/20260411_081314/.history/backend/academics/assignments_views_20260410200124.py","True"
"docs/release/archive-cleanup/20260411_081314/.history/backend/academics/assignments_views_20260410200308.py","True"
"docs/release/archive-cleanup/20260411_081314/.history/backend/academics/assignments_views_20260410200352.py","True"
"docs/release/archive-cleanup/20260411_081314/.history/backend/academics/assignments_views_20260410201503.py","True"
"docs/release/archive-cleanup/20260411_081314/.history/backend/academics/lesson_plan_views_20260410200124.py","True"
"docs/release/archive-cleanup/20260411_081314/.history/backend/academics/lesson_plan_views_20260410201503.py","True"
"docs/release/archive-cleanup/20260411_081314/.history/backend/academics/lesson_plan_views_20260411021149.py","True"
"docs/release/archive-cleanup/20260411_081314/.history/backend/academics/lesson_plan_views_20260411021225.py","True"
"docs/release/archive-cleanup/20260411_081314/.history/backend/academics/lesson_plan_views_20260411021251.py","True"
"docs/release/archive-cleanup/20260411_081314/.history/backend/academics/lesson_plan_views_20260411022830.py","True"
"docs/release/archive-cleanup/20260411_081314/.history/backend/academics/serializers_20260410200024.py","True"
"docs/release/archive-cleanup/20260411_081314/.history/backend/academics/serializers_20260410201503.py","True"
"docs/release/archive-cleanup/20260411_081314/.history/backend/academics/tests/test_assignments_weights_20260410200217.py","True"
"docs/release/archive-cleanup/20260411_081314/.history/backend/academics/tests/test_assignments_weights_20260410201503.py","True"
"docs/release/archive-cleanup/20260411_081314/.history/backend/academics/tests/test_assignments_weights_20260411021150.py","True"
"docs/release/archive-cleanup/20260411_081314/.history/backend/academics/tests/test_assignments_weights_20260411021225.py","True"
"docs/release/archive-cleanup/20260411_081314/.history/backend/academics/tests/test_assignments_weights_20260411021643.py","True"
"docs/release/archive-cleanup/20260411_081314/.history/backend/academics/tests/test_assignments_weights_20260411022830.py","True"
"docs/release/archive-cleanup/20260411_081314/.history/backend/academics/transcript_views_20260410200123.py","True"
"docs/release/archive-cleanup/20260411_081314/.history/backend/academics/transcript_views_20260410200308.py","True"
"docs/release/archive-cleanup/20260411_081314/.history/backend/academics/transcript_views_20260410201503.py","True"
"docs/release/archive-cleanup/20260411_081314/.history/backend/academics/views_20260410200124.py","True"
"docs/release/archive-cleanup/20260411_081314/.history/backend/academics/views_20260410201503.py","True"
"docs/release/archive-cleanup/20260411_081314/.history/backend/academics_ro/views_20260410200516.py","True"
"docs/release/archive-cleanup/20260411_081314/.history/backend/academics_ro/views_20260410201504.py","True"
"docs/release/archive-cleanup/20260411_081314/.history/backend/admissions/api_views_20260410182638.py","True"
"docs/release/archive-cleanup/20260411_081314/.history/backend/admissions/api_views_20260410192637.py","True"
"docs/release/archive-cleanup/20260411_081314/.history/backend/admissions/views_admissions_links_20260410180818.py","True"
"docs/release/archive-cleanup/20260411_081314/.history/backend/admissions/views_admissions_links_20260410180848.py","True"
"docs/release/archive-cleanup/20260411_081314/.history/backend/admissions/views_admissions_links_20260410181155.py","True"
"docs/release/archive-cleanup/20260411_081314/.history/backend/admissions/views_admissions_links_20260410181334.py","True"
"docs/release/archive-cleanup/20260411_081314/.history/backend/admissions/views_enroll_20260410182638.py","True"
"docs/release/archive-cleanup/20260411_081314/.history/backend/admissions/views_enroll_20260410192637.py","True"
"docs/release/archive-cleanup/20260411_081314/.history/backend/aftercare/api_20260410183659.py","True"
"docs/release/archive-cleanup/20260411_081314/.history/backend/aftercare/api_20260410192638.py","True"
"docs/release/archive-cleanup/20260411_081314/.history/backend/aftercare/api_20260411021149.py","True"
"docs/release/archive-cleanup/20260411_081314/.history/backend/aftercare/api_20260411021225.py","True"
"docs/release/archive-cleanup/20260411_081314/.history/backend/aftercare/api_20260411021250.py","True"
"docs/release/archive-cleanup/20260411_081314/.history/backend/aftercare/api_20260411022829.py","True"
"docs/release/archive-cleanup/20260411_081314/.history/backend/analytics/models_20260410042743.py","True"
"docs/release/archive-cleanup/20260411_081314/.history/backend/analytics/models_20260410042918.py","True"
"docs/release/archive-cleanup/20260411_081314/.history/backend/analytics/predictors_20260410042816.py","True"
"docs/release/archive-cleanup/20260411_081314/.history/backend/analytics/predictors_20260410042918.py","True"
"docs/release/archive-cleanup/20260411_081314/.history/backend/analytics/predictors_20260410043734.py","True"
"docs/release/archive-cleanup/20260411_081314/.history/backend/analytics/predictors_20260410044331.py","True"
"docs/release/archive-cleanup/20260411_081314/.history/backend/analytics/predictors_20260410045529.py","True"
"docs/release/archive-cleanup/20260411_081314/.history/backend/analytics/predictors_20260410045823.py","True"
"docs/release/archive-cleanup/20260411_081314/.history/backend/analytics/predictors_20260410045849.py","True"
"docs/release/archive-cleanup/20260411_081314/.history/backend/analytics/predictors_20260410233715.py","True"
"docs/release/archive-cleanup/20260411_081314/.history/backend/analytics/predictors_20260411020422.py","True"
"docs/release/archive-cleanup/20260411_081314/.history/backend/analytics/tasks_20260410042855.py","True"
"docs/release/archive-cleanup/20260411_081314/.history/backend/analytics/tasks_20260410042918.py","True"
"docs/release/archive-cleanup/20260411_081314/.history/backend/analytics/tasks_20260410043734.py","True"
"docs/release/archive-cleanup/20260411_081314/.history/backend/analytics/tasks_20260410044331.py","True"
"docs/release/archive-cleanup/20260411_081314/.history/backend/analytics/tests/test_predictor_integrations_20260410045146.py","True"
"docs/release/archive-cleanup/20260411_081314/.history/backend/analytics/tests/test_predictor_integrations_20260410045636.py","True"
"docs/release/archive-cleanup/20260411_081314/.history/backend/analytics/tests/test_predictor_integrations_20260410045849.py","True"
"docs/release/archive-cleanup/20260411_081314/.history/backend/applications/views_admissions_20260410182709.py","True"
"docs/release/archive-cleanup/20260411_081314/.history/backend/applications/views_admissions_20260410192637.py","True"
"docs/release/archive-cleanup/20260411_081314/.history/backend/comms/outbox_service_20260411023333.py","True"
"docs/release/archive-cleanup/20260411_081314/.history/backend/comms/outbox_service_20260411023345.py","True"
"docs/release/archive-cleanup/20260411_081314/.history/backend/comms/tasks_20260411023334.py","True"
"docs/release/archive-cleanup/20260411_081314/.history/backend/comms/tasks_20260411023345.py","True"
"docs/release/archive-cleanup/20260411_081314/.history/backend/core/permissions_20260410233715.py","True"
"docs/release/archive-cleanup/20260411_081314/.history/backend/core/permissions_20260410234030.py","True"
"docs/release/archive-cleanup/20260411_081314/.history/backend/core/permissions_20260411020423.py","True"
"docs/release/archive-cleanup/20260411_081314/.history/backend/core/scoping_20260410215229.py","True"
"docs/release/archive-cleanup/20260411_081314/.history/backend/core/scoping_20260410215534.py","True"
"docs/release/archive-cleanup/20260411_081314/.history/backend/core/tenant_header_middleware_20260410055042.py","True"
"docs/release/archive-cleanup/20260411_081314/.history/backend/core/tenant_header_middleware_20260410055045.py","True"
"docs/release/archive-cleanup/20260411_081314/.history/backend/core/tenant_header_middleware_20260410074405.py","True"
"docs/release/archive-cleanup/20260411_081314/.history/backend/core/tenant_header_middleware_20260410174135.py","True"
"docs/release/archive-cleanup/20260411_081314/.history/backend/core/tenant_header_middleware_20260410221657.py","True"
"docs/release/archive-cleanup/20260411_081314/.history/backend/core/tenant_header_middleware_20260410224114.py","True"
"docs/release/archive-cleanup/20260411_081314/.history/backend/core/tenant_header_middleware_20260410230348.py","True"
"docs/release/archive-cleanup/20260411_081314/.history/backend/core/tenant_header_middleware_20260410234347.py","True"
"docs/release/archive-cleanup/20260411_081314/.history/backend/core/tenant_header_middleware_20260411020422.py","True"
"docs/release/archive-cleanup/20260411_081314/.history/backend/core/tests/test_scoping_20260410215151.py","True"
"docs/release/archive-cleanup/20260411_081314/.history/backend/core/tests/test_scoping_20260410215534.py","True"
"docs/release/archive-cleanup/20260411_081314/.history/backend/crown_api/api_urls_20260410053620.py","True"
"docs/release/archive-cleanup/20260411_081314/.history/backend/crown_api/api_urls_20260410054539.py","True"
"docs/release/archive-cleanup/20260411_081314/.history/backend/crown_api/api_urls_20260410204532.py","True"
"docs/release/archive-cleanup/20260411_081314/.history/backend/crown_api/api_urls_20260410210034.py","True"
"docs/release/archive-cleanup/20260411_081314/.history/backend/crown_api/api_urls_20260410211112.py","True"
"docs/release/archive-cleanup/20260411_081314/.history/backend/crown_api/api_urls_20260410211943.py","True"
"docs/release/archive-cleanup/20260411_081314/.history/backend/crown_api/api_urls_20260410212359.py","True"
"docs/release/archive-cleanup/20260411_081314/.history/backend/crown_api/api_urls_20260410212552.py","True"
"docs/release/archive-cleanup/20260411_081314/.history/backend/crown_api/api_urls_20260410213455.py","True"
"docs/release/archive-cleanup/20260411_081314/.history/backend/crown_api/api_urls_20260410214013.py","True"
"docs/release/archive-cleanup/20260411_081314/.history/backend/crown_api/api_urls_20260411023333.py","True"
"docs/release/archive-cleanup/20260411_081314/.history/backend/crown_api/api_urls_20260411023345.py","True"
"docs/release/archive-cleanup/20260411_081314/.history/backend/crown_api/api_v1_urls_20260410061824.py","True"
"docs/release/archive-cleanup/20260411_081314/.history/backend/crown_api/api_v1_urls_20260410072140.py","True"
"docs/release/archive-cleanup/20260411_081314/.history/backend/crown_api/dashboards/academics_20260410183659.py","True"
"docs/release/archive-cleanup/20260411_081314/.history/backend/crown_api/dashboards/academics_20260410192638.py","True"
"docs/release/archive-cleanup/20260411_081314/.history/backend/crown_api/dashboards/admissions_20260410182709.py","True"
"docs/release/archive-cleanup/20260411_081314/.history/backend/crown_api/dashboards/admissions_20260410192637.py","True"
"docs/release/archive-cleanup/20260411_081314/.history/backend/crown_api/dashboards/sample_payloads_20260410055042.py","True"
"docs/release/archive-cleanup/20260411_081314/.history/backend/crown_api/dashboards/sample_payloads_20260410055045.py","True"
"docs/release/archive-cleanup/20260411_081314/.history/backend/crown_api/dashboards/sample_payloads_20260410060008.py","True"
"docs/release/archive-cleanup/20260411_081314/.history/backend/crown_api/dashboards/sample_payloads_20260410072140.py","True"
"docs/release/archive-cleanup/20260411_081314/.history/backend/crown_api/dashboards/views_20260410055042.py","True"
"docs/release/archive-cleanup/20260411_081314/.history/backend/crown_api/dashboards/views_20260410055046.py","True"
"docs/release/archive-cleanup/20260411_081314/.history/backend/crown_api/dashboards/views_20260410060008.py","True"
"docs/release/archive-cleanup/20260411_081314/.history/backend/crown_api/dashboards/views_20260410072140.py","True"
"docs/release/archive-cleanup/20260411_081314/.history/backend/crown_api/dashboards/views_20260410234030.py","True"
"docs/release/archive-cleanup/20260411_081314/.history/backend/crown_api/dashboards/views_20260411020422.py","True"
"docs/release/archive-cleanup/20260411_081314/.history/backend/crown_api/serializers_academics_20260410201127.py","True"
"docs/release/archive-cleanup/20260411_081314/.history/backend/crown_api/serializers_academics_20260410201504.py","True"
"docs/release/archive-cleanup/20260411_081314/.history/backend/crown_api/serializers_academics_20260411021049.py","True"
"docs/release/archive-cleanup/20260411_081314/.history/backend/crown_api/serializers_academics_20260411021225.py","True"
"docs/release/archive-cleanup/20260411_081314/.history/backend/crown_api/serializers_scheduling_20260410193646.py","True"
"docs/release/archive-cleanup/20260411_081314/.history/backend/crown_api/serializers_scheduling_20260410193920.py","True"
"docs/release/archive-cleanup/20260411_081314/.history/backend/crown_api/serializers_scheduling_20260411021049.py","True"
"docs/release/archive-cleanup/20260411_081314/.history/backend/crown_api/serializers_scheduling_20260411021225.py","True"
"docs/release/archive-cleanup/20260411_081314/.history/backend/crown_api/settings_20260410042855.py","True"
"docs/release/archive-cleanup/20260411_081314/.history/backend/crown_api/settings_20260410042918.py","True"
"docs/release/archive-cleanup/20260411_081314/.history/backend/crown_api/settings_20260410060008.py","True"
"docs/release/archive-cleanup/20260411_081314/.history/backend/crown_api/settings_20260410061607.py","True"
"docs/release/archive-cleanup/20260411_081314/.history/backend/crown_api/settings_20260410072140.py","True"
"docs/release/archive-cleanup/20260411_081314/.history/backend/crown_api/settings_20260410181456.py","True"
"docs/release/archive-cleanup/20260411_081314/.history/backend/crown_api/settings_20260410181641.py","True"
"docs/release/archive-cleanup/20260411_081314/.history/backend/crown_api/settings_20260410231317.py","True"
"docs/release/archive-cleanup/20260411_081314/.history/backend/crown_api/settings_20260410231512.py","True"
"docs/release/archive-cleanup/20260411_081314/.history/backend/crown_api/settings_20260410231821.py","True"
"docs/release/archive-cleanup/20260411_081314/.history/backend/crown_api/settings_20260410232058.py","True"
"docs/release/archive-cleanup/20260411_081314/.history/backend/crown_api/settings_20260411020422.py","True"
"docs/release/archive-cleanup/20260411_081314/.history/backend/crown_api/tests/test_api_version_alias_20260410213202.py","True"
"docs/release/archive-cleanup/20260411_081314/.history/backend/crown_api/tests/test_api_version_alias_20260410214013.py","True"
"docs/release/archive-cleanup/20260411_081314/.history/backend/crown_api/tests/test_api_version_alias_20260410230136.py","True"
"docs/release/archive-cleanup/20260411_081314/.history/backend/crown_api/tests/test_api_version_alias_20260410231010.py","True"
"docs/release/archive-cleanup/20260411_081314/.history/backend/crown_api/tests/test_api_version_alias_20260410231511.py","True"
"docs/release/archive-cleanup/20260411_081314/.history/backend/crown_api/tests/test_api_version_alias_20260410232314.py","True"
"docs/release/archive-cleanup/20260411_081314/.history/backend/crown_api/tests/test_api_version_alias_20260411020423.py","True"
"docs/release/archive-cleanup/20260411_081314/.history/backend/crown_api/tests/test_mission_metrics_dashboard_20260410083418.py","True"
"docs/release/archive-cleanup/20260411_081314/.history/backend/crown_api/tests/test_mission_metrics_dashboard_20260410084057.py","True"
"docs/release/archive-cleanup/20260411_081314/.history/backend/crown_api/tests/test_mission_metrics_dashboard_20260410174136.py","True"
"docs/release/archive-cleanup/20260411_081314/.history/backend/crown_api/tests/test_mission_metrics_dashboard_20260411021150.py","True"
"docs/release/archive-cleanup/20260411_081314/.history/backend/crown_api/tests/test_mission_metrics_dashboard_20260411021225.py","True"
"docs/release/archive-cleanup/20260411_081314/.history/backend/crown_api/tests/test_mission_metrics_dashboard_20260411021643.py","True"
"docs/release/archive-cleanup/20260411_081314/.history/backend/crown_api/tests/test_mission_metrics_dashboard_20260411022829.py","True"
"docs/release/archive-cleanup/20260411_081314/.history/backend/crown_api/urls_20260411023333.py","True"
"docs/release/archive-cleanup/20260411_081314/.history/backend/crown_api/urls_20260411023345.py","True"
"docs/release/archive-cleanup/20260411_081314/.history/backend/crown_api/views_academics_20260410201127.py","True"
"docs/release/archive-cleanup/20260411_081314/.history/backend/crown_api/views_academics_20260410201212.py","True"
"docs/release/archive-cleanup/20260411_081314/.history/backend/crown_api/views_academics_20260410201307.py","True"
"docs/release/archive-cleanup/20260411_081314/.history/backend/crown_api/views_academics_20260410201504.py","True"
"docs/release/archive-cleanup/20260411_081314/.history/backend/crown_api/views_billing_20260411021049.py","True"
"docs/release/archive-cleanup/20260411_081314/.history/backend/crown_api/views_billing_20260411021226.py","True"
"docs/release/archive-cleanup/20260411_081314/.history/backend/crown_api/views_households_20260411021049.py","True"
"docs/release/archive-cleanup/20260411_081314/.history/backend/crown_api/views_households_20260411021226.py","True"
"docs/release/archive-cleanup/20260411_081314/.history/backend/crown_api/views_integrity_20260410230348.py","True"
"docs/release/archive-cleanup/20260411_081314/.history/backend/crown_api/views_integrity_20260410231010.py","True"
"docs/release/archive-cleanup/20260411_081314/.history/backend/crown_api/views_integrity_20260410232314.py","True"
"docs/release/archive-cleanup/20260411_081314/.history/backend/crown_api/views_integrity_20260411020423.py","True"
"docs/release/archive-cleanup/20260411_081314/.history/backend/crown_api/views_scheduling_20260410193252.py","True"
"docs/release/archive-cleanup/20260411_081314/.history/backend/crown_api/views_scheduling_20260410193645.py","True"
"docs/release/archive-cleanup/20260411_081314/.history/backend/crown_api/views_scheduling_20260410193920.py","True"
"docs/release/archive-cleanup/20260411_081314/.history/backend/crown_api/views_students_20260411021049.py","True"
"docs/release/archive-cleanup/20260411_081314/.history/backend/crown_api/views_students_20260411021226.py","True"
"docs/release/archive-cleanup/20260411_081314/.history/backend/crown_api/views_students_20260411021250.py","True"
"docs/release/archive-cleanup/20260411_081314/.history/backend/crown_api/views_students_20260411022830.py","True"
"docs/release/archive-cleanup/20260411_081314/.history/backend/enrollment_conversion_wizard/views_20260410183622.py","True"
"docs/release/archive-cleanup/20260411_081314/.history/backend/enrollment_conversion_wizard/views_20260410192637.py","True"
"docs/release/archive-cleanup/20260411_081314/.history/backend/enrollment_period_wizard/views_20260410183659.py","True"
"docs/release/archive-cleanup/20260411_081314/.history/backend/enrollment_period_wizard/views_20260410192637.py","True"
"docs/release/archive-cleanup/20260411_081314/.history/backend/executive360/api/urls_20260410212347.py","True"
"docs/release/archive-cleanup/20260411_081314/.history/backend/executive360/api/urls_20260410212552.py","True"
"docs/release/archive-cleanup/20260411_081314/.history/backend/executive360/api/views_20260410212322.py","True"
"docs/release/archive-cleanup/20260411_081314/.history/backend/executive360/api/views_20260410212552.py","True"
"docs/release/archive-cleanup/20260411_081314/.history/backend/financial_aid/api_20260410075053.py","True"
"docs/release/archive-cleanup/20260411_081314/.history/backend/financial_aid/api_20260410082723.py","True"
"docs/release/archive-cleanup/20260411_081314/.history/backend/financial_aid/api_20260410174136.py","True"
"docs/release/archive-cleanup/20260411_081314/.history/backend/financial_aid/need_index_20260410073912.py","True"
"docs/release/archive-cleanup/20260411_081314/.history/backend/financial_aid/need_index_20260410081238.py","True"
"docs/release/archive-cleanup/20260411_081314/.history/backend/financial_aid/need_index_20260410174135.py","True"
"docs/release/archive-cleanup/20260411_081314/.history/backend/financial_aid/tests/test_financial_aid_endpoints_20260410074824.py","True"
"docs/release/archive-cleanup/20260411_081314/.history/backend/financial_aid/tests/test_financial_aid_endpoints_20260410075249.py","True"
"docs/release/archive-cleanup/20260411_081314/.history/backend/financial_aid/tests/test_financial_aid_endpoints_20260410081624.py","True"
"docs/release/archive-cleanup/20260411_081314/.history/backend/financial_aid/tests/test_financial_aid_endpoints_20260410081944.py","True"
"docs/release/archive-cleanup/20260411_081314/.history/backend/financial_aid/tests/test_financial_aid_endpoints_20260410082316.py","True"
"docs/release/archive-cleanup/20260411_081314/.history/backend/financial_aid/tests/test_financial_aid_endpoints_20260410084057.py","True"
"docs/release/archive-cleanup/20260411_081314/.history/backend/financial_aid/tests/test_financial_aid_endpoints_20260410174135.py","True"
"docs/release/archive-cleanup/20260411_081314/.history/backend/financial_aid/tests/test_workflows_20260410073806.py","True"
"docs/release/archive-cleanup/20260411_081314/.history/backend/financial_aid/tests/test_workflows_20260410080950.py","True"
"docs/release/archive-cleanup/20260411_081314/.history/backend/financial_aid/tests/test_workflows_20260410081624.py","True"
"docs/release/archive-cleanup/20260411_081314/.history/backend/financial_aid/tests/test_workflows_20260410082315.py","True"
"docs/release/archive-cleanup/20260411_081314/.history/backend/financial_aid/tests/test_workflows_20260410084057.py","True"
"docs/release/archive-cleanup/20260411_081314/.history/backend/financial_aid/tests/test_workflows_20260410174135.py","True"
"docs/release/archive-cleanup/20260411_081314/.history/backend/financial_aid/urls_20260410075053.py","True"
"docs/release/archive-cleanup/20260411_081314/.history/backend/financial_aid/urls_20260410174136.py","True"
"docs/release/archive-cleanup/20260411_081314/.history/backend/financial_aid/views_20260410081925.py","True"
"docs/release/archive-cleanup/20260411_081314/.history/backend/financial_aid/views_20260410082723.py","True"
"docs/release/archive-cleanup/20260411_081314/.history/backend/financial_aid/views_20260410174136.py","True"
"docs/release/archive-cleanup/20260411_081314/.history/backend/financial_aid/workflows_20260410073912.py","True"
"docs/release/archive-cleanup/20260411_081314/.history/backend/financial_aid/workflows_20260410075053.py","True"
"docs/release/archive-cleanup/20260411_081314/.history/backend/financial_aid/workflows_20260410081238.py","True"
"docs/release/archive-cleanup/20260411_081314/.history/backend/financial_aid/workflows_20260410081912.py","True"
"docs/release/archive-cleanup/20260411_081314/.history/backend/financial_aid/workflows_20260410082723.py","True"
"docs/release/archive-cleanup/20260411_081314/.history/backend/financial_aid/workflows_20260410084551.py","True"
"docs/release/archive-cleanup/20260411_081314/.history/backend/financial_aid/workflows_20260410174136.py","True"
"docs/release/archive-cleanup/20260411_081314/.history/backend/financial_aid/workflows_20260410233715.py","True"
"docs/release/archive-cleanup/20260411_081314/.history/backend/financial_aid/workflows_20260411020422.py","True"
"docs/release/archive-cleanup/20260411_081314/.history/backend/governance/microsoft_graph_20260410055042.py","True"
"docs/release/archive-cleanup/20260411_081314/.history/backend/governance/microsoft_graph_20260410055045.py","True"
"docs/release/archive-cleanup/20260411_081314/.history/backend/governance/services_20260410045529.py","True"
"docs/release/archive-cleanup/20260411_081314/.history/backend/governance/services_20260410045849.py","True"
"docs/release/archive-cleanup/20260411_081314/.history/backend/governance/services_20260410050129.py","True"
"docs/release/archive-cleanup/20260411_081314/.history/backend/governance/services_20260410050153.py","True"
"docs/release/archive-cleanup/20260411_081314/.history/backend/governance/services_20260410050555.py","True"
"docs/release/archive-cleanup/20260411_081314/.history/backend/governance/services_20260410055042.py","True"
"docs/release/archive-cleanup/20260411_081314/.history/backend/governance/services_20260410055045.py","True"
"docs/release/archive-cleanup/20260411_081314/.history/backend/governance/services_20260410083418.py","True"
"docs/release/archive-cleanup/20260411_081314/.history/backend/governance/services_20260410084456.py","True"
"docs/release/archive-cleanup/20260411_081314/.history/backend/governance/services_20260410174135.py","True"
"docs/release/archive-cleanup/20260411_081314/.history/backend/gradebook/serializers_20260410195909.py","True"
"docs/release/archive-cleanup/20260411_081314/.history/backend/gradebook/serializers_20260410200308.py","True"
"docs/release/archive-cleanup/20260411_081314/.history/backend/gradebook/serializers_20260410201503.py","True"
"docs/release/archive-cleanup/20260411_081314/.history/backend/gradebook/views_20260410195909.py","True"
"docs/release/archive-cleanup/20260411_081314/.history/backend/gradebook/views_20260410200308.py","True"
"docs/release/archive-cleanup/20260411_081314/.history/backend/gradebook/views_20260410200352.py","True"
"docs/release/archive-cleanup/20260411_081314/.history/backend/gradebook/views_20260410201503.py","True"
"docs/release/archive-cleanup/20260411_081314/.history/backend/gradebook/views_parent_20260410195909.py","True"
"docs/release/archive-cleanup/20260411_081314/.history/backend/gradebook/views_parent_20260410201503.py","True"
"docs/release/archive-cleanup/20260411_081314/.history/backend/gradebook_setup_wizard/views_20260410200516.py","True"
"docs/release/archive-cleanup/20260411_081314/.history/backend/gradebook_setup_wizard/views_20260410201503.py","True"
"docs/release/archive-cleanup/20260411_081314/.history/backend/households/serializers_20260411021049.py","True"
"docs/release/archive-cleanup/20260411_081314/.history/backend/households/serializers_20260411021226.py","True"
"docs/release/archive-cleanup/20260411_081314/.history/backend/integrations/api/views_20260411025118.py","True"
"docs/release/archive-cleanup/20260411_081314/.history/backend/integrations/api/views_20260411025405.py","True"
"docs/release/archive-cleanup/20260411_081314/.history/backend/integrations/graph_client_20260411023333.py","True"
"docs/release/archive-cleanup/20260411_081314/.history/backend/integrations/graph_client_20260411023345.py","True"
"docs/release/archive-cleanup/20260411_081314/.history/backend/integrations/m365/graph_client_20260411023333.py","True"
"docs/release/archive-cleanup/20260411_081314/.history/backend/integrations/m365/graph_client_20260411023345.py","True"
"docs/release/archive-cleanup/20260411_081314/.history/backend/integrations/m365/graph_client_20260411023858.py","True"
"docs/release/archive-cleanup/20260411_081314/.history/backend/integrations/m365/graph_client_20260411025405.py","True"
"docs/release/archive-cleanup/20260411_081314/.history/backend/integrations/m365/views_20260411023334.py","True"
"docs/release/archive-cleanup/20260411_081314/.history/backend/integrations/m365/views_20260411023345.py","True"
"docs/release/archive-cleanup/20260411_081314/.history/backend/integrations/m365/views_20260411023622.py","True"
"docs/release/archive-cleanup/20260411_081314/.history/backend/integrations/m365/views_20260411023700.py","True"
"docs/release/archive-cleanup/20260411_081314/.history/backend/integrations/m365/views_20260411023858.py","True"
"docs/release/archive-cleanup/20260411_081314/.history/backend/integrations/m365/views_20260411024202.py","True"
"docs/release/archive-cleanup/20260411_081314/.history/backend/integrations/m365/views_20260411025118.py","True"
"docs/release/archive-cleanup/20260411_081314/.history/backend/integrations/m365/views_20260411025405.py","True"
"docs/release/archive-cleanup/20260411_081314/.history/backend/ledger/api_20260411021049.py","True"
"docs/release/archive-cleanup/20260411_081314/.history/backend/ledger/api_20260411021226.py","True"
"docs/release/archive-cleanup/20260411_081314/.history/backend/ledger/api_20260411021822.py","True"
"docs/release/archive-cleanup/20260411_081314/.history/backend/ledger/api_20260411022830.py","True"
"docs/release/archive-cleanup/20260411_081314/.history/backend/ledger/api_20260411025354.py","True"
"docs/release/archive-cleanup/20260411_081314/.history/backend/ledger/api_20260411025404.py","True"
"docs/release/archive-cleanup/20260411_081314/.history/backend/ledger/api_20260411025508.py","True"
"docs/release/archive-cleanup/20260411_081314/.history/backend/ledger/api_20260411025526.py","True"
"docs/release/archive-cleanup/20260411_081314/.history/backend/ledger/api_20260411030230.py","True"
"docs/release/archive-cleanup/20260411_081314/.history/backend/onboarding/api_onboarding_20260410053622.py","True"
"docs/release/archive-cleanup/20260411_081314/.history/backend/onboarding/api_onboarding_20260410054539.py","True"
"docs/release/archive-cleanup/20260411_081314/.history/backend/onboarding/api_onboarding_20260411021150.py","True"
"docs/release/archive-cleanup/20260411_081314/.history/backend/onboarding/api_onboarding_20260411021225.py","True"
"docs/release/archive-cleanup/20260411_081314/.history/backend/onboarding/api_onboarding_20260411021251.py","True"
"docs/release/archive-cleanup/20260411_081314/.history/backend/onboarding/api_onboarding_20260411021642.py","True"
"docs/release/archive-cleanup/20260411_081314/.history/backend/onboarding/api_onboarding_20260411022829.py","True"
"docs/release/archive-cleanup/20260411_081314/.history/backend/onboarding/models_tasks_20260410053621.py","True"
"docs/release/archive-cleanup/20260411_081314/.history/backend/onboarding/models_tasks_20260410054539.py","True"
"docs/release/archive-cleanup/20260411_081314/.history/backend/parent360/api/views_20260410211112.py","True"
"docs/release/archive-cleanup/20260411_081314/.history/backend/parent360/api/views_20260410211635.py","True"
"docs/release/archive-cleanup/20260411_081314/.history/backend/parent360/api/views_20260410211943.py","True"
"docs/release/archive-cleanup/20260411_081314/.history/backend/parent360/tests/test_parent_overview_api_20260410210533.py","True"
"docs/release/archive-cleanup/20260411_081314/.history/backend/parent360/tests/test_parent_overview_api_20260410211022.py","True"
"docs/release/archive-cleanup/20260411_081314/.history/backend/parent360/tests/test_parent_overview_api_20260410211313.py","True"
"docs/release/archive-cleanup/20260411_081314/.history/backend/parent360/tests/test_parent_overview_api_20260410211943.py","True"
"docs/release/archive-cleanup/20260411_081314/.history/backend/parent360/tests/test_parent_overview_api_20260411021150.py","True"
"docs/release/archive-cleanup/20260411_081314/.history/backend/parent360/tests/test_parent_overview_api_20260411021225.py","True"
"docs/release/archive-cleanup/20260411_081314/.history/backend/parent360/tests/test_parent_overview_api_20260411021642.py","True"
"docs/release/archive-cleanup/20260411_081314/.history/backend/parent360/tests/test_parent_overview_api_20260411021714.py","True"
"docs/release/archive-cleanup/20260411_081314/.history/backend/parent360/tests/test_parent_overview_api_20260411022830.py","True"
"docs/release/archive-cleanup/20260411_081314/.history/backend/portrait/models_20260411021251.py","True"
"docs/release/archive-cleanup/20260411_081314/.history/backend/portrait/models_20260411022830.py","True"
"docs/release/archive-cleanup/20260411_081314/.history/backend/portrait/serializers_20260410234212.py","True"
"docs/release/archive-cleanup/20260411_081314/.history/backend/portrait/serializers_20260411020423.py","True"
"docs/release/archive-cleanup/20260411_081314/.history/backend/portrait/serializers_20260411021251.py","True"
"docs/release/archive-cleanup/20260411_081314/.history/backend/portrait/serializers_20260411022830.py","True"
"docs/release/archive-cleanup/20260411_081314/.history/backend/portrait/services_20260410234030.py","True"
"docs/release/archive-cleanup/20260411_081314/.history/backend/portrait/services_20260411020423.py","True"
"docs/release/archive-cleanup/20260411_081314/.history/backend/portrait/services_20260411025214.py","True"
"docs/release/archive-cleanup/20260411_081314/.history/backend/portrait/services_20260411025404.py","True"
"docs/release/archive-cleanup/20260411_081314/.history/backend/portrait/tests/test_portrait_api_20260410204533.py","True"
"docs/release/archive-cleanup/20260411_081314/.history/backend/portrait/tests/test_portrait_api_20260410204750.py","True"
"docs/release/archive-cleanup/20260411_081314/.history/backend/portrait/tests/test_portrait_api_20260410204938.py","True"
"docs/release/archive-cleanup/20260411_081314/.history/backend/portrait/tests/test_portrait_api_20260410210034.py","True"
"docs/release/archive-cleanup/20260411_081314/.history/backend/portrait/tests/test_portrait_api_20260411021149.py","True"
"docs/release/archive-cleanup/20260411_081314/.history/backend/portrait/tests/test_portrait_api_20260411021225.py","True"
"docs/release/archive-cleanup/20260411_081314/.history/backend/portrait/tests/test_portrait_api_20260411021642.py","True"
"docs/release/archive-cleanup/20260411_081314/.history/backend/portrait/tests/test_portrait_api_20260411021714.py","True"
"docs/release/archive-cleanup/20260411_081314/.history/backend/portrait/tests/test_portrait_api_20260411022830.py","True"
"docs/release/archive-cleanup/20260411_081314/.history/backend/portrait/views_20260410204533.py","True"
"docs/release/archive-cleanup/20260411_081314/.history/backend/portrait/views_20260410205242.py","True"
"docs/release/archive-cleanup/20260411_081314/.history/backend/portrait/views_20260410210034.py","True"
"docs/release/archive-cleanup/20260411_081314/.history/backend/portrait/views_20260410234030.py","True"
"docs/release/archive-cleanup/20260411_081314/.history/backend/portrait/views_20260411020422.py","True"
"docs/release/archive-cleanup/20260411_081314/.history/backend/portrait/views_20260411021049.py","True"
"docs/release/archive-cleanup/20260411_081314/.history/backend/portrait/views_20260411021225.py","True"
"docs/release/archive-cleanup/20260411_081314/.history/backend/portrait/views_20260411021643.py","True"
"docs/release/archive-cleanup/20260411_081314/.history/backend/portrait/views_20260411021714.py","True"
"docs/release/archive-cleanup/20260411_081314/.history/backend/portrait/views_20260411022830.py","True"
"docs/release/archive-cleanup/20260411_081314/.history/backend/portrait/views_20260411025118.py","True"
"docs/release/archive-cleanup/20260411_081314/.history/backend/portrait/views_20260411025404.py","True"
"docs/release/archive-cleanup/20260411_081314/.history/backend/portrait/views_20260411025617.py","True"
"docs/release/archive-cleanup/20260411_081314/.history/backend/portrait/views_20260411030230.py","True"
"docs/release/archive-cleanup/20260411_081314/.history/backend/reenrollment/views_20260410183622.py","True"
"docs/release/archive-cleanup/20260411_081314/.history/backend/reenrollment/views_20260410192637.py","True"
"docs/release/archive-cleanup/20260411_081314/.history/backend/requirements_20260410043734.txt","True"
"docs/release/archive-cleanup/20260411_081314/.history/backend/requirements_20260410044332.txt","True"
"docs/release/archive-cleanup/20260411_081314/.history/backend/requirements_20260410230625.txt","True"
"docs/release/archive-cleanup/20260411_081314/.history/backend/requirements_20260411020422.txt","True"
"docs/release/archive-cleanup/20260411_081314/.history/backend/scheduling_wizard/views_20260410193252.py","True"
"docs/release/archive-cleanup/20260411_081314/.history/backend/scheduling_wizard/views_20260410193356.py","True"
"docs/release/archive-cleanup/20260411_081314/.history/backend/scheduling_wizard/views_20260410193920.py","True"
"docs/release/archive-cleanup/20260411_081314/.history/backend/section_assign_wizard/views_20260410193331.py","True"
"docs/release/archive-cleanup/20260411_081314/.history/backend/section_assign_wizard/views_20260410193920.py","True"
"docs/release/archive-cleanup/20260411_081314/.history/backend/section_scheduler_wizard/views_20260410193331.py","True"
"docs/release/archive-cleanup/20260411_081314/.history/backend/section_scheduler_wizard/views_20260410193921.py","True"
"docs/release/archive-cleanup/20260411_081314/.history/backend/spiritual_life/services_20260410060220.py","True"
"docs/release/archive-cleanup/20260411_081314/.history/backend/spiritual_life/services_20260410072140.py","True"
"docs/release/archive-cleanup/20260411_081314/.history/backend/spiritual_life/services_20260410083418.py","True"
"docs/release/archive-cleanup/20260411_081314/.history/backend/spiritual_life/services_20260410083438.py","True"
"docs/release/archive-cleanup/20260411_081314/.history/backend/spiritual_life/services_20260410083653.py","True"
"docs/release/archive-cleanup/20260411_081314/.history/backend/spiritual_life/services_20260410084438.py","True"
"docs/release/archive-cleanup/20260411_081314/.history/backend/spiritual_life/services_20260410174135.py","True"
"docs/release/archive-cleanup/20260411_081314/.history/backend/spiritual_life/services_20260410233715.py","True"
"docs/release/archive-cleanup/20260411_081314/.history/backend/spiritual_life/services_20260411020422.py","True"
"docs/release/archive-cleanup/20260411_081314/.history/backend/student360/api/views_20260410083418.py","True"
"docs/release/archive-cleanup/20260411_081314/.history/backend/student360/api/views_20260410084513.py","True"
"docs/release/archive-cleanup/20260411_081314/.history/backend/student360/api/views_20260410174136.py","True"
"docs/release/archive-cleanup/20260411_081314/.history/backend/student360/api/views_20260410202926.py","True"
"docs/release/archive-cleanup/20260411_081314/.history/backend/student360/api/views_20260410203327.py","True"
"docs/release/archive-cleanup/20260411_081314/.history/backend/student360/api/views_20260410203625.py","True"
"docs/release/archive-cleanup/20260411_081314/.history/backend/student360/api/views_20260410210034.py","True"
"docs/release/archive-cleanup/20260411_081314/.history/backend/student360/api/views_20260410231821.py","True"
"docs/release/archive-cleanup/20260411_081314/.history/backend/student360/api/views_20260411020422.py","True"
"docs/release/archive-cleanup/20260411_081314/.history/backend/student360/tests/test_overview_api_20260410202356.py","True"
"docs/release/archive-cleanup/20260411_081314/.history/backend/student360/tests/test_overview_api_20260410202520.py","True"
"docs/release/archive-cleanup/20260411_081314/.history/backend/support/api_support_20260410213519.py","True"
"docs/release/archive-cleanup/20260411_081314/.history/backend/support/api_support_20260410214013.py","True"
"docs/release/archive-cleanup/20260411_081314/.history/backend/tests/test_microsoft_integration_readiness_20260411023030.py","True"
"docs/release/archive-cleanup/20260411_081314/.history/backend/tests/test_microsoft_integration_readiness_20260411023345.py","True"
"docs/release/archive-cleanup/20260411_081314/.history/backend/tests/test_microsoft_integration_readiness_20260411024202.py","True"
"docs/release/archive-cleanup/20260411_081314/.history/backend/tests/test_microsoft_integration_readiness_20260411025405.py","True"
"docs/release/archive-cleanup/20260411_081314/.history/branch_protection_20260410225501.json","True"
"docs/release/archive-cleanup/20260411_081314/.history/branch_protection_20260411020423.json","True"
"docs/release/archive-cleanup/20260411_081314/.history/docs/release/BRANCH_PROTECTION_EVIDENCE_20260410222440.md","True"
"docs/release/archive-cleanup/20260411_081314/.history/docs/release/BRANCH_PROTECTION_EVIDENCE_20260410224114.md","True"
"docs/release/archive-cleanup/20260411_081314/.history/docs/release/BRANCH_PROTECTION_EVIDENCE_20260410225542.md","True"
"docs/release/archive-cleanup/20260411_081314/.history/docs/release/BRANCH_PROTECTION_EVIDENCE_20260410232929.md","True"
"docs/release/archive-cleanup/20260411_081314/.history/docs/release/BRANCH_PROTECTION_EVIDENCE_20260411020423.md","True"
"docs/release/archive-cleanup/20260411_081314/.history/docs/release/branch-protection-export_20260410225501.json","True"
"docs/release/archive-cleanup/20260411_081314/.history/docs/release/branch-protection-export_20260411020423.json","True"
"docs/release/archive-cleanup/20260411_081314/.history/docs/release/FINAL_INVESTOR_EVIDENCE_INDEX_20260410222340.md","True"
"docs/release/archive-cleanup/20260411_081314/.history/docs/release/FINAL_INVESTOR_EVIDENCE_INDEX_20260410222440.md","True"
"docs/release/archive-cleanup/20260411_081314/.history/docs/release/FINAL_INVESTOR_EVIDENCE_INDEX_20260410224114.md","True"
"docs/release/archive-cleanup/20260411_081314/.history/docs/release/FINAL_INVESTOR_EVIDENCE_INDEX_20260410225556.md","True"
"docs/release/archive-cleanup/20260411_081314/.history/docs/release/FINAL_INVESTOR_EVIDENCE_INDEX_20260410232929.md","True"
"docs/release/archive-cleanup/20260411_081314/.history/docs/release/FINAL_INVESTOR_EVIDENCE_INDEX_20260411020423.md","True"
"docs/release/archive-cleanup/20260411_081314/.history/docs/release/FINAL_RELEASE_GATE_20260410222341.md","True"
"docs/release/archive-cleanup/20260411_081314/.history/docs/release/FINAL_RELEASE_GATE_20260410224114.md","True"
"docs/release/archive-cleanup/20260411_081314/.history/docs/release/FINAL_RELEASE_GATE_20260410225605.md","True"
"docs/release/archive-cleanup/20260411_081314/.history/docs/release/FINAL_RELEASE_GATE_20260410232929.md","True"
"docs/release/archive-cleanup/20260411_081314/.history/docs/release/FINAL_RELEASE_GATE_20260411020423.md","True"
"docs/release/archive-cleanup/20260411_081314/.history/docs/release/KNOWN_GAPS_AND_DEFERRED_ITEMS_20260411074833.md","True"
"docs/release/archive-cleanup/20260411_081314/.history/docs/release/KNOWN_GAPS_AND_DEFERRED_ITEMS_20260411075429.md","True"
"docs/release/archive-cleanup/20260411_081314/.history/docs/release/SECURITY_GATES_EVIDENCE_20260410225522.md","True"
"docs/release/archive-cleanup/20260411_081314/.history/docs/release/SECURITY_GATES_EVIDENCE_20260410232929.md","True"
"docs/release/archive-cleanup/20260411_081314/.history/docs/release/SECURITY_GATES_EVIDENCE_20260411020423.md","True"
"docs/release/archive-cleanup/20260411_081314/.history/docs/release/security-gate-evidence/codeql-live-state_20260410225427.txt","True"
"docs/release/archive-cleanup/20260411_081314/.history/docs/release/security-gate-evidence/codeql-live-state_20260410232929.txt","True"
"docs/release/archive-cleanup/20260411_081314/.history/docs/release/security-gate-evidence/codeql-live-state_20260411020423.txt","True"
"docs/release/archive-cleanup/20260411_081314/.history/docs/release/security-gate-evidence/prod-health-capture_20260410222225.txt","True"
"docs/release/archive-cleanup/20260411_081314/.history/docs/release/security-gate-evidence/prod-integrity-capture_20260410222225.txt","True"
"docs/release/archive-cleanup/20260411_081314/.history/scripts/release/phase1_live_repo_baseline_20260411030600.ps1","True"
"docs/release/archive-cleanup/20260411_081314/.history/scripts/release/phase1_live_repo_baseline_20260411030603.ps1","True"
"docs/release/archive-cleanup/20260411_081314/.history/scripts/release/phase10_live_release_gate_synthesis_20260411033050.ps1","True"
"docs/release/archive-cleanup/20260411_081314/.history/scripts/release/phase10_live_release_gate_synthesis_20260411033100.ps1","True"
"docs/release/archive-cleanup/20260411_081314/.history/scripts/release/phase11_live_release_docs_refresh_20260411042445.ps1","True"
"docs/release/archive-cleanup/20260411_081314/.history/scripts/release/phase11_live_release_docs_refresh_20260411042528.ps1","True"
"docs/release/archive-cleanup/20260411_081314/.history/scripts/release/phase12_repo_hygiene_execution_pack_20260411042445.ps1","True"
"docs/release/archive-cleanup/20260411_081314/.history/scripts/release/phase12_repo_hygiene_execution_pack_20260411042528.ps1","True"
"docs/release/archive-cleanup/20260411_081314/.history/scripts/release/phase12_repo_hygiene_execution_pack_20260411044244.ps1","True"
"docs/release/archive-cleanup/20260411_081314/.history/scripts/release/phase12_repo_hygiene_execution_pack_20260411044311.ps1","True"
"docs/release/archive-cleanup/20260411_081314/.history/scripts/release/phase12_repo_hygiene_execution_pack_20260411044409.ps1","True"
"docs/release/archive-cleanup/20260411_081314/.history/scripts/release/phase12_repo_hygiene_execution_pack_20260411044650.ps1","True"
"docs/release/archive-cleanup/20260411_081314/.history/scripts/release/phase12_repo_hygiene_execution_pack_20260411073630.ps1","True"
"docs/release/archive-cleanup/20260411_081314/.history/scripts/release/phase12_repo_hygiene_execution_pack_20260411075455.ps1","True"
"docs/release/archive-cleanup/20260411_081314/.history/scripts/release/phase12_repo_hygiene_execution_pack_20260411080423.ps1","True"
"docs/release/archive-cleanup/20260411_081314/.history/scripts/release/phase13_workflow_canonicalization_plan_20260411042446.ps1","True"
"docs/release/archive-cleanup/20260411_081314/.history/scripts/release/phase13_workflow_canonicalization_plan_20260411042528.ps1","True"
"docs/release/archive-cleanup/20260411_081314/.history/scripts/release/phase13_workflow_canonicalization_plan_20260411044244.ps1","True"
"docs/release/archive-cleanup/20260411_081314/.history/scripts/release/phase13_workflow_canonicalization_plan_20260411044311.ps1","True"
"docs/release/archive-cleanup/20260411_081314/.history/scripts/release/phase13_workflow_canonicalization_plan_20260411044409.ps1","True"
"docs/release/archive-cleanup/20260411_081314/.history/scripts/release/phase13_workflow_canonicalization_plan_20260411075338.ps1","True"
"docs/release/archive-cleanup/20260411_081314/.history/scripts/release/phase13_workflow_canonicalization_plan_20260411075429.ps1","True"
"docs/release/archive-cleanup/20260411_081314/.history/scripts/release/phase14_live_evidence_pack_builder_20260411042446.ps1","True"
"docs/release/archive-cleanup/20260411_081314/.history/scripts/release/phase14_live_evidence_pack_builder_20260411042528.ps1","True"
"docs/release/archive-cleanup/20260411_081314/.history/scripts/release/phase14_live_evidence_pack_builder_20260411044245.ps1","True"
"docs/release/archive-cleanup/20260411_081314/.history/scripts/release/phase14_live_evidence_pack_builder_20260411044311.ps1","True"
"docs/release/archive-cleanup/20260411_081314/.history/scripts/release/phase14_live_evidence_pack_builder_20260411044409.ps1","True"
"docs/release/archive-cleanup/20260411_081314/.history/scripts/release/phase14_live_evidence_pack_builder_20260411044804.ps1","True"
"docs/release/archive-cleanup/20260411_081314/.history/scripts/release/phase14_live_evidence_pack_builder_20260411073630.ps1","True"
"docs/release/archive-cleanup/20260411_081314/.history/scripts/release/phase15_final_ship_decision_and_completion_20260411042447.ps1","True"
"docs/release/archive-cleanup/20260411_081314/.history/scripts/release/phase16_professional_repo_cleanup_20260411080236.ps1","True"
"docs/release/archive-cleanup/20260411_081314/.history/scripts/release/phase16_professional_repo_cleanup_20260411080423.ps1","True"
"docs/release/archive-cleanup/20260411_081314/.history/scripts/release/phase16_professional_repo_cleanup_20260411080829.ps1","True"
"docs/release/archive-cleanup/20260411_081314/.history/scripts/release/phase2_release_truth_reconciliation_20260411031328.ps1","True"
"docs/release/archive-cleanup/20260411_081314/.history/scripts/release/phase2_release_truth_reconciliation_20260411031337.ps1","True"
"docs/release/archive-cleanup/20260411_081314/.history/scripts/release/phase2_release_truth_reconciliation_20260411031516.ps1","True"
"docs/release/archive-cleanup/20260411_081314/.history/scripts/release/phase2_release_truth_reconciliation_20260411031909.ps1","True"
"docs/release/archive-cleanup/20260411_081314/.history/scripts/release/phase3_workflow_branch_rationalization_20260411031328.ps1","True"
"docs/release/archive-cleanup/20260411_081314/.history/scripts/release/phase3_workflow_branch_rationalization_20260411031337.ps1","True"
"docs/release/archive-cleanup/20260411_081314/.history/scripts/release/phase3_workflow_branch_rationalization_20260411031516.ps1","True"
"docs/release/archive-cleanup/20260411_081314/.history/scripts/release/phase3_workflow_branch_rationalization_20260411031611.ps1","True"
"docs/release/archive-cleanup/20260411_081314/.history/scripts/release/phase3_workflow_branch_rationalization_20260411031659.ps1","True"
"docs/release/archive-cleanup/20260411_081314/.history/scripts/release/phase3_workflow_branch_rationalization_20260411031909.ps1","True"
"docs/release/archive-cleanup/20260411_081314/.history/scripts/release/phase3_workflow_branch_rationalization_20260411075338.ps1","True"
"docs/release/archive-cleanup/20260411_081314/.history/scripts/release/phase3_workflow_branch_rationalization_20260411075428.ps1","True"
"docs/release/archive-cleanup/20260411_081314/.history/scripts/release/phase3_workflow_branch_rationalization_20260411075455.ps1","True"
"docs/release/archive-cleanup/20260411_081314/.history/scripts/release/phase3_workflow_branch_rationalization_20260411080423.ps1","True"
"docs/release/archive-cleanup/20260411_081314/.history/scripts/release/phase4_backend_verification_and_django_proof_20260411032032.ps1","True"
"docs/release/archive-cleanup/20260411_081314/.history/scripts/release/phase4_backend_verification_and_django_proof_20260411032037.ps1","True"
"docs/release/archive-cleanup/20260411_081314/.history/scripts/release/phase4_backend_verification_and_django_proof_20260411032120.ps1","True"
"docs/release/archive-cleanup/20260411_081314/.history/scripts/release/phase4_backend_verification_and_django_proof_20260411032139.ps1","True"
"docs/release/archive-cleanup/20260411_081314/.history/scripts/release/phase4_backend_verification_and_django_proof_20260411032211.ps1","True"
"docs/release/archive-cleanup/20260411_081314/.history/scripts/release/phase4_backend_verification_and_django_proof_20260411032305.ps1","True"
"docs/release/archive-cleanup/20260411_081314/.history/scripts/release/phase4_backend_verification_and_django_proof_20260411032312.ps1","True"
"docs/release/archive-cleanup/20260411_081314/.history/scripts/release/phase4_backend_verification_and_django_proof_20260411032609.ps1","True"
"docs/release/archive-cleanup/20260411_081314/.history/scripts/release/phase5_module_proof_matrix_20260411032032.ps1","True"
"docs/release/archive-cleanup/20260411_081314/.history/scripts/release/phase5_module_proof_matrix_20260411032038.ps1","True"
"docs/release/archive-cleanup/20260411_081314/.history/scripts/release/phase5_module_proof_matrix_20260411032447.ps1","True"
"docs/release/archive-cleanup/20260411_081314/.history/scripts/release/phase5_module_proof_matrix_20260411032526.ps1","True"
"docs/release/archive-cleanup/20260411_081314/.history/scripts/release/phase5_module_proof_matrix_20260411032609.ps1","True"
"docs/release/archive-cleanup/20260411_081314/.history/scripts/release/phase5_module_proof_matrix_20260411074833.ps1","True"
"docs/release/archive-cleanup/20260411_081314/.history/scripts/release/phase5_module_proof_matrix_20260411075429.ps1","True"
"docs/release/archive-cleanup/20260411_081314/.history/scripts/release/phase6_evidence_index_and_action_register_20260411032032.ps1","True"
"docs/release/archive-cleanup/20260411_081314/.history/scripts/release/phase6_evidence_index_and_action_register_20260411032037.ps1","True"
"docs/release/archive-cleanup/20260411_081314/.history/scripts/release/phase6_evidence_index_and_action_register_20260411032651.ps1","True"
"docs/release/archive-cleanup/20260411_081314/.history/scripts/release/phase6_evidence_index_and_action_register_20260411032724.ps1","True"
"docs/release/archive-cleanup/20260411_081314/.history/scripts/release/phase6_evidence_index_and_action_register_20260411032909.ps1","True"
"docs/release/archive-cleanup/20260411_081314/.history/scripts/release/phase7_runtime_and_api_surface_verification_20260411033049.ps1","True"
"docs/release/archive-cleanup/20260411_081314/.history/scripts/release/phase7_runtime_and_api_surface_verification_20260411033100.ps1","True"
"docs/release/archive-cleanup/20260411_081314/.history/scripts/release/phase7_runtime_and_api_surface_verification_20260411034532.ps1","True"
"docs/release/archive-cleanup/20260411_081314/.history/scripts/release/phase7_runtime_and_api_surface_verification_20260411041506.ps1","True"
"docs/release/archive-cleanup/20260411_081314/.history/scripts/release/phase7_runtime_and_api_surface_verification_20260411075537.ps1","True"
"docs/release/archive-cleanup/20260411_081314/.history/scripts/release/phase7_runtime_and_api_surface_verification_20260411075712.ps1","True"
"docs/release/archive-cleanup/20260411_081314/.history/scripts/release/phase7_runtime_and_api_surface_verification_20260411080423.ps1","True"
"docs/release/archive-cleanup/20260411_081314/.history/scripts/release/phase8_frontend_and_dashboard_proof_20260411033049.ps1","True"
"docs/release/archive-cleanup/20260411_081314/.history/scripts/release/phase8_frontend_and_dashboard_proof_20260411033100.ps1","True"
"docs/release/archive-cleanup/20260411_081314/.history/scripts/release/phase8_frontend_and_dashboard_proof_20260411033200.ps1","True"
"docs/release/archive-cleanup/20260411_081314/.history/scripts/release/phase8_frontend_and_dashboard_proof_20260411033214.ps1","True"
"docs/release/archive-cleanup/20260411_081314/.history/scripts/release/phase8_frontend_and_dashboard_proof_20260411033219.ps1","True"
"docs/release/archive-cleanup/20260411_081314/.history/scripts/release/phase8_frontend_and_dashboard_proof_20260411033222.ps1","True"
"docs/release/archive-cleanup/20260411_081314/.history/scripts/release/phase8_frontend_and_dashboard_proof_20260411033227.ps1","True"
"docs/release/archive-cleanup/20260411_081314/.history/scripts/release/phase8_frontend_and_dashboard_proof_20260411033250.ps1","True"
"docs/release/archive-cleanup/20260411_081314/.history/scripts/release/phase8_frontend_and_dashboard_proof_20260411033543.ps1","True"
"docs/release/archive-cleanup/20260411_081314/.history/scripts/release/phase8_frontend_and_dashboard_proof_20260411033730.ps1","True"
"docs/release/archive-cleanup/20260411_081314/.history/scripts/release/phase8_frontend_and_dashboard_proof_20260411034229.ps1","True"
"docs/release/archive-cleanup/20260411_081314/.history/scripts/release/phase8_frontend_and_dashboard_proof_20260411041506.ps1","True"
"docs/release/archive-cleanup/20260411_081314/.history/scripts/release/phase9_reporting_export_pdf_transcript_gap_audit_20260411033050.ps1","True"
"docs/release/archive-cleanup/20260411_081314/.history/scripts/release/phase9_reporting_export_pdf_transcript_gap_audit_20260411033100.ps1","True"
"docs/release/archive-cleanup/20260411_081314/.history/scripts/release/phase9_reporting_export_pdf_transcript_gap_audit_20260411033706.ps1","True"
"docs/release/archive-cleanup/20260411_081314/.history/scripts/release/phase9_reporting_export_pdf_transcript_gap_audit_20260411033730.ps1","True"
"docs/release/archive-cleanup/20260411_081314/.history/scripts/release/phase9_reporting_export_pdf_transcript_gap_audit_20260411033945.ps1","True"
"docs/release/archive-cleanup/20260411_081314/.history/scripts/release/phase9_reporting_export_pdf_transcript_gap_audit_20260411041506.ps1","True"
"docs/release/archive-cleanup/20260411_081314/.history/scripts/release/verify_all_15_phases_20260411045545.ps1","True"
"docs/release/archive-cleanup/20260411_081314/.history/scripts/release/verify_all_15_phases_20260411045641.ps1","True"
"docs/release/archive-cleanup/20260411_081314/.history/scripts/release/verify_all_15_phases_20260411073630.ps1","True"
"docs/release/BRANCH_PROTECTION_EVIDENCE.md","True"
"docs/release/BRANCH_PROTECTION_REQUIRED_CHECKS.md","True"
"docs/release/branch-protection-export.json","True"
"docs/release/evidence/live-pack/20260411_044809/docs/release/LIVE_ACTION_REGISTER.md","True"
"docs/release/evidence/live-pack/20260411_044809/docs/release/LIVE_BACKEND_VERIFICATION.md","True"
"docs/release/evidence/live-pack/20260411_044809/docs/release/LIVE_EVIDENCE_INDEX.md","True"
"docs/release/evidence/live-pack/20260411_044809/docs/release/LIVE_FINAL_RELEASE_GATE.md","True"
"docs/release/evidence/live-pack/20260411_044809/docs/release/LIVE_FINAL_SIGNOFF_CHECKLIST.md","True"
"docs/release/evidence/live-pack/20260411_044809/docs/release/LIVE_FRONTEND_DASHBOARD_PROOF.md","True"
"docs/release/evidence/live-pack/20260411_044809/docs/release/LIVE_MODULE_PROOF_MATRIX.md","True"
"docs/release/evidence/live-pack/20260411_044809/docs/release/LIVE_MODULE_STATUS_SUMMARY.md","True"
"docs/release/evidence/live-pack/20260411_044809/docs/release/LIVE_RELEASE_GATE_STATUS.md","True"
"docs/release/evidence/live-pack/20260411_044809/docs/release/LIVE_RELEASE_TRUTH.md","True"
"docs/release/evidence/live-pack/20260411_044809/docs/release/LIVE_REPO_HYGIENE_PLAN.md","True"
"docs/release/evidence/live-pack/20260411_044809/docs/release/LIVE_REPORTING_EXPORT_AUDIT.md","True"
"docs/release/evidence/live-pack/20260411_044809/docs/release/LIVE_RUNTIME_API_VERIFICATION.md","True"
"docs/release/evidence/live-pack/20260411_044809/docs/release/LIVE_WORKFLOW_CANONICALIZATION_PLAN.md","True"
"docs/release/evidence/live-pack/20260411_044809/docs/release/live-audit/phase1/phase1_backend_module_inventory.csv","True"
"docs/release/evidence/live-pack/20260411_044809/docs/release/live-audit/phase1/phase1_branch_inventory.csv","True"
"docs/release/evidence/live-pack/20260411_044809/docs/release/live-audit/phase1/phase1_frontend_surface_inventory.csv","True"
"docs/release/evidence/live-pack/20260411_044809/docs/release/live-audit/phase1/phase1_github_public_state.json","True"
"docs/release/evidence/live-pack/20260411_044809/docs/release/live-audit/phase1/phase1_live_repo_baseline.json","True"
"docs/release/evidence/live-pack/20260411_044809/docs/release/live-audit/phase1/phase1_live_repo_baseline.md","True"
"docs/release/evidence/live-pack/20260411_044809/docs/release/live-audit/phase1/phase1_release_doc_freshness.csv","True"
"docs/release/evidence/live-pack/20260411_044809/docs/release/live-audit/phase1/phase1_root_ruleset_inventory.csv","True"
"docs/release/evidence/live-pack/20260411_044809/docs/release/live-audit/phase1/phase1_workflow_inventory.csv","True"
"docs/release/evidence/live-pack/20260411_044809/docs/release/live-audit/phase10/phase10_live_release_gate_scorecard.csv","True"
"docs/release/evidence/live-pack/20260411_044809/docs/release/live-audit/phase10/phase10_live_release_gate_synthesis.json","True"
"docs/release/evidence/live-pack/20260411_044809/docs/release/live-audit/phase10/phase10_live_release_gate_synthesis.md","True"
"docs/release/evidence/live-pack/20260411_044809/docs/release/live-audit/phase11/phase11_live_release_docs_refresh.json","True"
"docs/release/evidence/live-pack/20260411_044809/docs/release/live-audit/phase11/phase11_live_release_docs_refresh.md","True"
"docs/release/evidence/live-pack/20260411_044809/docs/release/live-audit/phase11/phase11_module_status_summary.csv","True"
"docs/release/evidence/live-pack/20260411_044809/docs/release/live-audit/phase11/phase11_signoff_checklist.csv","True"
"docs/release/evidence/live-pack/20260411_044809/docs/release/live-audit/phase12/phase12_archived_stale_docs.csv","True"
"docs/release/evidence/live-pack/20260411_044809/docs/release/live-audit/phase12/phase12_hygiene_executed_commands.csv","True"
"docs/release/evidence/live-pack/20260411_044809/docs/release/live-audit/phase12/phase12_repo_hygiene_execution_pack.json","True"
"docs/release/evidence/live-pack/20260411_044809/docs/release/live-audit/phase12/phase12_repo_hygiene_execution_pack.md","True"
"docs/release/evidence/live-pack/20260411_044809/docs/release/live-audit/phase12/phase12_stale_release_docs.csv","True"
"docs/release/evidence/live-pack/20260411_044809/docs/release/live-audit/phase12/x_arch.csv","True"
"docs/release/evidence/live-pack/20260411_044809/docs/release/live-audit/phase12/x_exec.csv","True"
"docs/release/evidence/live-pack/20260411_044809/docs/release/live-audit/phase12/x_stale.csv","True"
"docs/release/evidence/live-pack/20260411_044809/docs/release/live-audit/phase13/phase13_archived_workflows.csv","True"
"docs/release/evidence/live-pack/20260411_044809/docs/release/live-audit/phase13/phase13_workflow_canonicalization_plan.json","True"
"docs/release/evidence/live-pack/20260411_044809/docs/release/live-audit/phase13/phase13_workflow_canonicalization_plan.md","True"
"docs/release/evidence/live-pack/20260411_044809/docs/release/live-audit/phase13/phase13_workflow_review_matrix.csv","True"
"docs/release/evidence/live-pack/20260411_044809/docs/release/live-audit/phase2/phase2_referenced_pr_states.csv","True"
"docs/release/evidence/live-pack/20260411_044809/docs/release/live-audit/phase2/phase2_release_doc_inventory.csv","True"
"docs/release/evidence/live-pack/20260411_044809/docs/release/live-audit/phase2/phase2_release_truth_mismatches.csv","True"
"docs/release/evidence/live-pack/20260411_044809/docs/release/live-audit/phase2/phase2_release_truth_reconciliation.json","True"
"docs/release/evidence/live-pack/20260411_044809/docs/release/live-audit/phase2/phase2_release_truth_reconciliation.md","True"
"docs/release/evidence/live-pack/20260411_044809/docs/release/live-audit/phase2/phase2_release_truth_references.csv","True"
"docs/release/evidence/live-pack/20260411_044809/docs/release/live-audit/phase3/phase3_branch_cleanup_candidates.csv","True"
"docs/release/evidence/live-pack/20260411_044809/docs/release/live-audit/phase3/phase3_local_branch_inventory.csv","True"
"docs/release/evidence/live-pack/20260411_044809/docs/release/live-audit/phase3/phase3_remote_branch_delete_commands.txt","True"
"docs/release/evidence/live-pack/20260411_044809/docs/release/live-audit/phase3/phase3_remote_branch_inventory.csv","True"
"docs/release/evidence/live-pack/20260411_044809/docs/release/live-audit/phase3/phase3_workflow_branch_rationalization.json","True"
"docs/release/evidence/live-pack/20260411_044809/docs/release/live-audit/phase3/phase3_workflow_branch_rationalization.md","True"
"docs/release/evidence/live-pack/20260411_044809/docs/release/live-audit/phase3/phase3_workflow_consolidation_groups.csv","True"
"docs/release/evidence/live-pack/20260411_044809/docs/release/live-audit/phase3/phase3_workflow_inventory_enriched.csv","True"
"docs/release/evidence/live-pack/20260411_044809/docs/release/live-audit/phase4/phase4_backend_app_inventory.csv","True"
"docs/release/evidence/live-pack/20260411_044809/docs/release/live-audit/phase4/phase4_backend_test_inventory.csv","True"
"docs/release/evidence/live-pack/20260411_044809/docs/release/live-audit/phase4/phase4_backend_verification_and_django_proof.json","True"
"docs/release/evidence/live-pack/20260411_044809/docs/release/live-audit/phase4/phase4_backend_verification_and_django_proof.md","True"
"docs/release/evidence/live-pack/20260411_044809/docs/release/live-audit/phase4/phase4_django_version.txt","True"
"docs/release/evidence/live-pack/20260411_044809/docs/release/live-audit/phase4/phase4_manage_check.txt","True"
"docs/release/evidence/live-pack/20260411_044809/docs/release/live-audit/phase4/phase4_manage_check_deploy.txt","True"
"docs/release/evidence/live-pack/20260411_044809/docs/release/live-audit/phase4/phase4_python_version.txt","True"
"docs/release/evidence/live-pack/20260411_044809/docs/release/live-audit/phase4/phase4_showmigrations.txt","True"
"docs/release/evidence/live-pack/20260411_044809/docs/release/live-audit/phase4/phase4_url_surface_scan.txt","True"
"docs/release/evidence/live-pack/20260411_044809/docs/release/live-audit/phase5/phase5_module_proof_matrix.csv","True"
"docs/release/evidence/live-pack/20260411_044809/docs/release/live-audit/phase5/phase5_module_proof_matrix.json","True"
"docs/release/evidence/live-pack/20260411_044809/docs/release/live-audit/phase5/phase5_module_proof_matrix.md","True"
"docs/release/evidence/live-pack/20260411_044809/docs/release/live-audit/phase5/phase5_module_proof_paths.csv","True"
"docs/release/evidence/live-pack/20260411_044809/docs/release/live-audit/phase6/phase6_action_register.csv","True"
"docs/release/evidence/live-pack/20260411_044809/docs/release/live-audit/phase6/phase6_evidence_index.csv","True"
"docs/release/evidence/live-pack/20260411_044809/docs/release/live-audit/phase6/phase6_evidence_index_and_action_register.json","True"
"docs/release/evidence/live-pack/20260411_044809/docs/release/live-audit/phase6/phase6_evidence_index_and_action_register.md","True"
"docs/release/evidence/live-pack/20260411_044809/docs/release/live-audit/phase7/phase7_runtime_and_api_surface_verification.json","True"
"docs/release/evidence/live-pack/20260411_044809/docs/release/live-audit/phase7/phase7_runtime_and_api_surface_verification.md","True"
"docs/release/evidence/live-pack/20260411_044809/docs/release/live-audit/phase7/phase7_runtime_api_url_scan.txt","True"
"docs/release/evidence/live-pack/20260411_044809/docs/release/live-audit/phase7/phase7_runtime_endpoint_results.csv","True"
"docs/release/evidence/live-pack/20260411_044809/docs/release/live-audit/phase8/phase8_build_frontend_dashboards.txt","True"
"docs/release/evidence/live-pack/20260411_044809/docs/release/live-audit/phase8/phase8_build_frontend_dashboards_node_modules__acemir_cssom.txt","True"
"docs/release/evidence/live-pack/20260411_044809/docs/release/live-audit/phase8/phase8_build_frontend_dashboards_node_modules__asamuzakjp_css-color.txt","True"
"docs/release/evidence/live-pack/20260411_044809/docs/release/live-audit/phase8/phase8_build_frontend_dashboards_node_modules__asamuzakjp_css-color_node_modules_lru-cache.txt","True"
"docs/release/evidence/live-pack/20260411_044809/docs/release/live-audit/phase8/phase8_build_frontend_dashboards_node_modules__asamuzakjp_dom-selector.txt","True"
"docs/release/evidence/live-pack/20260411_044809/docs/release/live-audit/phase8/phase8_build_frontend_dashboards_node_modules__asamuzakjp_dom-selector_node_modules_lru-cache.txt","True"
"docs/release/evidence/live-pack/20260411_044809/docs/release/live-audit/phase8/phase8_build_frontend_dashboards_node_modules__azure_msal-browser.txt","True"
"docs/release/evidence/live-pack/20260411_044809/docs/release/live-audit/phase8/phase8_build_frontend_dashboards_node_modules__azure_msal-common.txt","True"
"docs/release/evidence/live-pack/20260411_044809/docs/release/live-audit/phase8/phase8_build_frontend_dashboards_node_modules__azure_msal-react.txt","True"
"docs/release/evidence/live-pack/20260411_044809/docs/release/live-audit/phase8/phase8_build_frontend_dashboards_node_modules__babel_core_node_modules__jridgewell_remapping.txt","True"
"docs/release/evidence/live-pack/20260411_044809/docs/release/live-audit/phase8/phase8_build_frontend_dashboards_node_modules__babel_core_node_modules_json5.txt","True"
"docs/release/evidence/live-pack/20260411_044809/docs/release/live-audit/phase8/phase8_build_frontend_dashboards_node_modules__bramus_specificity.txt","True"
"docs/release/evidence/live-pack/20260411_044809/docs/release/live-audit/phase8/phase8_build_frontend_dashboards_node_modules__eslint_config-array.txt","True"
"docs/release/evidence/live-pack/20260411_044809/docs/release/live-audit/phase8/phase8_build_frontend_dashboards_node_modules__eslint_config-helpers.txt","True"
"docs/release/evidence/live-pack/20260411_044809/docs/release/live-audit/phase8/phase8_build_frontend_dashboards_node_modules__eslint_core.txt","True"
"docs/release/evidence/live-pack/20260411_044809/docs/release/live-audit/phase8/phase8_build_frontend_dashboards_node_modules__eslint_eslintrc.txt","True"
"docs/release/evidence/live-pack/20260411_044809/docs/release/live-audit/phase8/phase8_build_frontend_dashboards_node_modules__eslint_object-schema.txt","True"
"docs/release/evidence/live-pack/20260411_044809/docs/release/live-audit/phase8/phase8_build_frontend_dashboards_node_modules__eslint_plugin-kit.txt","True"
"docs/release/evidence/live-pack/20260411_044809/docs/release/live-audit/phase8/phase8_build_frontend_dashboards_node_modules__eslint-community_eslint-utils.txt","True"
"docs/release/evidence/live-pack/20260411_044809/docs/release/live-audit/phase8/phase8_build_frontend_dashboards_node_modules__eslint-community_eslint-utils_node_modules_eslint-visitor-keys.txt","True"
"docs/release/evidence/live-pack/20260411_044809/docs/release/live-audit/phase8/phase8_build_frontend_dashboards_node_modules__eslint-community_regexpp.txt","True"
"docs/release/evidence/live-pack/20260411_044809/docs/release/live-audit/phase8/phase8_build_frontend_dashboards_node_modules__humanfs_core.txt","True"
"docs/release/evidence/live-pack/20260411_044809/docs/release/live-audit/phase8/phase8_build_frontend_dashboards_node_modules__humanfs_node.txt","True"
"docs/release/evidence/live-pack/20260411_044809/docs/release/live-audit/phase8/phase8_build_frontend_dashboards_node_modules__humanwhocodes_module-importer.txt","True"
"docs/release/evidence/live-pack/20260411_044809/docs/release/live-audit/phase8/phase8_build_frontend_dashboards_node_modules__humanwhocodes_retry.txt","True"
"docs/release/evidence/live-pack/20260411_044809/docs/release/live-audit/phase8/phase8_build_frontend_dashboards_node_modules__jridgewell_gen-mapping.txt","True"
"docs/release/evidence/live-pack/20260411_044809/docs/release/live-audit/phase8/phase8_build_frontend_dashboards_node_modules__jridgewell_resolve-uri.txt","True"
"docs/release/evidence/live-pack/20260411_044809/docs/release/live-audit/phase8/phase8_build_frontend_dashboards_node_modules__jridgewell_sourcemap-codec.txt","True"
"docs/release/evidence/live-pack/20260411_044809/docs/release/live-audit/phase8/phase8_build_frontend_dashboards_node_modules__jridgewell_trace-mapping.txt","True"
"docs/release/evidence/live-pack/20260411_044809/docs/release/live-audit/phase8/phase8_build_frontend_dashboards_node_modules__popperjs_core.txt","True"
"docs/release/evidence/live-pack/20260411_044809/docs/release/live-audit/phase8/phase8_build_frontend_dashboards_node_modules__reduxjs_toolkit.txt","True"
"docs/release/evidence/live-pack/20260411_044809/docs/release/live-audit/phase8/phase8_build_frontend_dashboards_node_modules__reduxjs_toolkit_node_modules_immer.txt","True"
"docs/release/evidence/live-pack/20260411_044809/docs/release/live-audit/phase8/phase8_build_frontend_dashboards_node_modules__rolldown_pluginutils.txt","True"
"docs/release/evidence/live-pack/20260411_044809/docs/release/live-audit/phase8/phase8_build_frontend_dashboards_node_modules__standard-schema_spec.txt","True"
"docs/release/evidence/live-pack/20260411_044809/docs/release/live-audit/phase8/phase8_build_frontend_dashboards_node_modules__standard-schema_utils.txt","True"
"docs/release/evidence/live-pack/20260411_044809/docs/release/live-audit/phase8/phase8_build_frontend_dashboards_node_modules__testing-library_dom.txt","True"
"docs/release/evidence/live-pack/20260411_044809/docs/release/live-audit/phase8/phase8_build_frontend_dashboards_node_modules__testing-library_dom_node_modules_aria-query.txt","True"
"docs/release/evidence/live-pack/20260411_044809/docs/release/live-audit/phase8/phase8_build_frontend_dashboards_node_modules__testing-library_react.txt","True"
"docs/release/evidence/live-pack/20260411_044809/docs/release/live-audit/phase8/phase8_build_frontend_dashboards_node_modules__vitejs_plugin-react.txt","True"
"docs/release/evidence/live-pack/20260411_044809/docs/release/live-audit/phase8/phase8_build_frontend_dashboards_node_modules__vitest_expect.txt","True"
"docs/release/evidence/live-pack/20260411_044809/docs/release/live-audit/phase8/phase8_build_frontend_dashboards_node_modules__vitest_pretty-format.txt","True"
"docs/release/evidence/live-pack/20260411_044809/docs/release/live-audit/phase8/phase8_build_frontend_dashboards_node_modules__vitest_runner.txt","True"
"docs/release/evidence/live-pack/20260411_044809/docs/release/live-audit/phase8/phase8_build_frontend_dashboards_node_modules__vitest_snapshot.txt","True"
"docs/release/evidence/live-pack/20260411_044809/docs/release/live-audit/phase8/phase8_build_frontend_dashboards_node_modules__vitest_spy.txt","True"
"docs/release/evidence/live-pack/20260411_044809/docs/release/live-audit/phase8/phase8_build_frontend_dashboards_node_modules__vitest_utils.txt","True"
"docs/release/evidence/live-pack/20260411_044809/docs/release/live-audit/phase8/phase8_build_frontend_dashboards_node_modules_agent-base.txt","True"
"docs/release/evidence/live-pack/20260411_044809/docs/release/live-audit/phase8/phase8_build_frontend_dashboards_node_modules_ajv.txt","True"
"docs/release/evidence/live-pack/20260411_044809/docs/release/live-audit/phase8/phase8_build_frontend_dashboards_node_modules_aria-query.txt","True"
"docs/release/evidence/live-pack/20260411_044809/docs/release/live-audit/phase8/phase8_build_frontend_dashboards_node_modules_assertion-error.txt","True"
"docs/release/evidence/live-pack/20260411_044809/docs/release/live-audit/phase8/phase8_build_frontend_dashboards_node_modules_ast-types-flow.txt","True"
"docs/release/evidence/live-pack/20260411_044809/docs/release/live-audit/phase8/phase8_build_frontend_dashboards_node_modules_axe-core.txt","True"
"docs/release/evidence/live-pack/20260411_044809/docs/release/live-audit/phase8/phase8_build_frontend_dashboards_node_modules_axios.txt","True"
"docs/release/evidence/live-pack/20260411_044809/docs/release/live-audit/phase8/phase8_build_frontend_dashboards_node_modules_axobject-query.txt","True"
"docs/release/evidence/live-pack/20260411_044809/docs/release/live-audit/phase8/phase8_build_frontend_dashboards_node_modules_babel-plugin-macros.txt","True"
"docs/release/evidence/live-pack/20260411_044809/docs/release/live-audit/phase8/phase8_build_frontend_dashboards_node_modules_bidi-js.txt","True"
"docs/release/evidence/live-pack/20260411_044809/docs/release/live-audit/phase8/phase8_build_frontend_dashboards_node_modules_browserslist_node_modules_baseline-browser-mapping.txt","True"
"docs/release/evidence/live-pack/20260411_044809/docs/release/live-audit/phase8/phase8_build_frontend_dashboards_node_modules_chai.txt","True"
"docs/release/evidence/live-pack/20260411_044809/docs/release/live-audit/phase8/phase8_build_frontend_dashboards_node_modules_clsx.txt","True"
"docs/release/evidence/live-pack/20260411_044809/docs/release/live-audit/phase8/phase8_build_frontend_dashboards_node_modules_cosmiconfig.txt","True"
"docs/release/evidence/live-pack/20260411_044809/docs/release/live-audit/phase8/phase8_build_frontend_dashboards_node_modules_cosmiconfig_node_modules_yaml.txt","True"
"docs/release/evidence/live-pack/20260411_044809/docs/release/live-audit/phase8/phase8_build_frontend_dashboards_node_modules_cssstyle_node_modules_lru-cache.txt","True"
"docs/release/evidence/live-pack/20260411_044809/docs/release/live-audit/phase8/phase8_build_frontend_dashboards_node_modules_css-tree.txt","True"
"docs/release/evidence/live-pack/20260411_044809/docs/release/live-audit/phase8/phase8_build_frontend_dashboards_node_modules_csstype.txt","True"
"docs/release/evidence/live-pack/20260411_044809/docs/release/live-audit/phase8/phase8_build_frontend_dashboards_node_modules_decimal_js-light.txt","True"
"docs/release/evidence/live-pack/20260411_044809/docs/release/live-audit/phase8/phase8_build_frontend_dashboards_node_modules_dequal.txt","True"
"docs/release/evidence/live-pack/20260411_044809/docs/release/live-audit/phase8/phase8_build_frontend_dashboards_node_modules_dom-accessibility-api.txt","True"
"docs/release/evidence/live-pack/20260411_044809/docs/release/live-audit/phase8/phase8_build_frontend_dashboards_node_modules_electron-to-chromium.txt","True"
"docs/release/evidence/live-pack/20260411_044809/docs/release/live-audit/phase8/phase8_build_frontend_dashboards_node_modules_emoji-regex.txt","True"
"docs/release/evidence/live-pack/20260411_044809/docs/release/live-audit/phase8/phase8_build_frontend_dashboards_node_modules_eslint-plugin-jsx-a11y.txt","True"
"docs/release/evidence/live-pack/20260411_044809/docs/release/live-audit/phase8/phase8_build_frontend_dashboards_node_modules_eslint-scope.txt","True"
"docs/release/evidence/live-pack/20260411_044809/docs/release/live-audit/phase8/phase8_build_frontend_dashboards_node_modules_eslint-visitor-keys.txt","True"
"docs/release/evidence/live-pack/20260411_044809/docs/release/live-audit/phase8/phase8_build_frontend_dashboards_node_modules_es-module-lexer.txt","True"
"docs/release/evidence/live-pack/20260411_044809/docs/release/live-audit/phase8/phase8_build_frontend_dashboards_node_modules_espree.txt","True"
"docs/release/evidence/live-pack/20260411_044809/docs/release/live-audit/phase8/phase8_build_frontend_dashboards_node_modules_esquery.txt","True"
"docs/release/evidence/live-pack/20260411_044809/docs/release/live-audit/phase8/phase8_build_frontend_dashboards_node_modules_es-toolkit.txt","True"
"docs/release/evidence/live-pack/20260411_044809/docs/release/live-audit/phase8/phase8_build_frontend_dashboards_node_modules_expect-type.txt","True"
"docs/release/evidence/live-pack/20260411_044809/docs/release/live-audit/phase8/phase8_build_frontend_dashboards_node_modules_fast-deep-equal.txt","True"
"docs/release/evidence/live-pack/20260411_044809/docs/release/live-audit/phase8/phase8_build_frontend_dashboards_node_modules_fast-levenshtein.txt","True"
"docs/release/evidence/live-pack/20260411_044809/docs/release/live-audit/phase8/phase8_build_frontend_dashboards_node_modules_fdir.txt","True"
"docs/release/evidence/live-pack/20260411_044809/docs/release/live-audit/phase8/phase8_build_frontend_dashboards_node_modules_flatted.txt","True"
"docs/release/evidence/live-pack/20260411_044809/docs/release/live-audit/phase8/phase8_build_frontend_dashboards_node_modules_globals.txt","True"
"docs/release/evidence/live-pack/20260411_044809/docs/release/live-audit/phase8/phase8_build_frontend_dashboards_node_modules_globalthis.txt","True"
"docs/release/evidence/live-pack/20260411_044809/docs/release/live-audit/phase8/phase8_build_frontend_dashboards_node_modules_hoist-non-react-statics.txt","True"
"docs/release/evidence/live-pack/20260411_044809/docs/release/live-audit/phase8/phase8_build_frontend_dashboards_node_modules_http-proxy-agent.txt","True"
"docs/release/evidence/live-pack/20260411_044809/docs/release/live-audit/phase8/phase8_build_frontend_dashboards_node_modules_https-proxy-agent.txt","True"
"docs/release/evidence/live-pack/20260411_044809/docs/release/live-audit/phase8/phase8_build_frontend_dashboards_node_modules_ignore.txt","True"
"docs/release/evidence/live-pack/20260411_044809/docs/release/live-audit/phase8/phase8_build_frontend_dashboards_node_modules_immer.txt","True"
"docs/release/evidence/live-pack/20260411_044809/docs/release/live-audit/phase8/phase8_build_frontend_dashboards_node_modules_is-potential-custom-element-name.txt","True"
"docs/release/evidence/live-pack/20260411_044809/docs/release/live-audit/phase8/phase8_build_frontend_dashboards_node_modules_jsesc.txt","True"
"docs/release/evidence/live-pack/20260411_044809/docs/release/live-audit/phase8/phase8_build_frontend_dashboards_node_modules_js-tokens.txt","True"
"docs/release/evidence/live-pack/20260411_044809/docs/release/live-audit/phase8/phase8_build_frontend_dashboards_node_modules_jsx-ast-utils.txt","True"
"docs/release/evidence/live-pack/20260411_044809/docs/release/live-audit/phase8/phase8_build_frontend_dashboards_node_modules_keyv.txt","True"
"docs/release/evidence/live-pack/20260411_044809/docs/release/live-audit/phase8/phase8_build_frontend_dashboards_node_modules_language-tags.txt","True"
"docs/release/evidence/live-pack/20260411_044809/docs/release/live-audit/phase8/phase8_build_frontend_dashboards_node_modules_magic-string.txt","True"
"docs/release/evidence/live-pack/20260411_044809/docs/release/live-audit/phase8/phase8_build_frontend_dashboards_node_modules_mime-db.txt","True"
"docs/release/evidence/live-pack/20260411_044809/docs/release/live-audit/phase8/phase8_build_frontend_dashboards_node_modules_natural-compare.txt","True"
"docs/release/evidence/live-pack/20260411_044809/docs/release/live-audit/phase8/phase8_build_frontend_dashboards_node_modules_node-releases.txt","True"
"docs/release/evidence/live-pack/20260411_044809/docs/release/live-audit/phase8/phase8_build_frontend_dashboards_node_modules_object_assign.txt","True"
"docs/release/evidence/live-pack/20260411_044809/docs/release/live-audit/phase8/phase8_build_frontend_dashboards_node_modules_obug.txt","True"
"docs/release/evidence/live-pack/20260411_044809/docs/release/live-audit/phase8/phase8_build_frontend_dashboards_node_modules_pathe.txt","True"
"docs/release/evidence/live-pack/20260411_044809/docs/release/live-audit/phase8/phase8_build_frontend_dashboards_node_modules_prop-types.txt","True"
"docs/release/evidence/live-pack/20260411_044809/docs/release/live-audit/phase8/phase8_build_frontend_dashboards_node_modules_punycode.txt","True"
"docs/release/evidence/live-pack/20260411_044809/docs/release/live-audit/phase8/phase8_build_frontend_dashboards_node_modules_react-redux.txt","True"
"docs/release/evidence/live-pack/20260411_044809/docs/release/live-audit/phase8/phase8_build_frontend_dashboards_node_modules_recharts.txt","True"
"docs/release/evidence/live-pack/20260411_044809/docs/release/live-audit/phase8/phase8_build_frontend_dashboards_node_modules_redux.txt","True"
"docs/release/evidence/live-pack/20260411_044809/docs/release/live-audit/phase8/phase8_build_frontend_dashboards_node_modules_redux-thunk.txt","True"
"docs/release/evidence/live-pack/20260411_044809/docs/release/live-audit/phase8/phase8_build_frontend_dashboards_node_modules_reselect.txt","True"
"docs/release/evidence/live-pack/20260411_044809/docs/release/live-audit/phase8/phase8_build_frontend_dashboards_node_modules_rollup.txt","True"
"docs/release/evidence/live-pack/20260411_044809/docs/release/live-audit/phase8/phase8_build_frontend_dashboards_node_modules_saxes.txt","True"
"docs/release/evidence/live-pack/20260411_044809/docs/release/live-audit/phase8/phase8_build_frontend_dashboards_node_modules_source-map.txt","True"
"docs/release/evidence/live-pack/20260411_044809/docs/release/live-audit/phase8/phase8_build_frontend_dashboards_node_modules_source-map-js.txt","True"
"docs/release/evidence/live-pack/20260411_044809/docs/release/live-audit/phase8/phase8_build_frontend_dashboards_node_modules_std-env.txt","True"
"docs/release/evidence/live-pack/20260411_044809/docs/release/live-audit/phase8/phase8_build_frontend_dashboards_node_modules_stylis.txt","True"
"docs/release/evidence/live-pack/20260411_044809/docs/release/live-audit/phase8/phase8_build_frontend_dashboards_node_modules_tinyexec.txt","True"
"docs/release/evidence/live-pack/20260411_044809/docs/release/live-audit/phase8/phase8_build_frontend_dashboards_node_modules_tinyglobby.txt","True"
"docs/release/evidence/live-pack/20260411_044809/docs/release/live-audit/phase8/phase8_build_frontend_dashboards_node_modules_tiny-invariant.txt","True"
"docs/release/evidence/live-pack/20260411_044809/docs/release/live-audit/phase8/phase8_build_frontend_dashboards_node_modules_tldts.txt","True"
"docs/release/evidence/live-pack/20260411_044809/docs/release/live-audit/phase8/phase8_build_frontend_dashboards_node_modules_tldts-core.txt","True"
"docs/release/evidence/live-pack/20260411_044809/docs/release/live-audit/phase8/phase8_build_frontend_dashboards_node_modules_tough-cookie.txt","True"
"docs/release/evidence/live-pack/20260411_044809/docs/release/live-audit/phase8/phase8_build_frontend_dashboards_node_modules_update-browserslist-db_node_modules_escalade.txt","True"
"docs/release/evidence/live-pack/20260411_044809/docs/release/live-audit/phase8/phase8_build_frontend_dashboards_node_modules_uri-js.txt","True"
"docs/release/evidence/live-pack/20260411_044809/docs/release/live-audit/phase8/phase8_build_frontend_dashboards_node_modules_victory-vendor.txt","True"
"docs/release/evidence/live-pack/20260411_044809/docs/release/live-audit/phase8/phase8_build_frontend_dashboards_node_modules_vite.txt","True"
"docs/release/evidence/live-pack/20260411_044809/docs/release/live-audit/phase8/phase8_build_frontend_dashboards_node_modules_vitest.txt","True"
"docs/release/evidence/live-pack/20260411_044809/docs/release/live-audit/phase8/phase8_build_frontend_dashboards_node_modules_vitest_node_modules__vitest_mocker.txt","True"
"docs/release/evidence/live-pack/20260411_044809/docs/release/live-audit/phase8/phase8_build_frontend_dashboards_node_modules_xmlchars.txt","True"
"docs/release/evidence/live-pack/20260411_044809/docs/release/live-audit/phase8/phase8_build_frontend_dashboards_node_modules_yaml.txt","True"
"docs/release/evidence/live-pack/20260411_044809/docs/release/live-audit/phase8/phase8_build_frontend_dashboards_node_modules_zod.txt","True"
"docs/release/evidence/live-pack/20260411_044809/docs/release/live-audit/phase8/phase8_build_frontend_dashboards_node_modules_zod-validation-error.txt","True"
"docs/release/evidence/live-pack/20260411_044809/docs/release/live-audit/phase8/phase8_frontend_and_dashboard_proof.json","True"
"docs/release/evidence/live-pack/20260411_044809/docs/release/live-audit/phase8/phase8_frontend_and_dashboard_proof.md","True"
"docs/release/evidence/live-pack/20260411_044809/docs/release/live-audit/phase8/phase8_frontend_build_results.csv","True"
"docs/release/evidence/live-pack/20260411_044809/docs/release/live-audit/phase8/phase8_frontend_packages.csv","True"
"docs/release/evidence/live-pack/20260411_044809/docs/release/live-audit/phase8/phase8_frontend_surface_paths.csv","True"
"docs/release/evidence/live-pack/20260411_044809/docs/release/live-audit/phase8/phase8_node_version.txt","True"
"docs/release/evidence/live-pack/20260411_044809/docs/release/live-audit/phase9/phase9_reporting_export_area_status.csv","True"
"docs/release/evidence/live-pack/20260411_044809/docs/release/live-audit/phase9/phase9_reporting_export_dependency_hits.csv","True"
"docs/release/evidence/live-pack/20260411_044809/docs/release/live-audit/phase9/phase9_reporting_export_hits.csv","True"
"docs/release/evidence/live-pack/20260411_044809/docs/release/live-audit/phase9/phase9_reporting_export_pdf_transcript_gap_audit.json","True"
"docs/release/evidence/live-pack/20260411_044809/docs/release/live-audit/phase9/phase9_reporting_export_pdf_transcript_gap_audit.md","True"
"docs/release/evidence/live-pack/20260411_044809/INDEX.md","True"
"docs/release/evidence/live-pack/20260411_044809/manifest.csv","True"
"docs/release/evidence/live-pack/20260411_045453/docs/release/LIVE_ACTION_REGISTER.md","True"
"docs/release/evidence/live-pack/20260411_045453/docs/release/LIVE_BACKEND_VERIFICATION.md","True"
"docs/release/evidence/live-pack/20260411_045453/docs/release/LIVE_EVIDENCE_INDEX.md","True"
"docs/release/evidence/live-pack/20260411_045453/docs/release/LIVE_FINAL_RELEASE_GATE.md","True"
"docs/release/evidence/live-pack/20260411_045453/docs/release/LIVE_FINAL_SIGNOFF_CHECKLIST.md","True"
"docs/release/evidence/live-pack/20260411_045453/docs/release/LIVE_FRONTEND_DASHBOARD_PROOF.md","True"
"docs/release/evidence/live-pack/20260411_045453/docs/release/LIVE_MODULE_PROOF_MATRIX.md","True"
"docs/release/evidence/live-pack/20260411_045453/docs/release/LIVE_MODULE_STATUS_SUMMARY.md","True"
"docs/release/evidence/live-pack/20260411_045453/docs/release/LIVE_RELEASE_GATE_STATUS.md","True"
"docs/release/evidence/live-pack/20260411_045453/docs/release/LIVE_RELEASE_TRUTH.md","True"
"docs/release/evidence/live-pack/20260411_045453/docs/release/LIVE_REPO_HYGIENE_PLAN.md","True"
"docs/release/evidence/live-pack/20260411_045453/docs/release/LIVE_REPORTING_EXPORT_AUDIT.md","True"
"docs/release/evidence/live-pack/20260411_045453/docs/release/LIVE_RUNTIME_API_VERIFICATION.md","True"
"docs/release/evidence/live-pack/20260411_045453/docs/release/LIVE_WORKFLOW_CANONICALIZATION_PLAN.md","True"
"docs/release/evidence/live-pack/20260411_045453/docs/release/live-audit/phase1/phase1_backend_module_inventory.csv","True"
"docs/release/evidence/live-pack/20260411_045453/docs/release/live-audit/phase1/phase1_branch_inventory.csv","True"
"docs/release/evidence/live-pack/20260411_045453/docs/release/live-audit/phase1/phase1_frontend_surface_inventory.csv","True"
"docs/release/evidence/live-pack/20260411_045453/docs/release/live-audit/phase1/phase1_github_public_state.json","True"
"docs/release/evidence/live-pack/20260411_045453/docs/release/live-audit/phase1/phase1_live_repo_baseline.json","True"
"docs/release/evidence/live-pack/20260411_045453/docs/release/live-audit/phase1/phase1_live_repo_baseline.md","True"
"docs/release/evidence/live-pack/20260411_045453/docs/release/live-audit/phase1/phase1_release_doc_freshness.csv","True"
"docs/release/evidence/live-pack/20260411_045453/docs/release/live-audit/phase1/phase1_root_ruleset_inventory.csv","True"
"docs/release/evidence/live-pack/20260411_045453/docs/release/live-audit/phase1/phase1_workflow_inventory.csv","True"
"docs/release/evidence/live-pack/20260411_045453/docs/release/live-audit/phase10/phase10_live_release_gate_scorecard.csv","True"
"docs/release/evidence/live-pack/20260411_045453/docs/release/live-audit/phase10/phase10_live_release_gate_synthesis.json","True"
"docs/release/evidence/live-pack/20260411_045453/docs/release/live-audit/phase10/phase10_live_release_gate_synthesis.md","True"
"docs/release/evidence/live-pack/20260411_045453/docs/release/live-audit/phase11/phase11_live_release_docs_refresh.json","True"
"docs/release/evidence/live-pack/20260411_045453/docs/release/live-audit/phase11/phase11_live_release_docs_refresh.md","True"
"docs/release/evidence/live-pack/20260411_045453/docs/release/live-audit/phase11/phase11_module_status_summary.csv","True"
"docs/release/evidence/live-pack/20260411_045453/docs/release/live-audit/phase11/phase11_signoff_checklist.csv","True"
"docs/release/evidence/live-pack/20260411_045453/docs/release/live-audit/phase12/phase12_archived_stale_docs.csv","True"
"docs/release/evidence/live-pack/20260411_045453/docs/release/live-audit/phase12/phase12_hygiene_executed_commands.csv","True"
"docs/release/evidence/live-pack/20260411_045453/docs/release/live-audit/phase12/phase12_repo_hygiene_execution_pack.json","True"
"docs/release/evidence/live-pack/20260411_045453/docs/release/live-audit/phase12/phase12_repo_hygiene_execution_pack.md","True"
"docs/release/evidence/live-pack/20260411_045453/docs/release/live-audit/phase12/phase12_stale_release_docs.csv","True"
"docs/release/evidence/live-pack/20260411_045453/docs/release/live-audit/phase12/x_arch.csv","True"
"docs/release/evidence/live-pack/20260411_045453/docs/release/live-audit/phase12/x_exec.csv","True"
"docs/release/evidence/live-pack/20260411_045453/docs/release/live-audit/phase12/x_stale.csv","True"
"docs/release/evidence/live-pack/20260411_045453/docs/release/live-audit/phase13/phase13_archived_workflows.csv","True"
"docs/release/evidence/live-pack/20260411_045453/docs/release/live-audit/phase13/phase13_workflow_canonicalization_plan.json","True"
"docs/release/evidence/live-pack/20260411_045453/docs/release/live-audit/phase13/phase13_workflow_canonicalization_plan.md","True"
"docs/release/evidence/live-pack/20260411_045453/docs/release/live-audit/phase13/phase13_workflow_review_matrix.csv","True"
"docs/release/evidence/live-pack/20260411_045453/docs/release/live-audit/phase2/phase2_referenced_pr_states.csv","True"
"docs/release/evidence/live-pack/20260411_045453/docs/release/live-audit/phase2/phase2_release_doc_inventory.csv","True"
"docs/release/evidence/live-pack/20260411_045453/docs/release/live-audit/phase2/phase2_release_truth_mismatches.csv","True"
"docs/release/evidence/live-pack/20260411_045453/docs/release/live-audit/phase2/phase2_release_truth_reconciliation.json","True"
"docs/release/evidence/live-pack/20260411_045453/docs/release/live-audit/phase2/phase2_release_truth_reconciliation.md","True"
"docs/release/evidence/live-pack/20260411_045453/docs/release/live-audit/phase2/phase2_release_truth_references.csv","True"
"docs/release/evidence/live-pack/20260411_045453/docs/release/live-audit/phase3/phase3_branch_cleanup_candidates.csv","True"
"docs/release/evidence/live-pack/20260411_045453/docs/release/live-audit/phase3/phase3_local_branch_inventory.csv","True"
"docs/release/evidence/live-pack/20260411_045453/docs/release/live-audit/phase3/phase3_remote_branch_delete_commands.txt","True"
"docs/release/evidence/live-pack/20260411_045453/docs/release/live-audit/phase3/phase3_remote_branch_inventory.csv","True"
"docs/release/evidence/live-pack/20260411_045453/docs/release/live-audit/phase3/phase3_workflow_branch_rationalization.json","True"
"docs/release/evidence/live-pack/20260411_045453/docs/release/live-audit/phase3/phase3_workflow_branch_rationalization.md","True"
"docs/release/evidence/live-pack/20260411_045453/docs/release/live-audit/phase3/phase3_workflow_consolidation_groups.csv","True"
"docs/release/evidence/live-pack/20260411_045453/docs/release/live-audit/phase3/phase3_workflow_inventory_enriched.csv","True"
"docs/release/evidence/live-pack/20260411_045453/docs/release/live-audit/phase4/phase4_backend_app_inventory.csv","True"
"docs/release/evidence/live-pack/20260411_045453/docs/release/live-audit/phase4/phase4_backend_test_inventory.csv","True"
"docs/release/evidence/live-pack/20260411_045453/docs/release/live-audit/phase4/phase4_backend_verification_and_django_proof.json","True"
"docs/release/evidence/live-pack/20260411_045453/docs/release/live-audit/phase4/phase4_backend_verification_and_django_proof.md","True"
"docs/release/evidence/live-pack/20260411_045453/docs/release/live-audit/phase4/phase4_django_version.txt","True"
"docs/release/evidence/live-pack/20260411_045453/docs/release/live-audit/phase4/phase4_manage_check.txt","True"
"docs/release/evidence/live-pack/20260411_045453/docs/release/live-audit/phase4/phase4_manage_check_deploy.txt","True"
"docs/release/evidence/live-pack/20260411_045453/docs/release/live-audit/phase4/phase4_python_version.txt","True"
"docs/release/evidence/live-pack/20260411_045453/docs/release/live-audit/phase4/phase4_showmigrations.txt","True"
"docs/release/evidence/live-pack/20260411_045453/docs/release/live-audit/phase4/phase4_url_surface_scan.txt","True"
"docs/release/evidence/live-pack/20260411_045453/docs/release/live-audit/phase5/phase5_module_proof_matrix.csv","True"
"docs/release/evidence/live-pack/20260411_045453/docs/release/live-audit/phase5/phase5_module_proof_matrix.json","True"
"docs/release/evidence/live-pack/20260411_045453/docs/release/live-audit/phase5/phase5_module_proof_matrix.md","True"
"docs/release/evidence/live-pack/20260411_045453/docs/release/live-audit/phase5/phase5_module_proof_paths.csv","True"
"docs/release/evidence/live-pack/20260411_045453/docs/release/live-audit/phase6/phase6_action_register.csv","True"
"docs/release/evidence/live-pack/20260411_045453/docs/release/live-audit/phase6/phase6_evidence_index.csv","True"
"docs/release/evidence/live-pack/20260411_045453/docs/release/live-audit/phase6/phase6_evidence_index_and_action_register.json","True"
"docs/release/evidence/live-pack/20260411_045453/docs/release/live-audit/phase6/phase6_evidence_index_and_action_register.md","True"
"docs/release/evidence/live-pack/20260411_045453/docs/release/live-audit/phase7/phase7_runtime_and_api_surface_verification.json","True"
"docs/release/evidence/live-pack/20260411_045453/docs/release/live-audit/phase7/phase7_runtime_and_api_surface_verification.md","True"
"docs/release/evidence/live-pack/20260411_045453/docs/release/live-audit/phase7/phase7_runtime_api_url_scan.txt","True"
"docs/release/evidence/live-pack/20260411_045453/docs/release/live-audit/phase7/phase7_runtime_endpoint_results.csv","True"
"docs/release/evidence/live-pack/20260411_045453/docs/release/live-audit/phase8/phase8_build_frontend_dashboards.txt","True"
"docs/release/evidence/live-pack/20260411_045453/docs/release/live-audit/phase8/phase8_build_frontend_dashboards_node_modules__acemir_cssom.txt","True"
"docs/release/evidence/live-pack/20260411_045453/docs/release/live-audit/phase8/phase8_build_frontend_dashboards_node_modules__asamuzakjp_css-color.txt","True"
"docs/release/evidence/live-pack/20260411_045453/docs/release/live-audit/phase8/phase8_build_frontend_dashboards_node_modules__asamuzakjp_css-color_node_modules_lru-cache.txt","True"
"docs/release/evidence/live-pack/20260411_045453/docs/release/live-audit/phase8/phase8_build_frontend_dashboards_node_modules__asamuzakjp_dom-selector.txt","True"
"docs/release/evidence/live-pack/20260411_045453/docs/release/live-audit/phase8/phase8_build_frontend_dashboards_node_modules__asamuzakjp_dom-selector_node_modules_lru-cache.txt","True"
"docs/release/evidence/live-pack/20260411_045453/docs/release/live-audit/phase8/phase8_build_frontend_dashboards_node_modules__azure_msal-browser.txt","True"
"docs/release/evidence/live-pack/20260411_045453/docs/release/live-audit/phase8/phase8_build_frontend_dashboards_node_modules__azure_msal-common.txt","True"
"docs/release/evidence/live-pack/20260411_045453/docs/release/live-audit/phase8/phase8_build_frontend_dashboards_node_modules__azure_msal-react.txt","True"
"docs/release/evidence/live-pack/20260411_045453/docs/release/live-audit/phase8/phase8_build_frontend_dashboards_node_modules__babel_core_node_modules__jridgewell_remapping.txt","True"
"docs/release/evidence/live-pack/20260411_045453/docs/release/live-audit/phase8/phase8_build_frontend_dashboards_node_modules__babel_core_node_modules_json5.txt","True"
"docs/release/evidence/live-pack/20260411_045453/docs/release/live-audit/phase8/phase8_build_frontend_dashboards_node_modules__bramus_specificity.txt","True"
"docs/release/evidence/live-pack/20260411_045453/docs/release/live-audit/phase8/phase8_build_frontend_dashboards_node_modules__eslint_config-array.txt","True"
"docs/release/evidence/live-pack/20260411_045453/docs/release/live-audit/phase8/phase8_build_frontend_dashboards_node_modules__eslint_config-helpers.txt","True"
"docs/release/evidence/live-pack/20260411_045453/docs/release/live-audit/phase8/phase8_build_frontend_dashboards_node_modules__eslint_core.txt","True"
"docs/release/evidence/live-pack/20260411_045453/docs/release/live-audit/phase8/phase8_build_frontend_dashboards_node_modules__eslint_eslintrc.txt","True"
"docs/release/evidence/live-pack/20260411_045453/docs/release/live-audit/phase8/phase8_build_frontend_dashboards_node_modules__eslint_object-schema.txt","True"
"docs/release/evidence/live-pack/20260411_045453/docs/release/live-audit/phase8/phase8_build_frontend_dashboards_node_modules__eslint_plugin-kit.txt","True"
"docs/release/evidence/live-pack/20260411_045453/docs/release/live-audit/phase8/phase8_build_frontend_dashboards_node_modules__eslint-community_eslint-utils.txt","True"
"docs/release/evidence/live-pack/20260411_045453/docs/release/live-audit/phase8/phase8_build_frontend_dashboards_node_modules__eslint-community_eslint-utils_node_modules_eslint-visitor-keys.txt","True"
"docs/release/evidence/live-pack/20260411_045453/docs/release/live-audit/phase8/phase8_build_frontend_dashboards_node_modules__eslint-community_regexpp.txt","True"
"docs/release/evidence/live-pack/20260411_045453/docs/release/live-audit/phase8/phase8_build_frontend_dashboards_node_modules__humanfs_core.txt","True"
"docs/release/evidence/live-pack/20260411_045453/docs/release/live-audit/phase8/phase8_build_frontend_dashboards_node_modules__humanfs_node.txt","True"
"docs/release/evidence/live-pack/20260411_045453/docs/release/live-audit/phase8/phase8_build_frontend_dashboards_node_modules__humanwhocodes_module-importer.txt","True"
"docs/release/evidence/live-pack/20260411_045453/docs/release/live-audit/phase8/phase8_build_frontend_dashboards_node_modules__humanwhocodes_retry.txt","True"
"docs/release/evidence/live-pack/20260411_045453/docs/release/live-audit/phase8/phase8_build_frontend_dashboards_node_modules__jridgewell_gen-mapping.txt","True"
"docs/release/evidence/live-pack/20260411_045453/docs/release/live-audit/phase8/phase8_build_frontend_dashboards_node_modules__jridgewell_resolve-uri.txt","True"
"docs/release/evidence/live-pack/20260411_045453/docs/release/live-audit/phase8/phase8_build_frontend_dashboards_node_modules__jridgewell_sourcemap-codec.txt","True"
"docs/release/evidence/live-pack/20260411_045453/docs/release/live-audit/phase8/phase8_build_frontend_dashboards_node_modules__jridgewell_trace-mapping.txt","True"
"docs/release/evidence/live-pack/20260411_045453/docs/release/live-audit/phase8/phase8_build_frontend_dashboards_node_modules__popperjs_core.txt","True"
"docs/release/evidence/live-pack/20260411_045453/docs/release/live-audit/phase8/phase8_build_frontend_dashboards_node_modules__reduxjs_toolkit.txt","True"
"docs/release/evidence/live-pack/20260411_045453/docs/release/live-audit/phase8/phase8_build_frontend_dashboards_node_modules__reduxjs_toolkit_node_modules_immer.txt","True"
"docs/release/evidence/live-pack/20260411_045453/docs/release/live-audit/phase8/phase8_build_frontend_dashboards_node_modules__rolldown_pluginutils.txt","True"
"docs/release/evidence/live-pack/20260411_045453/docs/release/live-audit/phase8/phase8_build_frontend_dashboards_node_modules__standard-schema_spec.txt","True"
"docs/release/evidence/live-pack/20260411_045453/docs/release/live-audit/phase8/phase8_build_frontend_dashboards_node_modules__standard-schema_utils.txt","True"
"docs/release/evidence/live-pack/20260411_045453/docs/release/live-audit/phase8/phase8_build_frontend_dashboards_node_modules__testing-library_dom.txt","True"
"docs/release/evidence/live-pack/20260411_045453/docs/release/live-audit/phase8/phase8_build_frontend_dashboards_node_modules__testing-library_dom_node_modules_aria-query.txt","True"
"docs/release/evidence/live-pack/20260411_045453/docs/release/live-audit/phase8/phase8_build_frontend_dashboards_node_modules__testing-library_react.txt","True"
"docs/release/evidence/live-pack/20260411_045453/docs/release/live-audit/phase8/phase8_build_frontend_dashboards_node_modules__vitejs_plugin-react.txt","True"
"docs/release/evidence/live-pack/20260411_045453/docs/release/live-audit/phase8/phase8_build_frontend_dashboards_node_modules__vitest_expect.txt","True"
"docs/release/evidence/live-pack/20260411_045453/docs/release/live-audit/phase8/phase8_build_frontend_dashboards_node_modules__vitest_pretty-format.txt","True"
"docs/release/evidence/live-pack/20260411_045453/docs/release/live-audit/phase8/phase8_build_frontend_dashboards_node_modules__vitest_runner.txt","True"
"docs/release/evidence/live-pack/20260411_045453/docs/release/live-audit/phase8/phase8_build_frontend_dashboards_node_modules__vitest_snapshot.txt","True"
"docs/release/evidence/live-pack/20260411_045453/docs/release/live-audit/phase8/phase8_build_frontend_dashboards_node_modules__vitest_spy.txt","True"
"docs/release/evidence/live-pack/20260411_045453/docs/release/live-audit/phase8/phase8_build_frontend_dashboards_node_modules__vitest_utils.txt","True"
"docs/release/evidence/live-pack/20260411_045453/docs/release/live-audit/phase8/phase8_build_frontend_dashboards_node_modules_agent-base.txt","True"
"docs/release/evidence/live-pack/20260411_045453/docs/release/live-audit/phase8/phase8_build_frontend_dashboards_node_modules_ajv.txt","True"
"docs/release/evidence/live-pack/20260411_045453/docs/release/live-audit/phase8/phase8_build_frontend_dashboards_node_modules_aria-query.txt","True"
"docs/release/evidence/live-pack/20260411_045453/docs/release/live-audit/phase8/phase8_build_frontend_dashboards_node_modules_assertion-error.txt","True"
"docs/release/evidence/live-pack/20260411_045453/docs/release/live-audit/phase8/phase8_build_frontend_dashboards_node_modules_ast-types-flow.txt","True"
"docs/release/evidence/live-pack/20260411_045453/docs/release/live-audit/phase8/phase8_build_frontend_dashboards_node_modules_axe-core.txt","True"
"docs/release/evidence/live-pack/20260411_045453/docs/release/live-audit/phase8/phase8_build_frontend_dashboards_node_modules_axios.txt","True"
"docs/release/evidence/live-pack/20260411_045453/docs/release/live-audit/phase8/phase8_build_frontend_dashboards_node_modules_axobject-query.txt","True"
"docs/release/evidence/live-pack/20260411_045453/docs/release/live-audit/phase8/phase8_build_frontend_dashboards_node_modules_babel-plugin-macros.txt","True"
"docs/release/evidence/live-pack/20260411_045453/docs/release/live-audit/phase8/phase8_build_frontend_dashboards_node_modules_bidi-js.txt","True"
"docs/release/evidence/live-pack/20260411_045453/docs/release/live-audit/phase8/phase8_build_frontend_dashboards_node_modules_browserslist_node_modules_baseline-browser-mapping.txt","True"
"docs/release/evidence/live-pack/20260411_045453/docs/release/live-audit/phase8/phase8_build_frontend_dashboards_node_modules_chai.txt","True"
"docs/release/evidence/live-pack/20260411_045453/docs/release/live-audit/phase8/phase8_build_frontend_dashboards_node_modules_clsx.txt","True"
"docs/release/evidence/live-pack/20260411_045453/docs/release/live-audit/phase8/phase8_build_frontend_dashboards_node_modules_cosmiconfig.txt","True"
"docs/release/evidence/live-pack/20260411_045453/docs/release/live-audit/phase8/phase8_build_frontend_dashboards_node_modules_cosmiconfig_node_modules_yaml.txt","True"
"docs/release/evidence/live-pack/20260411_045453/docs/release/live-audit/phase8/phase8_build_frontend_dashboards_node_modules_cssstyle_node_modules_lru-cache.txt","True"
"docs/release/evidence/live-pack/20260411_045453/docs/release/live-audit/phase8/phase8_build_frontend_dashboards_node_modules_css-tree.txt","True"
"docs/release/evidence/live-pack/20260411_045453/docs/release/live-audit/phase8/phase8_build_frontend_dashboards_node_modules_csstype.txt","True"
"docs/release/evidence/live-pack/20260411_045453/docs/release/live-audit/phase8/phase8_build_frontend_dashboards_node_modules_decimal_js-light.txt","True"
"docs/release/evidence/live-pack/20260411_045453/docs/release/live-audit/phase8/phase8_build_frontend_dashboards_node_modules_dequal.txt","True"
"docs/release/evidence/live-pack/20260411_045453/docs/release/live-audit/phase8/phase8_build_frontend_dashboards_node_modules_dom-accessibility-api.txt","True"
"docs/release/evidence/live-pack/20260411_045453/docs/release/live-audit/phase8/phase8_build_frontend_dashboards_node_modules_electron-to-chromium.txt","True"
"docs/release/evidence/live-pack/20260411_045453/docs/release/live-audit/phase8/phase8_build_frontend_dashboards_node_modules_emoji-regex.txt","True"
"docs/release/evidence/live-pack/20260411_045453/docs/release/live-audit/phase8/phase8_build_frontend_dashboards_node_modules_eslint-plugin-jsx-a11y.txt","True"
"docs/release/evidence/live-pack/20260411_045453/docs/release/live-audit/phase8/phase8_build_frontend_dashboards_node_modules_eslint-scope.txt","True"
"docs/release/evidence/live-pack/20260411_045453/docs/release/live-audit/phase8/phase8_build_frontend_dashboards_node_modules_eslint-visitor-keys.txt","True"
"docs/release/evidence/live-pack/20260411_045453/docs/release/live-audit/phase8/phase8_build_frontend_dashboards_node_modules_es-module-lexer.txt","True"
"docs/release/evidence/live-pack/20260411_045453/docs/release/live-audit/phase8/phase8_build_frontend_dashboards_node_modules_espree.txt","True"
"docs/release/evidence/live-pack/20260411_045453/docs/release/live-audit/phase8/phase8_build_frontend_dashboards_node_modules_esquery.txt","True"
"docs/release/evidence/live-pack/20260411_045453/docs/release/live-audit/phase8/phase8_build_frontend_dashboards_node_modules_es-toolkit.txt","True"
"docs/release/evidence/live-pack/20260411_045453/docs/release/live-audit/phase8/phase8_build_frontend_dashboards_node_modules_expect-type.txt","True"
"docs/release/evidence/live-pack/20260411_045453/docs/release/live-audit/phase8/phase8_build_frontend_dashboards_node_modules_fast-deep-equal.txt","True"
"docs/release/evidence/live-pack/20260411_045453/docs/release/live-audit/phase8/phase8_build_frontend_dashboards_node_modules_fast-levenshtein.txt","True"
"docs/release/evidence/live-pack/20260411_045453/docs/release/live-audit/phase8/phase8_build_frontend_dashboards_node_modules_fdir.txt","True"
"docs/release/evidence/live-pack/20260411_045453/docs/release/live-audit/phase8/phase8_build_frontend_dashboards_node_modules_flatted.txt","True"
"docs/release/evidence/live-pack/20260411_045453/docs/release/live-audit/phase8/phase8_build_frontend_dashboards_node_modules_globals.txt","True"
"docs/release/evidence/live-pack/20260411_045453/docs/release/live-audit/phase8/phase8_build_frontend_dashboards_node_modules_globalthis.txt","True"
"docs/release/evidence/live-pack/20260411_045453/docs/release/live-audit/phase8/phase8_build_frontend_dashboards_node_modules_hoist-non-react-statics.txt","True"
"docs/release/evidence/live-pack/20260411_045453/docs/release/live-audit/phase8/phase8_build_frontend_dashboards_node_modules_http-proxy-agent.txt","True"
"docs/release/evidence/live-pack/20260411_045453/docs/release/live-audit/phase8/phase8_build_frontend_dashboards_node_modules_https-proxy-agent.txt","True"
"docs/release/evidence/live-pack/20260411_045453/docs/release/live-audit/phase8/phase8_build_frontend_dashboards_node_modules_ignore.txt","True"
"docs/release/evidence/live-pack/20260411_045453/docs/release/live-audit/phase8/phase8_build_frontend_dashboards_node_modules_immer.txt","True"
"docs/release/evidence/live-pack/20260411_045453/docs/release/live-audit/phase8/phase8_build_frontend_dashboards_node_modules_is-potential-custom-element-name.txt","True"
"docs/release/evidence/live-pack/20260411_045453/docs/release/live-audit/phase8/phase8_build_frontend_dashboards_node_modules_jsesc.txt","True"
"docs/release/evidence/live-pack/20260411_045453/docs/release/live-audit/phase8/phase8_build_frontend_dashboards_node_modules_js-tokens.txt","True"
"docs/release/evidence/live-pack/20260411_045453/docs/release/live-audit/phase8/phase8_build_frontend_dashboards_node_modules_jsx-ast-utils.txt","True"
"docs/release/evidence/live-pack/20260411_045453/docs/release/live-audit/phase8/phase8_build_frontend_dashboards_node_modules_keyv.txt","True"
"docs/release/evidence/live-pack/20260411_045453/docs/release/live-audit/phase8/phase8_build_frontend_dashboards_node_modules_language-tags.txt","True"
"docs/release/evidence/live-pack/20260411_045453/docs/release/live-audit/phase8/phase8_build_frontend_dashboards_node_modules_magic-string.txt","True"
"docs/release/evidence/live-pack/20260411_045453/docs/release/live-audit/phase8/phase8_build_frontend_dashboards_node_modules_mime-db.txt","True"
"docs/release/evidence/live-pack/20260411_045453/docs/release/live-audit/phase8/phase8_build_frontend_dashboards_node_modules_natural-compare.txt","True"
"docs/release/evidence/live-pack/20260411_045453/docs/release/live-audit/phase8/phase8_build_frontend_dashboards_node_modules_node-releases.txt","True"
"docs/release/evidence/live-pack/20260411_045453/docs/release/live-audit/phase8/phase8_build_frontend_dashboards_node_modules_object_assign.txt","True"
"docs/release/evidence/live-pack/20260411_045453/docs/release/live-audit/phase8/phase8_build_frontend_dashboards_node_modules_obug.txt","True"
"docs/release/evidence/live-pack/20260411_045453/docs/release/live-audit/phase8/phase8_build_frontend_dashboards_node_modules_pathe.txt","True"
"docs/release/evidence/live-pack/20260411_045453/docs/release/live-audit/phase8/phase8_build_frontend_dashboards_node_modules_prop-types.txt","True"
"docs/release/evidence/live-pack/20260411_045453/docs/release/live-audit/phase8/phase8_build_frontend_dashboards_node_modules_punycode.txt","True"
"docs/release/evidence/live-pack/20260411_045453/docs/release/live-audit/phase8/phase8_build_frontend_dashboards_node_modules_react-redux.txt","True"
"docs/release/evidence/live-pack/20260411_045453/docs/release/live-audit/phase8/phase8_build_frontend_dashboards_node_modules_recharts.txt","True"
"docs/release/evidence/live-pack/20260411_045453/docs/release/live-audit/phase8/phase8_build_frontend_dashboards_node_modules_redux.txt","True"
"docs/release/evidence/live-pack/20260411_045453/docs/release/live-audit/phase8/phase8_build_frontend_dashboards_node_modules_redux-thunk.txt","True"
"docs/release/evidence/live-pack/20260411_045453/docs/release/live-audit/phase8/phase8_build_frontend_dashboards_node_modules_reselect.txt","True"
"docs/release/evidence/live-pack/20260411_045453/docs/release/live-audit/phase8/phase8_build_frontend_dashboards_node_modules_rollup.txt","True"
"docs/release/evidence/live-pack/20260411_045453/docs/release/live-audit/phase8/phase8_build_frontend_dashboards_node_modules_saxes.txt","True"
"docs/release/evidence/live-pack/20260411_045453/docs/release/live-audit/phase8/phase8_build_frontend_dashboards_node_modules_source-map.txt","True"
"docs/release/evidence/live-pack/20260411_045453/docs/release/live-audit/phase8/phase8_build_frontend_dashboards_node_modules_source-map-js.txt","True"
"docs/release/evidence/live-pack/20260411_045453/docs/release/live-audit/phase8/phase8_build_frontend_dashboards_node_modules_std-env.txt","True"
"docs/release/evidence/live-pack/20260411_045453/docs/release/live-audit/phase8/phase8_build_frontend_dashboards_node_modules_stylis.txt","True"
"docs/release/evidence/live-pack/20260411_045453/docs/release/live-audit/phase8/phase8_build_frontend_dashboards_node_modules_tinyexec.txt","True"
"docs/release/evidence/live-pack/20260411_045453/docs/release/live-audit/phase8/phase8_build_frontend_dashboards_node_modules_tinyglobby.txt","True"
"docs/release/evidence/live-pack/20260411_045453/docs/release/live-audit/phase8/phase8_build_frontend_dashboards_node_modules_tiny-invariant.txt","True"
"docs/release/evidence/live-pack/20260411_045453/docs/release/live-audit/phase8/phase8_build_frontend_dashboards_node_modules_tldts.txt","True"
"docs/release/evidence/live-pack/20260411_045453/docs/release/live-audit/phase8/phase8_build_frontend_dashboards_node_modules_tldts-core.txt","True"
"docs/release/evidence/live-pack/20260411_045453/docs/release/live-audit/phase8/phase8_build_frontend_dashboards_node_modules_tough-cookie.txt","True"
"docs/release/evidence/live-pack/20260411_045453/docs/release/live-audit/phase8/phase8_build_frontend_dashboards_node_modules_update-browserslist-db_node_modules_escalade.txt","True"
"docs/release/evidence/live-pack/20260411_045453/docs/release/live-audit/phase8/phase8_build_frontend_dashboards_node_modules_uri-js.txt","True"
"docs/release/evidence/live-pack/20260411_045453/docs/release/live-audit/phase8/phase8_build_frontend_dashboards_node_modules_victory-vendor.txt","True"
"docs/release/evidence/live-pack/20260411_045453/docs/release/live-audit/phase8/phase8_build_frontend_dashboards_node_modules_vite.txt","True"
"docs/release/evidence/live-pack/20260411_045453/docs/release/live-audit/phase8/phase8_build_frontend_dashboards_node_modules_vitest.txt","True"
"docs/release/evidence/live-pack/20260411_045453/docs/release/live-audit/phase8/phase8_build_frontend_dashboards_node_modules_vitest_node_modules__vitest_mocker.txt","True"
"docs/release/evidence/live-pack/20260411_045453/docs/release/live-audit/phase8/phase8_build_frontend_dashboards_node_modules_xmlchars.txt","True"
"docs/release/evidence/live-pack/20260411_045453/docs/release/live-audit/phase8/phase8_build_frontend_dashboards_node_modules_yaml.txt","True"
"docs/release/evidence/live-pack/20260411_045453/docs/release/live-audit/phase8/phase8_build_frontend_dashboards_node_modules_zod.txt","True"
"docs/release/evidence/live-pack/20260411_045453/docs/release/live-audit/phase8/phase8_build_frontend_dashboards_node_modules_zod-validation-error.txt","True"
"docs/release/evidence/live-pack/20260411_045453/docs/release/live-audit/phase8/phase8_frontend_and_dashboard_proof.json","True"
"docs/release/evidence/live-pack/20260411_045453/docs/release/live-audit/phase8/phase8_frontend_and_dashboard_proof.md","True"
"docs/release/evidence/live-pack/20260411_045453/docs/release/live-audit/phase8/phase8_frontend_build_results.csv","True"
"docs/release/evidence/live-pack/20260411_045453/docs/release/live-audit/phase8/phase8_frontend_packages.csv","True"
"docs/release/evidence/live-pack/20260411_045453/docs/release/live-audit/phase8/phase8_frontend_surface_paths.csv","True"
"docs/release/evidence/live-pack/20260411_045453/docs/release/live-audit/phase8/phase8_node_version.txt","True"
"docs/release/evidence/live-pack/20260411_045453/docs/release/live-audit/phase9/phase9_reporting_export_area_status.csv","True"
"docs/release/evidence/live-pack/20260411_045453/docs/release/live-audit/phase9/phase9_reporting_export_dependency_hits.csv","True"
"docs/release/evidence/live-pack/20260411_045453/docs/release/live-audit/phase9/phase9_reporting_export_hits.csv","True"
"docs/release/evidence/live-pack/20260411_045453/docs/release/live-audit/phase9/phase9_reporting_export_pdf_transcript_gap_audit.json","True"
"docs/release/evidence/live-pack/20260411_045453/docs/release/live-audit/phase9/phase9_reporting_export_pdf_transcript_gap_audit.md","True"
"docs/release/evidence/live-pack/20260411_045453/INDEX.md","True"
"docs/release/evidence/live-pack/20260411_045453/manifest.csv","True"
"docs/release/evidence/live-pack/20260411_075358/docs/release/LIVE_ACTION_REGISTER.md","True"
"docs/release/evidence/live-pack/20260411_075358/docs/release/LIVE_BACKEND_VERIFICATION.md","True"
"docs/release/evidence/live-pack/20260411_075358/docs/release/LIVE_EVIDENCE_INDEX.md","True"
"docs/release/evidence/live-pack/20260411_075358/docs/release/LIVE_FINAL_RELEASE_GATE.md","True"
"docs/release/evidence/live-pack/20260411_075358/docs/release/LIVE_FINAL_SIGNOFF_CHECKLIST.md","True"
"docs/release/evidence/live-pack/20260411_075358/docs/release/LIVE_FRONTEND_DASHBOARD_PROOF.md","True"
"docs/release/evidence/live-pack/20260411_075358/docs/release/LIVE_MODULE_PROOF_MATRIX.md","True"
"docs/release/evidence/live-pack/20260411_075358/docs/release/LIVE_MODULE_STATUS_SUMMARY.md","True"
"docs/release/evidence/live-pack/20260411_075358/docs/release/LIVE_RELEASE_GATE_STATUS.md","True"
"docs/release/evidence/live-pack/20260411_075358/docs/release/LIVE_RELEASE_TRUTH.md","True"
"docs/release/evidence/live-pack/20260411_075358/docs/release/LIVE_REPO_HYGIENE_PLAN.md","True"
"docs/release/evidence/live-pack/20260411_075358/docs/release/LIVE_REPORTING_EXPORT_AUDIT.md","True"
"docs/release/evidence/live-pack/20260411_075358/docs/release/LIVE_RUNTIME_API_VERIFICATION.md","True"
"docs/release/evidence/live-pack/20260411_075358/docs/release/LIVE_WORKFLOW_CANONICALIZATION_PLAN.md","True"
"docs/release/evidence/live-pack/20260411_075358/docs/release/live-audit/phase1/phase1_backend_module_inventory.csv","True"
"docs/release/evidence/live-pack/20260411_075358/docs/release/live-audit/phase1/phase1_branch_inventory.csv","True"
"docs/release/evidence/live-pack/20260411_075358/docs/release/live-audit/phase1/phase1_frontend_surface_inventory.csv","True"
"docs/release/evidence/live-pack/20260411_075358/docs/release/live-audit/phase1/phase1_github_public_state.json","True"
"docs/release/evidence/live-pack/20260411_075358/docs/release/live-audit/phase1/phase1_live_repo_baseline.json","True"
"docs/release/evidence/live-pack/20260411_075358/docs/release/live-audit/phase1/phase1_live_repo_baseline.md","True"
"docs/release/evidence/live-pack/20260411_075358/docs/release/live-audit/phase1/phase1_release_doc_freshness.csv","True"
"docs/release/evidence/live-pack/20260411_075358/docs/release/live-audit/phase1/phase1_root_ruleset_inventory.csv","True"
"docs/release/evidence/live-pack/20260411_075358/docs/release/live-audit/phase1/phase1_workflow_inventory.csv","True"
"docs/release/evidence/live-pack/20260411_075358/docs/release/live-audit/phase10/phase10_live_release_gate_scorecard.csv","True"
"docs/release/evidence/live-pack/20260411_075358/docs/release/live-audit/phase10/phase10_live_release_gate_synthesis.json","True"
"docs/release/evidence/live-pack/20260411_075358/docs/release/live-audit/phase10/phase10_live_release_gate_synthesis.md","True"
"docs/release/evidence/live-pack/20260411_075358/docs/release/live-audit/phase11/phase11_live_release_docs_refresh.json","True"
"docs/release/evidence/live-pack/20260411_075358/docs/release/live-audit/phase11/phase11_live_release_docs_refresh.md","True"
"docs/release/evidence/live-pack/20260411_075358/docs/release/live-audit/phase11/phase11_module_status_summary.csv","True"
"docs/release/evidence/live-pack/20260411_075358/docs/release/live-audit/phase11/phase11_signoff_checklist.csv","True"
"docs/release/evidence/live-pack/20260411_075358/docs/release/live-audit/phase12/phase12_archived_stale_docs.csv","True"
"docs/release/evidence/live-pack/20260411_075358/docs/release/live-audit/phase12/phase12_hygiene_executed_commands.csv","True"
"docs/release/evidence/live-pack/20260411_075358/docs/release/live-audit/phase12/phase12_repo_hygiene_execution_pack.json","True"
"docs/release/evidence/live-pack/20260411_075358/docs/release/live-audit/phase12/phase12_repo_hygiene_execution_pack.md","True"
"docs/release/evidence/live-pack/20260411_075358/docs/release/live-audit/phase12/phase12_stale_release_docs.csv","True"
"docs/release/evidence/live-pack/20260411_075358/docs/release/live-audit/phase12/x_arch.csv","True"
"docs/release/evidence/live-pack/20260411_075358/docs/release/live-audit/phase12/x_exec.csv","True"
"docs/release/evidence/live-pack/20260411_075358/docs/release/live-audit/phase12/x_stale.csv","True"
"docs/release/evidence/live-pack/20260411_075358/docs/release/live-audit/phase13/phase13_archived_workflows.csv","True"
"docs/release/evidence/live-pack/20260411_075358/docs/release/live-audit/phase13/phase13_workflow_canonicalization_plan.json","True"
"docs/release/evidence/live-pack/20260411_075358/docs/release/live-audit/phase13/phase13_workflow_canonicalization_plan.md","True"
"docs/release/evidence/live-pack/20260411_075358/docs/release/live-audit/phase13/phase13_workflow_review_matrix.csv","True"
"docs/release/evidence/live-pack/20260411_075358/docs/release/live-audit/phase2/phase2_referenced_pr_states.csv","True"
"docs/release/evidence/live-pack/20260411_075358/docs/release/live-audit/phase2/phase2_release_doc_inventory.csv","True"
"docs/release/evidence/live-pack/20260411_075358/docs/release/live-audit/phase2/phase2_release_truth_mismatches.csv","True"
"docs/release/evidence/live-pack/20260411_075358/docs/release/live-audit/phase2/phase2_release_truth_reconciliation.json","True"
"docs/release/evidence/live-pack/20260411_075358/docs/release/live-audit/phase2/phase2_release_truth_reconciliation.md","True"
"docs/release/evidence/live-pack/20260411_075358/docs/release/live-audit/phase2/phase2_release_truth_references.csv","True"
"docs/release/evidence/live-pack/20260411_075358/docs/release/live-audit/phase3/phase3_branch_cleanup_candidates.csv","True"
"docs/release/evidence/live-pack/20260411_075358/docs/release/live-audit/phase3/phase3_local_branch_inventory.csv","True"
"docs/release/evidence/live-pack/20260411_075358/docs/release/live-audit/phase3/phase3_remote_branch_delete_commands.txt","True"
"docs/release/evidence/live-pack/20260411_075358/docs/release/live-audit/phase3/phase3_remote_branch_inventory.csv","True"
"docs/release/evidence/live-pack/20260411_075358/docs/release/live-audit/phase3/phase3_workflow_branch_rationalization.json","True"
"docs/release/evidence/live-pack/20260411_075358/docs/release/live-audit/phase3/phase3_workflow_branch_rationalization.md","True"
"docs/release/evidence/live-pack/20260411_075358/docs/release/live-audit/phase3/phase3_workflow_consolidation_groups.csv","True"
"docs/release/evidence/live-pack/20260411_075358/docs/release/live-audit/phase3/phase3_workflow_inventory_enriched.csv","True"
"docs/release/evidence/live-pack/20260411_075358/docs/release/live-audit/phase4/phase4_backend_app_inventory.csv","True"
"docs/release/evidence/live-pack/20260411_075358/docs/release/live-audit/phase4/phase4_backend_test_inventory.csv","True"
"docs/release/evidence/live-pack/20260411_075358/docs/release/live-audit/phase4/phase4_backend_verification_and_django_proof.json","True"
"docs/release/evidence/live-pack/20260411_075358/docs/release/live-audit/phase4/phase4_backend_verification_and_django_proof.md","True"
"docs/release/evidence/live-pack/20260411_075358/docs/release/live-audit/phase4/phase4_django_version.txt","True"
"docs/release/evidence/live-pack/20260411_075358/docs/release/live-audit/phase4/phase4_manage_check.txt","True"
"docs/release/evidence/live-pack/20260411_075358/docs/release/live-audit/phase4/phase4_manage_check_deploy.txt","True"
"docs/release/evidence/live-pack/20260411_075358/docs/release/live-audit/phase4/phase4_python_version.txt","True"
"docs/release/evidence/live-pack/20260411_075358/docs/release/live-audit/phase4/phase4_showmigrations.txt","True"
"docs/release/evidence/live-pack/20260411_075358/docs/release/live-audit/phase4/phase4_url_surface_scan.txt","True"
"docs/release/evidence/live-pack/20260411_075358/docs/release/live-audit/phase5/phase5_module_proof_matrix.csv","True"
"docs/release/evidence/live-pack/20260411_075358/docs/release/live-audit/phase5/phase5_module_proof_matrix.json","True"
"docs/release/evidence/live-pack/20260411_075358/docs/release/live-audit/phase5/phase5_module_proof_matrix.md","True"
"docs/release/evidence/live-pack/20260411_075358/docs/release/live-audit/phase5/phase5_module_proof_paths.csv","True"
"docs/release/evidence/live-pack/20260411_075358/docs/release/live-audit/phase6/phase6_action_register.csv","True"
"docs/release/evidence/live-pack/20260411_075358/docs/release/live-audit/phase6/phase6_evidence_index.csv","True"
"docs/release/evidence/live-pack/20260411_075358/docs/release/live-audit/phase6/phase6_evidence_index_and_action_register.json","True"
"docs/release/evidence/live-pack/20260411_075358/docs/release/live-audit/phase6/phase6_evidence_index_and_action_register.md","True"
"docs/release/evidence/live-pack/20260411_075358/docs/release/live-audit/phase7/phase7_runtime_and_api_surface_verification.json","True"
"docs/release/evidence/live-pack/20260411_075358/docs/release/live-audit/phase7/phase7_runtime_and_api_surface_verification.md","True"
"docs/release/evidence/live-pack/20260411_075358/docs/release/live-audit/phase7/phase7_runtime_api_url_scan.txt","True"
"docs/release/evidence/live-pack/20260411_075358/docs/release/live-audit/phase7/phase7_runtime_endpoint_results.csv","True"
"docs/release/evidence/live-pack/20260411_075358/docs/release/live-audit/phase8/phase8_build_frontend_dashboards.txt","True"
"docs/release/evidence/live-pack/20260411_075358/docs/release/live-audit/phase8/phase8_build_frontend_dashboards_node_modules__acemir_cssom.txt","True"
"docs/release/evidence/live-pack/20260411_075358/docs/release/live-audit/phase8/phase8_build_frontend_dashboards_node_modules__asamuzakjp_css-color.txt","True"
"docs/release/evidence/live-pack/20260411_075358/docs/release/live-audit/phase8/phase8_build_frontend_dashboards_node_modules__asamuzakjp_css-color_node_modules_lru-cache.txt","True"
"docs/release/evidence/live-pack/20260411_075358/docs/release/live-audit/phase8/phase8_build_frontend_dashboards_node_modules__asamuzakjp_dom-selector.txt","True"
"docs/release/evidence/live-pack/20260411_075358/docs/release/live-audit/phase8/phase8_build_frontend_dashboards_node_modules__asamuzakjp_dom-selector_node_modules_lru-cache.txt","True"
"docs/release/evidence/live-pack/20260411_075358/docs/release/live-audit/phase8/phase8_build_frontend_dashboards_node_modules__azure_msal-browser.txt","True"
"docs/release/evidence/live-pack/20260411_075358/docs/release/live-audit/phase8/phase8_build_frontend_dashboards_node_modules__azure_msal-common.txt","True"
"docs/release/evidence/live-pack/20260411_075358/docs/release/live-audit/phase8/phase8_build_frontend_dashboards_node_modules__azure_msal-react.txt","True"
"docs/release/evidence/live-pack/20260411_075358/docs/release/live-audit/phase8/phase8_build_frontend_dashboards_node_modules__babel_core_node_modules__jridgewell_remapping.txt","True"
"docs/release/evidence/live-pack/20260411_075358/docs/release/live-audit/phase8/phase8_build_frontend_dashboards_node_modules__babel_core_node_modules_json5.txt","True"
"docs/release/evidence/live-pack/20260411_075358/docs/release/live-audit/phase8/phase8_build_frontend_dashboards_node_modules__bramus_specificity.txt","True"
"docs/release/evidence/live-pack/20260411_075358/docs/release/live-audit/phase8/phase8_build_frontend_dashboards_node_modules__eslint_config-array.txt","True"
"docs/release/evidence/live-pack/20260411_075358/docs/release/live-audit/phase8/phase8_build_frontend_dashboards_node_modules__eslint_config-helpers.txt","True"
"docs/release/evidence/live-pack/20260411_075358/docs/release/live-audit/phase8/phase8_build_frontend_dashboards_node_modules__eslint_core.txt","True"
"docs/release/evidence/live-pack/20260411_075358/docs/release/live-audit/phase8/phase8_build_frontend_dashboards_node_modules__eslint_eslintrc.txt","True"
"docs/release/evidence/live-pack/20260411_075358/docs/release/live-audit/phase8/phase8_build_frontend_dashboards_node_modules__eslint_object-schema.txt","True"
"docs/release/evidence/live-pack/20260411_075358/docs/release/live-audit/phase8/phase8_build_frontend_dashboards_node_modules__eslint_plugin-kit.txt","True"
"docs/release/evidence/live-pack/20260411_075358/docs/release/live-audit/phase8/phase8_build_frontend_dashboards_node_modules__eslint-community_eslint-utils.txt","True"
"docs/release/evidence/live-pack/20260411_075358/docs/release/live-audit/phase8/phase8_build_frontend_dashboards_node_modules__eslint-community_eslint-utils_node_modules_eslint-visitor-keys.txt","True"
"docs/release/evidence/live-pack/20260411_075358/docs/release/live-audit/phase8/phase8_build_frontend_dashboards_node_modules__eslint-community_regexpp.txt","True"
"docs/release/evidence/live-pack/20260411_075358/docs/release/live-audit/phase8/phase8_build_frontend_dashboards_node_modules__humanfs_core.txt","True"
"docs/release/evidence/live-pack/20260411_075358/docs/release/live-audit/phase8/phase8_build_frontend_dashboards_node_modules__humanfs_node.txt","True"
"docs/release/evidence/live-pack/20260411_075358/docs/release/live-audit/phase8/phase8_build_frontend_dashboards_node_modules__humanwhocodes_module-importer.txt","True"
"docs/release/evidence/live-pack/20260411_075358/docs/release/live-audit/phase8/phase8_build_frontend_dashboards_node_modules__humanwhocodes_retry.txt","True"
"docs/release/evidence/live-pack/20260411_075358/docs/release/live-audit/phase8/phase8_build_frontend_dashboards_node_modules__jridgewell_gen-mapping.txt","True"
"docs/release/evidence/live-pack/20260411_075358/docs/release/live-audit/phase8/phase8_build_frontend_dashboards_node_modules__jridgewell_resolve-uri.txt","True"
"docs/release/evidence/live-pack/20260411_075358/docs/release/live-audit/phase8/phase8_build_frontend_dashboards_node_modules__jridgewell_sourcemap-codec.txt","True"
"docs/release/evidence/live-pack/20260411_075358/docs/release/live-audit/phase8/phase8_build_frontend_dashboards_node_modules__jridgewell_trace-mapping.txt","True"
"docs/release/evidence/live-pack/20260411_075358/docs/release/live-audit/phase8/phase8_build_frontend_dashboards_node_modules__popperjs_core.txt","True"
"docs/release/evidence/live-pack/20260411_075358/docs/release/live-audit/phase8/phase8_build_frontend_dashboards_node_modules__reduxjs_toolkit.txt","True"
"docs/release/evidence/live-pack/20260411_075358/docs/release/live-audit/phase8/phase8_build_frontend_dashboards_node_modules__reduxjs_toolkit_node_modules_immer.txt","True"
"docs/release/evidence/live-pack/20260411_075358/docs/release/live-audit/phase8/phase8_build_frontend_dashboards_node_modules__rolldown_pluginutils.txt","True"
"docs/release/evidence/live-pack/20260411_075358/docs/release/live-audit/phase8/phase8_build_frontend_dashboards_node_modules__standard-schema_spec.txt","True"
"docs/release/evidence/live-pack/20260411_075358/docs/release/live-audit/phase8/phase8_build_frontend_dashboards_node_modules__standard-schema_utils.txt","True"
"docs/release/evidence/live-pack/20260411_075358/docs/release/live-audit/phase8/phase8_build_frontend_dashboards_node_modules__testing-library_dom.txt","True"
"docs/release/evidence/live-pack/20260411_075358/docs/release/live-audit/phase8/phase8_build_frontend_dashboards_node_modules__testing-library_dom_node_modules_aria-query.txt","True"
"docs/release/evidence/live-pack/20260411_075358/docs/release/live-audit/phase8/phase8_build_frontend_dashboards_node_modules__testing-library_react.txt","True"
"docs/release/evidence/live-pack/20260411_075358/docs/release/live-audit/phase8/phase8_build_frontend_dashboards_node_modules__vitejs_plugin-react.txt","True"
"docs/release/evidence/live-pack/20260411_075358/docs/release/live-audit/phase8/phase8_build_frontend_dashboards_node_modules__vitest_expect.txt","True"
"docs/release/evidence/live-pack/20260411_075358/docs/release/live-audit/phase8/phase8_build_frontend_dashboards_node_modules__vitest_pretty-format.txt","True"
"docs/release/evidence/live-pack/20260411_075358/docs/release/live-audit/phase8/phase8_build_frontend_dashboards_node_modules__vitest_runner.txt","True"
"docs/release/evidence/live-pack/20260411_075358/docs/release/live-audit/phase8/phase8_build_frontend_dashboards_node_modules__vitest_snapshot.txt","True"
"docs/release/evidence/live-pack/20260411_075358/docs/release/live-audit/phase8/phase8_build_frontend_dashboards_node_modules__vitest_spy.txt","True"
"docs/release/evidence/live-pack/20260411_075358/docs/release/live-audit/phase8/phase8_build_frontend_dashboards_node_modules__vitest_utils.txt","True"
"docs/release/evidence/live-pack/20260411_075358/docs/release/live-audit/phase8/phase8_build_frontend_dashboards_node_modules_agent-base.txt","True"
"docs/release/evidence/live-pack/20260411_075358/docs/release/live-audit/phase8/phase8_build_frontend_dashboards_node_modules_ajv.txt","True"
"docs/release/evidence/live-pack/20260411_075358/docs/release/live-audit/phase8/phase8_build_frontend_dashboards_node_modules_aria-query.txt","True"
"docs/release/evidence/live-pack/20260411_075358/docs/release/live-audit/phase8/phase8_build_frontend_dashboards_node_modules_assertion-error.txt","True"
"docs/release/evidence/live-pack/20260411_075358/docs/release/live-audit/phase8/phase8_build_frontend_dashboards_node_modules_ast-types-flow.txt","True"
"docs/release/evidence/live-pack/20260411_075358/docs/release/live-audit/phase8/phase8_build_frontend_dashboards_node_modules_axe-core.txt","True"
"docs/release/evidence/live-pack/20260411_075358/docs/release/live-audit/phase8/phase8_build_frontend_dashboards_node_modules_axios.txt","True"
"docs/release/evidence/live-pack/20260411_075358/docs/release/live-audit/phase8/phase8_build_frontend_dashboards_node_modules_axobject-query.txt","True"
"docs/release/evidence/live-pack/20260411_075358/docs/release/live-audit/phase8/phase8_build_frontend_dashboards_node_modules_babel-plugin-macros.txt","True"
"docs/release/evidence/live-pack/20260411_075358/docs/release/live-audit/phase8/phase8_build_frontend_dashboards_node_modules_bidi-js.txt","True"
"docs/release/evidence/live-pack/20260411_075358/docs/release/live-audit/phase8/phase8_build_frontend_dashboards_node_modules_browserslist_node_modules_baseline-browser-mapping.txt","True"
"docs/release/evidence/live-pack/20260411_075358/docs/release/live-audit/phase8/phase8_build_frontend_dashboards_node_modules_chai.txt","True"
"docs/release/evidence/live-pack/20260411_075358/docs/release/live-audit/phase8/phase8_build_frontend_dashboards_node_modules_clsx.txt","True"
"docs/release/evidence/live-pack/20260411_075358/docs/release/live-audit/phase8/phase8_build_frontend_dashboards_node_modules_cosmiconfig.txt","True"
"docs/release/evidence/live-pack/20260411_075358/docs/release/live-audit/phase8/phase8_build_frontend_dashboards_node_modules_cosmiconfig_node_modules_yaml.txt","True"
"docs/release/evidence/live-pack/20260411_075358/docs/release/live-audit/phase8/phase8_build_frontend_dashboards_node_modules_cssstyle_node_modules_lru-cache.txt","True"
"docs/release/evidence/live-pack/20260411_075358/docs/release/live-audit/phase8/phase8_build_frontend_dashboards_node_modules_css-tree.txt","True"
"docs/release/evidence/live-pack/20260411_075358/docs/release/live-audit/phase8/phase8_build_frontend_dashboards_node_modules_csstype.txt","True"
"docs/release/evidence/live-pack/20260411_075358/docs/release/live-audit/phase8/phase8_build_frontend_dashboards_node_modules_decimal_js-light.txt","True"
"docs/release/evidence/live-pack/20260411_075358/docs/release/live-audit/phase8/phase8_build_frontend_dashboards_node_modules_dequal.txt","True"
"docs/release/evidence/live-pack/20260411_075358/docs/release/live-audit/phase8/phase8_build_frontend_dashboards_node_modules_dom-accessibility-api.txt","True"
"docs/release/evidence/live-pack/20260411_075358/docs/release/live-audit/phase8/phase8_build_frontend_dashboards_node_modules_electron-to-chromium.txt","True"
"docs/release/evidence/live-pack/20260411_075358/docs/release/live-audit/phase8/phase8_build_frontend_dashboards_node_modules_emoji-regex.txt","True"
"docs/release/evidence/live-pack/20260411_075358/docs/release/live-audit/phase8/phase8_build_frontend_dashboards_node_modules_eslint-plugin-jsx-a11y.txt","True"
"docs/release/evidence/live-pack/20260411_075358/docs/release/live-audit/phase8/phase8_build_frontend_dashboards_node_modules_eslint-scope.txt","True"
"docs/release/evidence/live-pack/20260411_075358/docs/release/live-audit/phase8/phase8_build_frontend_dashboards_node_modules_eslint-visitor-keys.txt","True"
"docs/release/evidence/live-pack/20260411_075358/docs/release/live-audit/phase8/phase8_build_frontend_dashboards_node_modules_es-module-lexer.txt","True"
"docs/release/evidence/live-pack/20260411_075358/docs/release/live-audit/phase8/phase8_build_frontend_dashboards_node_modules_espree.txt","True"
"docs/release/evidence/live-pack/20260411_075358/docs/release/live-audit/phase8/phase8_build_frontend_dashboards_node_modules_esquery.txt","True"
"docs/release/evidence/live-pack/20260411_075358/docs/release/live-audit/phase8/phase8_build_frontend_dashboards_node_modules_es-toolkit.txt","True"
"docs/release/evidence/live-pack/20260411_075358/docs/release/live-audit/phase8/phase8_build_frontend_dashboards_node_modules_expect-type.txt","True"
"docs/release/evidence/live-pack/20260411_075358/docs/release/live-audit/phase8/phase8_build_frontend_dashboards_node_modules_fast-deep-equal.txt","True"
"docs/release/evidence/live-pack/20260411_075358/docs/release/live-audit/phase8/phase8_build_frontend_dashboards_node_modules_fast-levenshtein.txt","True"
"docs/release/evidence/live-pack/20260411_075358/docs/release/live-audit/phase8/phase8_build_frontend_dashboards_node_modules_fdir.txt","True"
"docs/release/evidence/live-pack/20260411_075358/docs/release/live-audit/phase8/phase8_build_frontend_dashboards_node_modules_flatted.txt","True"
"docs/release/evidence/live-pack/20260411_075358/docs/release/live-audit/phase8/phase8_build_frontend_dashboards_node_modules_globals.txt","True"
"docs/release/evidence/live-pack/20260411_075358/docs/release/live-audit/phase8/phase8_build_frontend_dashboards_node_modules_globalthis.txt","True"
"docs/release/evidence/live-pack/20260411_075358/docs/release/live-audit/phase8/phase8_build_frontend_dashboards_node_modules_hoist-non-react-statics.txt","True"
"docs/release/evidence/live-pack/20260411_075358/docs/release/live-audit/phase8/phase8_build_frontend_dashboards_node_modules_http-proxy-agent.txt","True"
"docs/release/evidence/live-pack/20260411_075358/docs/release/live-audit/phase8/phase8_build_frontend_dashboards_node_modules_https-proxy-agent.txt","True"
"docs/release/evidence/live-pack/20260411_075358/docs/release/live-audit/phase8/phase8_build_frontend_dashboards_node_modules_ignore.txt","True"
"docs/release/evidence/live-pack/20260411_075358/docs/release/live-audit/phase8/phase8_build_frontend_dashboards_node_modules_immer.txt","True"
"docs/release/evidence/live-pack/20260411_075358/docs/release/live-audit/phase8/phase8_build_frontend_dashboards_node_modules_is-potential-custom-element-name.txt","True"
"docs/release/evidence/live-pack/20260411_075358/docs/release/live-audit/phase8/phase8_build_frontend_dashboards_node_modules_jsesc.txt","True"
"docs/release/evidence/live-pack/20260411_075358/docs/release/live-audit/phase8/phase8_build_frontend_dashboards_node_modules_js-tokens.txt","True"
"docs/release/evidence/live-pack/20260411_075358/docs/release/live-audit/phase8/phase8_build_frontend_dashboards_node_modules_jsx-ast-utils.txt","True"
"docs/release/evidence/live-pack/20260411_075358/docs/release/live-audit/phase8/phase8_build_frontend_dashboards_node_modules_keyv.txt","True"
"docs/release/evidence/live-pack/20260411_075358/docs/release/live-audit/phase8/phase8_build_frontend_dashboards_node_modules_language-tags.txt","True"
"docs/release/evidence/live-pack/20260411_075358/docs/release/live-audit/phase8/phase8_build_frontend_dashboards_node_modules_magic-string.txt","True"
"docs/release/evidence/live-pack/20260411_075358/docs/release/live-audit/phase8/phase8_build_frontend_dashboards_node_modules_mime-db.txt","True"
"docs/release/evidence/live-pack/20260411_075358/docs/release/live-audit/phase8/phase8_build_frontend_dashboards_node_modules_natural-compare.txt","True"
"docs/release/evidence/live-pack/20260411_075358/docs/release/live-audit/phase8/phase8_build_frontend_dashboards_node_modules_node-releases.txt","True"
"docs/release/evidence/live-pack/20260411_075358/docs/release/live-audit/phase8/phase8_build_frontend_dashboards_node_modules_object_assign.txt","True"
"docs/release/evidence/live-pack/20260411_075358/docs/release/live-audit/phase8/phase8_build_frontend_dashboards_node_modules_obug.txt","True"
"docs/release/evidence/live-pack/20260411_075358/docs/release/live-audit/phase8/phase8_build_frontend_dashboards_node_modules_pathe.txt","True"
"docs/release/evidence/live-pack/20260411_075358/docs/release/live-audit/phase8/phase8_build_frontend_dashboards_node_modules_prop-types.txt","True"
"docs/release/evidence/live-pack/20260411_075358/docs/release/live-audit/phase8/phase8_build_frontend_dashboards_node_modules_punycode.txt","True"
"docs/release/evidence/live-pack/20260411_075358/docs/release/live-audit/phase8/phase8_build_frontend_dashboards_node_modules_react-redux.txt","True"
"docs/release/evidence/live-pack/20260411_075358/docs/release/live-audit/phase8/phase8_build_frontend_dashboards_node_modules_recharts.txt","True"
"docs/release/evidence/live-pack/20260411_075358/docs/release/live-audit/phase8/phase8_build_frontend_dashboards_node_modules_redux.txt","True"
"docs/release/evidence/live-pack/20260411_075358/docs/release/live-audit/phase8/phase8_build_frontend_dashboards_node_modules_redux-thunk.txt","True"
"docs/release/evidence/live-pack/20260411_075358/docs/release/live-audit/phase8/phase8_build_frontend_dashboards_node_modules_reselect.txt","True"
"docs/release/evidence/live-pack/20260411_075358/docs/release/live-audit/phase8/phase8_build_frontend_dashboards_node_modules_rollup.txt","True"
"docs/release/evidence/live-pack/20260411_075358/docs/release/live-audit/phase8/phase8_build_frontend_dashboards_node_modules_saxes.txt","True"
"docs/release/evidence/live-pack/20260411_075358/docs/release/live-audit/phase8/phase8_build_frontend_dashboards_node_modules_source-map.txt","True"
"docs/release/evidence/live-pack/20260411_075358/docs/release/live-audit/phase8/phase8_build_frontend_dashboards_node_modules_source-map-js.txt","True"
"docs/release/evidence/live-pack/20260411_075358/docs/release/live-audit/phase8/phase8_build_frontend_dashboards_node_modules_std-env.txt","True"
"docs/release/evidence/live-pack/20260411_075358/docs/release/live-audit/phase8/phase8_build_frontend_dashboards_node_modules_stylis.txt","True"
"docs/release/evidence/live-pack/20260411_075358/docs/release/live-audit/phase8/phase8_build_frontend_dashboards_node_modules_tinyexec.txt","True"
"docs/release/evidence/live-pack/20260411_075358/docs/release/live-audit/phase8/phase8_build_frontend_dashboards_node_modules_tinyglobby.txt","True"
"docs/release/evidence/live-pack/20260411_075358/docs/release/live-audit/phase8/phase8_build_frontend_dashboards_node_modules_tiny-invariant.txt","True"
"docs/release/evidence/live-pack/20260411_075358/docs/release/live-audit/phase8/phase8_build_frontend_dashboards_node_modules_tldts.txt","True"
"docs/release/evidence/live-pack/20260411_075358/docs/release/live-audit/phase8/phase8_build_frontend_dashboards_node_modules_tldts-core.txt","True"
"docs/release/evidence/live-pack/20260411_075358/docs/release/live-audit/phase8/phase8_build_frontend_dashboards_node_modules_tough-cookie.txt","True"
"docs/release/evidence/live-pack/20260411_075358/docs/release/live-audit/phase8/phase8_build_frontend_dashboards_node_modules_update-browserslist-db_node_modules_escalade.txt","True"
"docs/release/evidence/live-pack/20260411_075358/docs/release/live-audit/phase8/phase8_build_frontend_dashboards_node_modules_uri-js.txt","True"
"docs/release/evidence/live-pack/20260411_075358/docs/release/live-audit/phase8/phase8_build_frontend_dashboards_node_modules_victory-vendor.txt","True"
"docs/release/evidence/live-pack/20260411_075358/docs/release/live-audit/phase8/phase8_build_frontend_dashboards_node_modules_vite.txt","True"
"docs/release/evidence/live-pack/20260411_075358/docs/release/live-audit/phase8/phase8_build_frontend_dashboards_node_modules_vitest.txt","True"
"docs/release/evidence/live-pack/20260411_075358/docs/release/live-audit/phase8/phase8_build_frontend_dashboards_node_modules_vitest_node_modules__vitest_mocker.txt","True"
"docs/release/evidence/live-pack/20260411_075358/docs/release/live-audit/phase8/phase8_build_frontend_dashboards_node_modules_xmlchars.txt","True"
"docs/release/evidence/live-pack/20260411_075358/docs/release/live-audit/phase8/phase8_build_frontend_dashboards_node_modules_yaml.txt","True"
"docs/release/evidence/live-pack/20260411_075358/docs/release/live-audit/phase8/phase8_build_frontend_dashboards_node_modules_zod.txt","True"
"docs/release/evidence/live-pack/20260411_075358/docs/release/live-audit/phase8/phase8_build_frontend_dashboards_node_modules_zod-validation-error.txt","True"
"docs/release/evidence/live-pack/20260411_075358/docs/release/live-audit/phase8/phase8_frontend_and_dashboard_proof.json","True"
"docs/release/evidence/live-pack/20260411_075358/docs/release/live-audit/phase8/phase8_frontend_and_dashboard_proof.md","True"
"docs/release/evidence/live-pack/20260411_075358/docs/release/live-audit/phase8/phase8_frontend_build_results.csv","True"
"docs/release/evidence/live-pack/20260411_075358/docs/release/live-audit/phase8/phase8_frontend_packages.csv","True"
"docs/release/evidence/live-pack/20260411_075358/docs/release/live-audit/phase8/phase8_frontend_surface_paths.csv","True"
"docs/release/evidence/live-pack/20260411_075358/docs/release/live-audit/phase8/phase8_node_version.txt","True"
"docs/release/evidence/live-pack/20260411_075358/docs/release/live-audit/phase9/phase9_reporting_export_area_status.csv","True"
"docs/release/evidence/live-pack/20260411_075358/docs/release/live-audit/phase9/phase9_reporting_export_dependency_hits.csv","True"
"docs/release/evidence/live-pack/20260411_075358/docs/release/live-audit/phase9/phase9_reporting_export_hits.csv","True"
"docs/release/evidence/live-pack/20260411_075358/docs/release/live-audit/phase9/phase9_reporting_export_pdf_transcript_gap_audit.json","True"
"docs/release/evidence/live-pack/20260411_075358/docs/release/live-audit/phase9/phase9_reporting_export_pdf_transcript_gap_audit.md","True"
"docs/release/evidence/live-pack/20260411_075358/INDEX.md","True"
"docs/release/evidence/live-pack/20260411_075358/manifest.csv","True"
"docs/release/evidence/live-pack/20260411_075803/docs/release/LIVE_ACTION_REGISTER.md","True"
"docs/release/evidence/live-pack/20260411_075803/docs/release/LIVE_BACKEND_VERIFICATION.md","True"
"docs/release/evidence/live-pack/20260411_075803/docs/release/LIVE_EVIDENCE_INDEX.md","True"
"docs/release/evidence/live-pack/20260411_075803/docs/release/LIVE_FINAL_RELEASE_GATE.md","True"
"docs/release/evidence/live-pack/20260411_075803/docs/release/LIVE_FINAL_SIGNOFF_CHECKLIST.md","True"
"docs/release/evidence/live-pack/20260411_075803/docs/release/LIVE_FRONTEND_DASHBOARD_PROOF.md","True"
"docs/release/evidence/live-pack/20260411_075803/docs/release/LIVE_MODULE_PROOF_MATRIX.md","True"
"docs/release/evidence/live-pack/20260411_075803/docs/release/LIVE_MODULE_STATUS_SUMMARY.md","True"
"docs/release/evidence/live-pack/20260411_075803/docs/release/LIVE_RELEASE_GATE_STATUS.md","True"
"docs/release/evidence/live-pack/20260411_075803/docs/release/LIVE_RELEASE_TRUTH.md","True"
"docs/release/evidence/live-pack/20260411_075803/docs/release/LIVE_REPO_HYGIENE_PLAN.md","True"
"docs/release/evidence/live-pack/20260411_075803/docs/release/LIVE_REPORTING_EXPORT_AUDIT.md","True"
"docs/release/evidence/live-pack/20260411_075803/docs/release/LIVE_RUNTIME_API_VERIFICATION.md","True"
"docs/release/evidence/live-pack/20260411_075803/docs/release/LIVE_WORKFLOW_CANONICALIZATION_PLAN.md","True"
"docs/release/evidence/live-pack/20260411_075803/docs/release/live-audit/phase1/phase1_backend_module_inventory.csv","True"
"docs/release/evidence/live-pack/20260411_075803/docs/release/live-audit/phase1/phase1_branch_inventory.csv","True"
"docs/release/evidence/live-pack/20260411_075803/docs/release/live-audit/phase1/phase1_frontend_surface_inventory.csv","True"
"docs/release/evidence/live-pack/20260411_075803/docs/release/live-audit/phase1/phase1_github_public_state.json","True"
"docs/release/evidence/live-pack/20260411_075803/docs/release/live-audit/phase1/phase1_live_repo_baseline.json","True"
"docs/release/evidence/live-pack/20260411_075803/docs/release/live-audit/phase1/phase1_live_repo_baseline.md","True"
"docs/release/evidence/live-pack/20260411_075803/docs/release/live-audit/phase1/phase1_release_doc_freshness.csv","True"
"docs/release/evidence/live-pack/20260411_075803/docs/release/live-audit/phase1/phase1_root_ruleset_inventory.csv","True"
"docs/release/evidence/live-pack/20260411_075803/docs/release/live-audit/phase1/phase1_workflow_inventory.csv","True"
"docs/release/evidence/live-pack/20260411_075803/docs/release/live-audit/phase10/phase10_live_release_gate_scorecard.csv","True"
"docs/release/evidence/live-pack/20260411_075803/docs/release/live-audit/phase10/phase10_live_release_gate_synthesis.json","True"
"docs/release/evidence/live-pack/20260411_075803/docs/release/live-audit/phase10/phase10_live_release_gate_synthesis.md","True"
"docs/release/evidence/live-pack/20260411_075803/docs/release/live-audit/phase11/phase11_live_release_docs_refresh.json","True"
"docs/release/evidence/live-pack/20260411_075803/docs/release/live-audit/phase11/phase11_live_release_docs_refresh.md","True"
"docs/release/evidence/live-pack/20260411_075803/docs/release/live-audit/phase11/phase11_module_status_summary.csv","True"
"docs/release/evidence/live-pack/20260411_075803/docs/release/live-audit/phase11/phase11_signoff_checklist.csv","True"
"docs/release/evidence/live-pack/20260411_075803/docs/release/live-audit/phase12/phase12_archived_stale_docs.csv","True"
"docs/release/evidence/live-pack/20260411_075803/docs/release/live-audit/phase12/phase12_hygiene_executed_commands.csv","True"
"docs/release/evidence/live-pack/20260411_075803/docs/release/live-audit/phase12/phase12_repo_hygiene_execution_pack.json","True"
"docs/release/evidence/live-pack/20260411_075803/docs/release/live-audit/phase12/phase12_repo_hygiene_execution_pack.md","True"
"docs/release/evidence/live-pack/20260411_075803/docs/release/live-audit/phase12/phase12_stale_release_docs.csv","True"
"docs/release/evidence/live-pack/20260411_075803/docs/release/live-audit/phase12/x_arch.csv","True"
"docs/release/evidence/live-pack/20260411_075803/docs/release/live-audit/phase12/x_exec.csv","True"
"docs/release/evidence/live-pack/20260411_075803/docs/release/live-audit/phase12/x_stale.csv","True"
"docs/release/evidence/live-pack/20260411_075803/docs/release/live-audit/phase13/phase13_archived_workflows.csv","True"
"docs/release/evidence/live-pack/20260411_075803/docs/release/live-audit/phase13/phase13_workflow_canonicalization_plan.json","True"
"docs/release/evidence/live-pack/20260411_075803/docs/release/live-audit/phase13/phase13_workflow_canonicalization_plan.md","True"
"docs/release/evidence/live-pack/20260411_075803/docs/release/live-audit/phase13/phase13_workflow_review_matrix.csv","True"
"docs/release/evidence/live-pack/20260411_075803/docs/release/live-audit/phase2/phase2_referenced_pr_states.csv","True"
"docs/release/evidence/live-pack/20260411_075803/docs/release/live-audit/phase2/phase2_release_doc_inventory.csv","True"
"docs/release/evidence/live-pack/20260411_075803/docs/release/live-audit/phase2/phase2_release_truth_mismatches.csv","True"
"docs/release/evidence/live-pack/20260411_075803/docs/release/live-audit/phase2/phase2_release_truth_reconciliation.json","True"
"docs/release/evidence/live-pack/20260411_075803/docs/release/live-audit/phase2/phase2_release_truth_reconciliation.md","True"
"docs/release/evidence/live-pack/20260411_075803/docs/release/live-audit/phase2/phase2_release_truth_references.csv","True"
"docs/release/evidence/live-pack/20260411_075803/docs/release/live-audit/phase3/phase3_branch_cleanup_candidates.csv","True"
"docs/release/evidence/live-pack/20260411_075803/docs/release/live-audit/phase3/phase3_local_branch_delete_commands.txt","True"
"docs/release/evidence/live-pack/20260411_075803/docs/release/live-audit/phase3/phase3_local_branch_inventory.csv","True"
"docs/release/evidence/live-pack/20260411_075803/docs/release/live-audit/phase3/phase3_remote_branch_delete_commands.txt","True"
"docs/release/evidence/live-pack/20260411_075803/docs/release/live-audit/phase3/phase3_remote_branch_inventory.csv","True"
"docs/release/evidence/live-pack/20260411_075803/docs/release/live-audit/phase3/phase3_workflow_branch_rationalization.json","True"
"docs/release/evidence/live-pack/20260411_075803/docs/release/live-audit/phase3/phase3_workflow_branch_rationalization.md","True"
"docs/release/evidence/live-pack/20260411_075803/docs/release/live-audit/phase3/phase3_workflow_consolidation_groups.csv","True"
"docs/release/evidence/live-pack/20260411_075803/docs/release/live-audit/phase3/phase3_workflow_inventory_enriched.csv","True"
"docs/release/evidence/live-pack/20260411_075803/docs/release/live-audit/phase4/phase4_backend_app_inventory.csv","True"
"docs/release/evidence/live-pack/20260411_075803/docs/release/live-audit/phase4/phase4_backend_test_inventory.csv","True"
"docs/release/evidence/live-pack/20260411_075803/docs/release/live-audit/phase4/phase4_backend_verification_and_django_proof.json","True"
"docs/release/evidence/live-pack/20260411_075803/docs/release/live-audit/phase4/phase4_backend_verification_and_django_proof.md","True"
"docs/release/evidence/live-pack/20260411_075803/docs/release/live-audit/phase4/phase4_django_version.txt","True"
"docs/release/evidence/live-pack/20260411_075803/docs/release/live-audit/phase4/phase4_manage_check.txt","True"
"docs/release/evidence/live-pack/20260411_075803/docs/release/live-audit/phase4/phase4_manage_check_deploy.txt","True"
"docs/release/evidence/live-pack/20260411_075803/docs/release/live-audit/phase4/phase4_python_version.txt","True"
"docs/release/evidence/live-pack/20260411_075803/docs/release/live-audit/phase4/phase4_showmigrations.txt","True"
"docs/release/evidence/live-pack/20260411_075803/docs/release/live-audit/phase4/phase4_url_surface_scan.txt","True"
"docs/release/evidence/live-pack/20260411_075803/docs/release/live-audit/phase5/phase5_module_proof_matrix.csv","True"
"docs/release/evidence/live-pack/20260411_075803/docs/release/live-audit/phase5/phase5_module_proof_matrix.json","True"
"docs/release/evidence/live-pack/20260411_075803/docs/release/live-audit/phase5/phase5_module_proof_matrix.md","True"
"docs/release/evidence/live-pack/20260411_075803/docs/release/live-audit/phase5/phase5_module_proof_paths.csv","True"
"docs/release/evidence/live-pack/20260411_075803/docs/release/live-audit/phase6/phase6_action_register.csv","True"
"docs/release/evidence/live-pack/20260411_075803/docs/release/live-audit/phase6/phase6_evidence_index.csv","True"
"docs/release/evidence/live-pack/20260411_075803/docs/release/live-audit/phase6/phase6_evidence_index_and_action_register.json","True"
"docs/release/evidence/live-pack/20260411_075803/docs/release/live-audit/phase6/phase6_evidence_index_and_action_register.md","True"
"docs/release/evidence/live-pack/20260411_075803/docs/release/live-audit/phase7/phase7_runtime_and_api_surface_verification.json","True"
"docs/release/evidence/live-pack/20260411_075803/docs/release/live-audit/phase7/phase7_runtime_and_api_surface_verification.md","True"
"docs/release/evidence/live-pack/20260411_075803/docs/release/live-audit/phase7/phase7_runtime_api_url_scan.txt","True"
"docs/release/evidence/live-pack/20260411_075803/docs/release/live-audit/phase7/phase7_runtime_endpoint_results.csv","True"
"docs/release/evidence/live-pack/20260411_075803/docs/release/live-audit/phase8/phase8_build_frontend_dashboards.txt","True"
"docs/release/evidence/live-pack/20260411_075803/docs/release/live-audit/phase8/phase8_build_frontend_dashboards_node_modules__acemir_cssom.txt","True"
"docs/release/evidence/live-pack/20260411_075803/docs/release/live-audit/phase8/phase8_build_frontend_dashboards_node_modules__asamuzakjp_css-color.txt","True"
"docs/release/evidence/live-pack/20260411_075803/docs/release/live-audit/phase8/phase8_build_frontend_dashboards_node_modules__asamuzakjp_css-color_node_modules_lru-cache.txt","True"
"docs/release/evidence/live-pack/20260411_075803/docs/release/live-audit/phase8/phase8_build_frontend_dashboards_node_modules__asamuzakjp_dom-selector.txt","True"
"docs/release/evidence/live-pack/20260411_075803/docs/release/live-audit/phase8/phase8_build_frontend_dashboards_node_modules__asamuzakjp_dom-selector_node_modules_lru-cache.txt","True"
"docs/release/evidence/live-pack/20260411_075803/docs/release/live-audit/phase8/phase8_build_frontend_dashboards_node_modules__azure_msal-browser.txt","True"
"docs/release/evidence/live-pack/20260411_075803/docs/release/live-audit/phase8/phase8_build_frontend_dashboards_node_modules__azure_msal-common.txt","True"
"docs/release/evidence/live-pack/20260411_075803/docs/release/live-audit/phase8/phase8_build_frontend_dashboards_node_modules__azure_msal-react.txt","True"
"docs/release/evidence/live-pack/20260411_075803/docs/release/live-audit/phase8/phase8_build_frontend_dashboards_node_modules__babel_core_node_modules__jridgewell_remapping.txt","True"
"docs/release/evidence/live-pack/20260411_075803/docs/release/live-audit/phase8/phase8_build_frontend_dashboards_node_modules__babel_core_node_modules_json5.txt","True"
"docs/release/evidence/live-pack/20260411_075803/docs/release/live-audit/phase8/phase8_build_frontend_dashboards_node_modules__bramus_specificity.txt","True"
"docs/release/evidence/live-pack/20260411_075803/docs/release/live-audit/phase8/phase8_build_frontend_dashboards_node_modules__eslint_config-array.txt","True"
"docs/release/evidence/live-pack/20260411_075803/docs/release/live-audit/phase8/phase8_build_frontend_dashboards_node_modules__eslint_config-helpers.txt","True"
"docs/release/evidence/live-pack/20260411_075803/docs/release/live-audit/phase8/phase8_build_frontend_dashboards_node_modules__eslint_core.txt","True"
"docs/release/evidence/live-pack/20260411_075803/docs/release/live-audit/phase8/phase8_build_frontend_dashboards_node_modules__eslint_eslintrc.txt","True"
"docs/release/evidence/live-pack/20260411_075803/docs/release/live-audit/phase8/phase8_build_frontend_dashboards_node_modules__eslint_object-schema.txt","True"
"docs/release/evidence/live-pack/20260411_075803/docs/release/live-audit/phase8/phase8_build_frontend_dashboards_node_modules__eslint_plugin-kit.txt","True"
"docs/release/evidence/live-pack/20260411_075803/docs/release/live-audit/phase8/phase8_build_frontend_dashboards_node_modules__eslint-community_eslint-utils.txt","True"
"docs/release/evidence/live-pack/20260411_075803/docs/release/live-audit/phase8/phase8_build_frontend_dashboards_node_modules__eslint-community_eslint-utils_node_modules_eslint-visitor-keys.txt","True"
"docs/release/evidence/live-pack/20260411_075803/docs/release/live-audit/phase8/phase8_build_frontend_dashboards_node_modules__eslint-community_regexpp.txt","True"
"docs/release/evidence/live-pack/20260411_075803/docs/release/live-audit/phase8/phase8_build_frontend_dashboards_node_modules__humanfs_core.txt","True"
"docs/release/evidence/live-pack/20260411_075803/docs/release/live-audit/phase8/phase8_build_frontend_dashboards_node_modules__humanfs_node.txt","True"
"docs/release/evidence/live-pack/20260411_075803/docs/release/live-audit/phase8/phase8_build_frontend_dashboards_node_modules__humanwhocodes_module-importer.txt","True"
"docs/release/evidence/live-pack/20260411_075803/docs/release/live-audit/phase8/phase8_build_frontend_dashboards_node_modules__humanwhocodes_retry.txt","True"
"docs/release/evidence/live-pack/20260411_075803/docs/release/live-audit/phase8/phase8_build_frontend_dashboards_node_modules__jridgewell_gen-mapping.txt","True"
"docs/release/evidence/live-pack/20260411_075803/docs/release/live-audit/phase8/phase8_build_frontend_dashboards_node_modules__jridgewell_resolve-uri.txt","True"
"docs/release/evidence/live-pack/20260411_075803/docs/release/live-audit/phase8/phase8_build_frontend_dashboards_node_modules__jridgewell_sourcemap-codec.txt","True"
"docs/release/evidence/live-pack/20260411_075803/docs/release/live-audit/phase8/phase8_build_frontend_dashboards_node_modules__jridgewell_trace-mapping.txt","True"
"docs/release/evidence/live-pack/20260411_075803/docs/release/live-audit/phase8/phase8_build_frontend_dashboards_node_modules__popperjs_core.txt","True"
"docs/release/evidence/live-pack/20260411_075803/docs/release/live-audit/phase8/phase8_build_frontend_dashboards_node_modules__reduxjs_toolkit.txt","True"
"docs/release/evidence/live-pack/20260411_075803/docs/release/live-audit/phase8/phase8_build_frontend_dashboards_node_modules__reduxjs_toolkit_node_modules_immer.txt","True"
"docs/release/evidence/live-pack/20260411_075803/docs/release/live-audit/phase8/phase8_build_frontend_dashboards_node_modules__rolldown_pluginutils.txt","True"
"docs/release/evidence/live-pack/20260411_075803/docs/release/live-audit/phase8/phase8_build_frontend_dashboards_node_modules__standard-schema_spec.txt","True"
"docs/release/evidence/live-pack/20260411_075803/docs/release/live-audit/phase8/phase8_build_frontend_dashboards_node_modules__standard-schema_utils.txt","True"
"docs/release/evidence/live-pack/20260411_075803/docs/release/live-audit/phase8/phase8_build_frontend_dashboards_node_modules__testing-library_dom.txt","True"
"docs/release/evidence/live-pack/20260411_075803/docs/release/live-audit/phase8/phase8_build_frontend_dashboards_node_modules__testing-library_dom_node_modules_aria-query.txt","True"
"docs/release/evidence/live-pack/20260411_075803/docs/release/live-audit/phase8/phase8_build_frontend_dashboards_node_modules__testing-library_react.txt","True"
"docs/release/evidence/live-pack/20260411_075803/docs/release/live-audit/phase8/phase8_build_frontend_dashboards_node_modules__vitejs_plugin-react.txt","True"
"docs/release/evidence/live-pack/20260411_075803/docs/release/live-audit/phase8/phase8_build_frontend_dashboards_node_modules__vitest_expect.txt","True"
"docs/release/evidence/live-pack/20260411_075803/docs/release/live-audit/phase8/phase8_build_frontend_dashboards_node_modules__vitest_pretty-format.txt","True"
"docs/release/evidence/live-pack/20260411_075803/docs/release/live-audit/phase8/phase8_build_frontend_dashboards_node_modules__vitest_runner.txt","True"
"docs/release/evidence/live-pack/20260411_075803/docs/release/live-audit/phase8/phase8_build_frontend_dashboards_node_modules__vitest_snapshot.txt","True"
"docs/release/evidence/live-pack/20260411_075803/docs/release/live-audit/phase8/phase8_build_frontend_dashboards_node_modules__vitest_spy.txt","True"
"docs/release/evidence/live-pack/20260411_075803/docs/release/live-audit/phase8/phase8_build_frontend_dashboards_node_modules__vitest_utils.txt","True"
"docs/release/evidence/live-pack/20260411_075803/docs/release/live-audit/phase8/phase8_build_frontend_dashboards_node_modules_agent-base.txt","True"
"docs/release/evidence/live-pack/20260411_075803/docs/release/live-audit/phase8/phase8_build_frontend_dashboards_node_modules_ajv.txt","True"
"docs/release/evidence/live-pack/20260411_075803/docs/release/live-audit/phase8/phase8_build_frontend_dashboards_node_modules_aria-query.txt","True"
"docs/release/evidence/live-pack/20260411_075803/docs/release/live-audit/phase8/phase8_build_frontend_dashboards_node_modules_assertion-error.txt","True"
"docs/release/evidence/live-pack/20260411_075803/docs/release/live-audit/phase8/phase8_build_frontend_dashboards_node_modules_ast-types-flow.txt","True"
"docs/release/evidence/live-pack/20260411_075803/docs/release/live-audit/phase8/phase8_build_frontend_dashboards_node_modules_axe-core.txt","True"
"docs/release/evidence/live-pack/20260411_075803/docs/release/live-audit/phase8/phase8_build_frontend_dashboards_node_modules_axios.txt","True"
"docs/release/evidence/live-pack/20260411_075803/docs/release/live-audit/phase8/phase8_build_frontend_dashboards_node_modules_axobject-query.txt","True"
"docs/release/evidence/live-pack/20260411_075803/docs/release/live-audit/phase8/phase8_build_frontend_dashboards_node_modules_babel-plugin-macros.txt","True"
"docs/release/evidence/live-pack/20260411_075803/docs/release/live-audit/phase8/phase8_build_frontend_dashboards_node_modules_bidi-js.txt","True"
"docs/release/evidence/live-pack/20260411_075803/docs/release/live-audit/phase8/phase8_build_frontend_dashboards_node_modules_browserslist_node_modules_baseline-browser-mapping.txt","True"
"docs/release/evidence/live-pack/20260411_075803/docs/release/live-audit/phase8/phase8_build_frontend_dashboards_node_modules_chai.txt","True"
"docs/release/evidence/live-pack/20260411_075803/docs/release/live-audit/phase8/phase8_build_frontend_dashboards_node_modules_clsx.txt","True"
"docs/release/evidence/live-pack/20260411_075803/docs/release/live-audit/phase8/phase8_build_frontend_dashboards_node_modules_cosmiconfig.txt","True"
"docs/release/evidence/live-pack/20260411_075803/docs/release/live-audit/phase8/phase8_build_frontend_dashboards_node_modules_cosmiconfig_node_modules_yaml.txt","True"
"docs/release/evidence/live-pack/20260411_075803/docs/release/live-audit/phase8/phase8_build_frontend_dashboards_node_modules_cssstyle_node_modules_lru-cache.txt","True"
"docs/release/evidence/live-pack/20260411_075803/docs/release/live-audit/phase8/phase8_build_frontend_dashboards_node_modules_css-tree.txt","True"
"docs/release/evidence/live-pack/20260411_075803/docs/release/live-audit/phase8/phase8_build_frontend_dashboards_node_modules_csstype.txt","True"
"docs/release/evidence/live-pack/20260411_075803/docs/release/live-audit/phase8/phase8_build_frontend_dashboards_node_modules_decimal_js-light.txt","True"
"docs/release/evidence/live-pack/20260411_075803/docs/release/live-audit/phase8/phase8_build_frontend_dashboards_node_modules_dequal.txt","True"
"docs/release/evidence/live-pack/20260411_075803/docs/release/live-audit/phase8/phase8_build_frontend_dashboards_node_modules_dom-accessibility-api.txt","True"
"docs/release/evidence/live-pack/20260411_075803/docs/release/live-audit/phase8/phase8_build_frontend_dashboards_node_modules_electron-to-chromium.txt","True"
"docs/release/evidence/live-pack/20260411_075803/docs/release/live-audit/phase8/phase8_build_frontend_dashboards_node_modules_emoji-regex.txt","True"
"docs/release/evidence/live-pack/20260411_075803/docs/release/live-audit/phase8/phase8_build_frontend_dashboards_node_modules_eslint-plugin-jsx-a11y.txt","True"
"docs/release/evidence/live-pack/20260411_075803/docs/release/live-audit/phase8/phase8_build_frontend_dashboards_node_modules_eslint-scope.txt","True"
"docs/release/evidence/live-pack/20260411_075803/docs/release/live-audit/phase8/phase8_build_frontend_dashboards_node_modules_eslint-visitor-keys.txt","True"
"docs/release/evidence/live-pack/20260411_075803/docs/release/live-audit/phase8/phase8_build_frontend_dashboards_node_modules_es-module-lexer.txt","True"
"docs/release/evidence/live-pack/20260411_075803/docs/release/live-audit/phase8/phase8_build_frontend_dashboards_node_modules_espree.txt","True"
"docs/release/evidence/live-pack/20260411_075803/docs/release/live-audit/phase8/phase8_build_frontend_dashboards_node_modules_esquery.txt","True"
"docs/release/evidence/live-pack/20260411_075803/docs/release/live-audit/phase8/phase8_build_frontend_dashboards_node_modules_es-toolkit.txt","True"
"docs/release/evidence/live-pack/20260411_075803/docs/release/live-audit/phase8/phase8_build_frontend_dashboards_node_modules_expect-type.txt","True"
"docs/release/evidence/live-pack/20260411_075803/docs/release/live-audit/phase8/phase8_build_frontend_dashboards_node_modules_fast-deep-equal.txt","True"
"docs/release/evidence/live-pack/20260411_075803/docs/release/live-audit/phase8/phase8_build_frontend_dashboards_node_modules_fast-levenshtein.txt","True"
"docs/release/evidence/live-pack/20260411_075803/docs/release/live-audit/phase8/phase8_build_frontend_dashboards_node_modules_fdir.txt","True"
"docs/release/evidence/live-pack/20260411_075803/docs/release/live-audit/phase8/phase8_build_frontend_dashboards_node_modules_flatted.txt","True"
"docs/release/evidence/live-pack/20260411_075803/docs/release/live-audit/phase8/phase8_build_frontend_dashboards_node_modules_globals.txt","True"
"docs/release/evidence/live-pack/20260411_075803/docs/release/live-audit/phase8/phase8_build_frontend_dashboards_node_modules_globalthis.txt","True"
"docs/release/evidence/live-pack/20260411_075803/docs/release/live-audit/phase8/phase8_build_frontend_dashboards_node_modules_hoist-non-react-statics.txt","True"
"docs/release/evidence/live-pack/20260411_075803/docs/release/live-audit/phase8/phase8_build_frontend_dashboards_node_modules_http-proxy-agent.txt","True"
"docs/release/evidence/live-pack/20260411_075803/docs/release/live-audit/phase8/phase8_build_frontend_dashboards_node_modules_https-proxy-agent.txt","True"
"docs/release/evidence/live-pack/20260411_075803/docs/release/live-audit/phase8/phase8_build_frontend_dashboards_node_modules_ignore.txt","True"
"docs/release/evidence/live-pack/20260411_075803/docs/release/live-audit/phase8/phase8_build_frontend_dashboards_node_modules_immer.txt","True"
"docs/release/evidence/live-pack/20260411_075803/docs/release/live-audit/phase8/phase8_build_frontend_dashboards_node_modules_is-potential-custom-element-name.txt","True"
"docs/release/evidence/live-pack/20260411_075803/docs/release/live-audit/phase8/phase8_build_frontend_dashboards_node_modules_jsesc.txt","True"
"docs/release/evidence/live-pack/20260411_075803/docs/release/live-audit/phase8/phase8_build_frontend_dashboards_node_modules_js-tokens.txt","True"
"docs/release/evidence/live-pack/20260411_075803/docs/release/live-audit/phase8/phase8_build_frontend_dashboards_node_modules_jsx-ast-utils.txt","True"
"docs/release/evidence/live-pack/20260411_075803/docs/release/live-audit/phase8/phase8_build_frontend_dashboards_node_modules_keyv.txt","True"
"docs/release/evidence/live-pack/20260411_075803/docs/release/live-audit/phase8/phase8_build_frontend_dashboards_node_modules_language-tags.txt","True"
"docs/release/evidence/live-pack/20260411_075803/docs/release/live-audit/phase8/phase8_build_frontend_dashboards_node_modules_magic-string.txt","True"
"docs/release/evidence/live-pack/20260411_075803/docs/release/live-audit/phase8/phase8_build_frontend_dashboards_node_modules_mime-db.txt","True"
"docs/release/evidence/live-pack/20260411_075803/docs/release/live-audit/phase8/phase8_build_frontend_dashboards_node_modules_natural-compare.txt","True"
"docs/release/evidence/live-pack/20260411_075803/docs/release/live-audit/phase8/phase8_build_frontend_dashboards_node_modules_node-releases.txt","True"
"docs/release/evidence/live-pack/20260411_075803/docs/release/live-audit/phase8/phase8_build_frontend_dashboards_node_modules_object_assign.txt","True"
"docs/release/evidence/live-pack/20260411_075803/docs/release/live-audit/phase8/phase8_build_frontend_dashboards_node_modules_obug.txt","True"
"docs/release/evidence/live-pack/20260411_075803/docs/release/live-audit/phase8/phase8_build_frontend_dashboards_node_modules_pathe.txt","True"
"docs/release/evidence/live-pack/20260411_075803/docs/release/live-audit/phase8/phase8_build_frontend_dashboards_node_modules_prop-types.txt","True"
"docs/release/evidence/live-pack/20260411_075803/docs/release/live-audit/phase8/phase8_build_frontend_dashboards_node_modules_punycode.txt","True"
"docs/release/evidence/live-pack/20260411_075803/docs/release/live-audit/phase8/phase8_build_frontend_dashboards_node_modules_react-redux.txt","True"
"docs/release/evidence/live-pack/20260411_075803/docs/release/live-audit/phase8/phase8_build_frontend_dashboards_node_modules_recharts.txt","True"
"docs/release/evidence/live-pack/20260411_075803/docs/release/live-audit/phase8/phase8_build_frontend_dashboards_node_modules_redux.txt","True"
"docs/release/evidence/live-pack/20260411_075803/docs/release/live-audit/phase8/phase8_build_frontend_dashboards_node_modules_redux-thunk.txt","True"
"docs/release/evidence/live-pack/20260411_075803/docs/release/live-audit/phase8/phase8_build_frontend_dashboards_node_modules_reselect.txt","True"
"docs/release/evidence/live-pack/20260411_075803/docs/release/live-audit/phase8/phase8_build_frontend_dashboards_node_modules_rollup.txt","True"
"docs/release/evidence/live-pack/20260411_075803/docs/release/live-audit/phase8/phase8_build_frontend_dashboards_node_modules_saxes.txt","True"
"docs/release/evidence/live-pack/20260411_075803/docs/release/live-audit/phase8/phase8_build_frontend_dashboards_node_modules_source-map.txt","True"
"docs/release/evidence/live-pack/20260411_075803/docs/release/live-audit/phase8/phase8_build_frontend_dashboards_node_modules_source-map-js.txt","True"
"docs/release/evidence/live-pack/20260411_075803/docs/release/live-audit/phase8/phase8_build_frontend_dashboards_node_modules_std-env.txt","True"
"docs/release/evidence/live-pack/20260411_075803/docs/release/live-audit/phase8/phase8_build_frontend_dashboards_node_modules_stylis.txt","True"
"docs/release/evidence/live-pack/20260411_075803/docs/release/live-audit/phase8/phase8_build_frontend_dashboards_node_modules_tinyexec.txt","True"
"docs/release/evidence/live-pack/20260411_075803/docs/release/live-audit/phase8/phase8_build_frontend_dashboards_node_modules_tinyglobby.txt","True"
"docs/release/evidence/live-pack/20260411_075803/docs/release/live-audit/phase8/phase8_build_frontend_dashboards_node_modules_tiny-invariant.txt","True"
"docs/release/evidence/live-pack/20260411_075803/docs/release/live-audit/phase8/phase8_build_frontend_dashboards_node_modules_tldts.txt","True"
"docs/release/evidence/live-pack/20260411_075803/docs/release/live-audit/phase8/phase8_build_frontend_dashboards_node_modules_tldts-core.txt","True"
"docs/release/evidence/live-pack/20260411_075803/docs/release/live-audit/phase8/phase8_build_frontend_dashboards_node_modules_tough-cookie.txt","True"
"docs/release/evidence/live-pack/20260411_075803/docs/release/live-audit/phase8/phase8_build_frontend_dashboards_node_modules_update-browserslist-db_node_modules_escalade.txt","True"
"docs/release/evidence/live-pack/20260411_075803/docs/release/live-audit/phase8/phase8_build_frontend_dashboards_node_modules_uri-js.txt","True"
"docs/release/evidence/live-pack/20260411_075803/docs/release/live-audit/phase8/phase8_build_frontend_dashboards_node_modules_victory-vendor.txt","True"
"docs/release/evidence/live-pack/20260411_075803/docs/release/live-audit/phase8/phase8_build_frontend_dashboards_node_modules_vite.txt","True"
"docs/release/evidence/live-pack/20260411_075803/docs/release/live-audit/phase8/phase8_build_frontend_dashboards_node_modules_vitest.txt","True"
"docs/release/evidence/live-pack/20260411_075803/docs/release/live-audit/phase8/phase8_build_frontend_dashboards_node_modules_vitest_node_modules__vitest_mocker.txt","True"
"docs/release/evidence/live-pack/20260411_075803/docs/release/live-audit/phase8/phase8_build_frontend_dashboards_node_modules_xmlchars.txt","True"
"docs/release/evidence/live-pack/20260411_075803/docs/release/live-audit/phase8/phase8_build_frontend_dashboards_node_modules_yaml.txt","True"
"docs/release/evidence/live-pack/20260411_075803/docs/release/live-audit/phase8/phase8_build_frontend_dashboards_node_modules_zod.txt","True"
"docs/release/evidence/live-pack/20260411_075803/docs/release/live-audit/phase8/phase8_build_frontend_dashboards_node_modules_zod-validation-error.txt","True"
"docs/release/evidence/live-pack/20260411_075803/docs/release/live-audit/phase8/phase8_frontend_and_dashboard_proof.json","True"
"docs/release/evidence/live-pack/20260411_075803/docs/release/live-audit/phase8/phase8_frontend_and_dashboard_proof.md","True"
"docs/release/evidence/live-pack/20260411_075803/docs/release/live-audit/phase8/phase8_frontend_build_results.csv","True"
"docs/release/evidence/live-pack/20260411_075803/docs/release/live-audit/phase8/phase8_frontend_packages.csv","True"
"docs/release/evidence/live-pack/20260411_075803/docs/release/live-audit/phase8/phase8_frontend_surface_paths.csv","True"
"docs/release/evidence/live-pack/20260411_075803/docs/release/live-audit/phase8/phase8_node_version.txt","True"
"docs/release/evidence/live-pack/20260411_075803/docs/release/live-audit/phase9/phase9_reporting_export_area_status.csv","True"
"docs/release/evidence/live-pack/20260411_075803/docs/release/live-audit/phase9/phase9_reporting_export_dependency_hits.csv","True"
"docs/release/evidence/live-pack/20260411_075803/docs/release/live-audit/phase9/phase9_reporting_export_hits.csv","True"
"docs/release/evidence/live-pack/20260411_075803/docs/release/live-audit/phase9/phase9_reporting_export_pdf_transcript_gap_audit.json","True"
"docs/release/evidence/live-pack/20260411_075803/docs/release/live-audit/phase9/phase9_reporting_export_pdf_transcript_gap_audit.md","True"
"docs/release/evidence/live-pack/20260411_075803/INDEX.md","True"
"docs/release/evidence/live-pack/20260411_075803/manifest.csv","True"
"docs/release/evidence/live-pack/20260411_075919/docs/release/LIVE_ACTION_REGISTER.md","True"
"docs/release/evidence/live-pack/20260411_075919/docs/release/LIVE_BACKEND_VERIFICATION.md","True"
"docs/release/evidence/live-pack/20260411_075919/docs/release/LIVE_EVIDENCE_INDEX.md","True"
"docs/release/evidence/live-pack/20260411_075919/docs/release/LIVE_FINAL_RELEASE_GATE.md","True"
"docs/release/evidence/live-pack/20260411_075919/docs/release/LIVE_FINAL_SIGNOFF_CHECKLIST.md","True"
"docs/release/evidence/live-pack/20260411_075919/docs/release/LIVE_FRONTEND_DASHBOARD_PROOF.md","True"
"docs/release/evidence/live-pack/20260411_075919/docs/release/LIVE_MODULE_PROOF_MATRIX.md","True"
"docs/release/evidence/live-pack/20260411_075919/docs/release/LIVE_MODULE_STATUS_SUMMARY.md","True"
"docs/release/evidence/live-pack/20260411_075919/docs/release/LIVE_RELEASE_GATE_STATUS.md","True"
"docs/release/evidence/live-pack/20260411_075919/docs/release/LIVE_RELEASE_TRUTH.md","True"
"docs/release/evidence/live-pack/20260411_075919/docs/release/LIVE_REPO_HYGIENE_PLAN.md","True"
"docs/release/evidence/live-pack/20260411_075919/docs/release/LIVE_REPORTING_EXPORT_AUDIT.md","True"
"docs/release/evidence/live-pack/20260411_075919/docs/release/LIVE_RUNTIME_API_VERIFICATION.md","True"
"docs/release/evidence/live-pack/20260411_075919/docs/release/LIVE_WORKFLOW_CANONICALIZATION_PLAN.md","True"
"docs/release/evidence/live-pack/20260411_075919/docs/release/live-audit/phase1/phase1_backend_module_inventory.csv","True"
"docs/release/evidence/live-pack/20260411_075919/docs/release/live-audit/phase1/phase1_branch_inventory.csv","True"
"docs/release/evidence/live-pack/20260411_075919/docs/release/live-audit/phase1/phase1_frontend_surface_inventory.csv","True"
"docs/release/evidence/live-pack/20260411_075919/docs/release/live-audit/phase1/phase1_github_public_state.json","True"
"docs/release/evidence/live-pack/20260411_075919/docs/release/live-audit/phase1/phase1_live_repo_baseline.json","True"
"docs/release/evidence/live-pack/20260411_075919/docs/release/live-audit/phase1/phase1_live_repo_baseline.md","True"
"docs/release/evidence/live-pack/20260411_075919/docs/release/live-audit/phase1/phase1_release_doc_freshness.csv","True"
"docs/release/evidence/live-pack/20260411_075919/docs/release/live-audit/phase1/phase1_root_ruleset_inventory.csv","True"
"docs/release/evidence/live-pack/20260411_075919/docs/release/live-audit/phase1/phase1_workflow_inventory.csv","True"
"docs/release/evidence/live-pack/20260411_075919/docs/release/live-audit/phase10/phase10_live_release_gate_scorecard.csv","True"
"docs/release/evidence/live-pack/20260411_075919/docs/release/live-audit/phase10/phase10_live_release_gate_synthesis.json","True"
"docs/release/evidence/live-pack/20260411_075919/docs/release/live-audit/phase10/phase10_live_release_gate_synthesis.md","True"
"docs/release/evidence/live-pack/20260411_075919/docs/release/live-audit/phase11/phase11_live_release_docs_refresh.json","True"
"docs/release/evidence/live-pack/20260411_075919/docs/release/live-audit/phase11/phase11_live_release_docs_refresh.md","True"
"docs/release/evidence/live-pack/20260411_075919/docs/release/live-audit/phase11/phase11_module_status_summary.csv","True"
"docs/release/evidence/live-pack/20260411_075919/docs/release/live-audit/phase11/phase11_signoff_checklist.csv","True"
"docs/release/evidence/live-pack/20260411_075919/docs/release/live-audit/phase12/phase12_archived_stale_docs.csv","True"
"docs/release/evidence/live-pack/20260411_075919/docs/release/live-audit/phase12/phase12_hygiene_executed_commands.csv","True"
"docs/release/evidence/live-pack/20260411_075919/docs/release/live-audit/phase12/phase12_repo_hygiene_execution_pack.json","True"
"docs/release/evidence/live-pack/20260411_075919/docs/release/live-audit/phase12/phase12_repo_hygiene_execution_pack.md","True"
"docs/release/evidence/live-pack/20260411_075919/docs/release/live-audit/phase12/phase12_stale_release_docs.csv","True"
"docs/release/evidence/live-pack/20260411_075919/docs/release/live-audit/phase12/x_arch.csv","True"
"docs/release/evidence/live-pack/20260411_075919/docs/release/live-audit/phase12/x_exec.csv","True"
"docs/release/evidence/live-pack/20260411_075919/docs/release/live-audit/phase12/x_stale.csv","True"
"docs/release/evidence/live-pack/20260411_075919/docs/release/live-audit/phase13/phase13_archived_workflows.csv","True"
"docs/release/evidence/live-pack/20260411_075919/docs/release/live-audit/phase13/phase13_workflow_canonicalization_plan.json","True"
"docs/release/evidence/live-pack/20260411_075919/docs/release/live-audit/phase13/phase13_workflow_canonicalization_plan.md","True"
"docs/release/evidence/live-pack/20260411_075919/docs/release/live-audit/phase13/phase13_workflow_review_matrix.csv","True"
"docs/release/evidence/live-pack/20260411_075919/docs/release/live-audit/phase2/phase2_referenced_pr_states.csv","True"
"docs/release/evidence/live-pack/20260411_075919/docs/release/live-audit/phase2/phase2_release_doc_inventory.csv","True"
"docs/release/evidence/live-pack/20260411_075919/docs/release/live-audit/phase2/phase2_release_truth_mismatches.csv","True"
"docs/release/evidence/live-pack/20260411_075919/docs/release/live-audit/phase2/phase2_release_truth_reconciliation.json","True"
"docs/release/evidence/live-pack/20260411_075919/docs/release/live-audit/phase2/phase2_release_truth_reconciliation.md","True"
"docs/release/evidence/live-pack/20260411_075919/docs/release/live-audit/phase2/phase2_release_truth_references.csv","True"
"docs/release/evidence/live-pack/20260411_075919/docs/release/live-audit/phase3/phase3_branch_cleanup_candidates.csv","True"
"docs/release/evidence/live-pack/20260411_075919/docs/release/live-audit/phase3/phase3_local_branch_delete_commands.txt","True"
"docs/release/evidence/live-pack/20260411_075919/docs/release/live-audit/phase3/phase3_local_branch_inventory.csv","True"
"docs/release/evidence/live-pack/20260411_075919/docs/release/live-audit/phase3/phase3_remote_branch_delete_commands.txt","True"
"docs/release/evidence/live-pack/20260411_075919/docs/release/live-audit/phase3/phase3_remote_branch_inventory.csv","True"
"docs/release/evidence/live-pack/20260411_075919/docs/release/live-audit/phase3/phase3_workflow_branch_rationalization.json","True"
"docs/release/evidence/live-pack/20260411_075919/docs/release/live-audit/phase3/phase3_workflow_branch_rationalization.md","True"
"docs/release/evidence/live-pack/20260411_075919/docs/release/live-audit/phase3/phase3_workflow_consolidation_groups.csv","True"
"docs/release/evidence/live-pack/20260411_075919/docs/release/live-audit/phase3/phase3_workflow_inventory_enriched.csv","True"
"docs/release/evidence/live-pack/20260411_075919/docs/release/live-audit/phase4/phase4_backend_app_inventory.csv","True"
"docs/release/evidence/live-pack/20260411_075919/docs/release/live-audit/phase4/phase4_backend_test_inventory.csv","True"
"docs/release/evidence/live-pack/20260411_075919/docs/release/live-audit/phase4/phase4_backend_verification_and_django_proof.json","True"
"docs/release/evidence/live-pack/20260411_075919/docs/release/live-audit/phase4/phase4_backend_verification_and_django_proof.md","True"
"docs/release/evidence/live-pack/20260411_075919/docs/release/live-audit/phase4/phase4_django_version.txt","True"
"docs/release/evidence/live-pack/20260411_075919/docs/release/live-audit/phase4/phase4_manage_check.txt","True"
"docs/release/evidence/live-pack/20260411_075919/docs/release/live-audit/phase4/phase4_manage_check_deploy.txt","True"
"docs/release/evidence/live-pack/20260411_075919/docs/release/live-audit/phase4/phase4_python_version.txt","True"
"docs/release/evidence/live-pack/20260411_075919/docs/release/live-audit/phase4/phase4_showmigrations.txt","True"
"docs/release/evidence/live-pack/20260411_075919/docs/release/live-audit/phase4/phase4_url_surface_scan.txt","True"
"docs/release/evidence/live-pack/20260411_075919/docs/release/live-audit/phase5/phase5_module_proof_matrix.csv","True"
"docs/release/evidence/live-pack/20260411_075919/docs/release/live-audit/phase5/phase5_module_proof_matrix.json","True"
"docs/release/evidence/live-pack/20260411_075919/docs/release/live-audit/phase5/phase5_module_proof_matrix.md","True"
"docs/release/evidence/live-pack/20260411_075919/docs/release/live-audit/phase5/phase5_module_proof_paths.csv","True"
"docs/release/evidence/live-pack/20260411_075919/docs/release/live-audit/phase6/phase6_action_register.csv","True"
"docs/release/evidence/live-pack/20260411_075919/docs/release/live-audit/phase6/phase6_evidence_index.csv","True"
"docs/release/evidence/live-pack/20260411_075919/docs/release/live-audit/phase6/phase6_evidence_index_and_action_register.json","True"
"docs/release/evidence/live-pack/20260411_075919/docs/release/live-audit/phase6/phase6_evidence_index_and_action_register.md","True"
"docs/release/evidence/live-pack/20260411_075919/docs/release/live-audit/phase7/phase7_runtime_and_api_surface_verification.json","True"
"docs/release/evidence/live-pack/20260411_075919/docs/release/live-audit/phase7/phase7_runtime_and_api_surface_verification.md","True"
"docs/release/evidence/live-pack/20260411_075919/docs/release/live-audit/phase7/phase7_runtime_api_url_scan.txt","True"
"docs/release/evidence/live-pack/20260411_075919/docs/release/live-audit/phase7/phase7_runtime_endpoint_results.csv","True"
"docs/release/evidence/live-pack/20260411_075919/docs/release/live-audit/phase8/phase8_build_frontend_dashboards.txt","True"
"docs/release/evidence/live-pack/20260411_075919/docs/release/live-audit/phase8/phase8_build_frontend_dashboards_node_modules__acemir_cssom.txt","True"
"docs/release/evidence/live-pack/20260411_075919/docs/release/live-audit/phase8/phase8_build_frontend_dashboards_node_modules__asamuzakjp_css-color.txt","True"
"docs/release/evidence/live-pack/20260411_075919/docs/release/live-audit/phase8/phase8_build_frontend_dashboards_node_modules__asamuzakjp_css-color_node_modules_lru-cache.txt","True"
"docs/release/evidence/live-pack/20260411_075919/docs/release/live-audit/phase8/phase8_build_frontend_dashboards_node_modules__asamuzakjp_dom-selector.txt","True"
"docs/release/evidence/live-pack/20260411_075919/docs/release/live-audit/phase8/phase8_build_frontend_dashboards_node_modules__asamuzakjp_dom-selector_node_modules_lru-cache.txt","True"
"docs/release/evidence/live-pack/20260411_075919/docs/release/live-audit/phase8/phase8_build_frontend_dashboards_node_modules__azure_msal-browser.txt","True"
"docs/release/evidence/live-pack/20260411_075919/docs/release/live-audit/phase8/phase8_build_frontend_dashboards_node_modules__azure_msal-common.txt","True"
"docs/release/evidence/live-pack/20260411_075919/docs/release/live-audit/phase8/phase8_build_frontend_dashboards_node_modules__azure_msal-react.txt","True"
"docs/release/evidence/live-pack/20260411_075919/docs/release/live-audit/phase8/phase8_build_frontend_dashboards_node_modules__babel_core_node_modules__jridgewell_remapping.txt","True"
"docs/release/evidence/live-pack/20260411_075919/docs/release/live-audit/phase8/phase8_build_frontend_dashboards_node_modules__babel_core_node_modules_json5.txt","True"
"docs/release/evidence/live-pack/20260411_075919/docs/release/live-audit/phase8/phase8_build_frontend_dashboards_node_modules__bramus_specificity.txt","True"
"docs/release/evidence/live-pack/20260411_075919/docs/release/live-audit/phase8/phase8_build_frontend_dashboards_node_modules__eslint_config-array.txt","True"
"docs/release/evidence/live-pack/20260411_075919/docs/release/live-audit/phase8/phase8_build_frontend_dashboards_node_modules__eslint_config-helpers.txt","True"
"docs/release/evidence/live-pack/20260411_075919/docs/release/live-audit/phase8/phase8_build_frontend_dashboards_node_modules__eslint_core.txt","True"
"docs/release/evidence/live-pack/20260411_075919/docs/release/live-audit/phase8/phase8_build_frontend_dashboards_node_modules__eslint_eslintrc.txt","True"
"docs/release/evidence/live-pack/20260411_075919/docs/release/live-audit/phase8/phase8_build_frontend_dashboards_node_modules__eslint_object-schema.txt","True"
"docs/release/evidence/live-pack/20260411_075919/docs/release/live-audit/phase8/phase8_build_frontend_dashboards_node_modules__eslint_plugin-kit.txt","True"
"docs/release/evidence/live-pack/20260411_075919/docs/release/live-audit/phase8/phase8_build_frontend_dashboards_node_modules__eslint-community_eslint-utils.txt","True"
"docs/release/evidence/live-pack/20260411_075919/docs/release/live-audit/phase8/phase8_build_frontend_dashboards_node_modules__eslint-community_eslint-utils_node_modules_eslint-visitor-keys.txt","True"
"docs/release/evidence/live-pack/20260411_075919/docs/release/live-audit/phase8/phase8_build_frontend_dashboards_node_modules__eslint-community_regexpp.txt","True"
"docs/release/evidence/live-pack/20260411_075919/docs/release/live-audit/phase8/phase8_build_frontend_dashboards_node_modules__humanfs_core.txt","True"
"docs/release/evidence/live-pack/20260411_075919/docs/release/live-audit/phase8/phase8_build_frontend_dashboards_node_modules__humanfs_node.txt","True"
"docs/release/evidence/live-pack/20260411_075919/docs/release/live-audit/phase8/phase8_build_frontend_dashboards_node_modules__humanwhocodes_module-importer.txt","True"
"docs/release/evidence/live-pack/20260411_075919/docs/release/live-audit/phase8/phase8_build_frontend_dashboards_node_modules__humanwhocodes_retry.txt","True"
"docs/release/evidence/live-pack/20260411_075919/docs/release/live-audit/phase8/phase8_build_frontend_dashboards_node_modules__jridgewell_gen-mapping.txt","True"
"docs/release/evidence/live-pack/20260411_075919/docs/release/live-audit/phase8/phase8_build_frontend_dashboards_node_modules__jridgewell_resolve-uri.txt","True"
"docs/release/evidence/live-pack/20260411_075919/docs/release/live-audit/phase8/phase8_build_frontend_dashboards_node_modules__jridgewell_sourcemap-codec.txt","True"
"docs/release/evidence/live-pack/20260411_075919/docs/release/live-audit/phase8/phase8_build_frontend_dashboards_node_modules__jridgewell_trace-mapping.txt","True"
"docs/release/evidence/live-pack/20260411_075919/docs/release/live-audit/phase8/phase8_build_frontend_dashboards_node_modules__popperjs_core.txt","True"
"docs/release/evidence/live-pack/20260411_075919/docs/release/live-audit/phase8/phase8_build_frontend_dashboards_node_modules__reduxjs_toolkit.txt","True"
"docs/release/evidence/live-pack/20260411_075919/docs/release/live-audit/phase8/phase8_build_frontend_dashboards_node_modules__reduxjs_toolkit_node_modules_immer.txt","True"
"docs/release/evidence/live-pack/20260411_075919/docs/release/live-audit/phase8/phase8_build_frontend_dashboards_node_modules__rolldown_pluginutils.txt","True"
"docs/release/evidence/live-pack/20260411_075919/docs/release/live-audit/phase8/phase8_build_frontend_dashboards_node_modules__standard-schema_spec.txt","True"
"docs/release/evidence/live-pack/20260411_075919/docs/release/live-audit/phase8/phase8_build_frontend_dashboards_node_modules__standard-schema_utils.txt","True"
"docs/release/evidence/live-pack/20260411_075919/docs/release/live-audit/phase8/phase8_build_frontend_dashboards_node_modules__testing-library_dom.txt","True"
"docs/release/evidence/live-pack/20260411_075919/docs/release/live-audit/phase8/phase8_build_frontend_dashboards_node_modules__testing-library_dom_node_modules_aria-query.txt","True"
"docs/release/evidence/live-pack/20260411_075919/docs/release/live-audit/phase8/phase8_build_frontend_dashboards_node_modules__testing-library_react.txt","True"
"docs/release/evidence/live-pack/20260411_075919/docs/release/live-audit/phase8/phase8_build_frontend_dashboards_node_modules__vitejs_plugin-react.txt","True"
"docs/release/evidence/live-pack/20260411_075919/docs/release/live-audit/phase8/phase8_build_frontend_dashboards_node_modules__vitest_expect.txt","True"
"docs/release/evidence/live-pack/20260411_075919/docs/release/live-audit/phase8/phase8_build_frontend_dashboards_node_modules__vitest_pretty-format.txt","True"
"docs/release/evidence/live-pack/20260411_075919/docs/release/live-audit/phase8/phase8_build_frontend_dashboards_node_modules__vitest_runner.txt","True"
"docs/release/evidence/live-pack/20260411_075919/docs/release/live-audit/phase8/phase8_build_frontend_dashboards_node_modules__vitest_snapshot.txt","True"
"docs/release/evidence/live-pack/20260411_075919/docs/release/live-audit/phase8/phase8_build_frontend_dashboards_node_modules__vitest_spy.txt","True"
"docs/release/evidence/live-pack/20260411_075919/docs/release/live-audit/phase8/phase8_build_frontend_dashboards_node_modules__vitest_utils.txt","True"
"docs/release/evidence/live-pack/20260411_075919/docs/release/live-audit/phase8/phase8_build_frontend_dashboards_node_modules_agent-base.txt","True"
"docs/release/evidence/live-pack/20260411_075919/docs/release/live-audit/phase8/phase8_build_frontend_dashboards_node_modules_ajv.txt","True"
"docs/release/evidence/live-pack/20260411_075919/docs/release/live-audit/phase8/phase8_build_frontend_dashboards_node_modules_aria-query.txt","True"
"docs/release/evidence/live-pack/20260411_075919/docs/release/live-audit/phase8/phase8_build_frontend_dashboards_node_modules_assertion-error.txt","True"
"docs/release/evidence/live-pack/20260411_075919/docs/release/live-audit/phase8/phase8_build_frontend_dashboards_node_modules_ast-types-flow.txt","True"
"docs/release/evidence/live-pack/20260411_075919/docs/release/live-audit/phase8/phase8_build_frontend_dashboards_node_modules_axe-core.txt","True"
"docs/release/evidence/live-pack/20260411_075919/docs/release/live-audit/phase8/phase8_build_frontend_dashboards_node_modules_axios.txt","True"
"docs/release/evidence/live-pack/20260411_075919/docs/release/live-audit/phase8/phase8_build_frontend_dashboards_node_modules_axobject-query.txt","True"
"docs/release/evidence/live-pack/20260411_075919/docs/release/live-audit/phase8/phase8_build_frontend_dashboards_node_modules_babel-plugin-macros.txt","True"
"docs/release/evidence/live-pack/20260411_075919/docs/release/live-audit/phase8/phase8_build_frontend_dashboards_node_modules_bidi-js.txt","True"
"docs/release/evidence/live-pack/20260411_075919/docs/release/live-audit/phase8/phase8_build_frontend_dashboards_node_modules_browserslist_node_modules_baseline-browser-mapping.txt","True"
"docs/release/evidence/live-pack/20260411_075919/docs/release/live-audit/phase8/phase8_build_frontend_dashboards_node_modules_chai.txt","True"
"docs/release/evidence/live-pack/20260411_075919/docs/release/live-audit/phase8/phase8_build_frontend_dashboards_node_modules_clsx.txt","True"
"docs/release/evidence/live-pack/20260411_075919/docs/release/live-audit/phase8/phase8_build_frontend_dashboards_node_modules_cosmiconfig.txt","True"
"docs/release/evidence/live-pack/20260411_075919/docs/release/live-audit/phase8/phase8_build_frontend_dashboards_node_modules_cosmiconfig_node_modules_yaml.txt","True"
"docs/release/evidence/live-pack/20260411_075919/docs/release/live-audit/phase8/phase8_build_frontend_dashboards_node_modules_cssstyle_node_modules_lru-cache.txt","True"
"docs/release/evidence/live-pack/20260411_075919/docs/release/live-audit/phase8/phase8_build_frontend_dashboards_node_modules_css-tree.txt","True"
"docs/release/evidence/live-pack/20260411_075919/docs/release/live-audit/phase8/phase8_build_frontend_dashboards_node_modules_csstype.txt","True"
"docs/release/evidence/live-pack/20260411_075919/docs/release/live-audit/phase8/phase8_build_frontend_dashboards_node_modules_decimal_js-light.txt","True"
"docs/release/evidence/live-pack/20260411_075919/docs/release/live-audit/phase8/phase8_build_frontend_dashboards_node_modules_dequal.txt","True"
"docs/release/evidence/live-pack/20260411_075919/docs/release/live-audit/phase8/phase8_build_frontend_dashboards_node_modules_dom-accessibility-api.txt","True"
"docs/release/evidence/live-pack/20260411_075919/docs/release/live-audit/phase8/phase8_build_frontend_dashboards_node_modules_electron-to-chromium.txt","True"
"docs/release/evidence/live-pack/20260411_075919/docs/release/live-audit/phase8/phase8_build_frontend_dashboards_node_modules_emoji-regex.txt","True"
"docs/release/evidence/live-pack/20260411_075919/docs/release/live-audit/phase8/phase8_build_frontend_dashboards_node_modules_eslint-plugin-jsx-a11y.txt","True"
"docs/release/evidence/live-pack/20260411_075919/docs/release/live-audit/phase8/phase8_build_frontend_dashboards_node_modules_eslint-scope.txt","True"
"docs/release/evidence/live-pack/20260411_075919/docs/release/live-audit/phase8/phase8_build_frontend_dashboards_node_modules_eslint-visitor-keys.txt","True"
"docs/release/evidence/live-pack/20260411_075919/docs/release/live-audit/phase8/phase8_build_frontend_dashboards_node_modules_es-module-lexer.txt","True"
"docs/release/evidence/live-pack/20260411_075919/docs/release/live-audit/phase8/phase8_build_frontend_dashboards_node_modules_espree.txt","True"
"docs/release/evidence/live-pack/20260411_075919/docs/release/live-audit/phase8/phase8_build_frontend_dashboards_node_modules_esquery.txt","True"
"docs/release/evidence/live-pack/20260411_075919/docs/release/live-audit/phase8/phase8_build_frontend_dashboards_node_modules_es-toolkit.txt","True"
"docs/release/evidence/live-pack/20260411_075919/docs/release/live-audit/phase8/phase8_build_frontend_dashboards_node_modules_expect-type.txt","True"
"docs/release/evidence/live-pack/20260411_075919/docs/release/live-audit/phase8/phase8_build_frontend_dashboards_node_modules_fast-deep-equal.txt","True"
"docs/release/evidence/live-pack/20260411_075919/docs/release/live-audit/phase8/phase8_build_frontend_dashboards_node_modules_fast-levenshtein.txt","True"
"docs/release/evidence/live-pack/20260411_075919/docs/release/live-audit/phase8/phase8_build_frontend_dashboards_node_modules_fdir.txt","True"
"docs/release/evidence/live-pack/20260411_075919/docs/release/live-audit/phase8/phase8_build_frontend_dashboards_node_modules_flatted.txt","True"
"docs/release/evidence/live-pack/20260411_075919/docs/release/live-audit/phase8/phase8_build_frontend_dashboards_node_modules_globals.txt","True"
"docs/release/evidence/live-pack/20260411_075919/docs/release/live-audit/phase8/phase8_build_frontend_dashboards_node_modules_globalthis.txt","True"
"docs/release/evidence/live-pack/20260411_075919/docs/release/live-audit/phase8/phase8_build_frontend_dashboards_node_modules_hoist-non-react-statics.txt","True"
"docs/release/evidence/live-pack/20260411_075919/docs/release/live-audit/phase8/phase8_build_frontend_dashboards_node_modules_http-proxy-agent.txt","True"
"docs/release/evidence/live-pack/20260411_075919/docs/release/live-audit/phase8/phase8_build_frontend_dashboards_node_modules_https-proxy-agent.txt","True"
"docs/release/evidence/live-pack/20260411_075919/docs/release/live-audit/phase8/phase8_build_frontend_dashboards_node_modules_ignore.txt","True"
"docs/release/evidence/live-pack/20260411_075919/docs/release/live-audit/phase8/phase8_build_frontend_dashboards_node_modules_immer.txt","True"
"docs/release/evidence/live-pack/20260411_075919/docs/release/live-audit/phase8/phase8_build_frontend_dashboards_node_modules_is-potential-custom-element-name.txt","True"
"docs/release/evidence/live-pack/20260411_075919/docs/release/live-audit/phase8/phase8_build_frontend_dashboards_node_modules_jsesc.txt","True"
"docs/release/evidence/live-pack/20260411_075919/docs/release/live-audit/phase8/phase8_build_frontend_dashboards_node_modules_js-tokens.txt","True"
"docs/release/evidence/live-pack/20260411_075919/docs/release/live-audit/phase8/phase8_build_frontend_dashboards_node_modules_jsx-ast-utils.txt","True"
"docs/release/evidence/live-pack/20260411_075919/docs/release/live-audit/phase8/phase8_build_frontend_dashboards_node_modules_keyv.txt","True"
"docs/release/evidence/live-pack/20260411_075919/docs/release/live-audit/phase8/phase8_build_frontend_dashboards_node_modules_language-tags.txt","True"
"docs/release/evidence/live-pack/20260411_075919/docs/release/live-audit/phase8/phase8_build_frontend_dashboards_node_modules_magic-string.txt","True"
"docs/release/evidence/live-pack/20260411_075919/docs/release/live-audit/phase8/phase8_build_frontend_dashboards_node_modules_mime-db.txt","True"
"docs/release/evidence/live-pack/20260411_075919/docs/release/live-audit/phase8/phase8_build_frontend_dashboards_node_modules_natural-compare.txt","True"
"docs/release/evidence/live-pack/20260411_075919/docs/release/live-audit/phase8/phase8_build_frontend_dashboards_node_modules_node-releases.txt","True"
"docs/release/evidence/live-pack/20260411_075919/docs/release/live-audit/phase8/phase8_build_frontend_dashboards_node_modules_object_assign.txt","True"
"docs/release/evidence/live-pack/20260411_075919/docs/release/live-audit/phase8/phase8_build_frontend_dashboards_node_modules_obug.txt","True"
"docs/release/evidence/live-pack/20260411_075919/docs/release/live-audit/phase8/phase8_build_frontend_dashboards_node_modules_pathe.txt","True"
"docs/release/evidence/live-pack/20260411_075919/docs/release/live-audit/phase8/phase8_build_frontend_dashboards_node_modules_prop-types.txt","True"
"docs/release/evidence/live-pack/20260411_075919/docs/release/live-audit/phase8/phase8_build_frontend_dashboards_node_modules_punycode.txt","True"
"docs/release/evidence/live-pack/20260411_075919/docs/release/live-audit/phase8/phase8_build_frontend_dashboards_node_modules_react-redux.txt","True"
"docs/release/evidence/live-pack/20260411_075919/docs/release/live-audit/phase8/phase8_build_frontend_dashboards_node_modules_recharts.txt","True"
"docs/release/evidence/live-pack/20260411_075919/docs/release/live-audit/phase8/phase8_build_frontend_dashboards_node_modules_redux.txt","True"
"docs/release/evidence/live-pack/20260411_075919/docs/release/live-audit/phase8/phase8_build_frontend_dashboards_node_modules_redux-thunk.txt","True"
"docs/release/evidence/live-pack/20260411_075919/docs/release/live-audit/phase8/phase8_build_frontend_dashboards_node_modules_reselect.txt","True"
"docs/release/evidence/live-pack/20260411_075919/docs/release/live-audit/phase8/phase8_build_frontend_dashboards_node_modules_rollup.txt","True"
"docs/release/evidence/live-pack/20260411_075919/docs/release/live-audit/phase8/phase8_build_frontend_dashboards_node_modules_saxes.txt","True"
"docs/release/evidence/live-pack/20260411_075919/docs/release/live-audit/phase8/phase8_build_frontend_dashboards_node_modules_source-map.txt","True"
"docs/release/evidence/live-pack/20260411_075919/docs/release/live-audit/phase8/phase8_build_frontend_dashboards_node_modules_source-map-js.txt","True"
"docs/release/evidence/live-pack/20260411_075919/docs/release/live-audit/phase8/phase8_build_frontend_dashboards_node_modules_std-env.txt","True"
"docs/release/evidence/live-pack/20260411_075919/docs/release/live-audit/phase8/phase8_build_frontend_dashboards_node_modules_stylis.txt","True"
"docs/release/evidence/live-pack/20260411_075919/docs/release/live-audit/phase8/phase8_build_frontend_dashboards_node_modules_tinyexec.txt","True"
"docs/release/evidence/live-pack/20260411_075919/docs/release/live-audit/phase8/phase8_build_frontend_dashboards_node_modules_tinyglobby.txt","True"
"docs/release/evidence/live-pack/20260411_075919/docs/release/live-audit/phase8/phase8_build_frontend_dashboards_node_modules_tiny-invariant.txt","True"
"docs/release/evidence/live-pack/20260411_075919/docs/release/live-audit/phase8/phase8_build_frontend_dashboards_node_modules_tldts.txt","True"
"docs/release/evidence/live-pack/20260411_075919/docs/release/live-audit/phase8/phase8_build_frontend_dashboards_node_modules_tldts-core.txt","True"
"docs/release/evidence/live-pack/20260411_075919/docs/release/live-audit/phase8/phase8_build_frontend_dashboards_node_modules_tough-cookie.txt","True"
"docs/release/evidence/live-pack/20260411_075919/docs/release/live-audit/phase8/phase8_build_frontend_dashboards_node_modules_update-browserslist-db_node_modules_escalade.txt","True"
"docs/release/evidence/live-pack/20260411_075919/docs/release/live-audit/phase8/phase8_build_frontend_dashboards_node_modules_uri-js.txt","True"
"docs/release/evidence/live-pack/20260411_075919/docs/release/live-audit/phase8/phase8_build_frontend_dashboards_node_modules_victory-vendor.txt","True"
"docs/release/evidence/live-pack/20260411_075919/docs/release/live-audit/phase8/phase8_build_frontend_dashboards_node_modules_vite.txt","True"
"docs/release/evidence/live-pack/20260411_075919/docs/release/live-audit/phase8/phase8_build_frontend_dashboards_node_modules_vitest.txt","True"
"docs/release/evidence/live-pack/20260411_075919/docs/release/live-audit/phase8/phase8_build_frontend_dashboards_node_modules_vitest_node_modules__vitest_mocker.txt","True"
"docs/release/evidence/live-pack/20260411_075919/docs/release/live-audit/phase8/phase8_build_frontend_dashboards_node_modules_xmlchars.txt","True"
"docs/release/evidence/live-pack/20260411_075919/docs/release/live-audit/phase8/phase8_build_frontend_dashboards_node_modules_yaml.txt","True"
"docs/release/evidence/live-pack/20260411_075919/docs/release/live-audit/phase8/phase8_build_frontend_dashboards_node_modules_zod.txt","True"
"docs/release/evidence/live-pack/20260411_075919/docs/release/live-audit/phase8/phase8_build_frontend_dashboards_node_modules_zod-validation-error.txt","True"
"docs/release/evidence/live-pack/20260411_075919/docs/release/live-audit/phase8/phase8_frontend_and_dashboard_proof.json","True"
"docs/release/evidence/live-pack/20260411_075919/docs/release/live-audit/phase8/phase8_frontend_and_dashboard_proof.md","True"
"docs/release/evidence/live-pack/20260411_075919/docs/release/live-audit/phase8/phase8_frontend_build_results.csv","True"
"docs/release/evidence/live-pack/20260411_075919/docs/release/live-audit/phase8/phase8_frontend_packages.csv","True"
"docs/release/evidence/live-pack/20260411_075919/docs/release/live-audit/phase8/phase8_frontend_surface_paths.csv","True"
"docs/release/evidence/live-pack/20260411_075919/docs/release/live-audit/phase8/phase8_node_version.txt","True"
"docs/release/evidence/live-pack/20260411_075919/docs/release/live-audit/phase9/phase9_reporting_export_area_status.csv","True"
"docs/release/evidence/live-pack/20260411_075919/docs/release/live-audit/phase9/phase9_reporting_export_dependency_hits.csv","True"
"docs/release/evidence/live-pack/20260411_075919/docs/release/live-audit/phase9/phase9_reporting_export_hits.csv","True"
"docs/release/evidence/live-pack/20260411_075919/docs/release/live-audit/phase9/phase9_reporting_export_pdf_transcript_gap_audit.json","True"
"docs/release/evidence/live-pack/20260411_075919/docs/release/live-audit/phase9/phase9_reporting_export_pdf_transcript_gap_audit.md","True"
"docs/release/evidence/live-pack/20260411_075919/INDEX.md","True"
"docs/release/evidence/live-pack/20260411_075919/manifest.csv","True"
"docs/release/evidence/live-pack/20260411_081446/docs/release/LIVE_ACTION_REGISTER.md","True"
"docs/release/evidence/live-pack/20260411_081446/docs/release/LIVE_BACKEND_VERIFICATION.md","True"
"docs/release/evidence/live-pack/20260411_081446/docs/release/LIVE_EVIDENCE_INDEX.md","True"
"docs/release/evidence/live-pack/20260411_081446/docs/release/LIVE_FINAL_RELEASE_GATE.md","True"
"docs/release/evidence/live-pack/20260411_081446/docs/release/LIVE_FINAL_SIGNOFF_CHECKLIST.md","True"
"docs/release/evidence/live-pack/20260411_081446/docs/release/LIVE_FRONTEND_DASHBOARD_PROOF.md","True"
"docs/release/evidence/live-pack/20260411_081446/docs/release/LIVE_MODULE_PROOF_MATRIX.md","True"
"docs/release/evidence/live-pack/20260411_081446/docs/release/LIVE_MODULE_STATUS_SUMMARY.md","True"
"docs/release/evidence/live-pack/20260411_081446/docs/release/LIVE_RELEASE_GATE_STATUS.md","True"
"docs/release/evidence/live-pack/20260411_081446/docs/release/LIVE_RELEASE_TRUTH.md","True"
"docs/release/evidence/live-pack/20260411_081446/docs/release/LIVE_REPO_HYGIENE_PLAN.md","True"
"docs/release/evidence/live-pack/20260411_081446/docs/release/LIVE_REPORTING_EXPORT_AUDIT.md","True"
"docs/release/evidence/live-pack/20260411_081446/docs/release/LIVE_RUNTIME_API_VERIFICATION.md","True"
"docs/release/evidence/live-pack/20260411_081446/docs/release/LIVE_WORKFLOW_CANONICALIZATION_PLAN.md","True"
"docs/release/evidence/live-pack/20260411_081446/docs/release/live-audit/phase1/phase1_backend_module_inventory.csv","True"
"docs/release/evidence/live-pack/20260411_081446/docs/release/live-audit/phase1/phase1_branch_inventory.csv","True"
"docs/release/evidence/live-pack/20260411_081446/docs/release/live-audit/phase1/phase1_frontend_surface_inventory.csv","True"
"docs/release/evidence/live-pack/20260411_081446/docs/release/live-audit/phase1/phase1_github_public_state.json","True"
"docs/release/evidence/live-pack/20260411_081446/docs/release/live-audit/phase1/phase1_live_repo_baseline.json","True"
"docs/release/evidence/live-pack/20260411_081446/docs/release/live-audit/phase1/phase1_live_repo_baseline.md","True"
"docs/release/evidence/live-pack/20260411_081446/docs/release/live-audit/phase1/phase1_release_doc_freshness.csv","True"
"docs/release/evidence/live-pack/20260411_081446/docs/release/live-audit/phase1/phase1_root_ruleset_inventory.csv","True"
"docs/release/evidence/live-pack/20260411_081446/docs/release/live-audit/phase1/phase1_workflow_inventory.csv","True"
"docs/release/evidence/live-pack/20260411_081446/docs/release/live-audit/phase10/phase10_live_release_gate_scorecard.csv","True"
"docs/release/evidence/live-pack/20260411_081446/docs/release/live-audit/phase10/phase10_live_release_gate_synthesis.json","True"
"docs/release/evidence/live-pack/20260411_081446/docs/release/live-audit/phase10/phase10_live_release_gate_synthesis.md","True"
"docs/release/evidence/live-pack/20260411_081446/docs/release/live-audit/phase11/phase11_live_release_docs_refresh.json","True"
"docs/release/evidence/live-pack/20260411_081446/docs/release/live-audit/phase11/phase11_live_release_docs_refresh.md","True"
"docs/release/evidence/live-pack/20260411_081446/docs/release/live-audit/phase11/phase11_module_status_summary.csv","True"
"docs/release/evidence/live-pack/20260411_081446/docs/release/live-audit/phase11/phase11_signoff_checklist.csv","True"
"docs/release/evidence/live-pack/20260411_081446/docs/release/live-audit/phase12/phase12_archived_stale_docs.csv","True"
"docs/release/evidence/live-pack/20260411_081446/docs/release/live-audit/phase12/phase12_hygiene_executed_commands.csv","True"
"docs/release/evidence/live-pack/20260411_081446/docs/release/live-audit/phase12/phase12_repo_hygiene_execution_pack.json","True"
"docs/release/evidence/live-pack/20260411_081446/docs/release/live-audit/phase12/phase12_repo_hygiene_execution_pack.md","True"
"docs/release/evidence/live-pack/20260411_081446/docs/release/live-audit/phase12/phase12_stale_release_docs.csv","True"
"docs/release/evidence/live-pack/20260411_081446/docs/release/live-audit/phase12/x_arch.csv","True"
"docs/release/evidence/live-pack/20260411_081446/docs/release/live-audit/phase12/x_exec.csv","True"
"docs/release/evidence/live-pack/20260411_081446/docs/release/live-audit/phase12/x_stale.csv","True"
"docs/release/evidence/live-pack/20260411_081446/docs/release/live-audit/phase13/phase13_archived_workflows.csv","True"
"docs/release/evidence/live-pack/20260411_081446/docs/release/live-audit/phase13/phase13_workflow_canonicalization_plan.json","True"
"docs/release/evidence/live-pack/20260411_081446/docs/release/live-audit/phase13/phase13_workflow_canonicalization_plan.md","True"
"docs/release/evidence/live-pack/20260411_081446/docs/release/live-audit/phase13/phase13_workflow_review_matrix.csv","True"
"docs/release/evidence/live-pack/20260411_081446/docs/release/live-audit/phase2/phase2_referenced_pr_states.csv","True"
"docs/release/evidence/live-pack/20260411_081446/docs/release/live-audit/phase2/phase2_release_doc_inventory.csv","True"
"docs/release/evidence/live-pack/20260411_081446/docs/release/live-audit/phase2/phase2_release_truth_mismatches.csv","True"
"docs/release/evidence/live-pack/20260411_081446/docs/release/live-audit/phase2/phase2_release_truth_reconciliation.json","True"
"docs/release/evidence/live-pack/20260411_081446/docs/release/live-audit/phase2/phase2_release_truth_reconciliation.md","True"
"docs/release/evidence/live-pack/20260411_081446/docs/release/live-audit/phase2/phase2_release_truth_references.csv","True"
"docs/release/evidence/live-pack/20260411_081446/docs/release/live-audit/phase3/phase3_branch_cleanup_candidates.csv","True"
"docs/release/evidence/live-pack/20260411_081446/docs/release/live-audit/phase3/phase3_local_branch_delete_commands.txt","True"
"docs/release/evidence/live-pack/20260411_081446/docs/release/live-audit/phase3/phase3_local_branch_inventory.csv","True"
"docs/release/evidence/live-pack/20260411_081446/docs/release/live-audit/phase3/phase3_remote_branch_delete_commands.txt","True"
"docs/release/evidence/live-pack/20260411_081446/docs/release/live-audit/phase3/phase3_remote_branch_inventory.csv","True"
"docs/release/evidence/live-pack/20260411_081446/docs/release/live-audit/phase3/phase3_workflow_branch_rationalization.json","True"
"docs/release/evidence/live-pack/20260411_081446/docs/release/live-audit/phase3/phase3_workflow_branch_rationalization.md","True"
"docs/release/evidence/live-pack/20260411_081446/docs/release/live-audit/phase3/phase3_workflow_consolidation_groups.csv","True"
"docs/release/evidence/live-pack/20260411_081446/docs/release/live-audit/phase3/phase3_workflow_inventory_enriched.csv","True"
"docs/release/evidence/live-pack/20260411_081446/docs/release/live-audit/phase4/phase4_backend_app_inventory.csv","True"
"docs/release/evidence/live-pack/20260411_081446/docs/release/live-audit/phase4/phase4_backend_test_inventory.csv","True"
"docs/release/evidence/live-pack/20260411_081446/docs/release/live-audit/phase4/phase4_backend_verification_and_django_proof.json","True"
"docs/release/evidence/live-pack/20260411_081446/docs/release/live-audit/phase4/phase4_backend_verification_and_django_proof.md","True"
"docs/release/evidence/live-pack/20260411_081446/docs/release/live-audit/phase4/phase4_django_version.txt","True"
"docs/release/evidence/live-pack/20260411_081446/docs/release/live-audit/phase4/phase4_manage_check.txt","True"
"docs/release/evidence/live-pack/20260411_081446/docs/release/live-audit/phase4/phase4_manage_check_deploy.txt","True"
"docs/release/evidence/live-pack/20260411_081446/docs/release/live-audit/phase4/phase4_python_version.txt","True"
"docs/release/evidence/live-pack/20260411_081446/docs/release/live-audit/phase4/phase4_showmigrations.txt","True"
"docs/release/evidence/live-pack/20260411_081446/docs/release/live-audit/phase4/phase4_url_surface_scan.txt","True"
"docs/release/evidence/live-pack/20260411_081446/docs/release/live-audit/phase5/phase5_module_proof_matrix.csv","True"
"docs/release/evidence/live-pack/20260411_081446/docs/release/live-audit/phase5/phase5_module_proof_matrix.json","True"
"docs/release/evidence/live-pack/20260411_081446/docs/release/live-audit/phase5/phase5_module_proof_matrix.md","True"
"docs/release/evidence/live-pack/20260411_081446/docs/release/live-audit/phase5/phase5_module_proof_paths.csv","True"
"docs/release/evidence/live-pack/20260411_081446/docs/release/live-audit/phase6/phase6_action_register.csv","True"
"docs/release/evidence/live-pack/20260411_081446/docs/release/live-audit/phase6/phase6_evidence_index.csv","True"
"docs/release/evidence/live-pack/20260411_081446/docs/release/live-audit/phase6/phase6_evidence_index_and_action_register.json","True"
"docs/release/evidence/live-pack/20260411_081446/docs/release/live-audit/phase6/phase6_evidence_index_and_action_register.md","True"
"docs/release/evidence/live-pack/20260411_081446/docs/release/live-audit/phase7/phase7_runtime_and_api_surface_verification.json","True"
"docs/release/evidence/live-pack/20260411_081446/docs/release/live-audit/phase7/phase7_runtime_and_api_surface_verification.md","True"
"docs/release/evidence/live-pack/20260411_081446/docs/release/live-audit/phase7/phase7_runtime_api_url_scan.txt","True"
"docs/release/evidence/live-pack/20260411_081446/docs/release/live-audit/phase7/phase7_runtime_endpoint_results.csv","True"
"docs/release/evidence/live-pack/20260411_081446/docs/release/live-audit/phase8/phase8_build_frontend_dashboards.txt","True"
"docs/release/evidence/live-pack/20260411_081446/docs/release/live-audit/phase8/phase8_build_frontend_dashboards_node_modules__acemir_cssom.txt","True"
"docs/release/evidence/live-pack/20260411_081446/docs/release/live-audit/phase8/phase8_build_frontend_dashboards_node_modules__asamuzakjp_css-color.txt","True"
"docs/release/evidence/live-pack/20260411_081446/docs/release/live-audit/phase8/phase8_build_frontend_dashboards_node_modules__asamuzakjp_css-color_node_modules_lru-cache.txt","True"
"docs/release/evidence/live-pack/20260411_081446/docs/release/live-audit/phase8/phase8_build_frontend_dashboards_node_modules__asamuzakjp_dom-selector.txt","True"
"docs/release/evidence/live-pack/20260411_081446/docs/release/live-audit/phase8/phase8_build_frontend_dashboards_node_modules__asamuzakjp_dom-selector_node_modules_lru-cache.txt","True"
"docs/release/evidence/live-pack/20260411_081446/docs/release/live-audit/phase8/phase8_build_frontend_dashboards_node_modules__azure_msal-browser.txt","True"
"docs/release/evidence/live-pack/20260411_081446/docs/release/live-audit/phase8/phase8_build_frontend_dashboards_node_modules__azure_msal-common.txt","True"
"docs/release/evidence/live-pack/20260411_081446/docs/release/live-audit/phase8/phase8_build_frontend_dashboards_node_modules__azure_msal-react.txt","True"
"docs/release/evidence/live-pack/20260411_081446/docs/release/live-audit/phase8/phase8_build_frontend_dashboards_node_modules__babel_core_node_modules__jridgewell_remapping.txt","True"
"docs/release/evidence/live-pack/20260411_081446/docs/release/live-audit/phase8/phase8_build_frontend_dashboards_node_modules__babel_core_node_modules_json5.txt","True"
"docs/release/evidence/live-pack/20260411_081446/docs/release/live-audit/phase8/phase8_build_frontend_dashboards_node_modules__bramus_specificity.txt","True"
"docs/release/evidence/live-pack/20260411_081446/docs/release/live-audit/phase8/phase8_build_frontend_dashboards_node_modules__eslint_config-array.txt","True"
"docs/release/evidence/live-pack/20260411_081446/docs/release/live-audit/phase8/phase8_build_frontend_dashboards_node_modules__eslint_config-helpers.txt","True"
"docs/release/evidence/live-pack/20260411_081446/docs/release/live-audit/phase8/phase8_build_frontend_dashboards_node_modules__eslint_core.txt","True"
"docs/release/evidence/live-pack/20260411_081446/docs/release/live-audit/phase8/phase8_build_frontend_dashboards_node_modules__eslint_eslintrc.txt","True"
"docs/release/evidence/live-pack/20260411_081446/docs/release/live-audit/phase8/phase8_build_frontend_dashboards_node_modules__eslint_object-schema.txt","True"
"docs/release/evidence/live-pack/20260411_081446/docs/release/live-audit/phase8/phase8_build_frontend_dashboards_node_modules__eslint_plugin-kit.txt","True"
"docs/release/evidence/live-pack/20260411_081446/docs/release/live-audit/phase8/phase8_build_frontend_dashboards_node_modules__eslint-community_eslint-utils.txt","True"
"docs/release/evidence/live-pack/20260411_081446/docs/release/live-audit/phase8/phase8_build_frontend_dashboards_node_modules__eslint-community_eslint-utils_node_modules_eslint-visitor-keys.txt","True"
"docs/release/evidence/live-pack/20260411_081446/docs/release/live-audit/phase8/phase8_build_frontend_dashboards_node_modules__eslint-community_regexpp.txt","True"
"docs/release/evidence/live-pack/20260411_081446/docs/release/live-audit/phase8/phase8_build_frontend_dashboards_node_modules__humanfs_core.txt","True"
"docs/release/evidence/live-pack/20260411_081446/docs/release/live-audit/phase8/phase8_build_frontend_dashboards_node_modules__humanfs_node.txt","True"
"docs/release/evidence/live-pack/20260411_081446/docs/release/live-audit/phase8/phase8_build_frontend_dashboards_node_modules__humanwhocodes_module-importer.txt","True"
"docs/release/evidence/live-pack/20260411_081446/docs/release/live-audit/phase8/phase8_build_frontend_dashboards_node_modules__humanwhocodes_retry.txt","True"
"docs/release/evidence/live-pack/20260411_081446/docs/release/live-audit/phase8/phase8_build_frontend_dashboards_node_modules__jridgewell_gen-mapping.txt","True"
"docs/release/evidence/live-pack/20260411_081446/docs/release/live-audit/phase8/phase8_build_frontend_dashboards_node_modules__jridgewell_resolve-uri.txt","True"
"docs/release/evidence/live-pack/20260411_081446/docs/release/live-audit/phase8/phase8_build_frontend_dashboards_node_modules__jridgewell_sourcemap-codec.txt","True"
"docs/release/evidence/live-pack/20260411_081446/docs/release/live-audit/phase8/phase8_build_frontend_dashboards_node_modules__jridgewell_trace-mapping.txt","True"
"docs/release/evidence/live-pack/20260411_081446/docs/release/live-audit/phase8/phase8_build_frontend_dashboards_node_modules__popperjs_core.txt","True"
"docs/release/evidence/live-pack/20260411_081446/docs/release/live-audit/phase8/phase8_build_frontend_dashboards_node_modules__reduxjs_toolkit.txt","True"
"docs/release/evidence/live-pack/20260411_081446/docs/release/live-audit/phase8/phase8_build_frontend_dashboards_node_modules__reduxjs_toolkit_node_modules_immer.txt","True"
"docs/release/evidence/live-pack/20260411_081446/docs/release/live-audit/phase8/phase8_build_frontend_dashboards_node_modules__rolldown_pluginutils.txt","True"
"docs/release/evidence/live-pack/20260411_081446/docs/release/live-audit/phase8/phase8_build_frontend_dashboards_node_modules__standard-schema_spec.txt","True"
"docs/release/evidence/live-pack/20260411_081446/docs/release/live-audit/phase8/phase8_build_frontend_dashboards_node_modules__standard-schema_utils.txt","True"
"docs/release/evidence/live-pack/20260411_081446/docs/release/live-audit/phase8/phase8_build_frontend_dashboards_node_modules__testing-library_dom.txt","True"
"docs/release/evidence/live-pack/20260411_081446/docs/release/live-audit/phase8/phase8_build_frontend_dashboards_node_modules__testing-library_dom_node_modules_aria-query.txt","True"
"docs/release/evidence/live-pack/20260411_081446/docs/release/live-audit/phase8/phase8_build_frontend_dashboards_node_modules__testing-library_react.txt","True"
"docs/release/evidence/live-pack/20260411_081446/docs/release/live-audit/phase8/phase8_build_frontend_dashboards_node_modules__vitejs_plugin-react.txt","True"
"docs/release/evidence/live-pack/20260411_081446/docs/release/live-audit/phase8/phase8_build_frontend_dashboards_node_modules__vitest_expect.txt","True"
"docs/release/evidence/live-pack/20260411_081446/docs/release/live-audit/phase8/phase8_build_frontend_dashboards_node_modules__vitest_pretty-format.txt","True"
"docs/release/evidence/live-pack/20260411_081446/docs/release/live-audit/phase8/phase8_build_frontend_dashboards_node_modules__vitest_runner.txt","True"
"docs/release/evidence/live-pack/20260411_081446/docs/release/live-audit/phase8/phase8_build_frontend_dashboards_node_modules__vitest_snapshot.txt","True"
"docs/release/evidence/live-pack/20260411_081446/docs/release/live-audit/phase8/phase8_build_frontend_dashboards_node_modules__vitest_spy.txt","True"
"docs/release/evidence/live-pack/20260411_081446/docs/release/live-audit/phase8/phase8_build_frontend_dashboards_node_modules__vitest_utils.txt","True"
"docs/release/evidence/live-pack/20260411_081446/docs/release/live-audit/phase8/phase8_build_frontend_dashboards_node_modules_agent-base.txt","True"
"docs/release/evidence/live-pack/20260411_081446/docs/release/live-audit/phase8/phase8_build_frontend_dashboards_node_modules_ajv.txt","True"
"docs/release/evidence/live-pack/20260411_081446/docs/release/live-audit/phase8/phase8_build_frontend_dashboards_node_modules_aria-query.txt","True"
"docs/release/evidence/live-pack/20260411_081446/docs/release/live-audit/phase8/phase8_build_frontend_dashboards_node_modules_assertion-error.txt","True"
"docs/release/evidence/live-pack/20260411_081446/docs/release/live-audit/phase8/phase8_build_frontend_dashboards_node_modules_ast-types-flow.txt","True"
"docs/release/evidence/live-pack/20260411_081446/docs/release/live-audit/phase8/phase8_build_frontend_dashboards_node_modules_axe-core.txt","True"
"docs/release/evidence/live-pack/20260411_081446/docs/release/live-audit/phase8/phase8_build_frontend_dashboards_node_modules_axios.txt","True"
"docs/release/evidence/live-pack/20260411_081446/docs/release/live-audit/phase8/phase8_build_frontend_dashboards_node_modules_axobject-query.txt","True"
"docs/release/evidence/live-pack/20260411_081446/docs/release/live-audit/phase8/phase8_build_frontend_dashboards_node_modules_babel-plugin-macros.txt","True"
"docs/release/evidence/live-pack/20260411_081446/docs/release/live-audit/phase8/phase8_build_frontend_dashboards_node_modules_bidi-js.txt","True"
"docs/release/evidence/live-pack/20260411_081446/docs/release/live-audit/phase8/phase8_build_frontend_dashboards_node_modules_browserslist_node_modules_baseline-browser-mapping.txt","True"
"docs/release/evidence/live-pack/20260411_081446/docs/release/live-audit/phase8/phase8_build_frontend_dashboards_node_modules_chai.txt","True"
"docs/release/evidence/live-pack/20260411_081446/docs/release/live-audit/phase8/phase8_build_frontend_dashboards_node_modules_clsx.txt","True"
"docs/release/evidence/live-pack/20260411_081446/docs/release/live-audit/phase8/phase8_build_frontend_dashboards_node_modules_cosmiconfig.txt","True"
"docs/release/evidence/live-pack/20260411_081446/docs/release/live-audit/phase8/phase8_build_frontend_dashboards_node_modules_cosmiconfig_node_modules_yaml.txt","True"
"docs/release/evidence/live-pack/20260411_081446/docs/release/live-audit/phase8/phase8_build_frontend_dashboards_node_modules_cssstyle_node_modules_lru-cache.txt","True"
"docs/release/evidence/live-pack/20260411_081446/docs/release/live-audit/phase8/phase8_build_frontend_dashboards_node_modules_css-tree.txt","True"
"docs/release/evidence/live-pack/20260411_081446/docs/release/live-audit/phase8/phase8_build_frontend_dashboards_node_modules_csstype.txt","True"
"docs/release/evidence/live-pack/20260411_081446/docs/release/live-audit/phase8/phase8_build_frontend_dashboards_node_modules_decimal_js-light.txt","True"
"docs/release/evidence/live-pack/20260411_081446/docs/release/live-audit/phase8/phase8_build_frontend_dashboards_node_modules_dequal.txt","True"
"docs/release/evidence/live-pack/20260411_081446/docs/release/live-audit/phase8/phase8_build_frontend_dashboards_node_modules_dom-accessibility-api.txt","True"
"docs/release/evidence/live-pack/20260411_081446/docs/release/live-audit/phase8/phase8_build_frontend_dashboards_node_modules_electron-to-chromium.txt","True"
"docs/release/evidence/live-pack/20260411_081446/docs/release/live-audit/phase8/phase8_build_frontend_dashboards_node_modules_emoji-regex.txt","True"
"docs/release/evidence/live-pack/20260411_081446/docs/release/live-audit/phase8/phase8_build_frontend_dashboards_node_modules_eslint-plugin-jsx-a11y.txt","True"
"docs/release/evidence/live-pack/20260411_081446/docs/release/live-audit/phase8/phase8_build_frontend_dashboards_node_modules_eslint-scope.txt","True"
"docs/release/evidence/live-pack/20260411_081446/docs/release/live-audit/phase8/phase8_build_frontend_dashboards_node_modules_eslint-visitor-keys.txt","True"
"docs/release/evidence/live-pack/20260411_081446/docs/release/live-audit/phase8/phase8_build_frontend_dashboards_node_modules_es-module-lexer.txt","True"
"docs/release/evidence/live-pack/20260411_081446/docs/release/live-audit/phase8/phase8_build_frontend_dashboards_node_modules_espree.txt","True"
"docs/release/evidence/live-pack/20260411_081446/docs/release/live-audit/phase8/phase8_build_frontend_dashboards_node_modules_esquery.txt","True"
"docs/release/evidence/live-pack/20260411_081446/docs/release/live-audit/phase8/phase8_build_frontend_dashboards_node_modules_es-toolkit.txt","True"
"docs/release/evidence/live-pack/20260411_081446/docs/release/live-audit/phase8/phase8_build_frontend_dashboards_node_modules_expect-type.txt","True"
"docs/release/evidence/live-pack/20260411_081446/docs/release/live-audit/phase8/phase8_build_frontend_dashboards_node_modules_fast-deep-equal.txt","True"
"docs/release/evidence/live-pack/20260411_081446/docs/release/live-audit/phase8/phase8_build_frontend_dashboards_node_modules_fast-levenshtein.txt","True"
"docs/release/evidence/live-pack/20260411_081446/docs/release/live-audit/phase8/phase8_build_frontend_dashboards_node_modules_fdir.txt","True"
"docs/release/evidence/live-pack/20260411_081446/docs/release/live-audit/phase8/phase8_build_frontend_dashboards_node_modules_flatted.txt","True"
"docs/release/evidence/live-pack/20260411_081446/docs/release/live-audit/phase8/phase8_build_frontend_dashboards_node_modules_globals.txt","True"
"docs/release/evidence/live-pack/20260411_081446/docs/release/live-audit/phase8/phase8_build_frontend_dashboards_node_modules_globalthis.txt","True"
"docs/release/evidence/live-pack/20260411_081446/docs/release/live-audit/phase8/phase8_build_frontend_dashboards_node_modules_hoist-non-react-statics.txt","True"
"docs/release/evidence/live-pack/20260411_081446/docs/release/live-audit/phase8/phase8_build_frontend_dashboards_node_modules_http-proxy-agent.txt","True"
"docs/release/evidence/live-pack/20260411_081446/docs/release/live-audit/phase8/phase8_build_frontend_dashboards_node_modules_https-proxy-agent.txt","True"
"docs/release/evidence/live-pack/20260411_081446/docs/release/live-audit/phase8/phase8_build_frontend_dashboards_node_modules_ignore.txt","True"
"docs/release/evidence/live-pack/20260411_081446/docs/release/live-audit/phase8/phase8_build_frontend_dashboards_node_modules_immer.txt","True"
"docs/release/evidence/live-pack/20260411_081446/docs/release/live-audit/phase8/phase8_build_frontend_dashboards_node_modules_is-potential-custom-element-name.txt","True"
"docs/release/evidence/live-pack/20260411_081446/docs/release/live-audit/phase8/phase8_build_frontend_dashboards_node_modules_jsesc.txt","True"
"docs/release/evidence/live-pack/20260411_081446/docs/release/live-audit/phase8/phase8_build_frontend_dashboards_node_modules_js-tokens.txt","True"
"docs/release/evidence/live-pack/20260411_081446/docs/release/live-audit/phase8/phase8_build_frontend_dashboards_node_modules_jsx-ast-utils.txt","True"
"docs/release/evidence/live-pack/20260411_081446/docs/release/live-audit/phase8/phase8_build_frontend_dashboards_node_modules_keyv.txt","True"
"docs/release/evidence/live-pack/20260411_081446/docs/release/live-audit/phase8/phase8_build_frontend_dashboards_node_modules_language-tags.txt","True"
"docs/release/evidence/live-pack/20260411_081446/docs/release/live-audit/phase8/phase8_build_frontend_dashboards_node_modules_magic-string.txt","True"
"docs/release/evidence/live-pack/20260411_081446/docs/release/live-audit/phase8/phase8_build_frontend_dashboards_node_modules_mime-db.txt","True"
"docs/release/evidence/live-pack/20260411_081446/docs/release/live-audit/phase8/phase8_build_frontend_dashboards_node_modules_natural-compare.txt","True"
"docs/release/evidence/live-pack/20260411_081446/docs/release/live-audit/phase8/phase8_build_frontend_dashboards_node_modules_node-releases.txt","True"
"docs/release/evidence/live-pack/20260411_081446/docs/release/live-audit/phase8/phase8_build_frontend_dashboards_node_modules_object_assign.txt","True"
"docs/release/evidence/live-pack/20260411_081446/docs/release/live-audit/phase8/phase8_build_frontend_dashboards_node_modules_obug.txt","True"
"docs/release/evidence/live-pack/20260411_081446/docs/release/live-audit/phase8/phase8_build_frontend_dashboards_node_modules_pathe.txt","True"
"docs/release/evidence/live-pack/20260411_081446/docs/release/live-audit/phase8/phase8_build_frontend_dashboards_node_modules_prop-types.txt","True"
"docs/release/evidence/live-pack/20260411_081446/docs/release/live-audit/phase8/phase8_build_frontend_dashboards_node_modules_punycode.txt","True"
"docs/release/evidence/live-pack/20260411_081446/docs/release/live-audit/phase8/phase8_build_frontend_dashboards_node_modules_react-redux.txt","True"
"docs/release/evidence/live-pack/20260411_081446/docs/release/live-audit/phase8/phase8_build_frontend_dashboards_node_modules_recharts.txt","True"
"docs/release/evidence/live-pack/20260411_081446/docs/release/live-audit/phase8/phase8_build_frontend_dashboards_node_modules_redux.txt","True"
"docs/release/evidence/live-pack/20260411_081446/docs/release/live-audit/phase8/phase8_build_frontend_dashboards_node_modules_redux-thunk.txt","True"
"docs/release/evidence/live-pack/20260411_081446/docs/release/live-audit/phase8/phase8_build_frontend_dashboards_node_modules_reselect.txt","True"
"docs/release/evidence/live-pack/20260411_081446/docs/release/live-audit/phase8/phase8_build_frontend_dashboards_node_modules_rollup.txt","True"
"docs/release/evidence/live-pack/20260411_081446/docs/release/live-audit/phase8/phase8_build_frontend_dashboards_node_modules_saxes.txt","True"
"docs/release/evidence/live-pack/20260411_081446/docs/release/live-audit/phase8/phase8_build_frontend_dashboards_node_modules_source-map.txt","True"
"docs/release/evidence/live-pack/20260411_081446/docs/release/live-audit/phase8/phase8_build_frontend_dashboards_node_modules_source-map-js.txt","True"
"docs/release/evidence/live-pack/20260411_081446/docs/release/live-audit/phase8/phase8_build_frontend_dashboards_node_modules_std-env.txt","True"
"docs/release/evidence/live-pack/20260411_081446/docs/release/live-audit/phase8/phase8_build_frontend_dashboards_node_modules_stylis.txt","True"
"docs/release/evidence/live-pack/20260411_081446/docs/release/live-audit/phase8/phase8_build_frontend_dashboards_node_modules_tinyexec.txt","True"
"docs/release/evidence/live-pack/20260411_081446/docs/release/live-audit/phase8/phase8_build_frontend_dashboards_node_modules_tinyglobby.txt","True"
"docs/release/evidence/live-pack/20260411_081446/docs/release/live-audit/phase8/phase8_build_frontend_dashboards_node_modules_tiny-invariant.txt","True"
"docs/release/evidence/live-pack/20260411_081446/docs/release/live-audit/phase8/phase8_build_frontend_dashboards_node_modules_tldts.txt","True"
"docs/release/evidence/live-pack/20260411_081446/docs/release/live-audit/phase8/phase8_build_frontend_dashboards_node_modules_tldts-core.txt","True"
"docs/release/evidence/live-pack/20260411_081446/docs/release/live-audit/phase8/phase8_build_frontend_dashboards_node_modules_tough-cookie.txt","True"
"docs/release/evidence/live-pack/20260411_081446/docs/release/live-audit/phase8/phase8_build_frontend_dashboards_node_modules_update-browserslist-db_node_modules_escalade.txt","True"
"docs/release/evidence/live-pack/20260411_081446/docs/release/live-audit/phase8/phase8_build_frontend_dashboards_node_modules_uri-js.txt","True"
"docs/release/evidence/live-pack/20260411_081446/docs/release/live-audit/phase8/phase8_build_frontend_dashboards_node_modules_victory-vendor.txt","True"
"docs/release/evidence/live-pack/20260411_081446/docs/release/live-audit/phase8/phase8_build_frontend_dashboards_node_modules_vite.txt","True"
"docs/release/evidence/live-pack/20260411_081446/docs/release/live-audit/phase8/phase8_build_frontend_dashboards_node_modules_vitest.txt","True"
"docs/release/evidence/live-pack/20260411_081446/docs/release/live-audit/phase8/phase8_build_frontend_dashboards_node_modules_vitest_node_modules__vitest_mocker.txt","True"
"docs/release/evidence/live-pack/20260411_081446/docs/release/live-audit/phase8/phase8_build_frontend_dashboards_node_modules_xmlchars.txt","True"
"docs/release/evidence/live-pack/20260411_081446/docs/release/live-audit/phase8/phase8_build_frontend_dashboards_node_modules_yaml.txt","True"
"docs/release/evidence/live-pack/20260411_081446/docs/release/live-audit/phase8/phase8_build_frontend_dashboards_node_modules_zod.txt","True"
"docs/release/evidence/live-pack/20260411_081446/docs/release/live-audit/phase8/phase8_build_frontend_dashboards_node_modules_zod-validation-error.txt","True"
"docs/release/evidence/live-pack/20260411_081446/docs/release/live-audit/phase8/phase8_frontend_and_dashboard_proof.json","True"
"docs/release/evidence/live-pack/20260411_081446/docs/release/live-audit/phase8/phase8_frontend_and_dashboard_proof.md","True"
"docs/release/evidence/live-pack/20260411_081446/docs/release/live-audit/phase8/phase8_frontend_build_results.csv","True"
"docs/release/evidence/live-pack/20260411_081446/docs/release/live-audit/phase8/phase8_frontend_packages.csv","True"
"docs/release/evidence/live-pack/20260411_081446/docs/release/live-audit/phase8/phase8_frontend_surface_paths.csv","True"
"docs/release/evidence/live-pack/20260411_081446/docs/release/live-audit/phase8/phase8_node_version.txt","True"
"docs/release/evidence/live-pack/20260411_081446/docs/release/live-audit/phase9/phase9_reporting_export_area_status.csv","True"
"docs/release/evidence/live-pack/20260411_081446/docs/release/live-audit/phase9/phase9_reporting_export_dependency_hits.csv","True"
"docs/release/evidence/live-pack/20260411_081446/docs/release/live-audit/phase9/phase9_reporting_export_hits.csv","True"
"docs/release/evidence/live-pack/20260411_081446/docs/release/live-audit/phase9/phase9_reporting_export_pdf_transcript_gap_audit.json","True"
"docs/release/evidence/live-pack/20260411_081446/docs/release/live-audit/phase9/phase9_reporting_export_pdf_transcript_gap_audit.md","True"
"docs/release/evidence/live-pack/20260411_081446/INDEX.md","True"
"docs/release/evidence/live-pack/20260411_081446/manifest.csv","True"
"docs/release/FINAL_15_PHASE_VERIFICATION.json","True"
"docs/release/FINAL_15_PHASE_VERIFICATION.md","True"
"docs/release/FINAL_INVESTOR_EVIDENCE_INDEX.md","True"
"docs/release/FINAL_RELEASE_GATE.md","True"
"docs/release/FREEZE_RECONCILIATION_SUMMARY.md","True"
"docs/release/KNOWN_GAPS_AND_DEFERRED_ITEMS.md","True"
"docs/release/LIVE_15_PHASE_COMPLETION.json","True"
"docs/release/LIVE_15_PHASE_COMPLETION.md","True"
"docs/release/LIVE_ACTION_REGISTER.json","True"
"docs/release/LIVE_ACTION_REGISTER.md","True"
"docs/release/LIVE_BACKEND_VERIFICATION.json","True"
"docs/release/LIVE_BACKEND_VERIFICATION.md","True"
"docs/release/LIVE_EVIDENCE_INDEX.json","True"
"docs/release/LIVE_EVIDENCE_INDEX.md","True"
"docs/release/LIVE_EVIDENCE_PACKET.json","True"
"docs/release/LIVE_EVIDENCE_PACKET.md","True"
"docs/release/LIVE_FINAL_RELEASE_GATE.json","True"
"docs/release/LIVE_FINAL_RELEASE_GATE.md","True"
"docs/release/LIVE_FINAL_SIGNOFF_CHECKLIST.json","True"
"docs/release/LIVE_FINAL_SIGNOFF_CHECKLIST.md","True"
"docs/release/LIVE_FRONTEND_DASHBOARD_PROOF.json","True"
"docs/release/LIVE_FRONTEND_DASHBOARD_PROOF.md","True"
"docs/release/LIVE_MODULE_PROOF_MATRIX.json","True"
"docs/release/LIVE_MODULE_PROOF_MATRIX.md","True"
"docs/release/LIVE_MODULE_STATUS_SUMMARY.json","True"
"docs/release/LIVE_MODULE_STATUS_SUMMARY.md","True"
"docs/release/LIVE_PROFESSIONAL_REPO_CLEANUP.json","True"
"docs/release/LIVE_PROFESSIONAL_REPO_CLEANUP.md","True"
"docs/release/LIVE_RELEASE_GATE_STATUS.json","True"
"docs/release/LIVE_RELEASE_GATE_STATUS.md","True"
"docs/release/LIVE_RELEASE_TRUTH.json","True"
"docs/release/LIVE_RELEASE_TRUTH.md","True"
"docs/release/LIVE_REPO_HYGIENE_PLAN.json","True"
"docs/release/LIVE_REPO_HYGIENE_PLAN.md","True"
"docs/release/LIVE_REPORTING_EXPORT_AUDIT.json","True"
"docs/release/LIVE_REPORTING_EXPORT_AUDIT.md","True"
"docs/release/LIVE_RUNTIME_API_VERIFICATION.json","True"
"docs/release/LIVE_RUNTIME_API_VERIFICATION.md","True"
"docs/release/LIVE_SHIP_DECISION.json","True"
"docs/release/LIVE_SHIP_DECISION.md","True"
"docs/release/LIVE_WORKFLOW_CANONICALIZATION_PLAN.json","True"
"docs/release/LIVE_WORKFLOW_CANONICALIZATION_PLAN.md","True"
"docs/release/live-audit/final_15_phase_verification_errors.csv","True"
"docs/release/live-audit/phase1/phase1_backend_module_inventory.csv","True"
"docs/release/live-audit/phase1/phase1_branch_inventory.csv","True"
"docs/release/live-audit/phase1/phase1_frontend_surface_inventory.csv","True"
"docs/release/live-audit/phase1/phase1_github_public_state.json","True"
"docs/release/live-audit/phase1/phase1_live_repo_baseline.json","True"
"docs/release/live-audit/phase1/phase1_live_repo_baseline.md","True"
"docs/release/live-audit/phase1/phase1_release_doc_freshness.csv","True"
"docs/release/live-audit/phase1/phase1_root_ruleset_inventory.csv","True"
"docs/release/live-audit/phase1/phase1_workflow_inventory.csv","True"
"docs/release/live-audit/phase10/phase10_live_release_gate_scorecard.csv","True"
"docs/release/live-audit/phase10/phase10_live_release_gate_synthesis.json","True"
"docs/release/live-audit/phase10/phase10_live_release_gate_synthesis.md","True"
"docs/release/live-audit/phase11/phase11_live_release_docs_refresh.json","True"
"docs/release/live-audit/phase11/phase11_live_release_docs_refresh.md","True"
"docs/release/live-audit/phase11/phase11_module_status_summary.csv","True"
"docs/release/live-audit/phase11/phase11_signoff_checklist.csv","True"
"docs/release/live-audit/phase12/phase12_archived_stale_docs.csv","True"
"docs/release/live-audit/phase12/phase12_hygiene_executed_commands.csv","True"
"docs/release/live-audit/phase12/phase12_repo_hygiene_execution_pack.json","True"
"docs/release/live-audit/phase12/phase12_repo_hygiene_execution_pack.md","True"
"docs/release/live-audit/phase12/phase12_stale_release_docs.csv","True"
"docs/release/live-audit/phase12/x_arch.csv","True"
"docs/release/live-audit/phase12/x_exec.csv","True"
"docs/release/live-audit/phase12/x_stale.csv","True"
"docs/release/live-audit/phase13/phase13_archived_workflows.csv","True"
"docs/release/live-audit/phase13/phase13_workflow_canonicalization_plan.json","True"
"docs/release/live-audit/phase13/phase13_workflow_canonicalization_plan.md","True"
"docs/release/live-audit/phase13/phase13_workflow_review_matrix.csv","True"
"docs/release/live-audit/phase14/phase14_live_evidence_pack_builder.json","True"
"docs/release/live-audit/phase14/phase14_live_evidence_pack_builder.md","True"
"docs/release/live-audit/phase15/phase15_completion_matrix.csv","True"
"docs/release/live-audit/phase15/phase15_final_ship_decision_and_completion.json","True"
"docs/release/live-audit/phase15/phase15_final_ship_decision_and_completion.md","True"
"docs/release/live-audit/phase16/phase16_archived_items.csv","True"
"docs/release/live-audit/phase16/phase16_dead_directory_candidates.csv","True"
"docs/release/live-audit/phase16/phase16_dead_file_candidates.csv","True"
"docs/release/live-audit/phase16/phase16_executed_actions.csv","True"
"docs/release/live-audit/phase16/phase16_pre_cleanup_git_diff_stat.txt","True"
"docs/release/live-audit/phase16/phase16_pre_cleanup_git_status.txt","True"
"docs/release/live-audit/phase16/phase16_professional_repo_cleanup.json","True"
"docs/release/live-audit/phase16/phase16_professional_repo_cleanup.md","True"
"docs/release/live-audit/phase2/phase2_referenced_pr_states.csv","True"
"docs/release/live-audit/phase2/phase2_release_doc_inventory.csv","True"
"docs/release/live-audit/phase2/phase2_release_truth_mismatches.csv","True"
"docs/release/live-audit/phase2/phase2_release_truth_reconciliation.json","True"
"docs/release/live-audit/phase2/phase2_release_truth_reconciliation.md","True"
"docs/release/live-audit/phase2/phase2_release_truth_references.csv","True"
"docs/release/live-audit/phase3/phase3_branch_cleanup_candidates.csv","True"
"docs/release/live-audit/phase3/phase3_local_branch_delete_commands.txt","True"
"docs/release/live-audit/phase3/phase3_local_branch_inventory.csv","True"
"docs/release/live-audit/phase3/phase3_remote_branch_delete_commands.txt","True"
"docs/release/live-audit/phase3/phase3_remote_branch_inventory.csv","True"
"docs/release/live-audit/phase3/phase3_workflow_branch_rationalization.json","True"
"docs/release/live-audit/phase3/phase3_workflow_branch_rationalization.md","True"
"docs/release/live-audit/phase3/phase3_workflow_consolidation_groups.csv","True"
"docs/release/live-audit/phase3/phase3_workflow_inventory_enriched.csv","True"
"docs/release/live-audit/phase4/phase4_backend_app_inventory.csv","True"
"docs/release/live-audit/phase4/phase4_backend_test_inventory.csv","True"
"docs/release/live-audit/phase4/phase4_backend_verification_and_django_proof.json","True"
"docs/release/live-audit/phase4/phase4_backend_verification_and_django_proof.md","True"
"docs/release/live-audit/phase4/phase4_django_version.txt","True"
"docs/release/live-audit/phase4/phase4_manage_check.txt","True"
"docs/release/live-audit/phase4/phase4_manage_check_deploy.txt","True"
"docs/release/live-audit/phase4/phase4_python_version.txt","True"
"docs/release/live-audit/phase4/phase4_showmigrations.txt","True"
"docs/release/live-audit/phase4/phase4_url_surface_scan.txt","True"
"docs/release/live-audit/phase5/phase5_module_proof_matrix.csv","True"
"docs/release/live-audit/phase5/phase5_module_proof_matrix.json","True"
"docs/release/live-audit/phase5/phase5_module_proof_matrix.md","True"
"docs/release/live-audit/phase5/phase5_module_proof_paths.csv","True"
"docs/release/live-audit/phase6/phase6_action_register.csv","True"
"docs/release/live-audit/phase6/phase6_evidence_index.csv","True"
"docs/release/live-audit/phase6/phase6_evidence_index_and_action_register.json","True"
"docs/release/live-audit/phase6/phase6_evidence_index_and_action_register.md","True"
"docs/release/live-audit/phase7/phase7_runtime_and_api_surface_verification.json","True"
"docs/release/live-audit/phase7/phase7_runtime_and_api_surface_verification.md","True"
"docs/release/live-audit/phase7/phase7_runtime_api_url_scan.txt","True"
"docs/release/live-audit/phase7/phase7_runtime_endpoint_results.csv","True"
"docs/release/live-audit/phase8/phase8_build_frontend_dashboards.txt","True"
"docs/release/live-audit/phase8/phase8_build_frontend_dashboards_node_modules__acemir_cssom.txt","True"
"docs/release/live-audit/phase8/phase8_build_frontend_dashboards_node_modules__asamuzakjp_css-color.txt","True"
"docs/release/live-audit/phase8/phase8_build_frontend_dashboards_node_modules__asamuzakjp_css-color_node_modules_lru-cache.txt","True"
"docs/release/live-audit/phase8/phase8_build_frontend_dashboards_node_modules__asamuzakjp_dom-selector.txt","True"
"docs/release/live-audit/phase8/phase8_build_frontend_dashboards_node_modules__asamuzakjp_dom-selector_node_modules_lru-cache.txt","True"
"docs/release/live-audit/phase8/phase8_build_frontend_dashboards_node_modules__azure_msal-browser.txt","True"
"docs/release/live-audit/phase8/phase8_build_frontend_dashboards_node_modules__azure_msal-common.txt","True"
"docs/release/live-audit/phase8/phase8_build_frontend_dashboards_node_modules__azure_msal-react.txt","True"
"docs/release/live-audit/phase8/phase8_build_frontend_dashboards_node_modules__babel_core_node_modules__jridgewell_remapping.txt","True"
"docs/release/live-audit/phase8/phase8_build_frontend_dashboards_node_modules__babel_core_node_modules_json5.txt","True"
"docs/release/live-audit/phase8/phase8_build_frontend_dashboards_node_modules__bramus_specificity.txt","True"
"docs/release/live-audit/phase8/phase8_build_frontend_dashboards_node_modules__eslint_config-array.txt","True"
"docs/release/live-audit/phase8/phase8_build_frontend_dashboards_node_modules__eslint_config-helpers.txt","True"
"docs/release/live-audit/phase8/phase8_build_frontend_dashboards_node_modules__eslint_core.txt","True"
"docs/release/live-audit/phase8/phase8_build_frontend_dashboards_node_modules__eslint_eslintrc.txt","True"
"docs/release/live-audit/phase8/phase8_build_frontend_dashboards_node_modules__eslint_object-schema.txt","True"
"docs/release/live-audit/phase8/phase8_build_frontend_dashboards_node_modules__eslint_plugin-kit.txt","True"
"docs/release/live-audit/phase8/phase8_build_frontend_dashboards_node_modules__eslint-community_eslint-utils.txt","True"
"docs/release/live-audit/phase8/phase8_build_frontend_dashboards_node_modules__eslint-community_eslint-utils_node_modules_eslint-visitor-keys.txt","True"
"docs/release/live-audit/phase8/phase8_build_frontend_dashboards_node_modules__eslint-community_regexpp.txt","True"
"docs/release/live-audit/phase8/phase8_build_frontend_dashboards_node_modules__humanfs_core.txt","True"
"docs/release/live-audit/phase8/phase8_build_frontend_dashboards_node_modules__humanfs_node.txt","True"
"docs/release/live-audit/phase8/phase8_build_frontend_dashboards_node_modules__humanwhocodes_module-importer.txt","True"
"docs/release/live-audit/phase8/phase8_build_frontend_dashboards_node_modules__humanwhocodes_retry.txt","True"
"docs/release/live-audit/phase8/phase8_build_frontend_dashboards_node_modules__jridgewell_gen-mapping.txt","True"
"docs/release/live-audit/phase8/phase8_build_frontend_dashboards_node_modules__jridgewell_resolve-uri.txt","True"
"docs/release/live-audit/phase8/phase8_build_frontend_dashboards_node_modules__jridgewell_sourcemap-codec.txt","True"
"docs/release/live-audit/phase8/phase8_build_frontend_dashboards_node_modules__jridgewell_trace-mapping.txt","True"
"docs/release/live-audit/phase8/phase8_build_frontend_dashboards_node_modules__popperjs_core.txt","True"
"docs/release/live-audit/phase8/phase8_build_frontend_dashboards_node_modules__reduxjs_toolkit.txt","True"
"docs/release/live-audit/phase8/phase8_build_frontend_dashboards_node_modules__reduxjs_toolkit_node_modules_immer.txt","True"
"docs/release/live-audit/phase8/phase8_build_frontend_dashboards_node_modules__rolldown_pluginutils.txt","True"
"docs/release/live-audit/phase8/phase8_build_frontend_dashboards_node_modules__standard-schema_spec.txt","True"
"docs/release/live-audit/phase8/phase8_build_frontend_dashboards_node_modules__standard-schema_utils.txt","True"
"docs/release/live-audit/phase8/phase8_build_frontend_dashboards_node_modules__testing-library_dom.txt","True"
"docs/release/live-audit/phase8/phase8_build_frontend_dashboards_node_modules__testing-library_dom_node_modules_aria-query.txt","True"
"docs/release/live-audit/phase8/phase8_build_frontend_dashboards_node_modules__testing-library_react.txt","True"
"docs/release/live-audit/phase8/phase8_build_frontend_dashboards_node_modules__vitejs_plugin-react.txt","True"
"docs/release/live-audit/phase8/phase8_build_frontend_dashboards_node_modules__vitest_expect.txt","True"
"docs/release/live-audit/phase8/phase8_build_frontend_dashboards_node_modules__vitest_pretty-format.txt","True"
"docs/release/live-audit/phase8/phase8_build_frontend_dashboards_node_modules__vitest_runner.txt","True"
"docs/release/live-audit/phase8/phase8_build_frontend_dashboards_node_modules__vitest_snapshot.txt","True"
"docs/release/live-audit/phase8/phase8_build_frontend_dashboards_node_modules__vitest_spy.txt","True"
"docs/release/live-audit/phase8/phase8_build_frontend_dashboards_node_modules__vitest_utils.txt","True"
"docs/release/live-audit/phase8/phase8_build_frontend_dashboards_node_modules_agent-base.txt","True"
"docs/release/live-audit/phase8/phase8_build_frontend_dashboards_node_modules_ajv.txt","True"
"docs/release/live-audit/phase8/phase8_build_frontend_dashboards_node_modules_aria-query.txt","True"
"docs/release/live-audit/phase8/phase8_build_frontend_dashboards_node_modules_assertion-error.txt","True"
"docs/release/live-audit/phase8/phase8_build_frontend_dashboards_node_modules_ast-types-flow.txt","True"
"docs/release/live-audit/phase8/phase8_build_frontend_dashboards_node_modules_axe-core.txt","True"
"docs/release/live-audit/phase8/phase8_build_frontend_dashboards_node_modules_axios.txt","True"
"docs/release/live-audit/phase8/phase8_build_frontend_dashboards_node_modules_axobject-query.txt","True"
"docs/release/live-audit/phase8/phase8_build_frontend_dashboards_node_modules_babel-plugin-macros.txt","True"
"docs/release/live-audit/phase8/phase8_build_frontend_dashboards_node_modules_bidi-js.txt","True"
"docs/release/live-audit/phase8/phase8_build_frontend_dashboards_node_modules_browserslist_node_modules_baseline-browser-mapping.txt","True"
"docs/release/live-audit/phase8/phase8_build_frontend_dashboards_node_modules_chai.txt","True"
"docs/release/live-audit/phase8/phase8_build_frontend_dashboards_node_modules_clsx.txt","True"
"docs/release/live-audit/phase8/phase8_build_frontend_dashboards_node_modules_cosmiconfig.txt","True"
"docs/release/live-audit/phase8/phase8_build_frontend_dashboards_node_modules_cosmiconfig_node_modules_yaml.txt","True"
"docs/release/live-audit/phase8/phase8_build_frontend_dashboards_node_modules_cssstyle_node_modules_lru-cache.txt","True"
"docs/release/live-audit/phase8/phase8_build_frontend_dashboards_node_modules_css-tree.txt","True"
"docs/release/live-audit/phase8/phase8_build_frontend_dashboards_node_modules_csstype.txt","True"
"docs/release/live-audit/phase8/phase8_build_frontend_dashboards_node_modules_decimal_js-light.txt","True"
"docs/release/live-audit/phase8/phase8_build_frontend_dashboards_node_modules_dequal.txt","True"
"docs/release/live-audit/phase8/phase8_build_frontend_dashboards_node_modules_dom-accessibility-api.txt","True"
"docs/release/live-audit/phase8/phase8_build_frontend_dashboards_node_modules_electron-to-chromium.txt","True"
"docs/release/live-audit/phase8/phase8_build_frontend_dashboards_node_modules_emoji-regex.txt","True"
"docs/release/live-audit/phase8/phase8_build_frontend_dashboards_node_modules_eslint-plugin-jsx-a11y.txt","True"
"docs/release/live-audit/phase8/phase8_build_frontend_dashboards_node_modules_eslint-scope.txt","True"
"docs/release/live-audit/phase8/phase8_build_frontend_dashboards_node_modules_eslint-visitor-keys.txt","True"
"docs/release/live-audit/phase8/phase8_build_frontend_dashboards_node_modules_es-module-lexer.txt","True"
"docs/release/live-audit/phase8/phase8_build_frontend_dashboards_node_modules_espree.txt","True"
"docs/release/live-audit/phase8/phase8_build_frontend_dashboards_node_modules_esquery.txt","True"
"docs/release/live-audit/phase8/phase8_build_frontend_dashboards_node_modules_es-toolkit.txt","True"
"docs/release/live-audit/phase8/phase8_build_frontend_dashboards_node_modules_expect-type.txt","True"
"docs/release/live-audit/phase8/phase8_build_frontend_dashboards_node_modules_fast-deep-equal.txt","True"
"docs/release/live-audit/phase8/phase8_build_frontend_dashboards_node_modules_fast-levenshtein.txt","True"
"docs/release/live-audit/phase8/phase8_build_frontend_dashboards_node_modules_fdir.txt","True"
"docs/release/live-audit/phase8/phase8_build_frontend_dashboards_node_modules_flatted.txt","True"
"docs/release/live-audit/phase8/phase8_build_frontend_dashboards_node_modules_globals.txt","True"
"docs/release/live-audit/phase8/phase8_build_frontend_dashboards_node_modules_globalthis.txt","True"
"docs/release/live-audit/phase8/phase8_build_frontend_dashboards_node_modules_hoist-non-react-statics.txt","True"
"docs/release/live-audit/phase8/phase8_build_frontend_dashboards_node_modules_http-proxy-agent.txt","True"
"docs/release/live-audit/phase8/phase8_build_frontend_dashboards_node_modules_https-proxy-agent.txt","True"
"docs/release/live-audit/phase8/phase8_build_frontend_dashboards_node_modules_ignore.txt","True"
"docs/release/live-audit/phase8/phase8_build_frontend_dashboards_node_modules_immer.txt","True"
"docs/release/live-audit/phase8/phase8_build_frontend_dashboards_node_modules_is-potential-custom-element-name.txt","True"
"docs/release/live-audit/phase8/phase8_build_frontend_dashboards_node_modules_jsesc.txt","True"
"docs/release/live-audit/phase8/phase8_build_frontend_dashboards_node_modules_js-tokens.txt","True"
"docs/release/live-audit/phase8/phase8_build_frontend_dashboards_node_modules_jsx-ast-utils.txt","True"
"docs/release/live-audit/phase8/phase8_build_frontend_dashboards_node_modules_keyv.txt","True"
"docs/release/live-audit/phase8/phase8_build_frontend_dashboards_node_modules_language-tags.txt","True"
"docs/release/live-audit/phase8/phase8_build_frontend_dashboards_node_modules_magic-string.txt","True"
"docs/release/live-audit/phase8/phase8_build_frontend_dashboards_node_modules_mime-db.txt","True"
"docs/release/live-audit/phase8/phase8_build_frontend_dashboards_node_modules_natural-compare.txt","True"
"docs/release/live-audit/phase8/phase8_build_frontend_dashboards_node_modules_node-releases.txt","True"
"docs/release/live-audit/phase8/phase8_build_frontend_dashboards_node_modules_object_assign.txt","True"
"docs/release/live-audit/phase8/phase8_build_frontend_dashboards_node_modules_obug.txt","True"
"docs/release/live-audit/phase8/phase8_build_frontend_dashboards_node_modules_pathe.txt","True"
"docs/release/live-audit/phase8/phase8_build_frontend_dashboards_node_modules_prop-types.txt","True"
"docs/release/live-audit/phase8/phase8_build_frontend_dashboards_node_modules_punycode.txt","True"
"docs/release/live-audit/phase8/phase8_build_frontend_dashboards_node_modules_react-redux.txt","True"
"docs/release/live-audit/phase8/phase8_build_frontend_dashboards_node_modules_recharts.txt","True"
"docs/release/live-audit/phase8/phase8_build_frontend_dashboards_node_modules_redux.txt","True"
"docs/release/live-audit/phase8/phase8_build_frontend_dashboards_node_modules_redux-thunk.txt","True"
"docs/release/live-audit/phase8/phase8_build_frontend_dashboards_node_modules_reselect.txt","True"
"docs/release/live-audit/phase8/phase8_build_frontend_dashboards_node_modules_rollup.txt","True"
"docs/release/live-audit/phase8/phase8_build_frontend_dashboards_node_modules_saxes.txt","True"
"docs/release/live-audit/phase8/phase8_build_frontend_dashboards_node_modules_source-map.txt","True"
"docs/release/live-audit/phase8/phase8_build_frontend_dashboards_node_modules_source-map-js.txt","True"
"docs/release/live-audit/phase8/phase8_build_frontend_dashboards_node_modules_std-env.txt","True"
"docs/release/live-audit/phase8/phase8_build_frontend_dashboards_node_modules_stylis.txt","True"
"docs/release/live-audit/phase8/phase8_build_frontend_dashboards_node_modules_tinyexec.txt","True"
"docs/release/live-audit/phase8/phase8_build_frontend_dashboards_node_modules_tinyglobby.txt","True"
"docs/release/live-audit/phase8/phase8_build_frontend_dashboards_node_modules_tiny-invariant.txt","True"
"docs/release/live-audit/phase8/phase8_build_frontend_dashboards_node_modules_tldts.txt","True"
"docs/release/live-audit/phase8/phase8_build_frontend_dashboards_node_modules_tldts-core.txt","True"
"docs/release/live-audit/phase8/phase8_build_frontend_dashboards_node_modules_tough-cookie.txt","True"
"docs/release/live-audit/phase8/phase8_build_frontend_dashboards_node_modules_update-browserslist-db_node_modules_escalade.txt","True"
"docs/release/live-audit/phase8/phase8_build_frontend_dashboards_node_modules_uri-js.txt","True"
"docs/release/live-audit/phase8/phase8_build_frontend_dashboards_node_modules_victory-vendor.txt","True"
"docs/release/live-audit/phase8/phase8_build_frontend_dashboards_node_modules_vite.txt","True"
"docs/release/live-audit/phase8/phase8_build_frontend_dashboards_node_modules_vitest.txt","True"
"docs/release/live-audit/phase8/phase8_build_frontend_dashboards_node_modules_vitest_node_modules__vitest_mocker.txt","True"
"docs/release/live-audit/phase8/phase8_build_frontend_dashboards_node_modules_xmlchars.txt","True"
"docs/release/live-audit/phase8/phase8_build_frontend_dashboards_node_modules_yaml.txt","True"
"docs/release/live-audit/phase8/phase8_build_frontend_dashboards_node_modules_zod.txt","True"
"docs/release/live-audit/phase8/phase8_build_frontend_dashboards_node_modules_zod-validation-error.txt","True"
"docs/release/live-audit/phase8/phase8_frontend_and_dashboard_proof.json","True"
"docs/release/live-audit/phase8/phase8_frontend_and_dashboard_proof.md","True"
"docs/release/live-audit/phase8/phase8_frontend_build_results.csv","True"
"docs/release/live-audit/phase8/phase8_frontend_packages.csv","True"
"docs/release/live-audit/phase8/phase8_frontend_surface_paths.csv","True"
"docs/release/live-audit/phase8/phase8_node_version.txt","True"
"docs/release/live-audit/phase9/phase9_reporting_export_area_status.csv","True"
"docs/release/live-audit/phase9/phase9_reporting_export_dependency_hits.csv","True"
"docs/release/live-audit/phase9/phase9_reporting_export_hits.csv","True"
"docs/release/live-audit/phase9/phase9_reporting_export_pdf_transcript_gap_audit.json","True"
"docs/release/live-audit/phase9/phase9_reporting_export_pdf_transcript_gap_audit.md","True"
"docs/release/LOAD_TEST_REPORT_TEMPLATE.md","True"
"docs/release/NEXT_ACTION_SUMMARY.md","True"
"docs/release/NEXT_RELEASE_SEQUENCE_REPORT.md","True"
"docs/release/PRIORITY_15_TO_GREEN.md","True"
"docs/release/PRIORITY_16_31_TO_GREEN.md","True"
"docs/release/PRIORITY_32_46_TO_GREEN.md","True"
"docs/release/PRIORITY_47_61_TO_GREEN.md","True"
"docs/release/RELEASE_ENV_MATRIX.md","True"
"docs/release/SCHEMA_W002_BUDGET.json","True"
"docs/release/SCHEMA_W002_PROGRESS.md","True"
"docs/release/SECURITY_GATES_EVIDENCE.md","True"
"docs/release/security-gate-evidence/codeql-live-state.txt","True"
"docs/release/security-gate-evidence/prod-health-capture.txt","True"
"docs/release/security-gate-evidence/prod-integrity-capture.txt","True"
"docs/release/SHIP_CANDIDATE.md","True"
"docs/release/SHIP_CANDIDATE_32_46.md","True"
"docs/release/SHIP_CANDIDATE_47_61.md","True"
"docs/release/TOP_W002_OFFENDERS_POST.md","True"
"docs/release/TOP_W002_OFFENDERS_PRE.md","True"
"docs/reviews/CROWN_DISCERNMENT_DOWNSTREAM_REVIEW.md","False"
"docs/reviews/CROWN_DISCERNMENT_RUNTIME_REVIEW.md","False"
"docs/reviews/PRODUCTION_RELEASE_PRIORITY_CHECKLIST.md","False"
"frontend/dashboards/package.json","True"
"frontend/dashboards/package-lock.json","True"
"frontend/dashboards/public/demo/heritage_demo_credentials.json","True"
"frontend/dashboards/src/components/exports/BulkExportMenu.tsx","True"
"frontend/dashboards/src/components/exports/ExportButton.tsx","True"
"frontend/dashboards/src/components/release/Closeout16to31Panel.tsx","True"
"frontend/dashboards/src/components/release/ReleaseExportButton.tsx","True"
"frontend/dashboards/src/components/release/ReleaseStatusMatrix.tsx","True"
"frontend/dashboards/src/components/release/SchemaStatusWidget.tsx","True"
"frontend/dashboards/src/lib/releaseApi.ts","True"
"frontend/dashboards/tests/investor-golden-path.spec.ts","True"
"frontend/dashboards/tests/release-accessibility.spec.ts","True"
"frontend/dashboards/tests/release-auth-golden-path.spec.ts","True"
"frontend/dashboards/tests/release-closeout-routes.spec.ts","True"
"frontend/dashboards/tests/release-closeout-widget.test.tsx","True"
"frontend/dashboards/tests/schema-status-widget.test.tsx","True"
"frontend/dashboards/tests/wiring-proof.spec.ts","True"
"login.json","False"
"release_closeout/__init__.py","True"
"release_closeout/apps.py","True"
"release_closeout/pdf_utils.py","True"
"release_closeout/services.py","True"
"release_closeout/urls.py","True"
"release_closeout/views.py","True"
"scripts/load/locustfile.py","False"
"scripts/release/11_verify_import_and_migrations.ps1","True"
"scripts/release/12_verify_backend_urls_and_health.ps1","True"
"scripts/release/13_verify_workflows_and_deploy_risk.ps1","True"
"scripts/release/20_release_verify.ps1","True"
"scripts/release/21_cleanup_root_residue.ps1","True"
"scripts/release/22_release_manifest.ps1","True"
"scripts/release/23_workflow_inventory.ps1","True"
"scripts/release/24_verify_portals_and_exports.ps1","True"
"scripts/release/25_build_ship_candidate.ps1","True"
"scripts/release/26_release_doctor.ps1","True"
"scripts/release/27_schema_green_pass.ps1","True"
"scripts/release/28_run_next_release_sequence.ps1","True"
"scripts/release/29_reconcile_after_freeze.ps1","True"
"scripts/release/compuwerx_sandbox_capture.ps1","True"
"scripts/release/fix_15_to_green.ps1","True"
"scripts/release/fix_16_31_to_green.ps1","True"
"scripts/release/fix_32_46_to_green.ps1","True"
"scripts/release/fix_47_61_to_green.ps1","True"
"scripts/release/generated/phase12_apply_repo_hygiene.ps1","True"
"scripts/release/generated/phase12_apply_repo_hygiene_debug.ps1","True"
"scripts/release/generated/phase13_archive_extra_workflows.ps1","True"
"scripts/release/mock_seed_scan.py","True"
"scripts/release/patch_schema_apiview_methods.py","True"
"scripts/release/patch_schema_function_views.py","True"
"scripts/release/phase1_live_repo_baseline.ps1","True"
"scripts/release/phase10_live_release_gate_synthesis.ps1","True"
"scripts/release/phase11_live_release_docs_refresh.ps1","True"
"scripts/release/phase12_repo_hygiene_execution_pack.ps1","True"
"scripts/release/phase13_workflow_canonicalization_plan.ps1","True"
"scripts/release/phase14_live_evidence_pack_builder.ps1","True"
"scripts/release/phase15_final_ship_decision_and_completion.ps1","True"
"scripts/release/phase16_professional_repo_cleanup.ps1","True"
"scripts/release/phase2_release_truth_reconciliation.ps1","True"
"scripts/release/phase3_workflow_branch_rationalization.ps1","True"
"scripts/release/phase4_backend_verification_and_django_proof.ps1","True"
"scripts/release/phase5_module_proof_matrix.ps1","True"
"scripts/release/phase6_evidence_index_and_action_register.ps1","True"
"scripts/release/phase7_runtime_and_api_surface_verification.ps1","True"
"scripts/release/phase8_frontend_and_dashboard_proof.ps1","True"
"scripts/release/phase9_reporting_export_pdf_transcript_gap_audit.ps1","True"
"scripts/release/release_patch_guard.py","True"
"scripts/release/route_catalog.py","True"
"scripts/release/route_catalog_release.py","True"
"scripts/release/schema_gate.py","True"
"scripts/release/schema_w002_inventory.py","True"
"scripts/release/seed_fixture_parity.py","True"
"scripts/release/seed_release_demo.py","True"
"scripts/release/update_schema_progress_doc.py","True"
"scripts/release/verify_all_15_phases.ps1","True"
"scripts/release/verify_required_release_packages.py","True"
"scripts/release/workflow_preflight.py","True"
"scripts/verify/run_wiring_verification.ps1","False"
"scripts/verify/start_local_demo_stack.ps1","False"
"test_login.json","False"
"tests/test_mock_seed_scan_output.py","False"
"tests/test_release_closeout_phase2.py","False"
"tests/test_release_route_contracts.py","False"
"tests/test_release_tenant_and_urls.py","False"
"tests/test_schema_governance_assets.py","False"
"tools/verify/check_frontend_wiring.ps1","False"
"tools/verify/check_http_surface.ps1","False"
"WIRING_VERIFICATION_README.txt","False"
