"Path","Name","AssetType","Layer","CandidateModule","Owner","KeepRewriteDrop","InFinalRelease","Status"
"C:\Users\JMega\OneDrive\Desktop\Crown2026_deploypr\.github\workflows\schema-governance.yml","schema-governance.yml","WorkflowFile","Add-on","Board Governance","Dev 1 / Dev 5","MUST_REVIEW","MUST_REVIEW","MUST_REVIEW"
"C:\Users\JMega\OneDrive\Desktop\Crown2026_deploypr\.venv\Lib\site-packages\bandit\plugins\__pycache__\general_bad_file_permissions.cpython-312.pyc","general_bad_file_permissions.cpython-312.pyc","File","Add-on","Core / Shared","Dev 1 / Dev 5","MUST_REVIEW","MUST_REVIEW","MUST_REVIEW"
"C:\Users\JMega\OneDrive\Desktop\Crown2026_deploypr\.venv\Lib\site-packages\bandit\plugins\general_bad_file_permissions.py","general_bad_file_permissions.py","File","Add-on","Core / Shared","Dev 1 / Dev 5","MUST_REVIEW","MUST_REVIEW","MUST_REVIEW"
"C:\Users\JMega\OneDrive\Desktop\Crown2026_deploypr\.venv\Lib\site-packages\django\contrib\auth\migrations\__pycache__\0002_alter_permission_name_max_length.cpython-312.pyc","0002_alter_permission_name_max_length.cpython-312.pyc","File","Add-on","Core / Shared","Dev 1 / Dev 5","MUST_REVIEW","MUST_REVIEW","MUST_REVIEW"
"C:\Users\JMega\OneDrive\Desktop\Crown2026_deploypr\.venv\Lib\site-packages\django\contrib\auth\migrations\__pycache__\0011_update_proxy_permissions.cpython-312.pyc","0011_update_proxy_permissions.cpython-312.pyc","File","Add-on","Core / Shared","Dev 1 / Dev 5","MUST_REVIEW","MUST_REVIEW","MUST_REVIEW"
"C:\Users\JMega\OneDrive\Desktop\Crown2026_deploypr\.venv\Lib\site-packages\django\contrib\auth\migrations\0002_alter_permission_name_max_length.py","0002_alter_permission_name_max_length.py","File","Add-on","Core / Shared","Dev 1 / Dev 5","MUST_REVIEW","MUST_REVIEW","MUST_REVIEW"
"C:\Users\JMega\OneDrive\Desktop\Crown2026_deploypr\.venv\Lib\site-packages\django\contrib\auth\migrations\0011_update_proxy_permissions.py","0011_update_proxy_permissions.py","File","Add-on","Core / Shared","Dev 1 / Dev 5","MUST_REVIEW","MUST_REVIEW","MUST_REVIEW"
"C:\Users\JMega\OneDrive\Desktop\Crown2026_deploypr\.venv\Lib\site-packages\django_extensions\management\commands\__pycache__\show_permissions.cpython-312.pyc","show_permissions.cpython-312.pyc","File","Add-on","Core / Shared","Dev 1 / Dev 5","MUST_REVIEW","MUST_REVIEW","MUST_REVIEW"
"C:\Users\JMega\OneDrive\Desktop\Crown2026_deploypr\.venv\Lib\site-packages\django_extensions\management\commands\__pycache__\update_permissions.cpython-312.pyc","update_permissions.cpython-312.pyc","File","Add-on","Core / Shared","Dev 1 / Dev 5","MUST_REVIEW","MUST_REVIEW","MUST_REVIEW"
"C:\Users\JMega\OneDrive\Desktop\Crown2026_deploypr\.venv\Lib\site-packages\django_extensions\management\commands\show_permissions.py","show_permissions.py","File","Add-on","Core / Shared","Dev 1 / Dev 5","MUST_REVIEW","MUST_REVIEW","MUST_REVIEW"
"C:\Users\JMega\OneDrive\Desktop\Crown2026_deploypr\.venv\Lib\site-packages\django_extensions\management\commands\update_permissions.py","update_permissions.py","File","Add-on","Core / Shared","Dev 1 / Dev 5","MUST_REVIEW","MUST_REVIEW","MUST_REVIEW"
"C:\Users\JMega\OneDrive\Desktop\Crown2026_deploypr\.venv\Lib\site-packages\rest_framework\__pycache__\permissions.cpython-312.pyc","permissions.cpython-312.pyc","File","Add-on","Core / Shared","Dev 1 / Dev 5","MUST_REVIEW","MUST_REVIEW","MUST_REVIEW"
"C:\Users\JMega\OneDrive\Desktop\Crown2026_deploypr\.venv\Lib\site-packages\rest_framework\permissions.py","permissions.py","File","Add-on","Core / Shared","Dev 1 / Dev 5","MUST_REVIEW","MUST_REVIEW","MUST_REVIEW"
"C:\Users\JMega\OneDrive\Desktop\Crown2026_deploypr\.venv\Lib\site-packages\safety\events\utils\__pycache__\emission.cpython-312.pyc","emission.cpython-312.pyc","File","Add-on","Activities / Events","Dev 1 / Dev 5","MUST_REVIEW","MUST_REVIEW","MUST_REVIEW"
"C:\Users\JMega\OneDrive\Desktop\Crown2026_deploypr\.venv\Lib\site-packages\safety\events\utils\emission.py","emission.py","File","Add-on","Activities / Events","Dev 1 / Dev 5","MUST_REVIEW","MUST_REVIEW","MUST_REVIEW"
"C:\Users\JMega\OneDrive\Desktop\Crown2026_deploypr\.venv\Lib\site-packages\twilio\rest\accounts\v1\__pycache__\messaging_geopermissions.cpython-312.pyc","messaging_geopermissions.cpython-312.pyc","File","Add-on","Core / Shared","Dev 1 / Dev 5","MUST_REVIEW","MUST_REVIEW","MUST_REVIEW"
"C:\Users\JMega\OneDrive\Desktop\Crown2026_deploypr\.venv\Lib\site-packages\twilio\rest\accounts\v1\messaging_geopermissions.py","messaging_geopermissions.py","File","Add-on","Core / Shared","Dev 1 / Dev 5","MUST_REVIEW","MUST_REVIEW","MUST_REVIEW"
"C:\Users\JMega\OneDrive\Desktop\Crown2026_deploypr\.venv\Lib\site-packages\twilio\rest\sync\v1\service\document\__pycache__\document_permission.cpython-312.pyc","document_permission.cpython-312.pyc","File","Add-on","Service & Outreach","Dev 1 / Dev 5","MUST_REVIEW","MUST_REVIEW","MUST_REVIEW"
"C:\Users\JMega\OneDrive\Desktop\Crown2026_deploypr\.venv\Lib\site-packages\twilio\rest\sync\v1\service\document\document_permission.py","document_permission.py","File","Add-on","Service & Outreach","Dev 1 / Dev 5","MUST_REVIEW","MUST_REVIEW","MUST_REVIEW"
"C:\Users\JMega\OneDrive\Desktop\Crown2026_deploypr\.venv\Lib\site-packages\twilio\rest\sync\v1\service\sync_list\__pycache__\sync_list_permission.cpython-312.pyc","sync_list_permission.cpython-312.pyc","File","Add-on","Service & Outreach","Dev 1 / Dev 5","MUST_REVIEW","MUST_REVIEW","MUST_REVIEW"
"C:\Users\JMega\OneDrive\Desktop\Crown2026_deploypr\.venv\Lib\site-packages\twilio\rest\sync\v1\service\sync_list\sync_list_permission.py","sync_list_permission.py","File","Add-on","Service & Outreach","Dev 1 / Dev 5","MUST_REVIEW","MUST_REVIEW","MUST_REVIEW"
"C:\Users\JMega\OneDrive\Desktop\Crown2026_deploypr\.venv\Lib\site-packages\twilio\rest\sync\v1\service\sync_map\__pycache__\sync_map_permission.cpython-312.pyc","sync_map_permission.cpython-312.pyc","File","Add-on","Service & Outreach","Dev 1 / Dev 5","MUST_REVIEW","MUST_REVIEW","MUST_REVIEW"
"C:\Users\JMega\OneDrive\Desktop\Crown2026_deploypr\.venv\Lib\site-packages\twilio\rest\sync\v1\service\sync_map\sync_map_permission.py","sync_map_permission.py","File","Add-on","Service & Outreach","Dev 1 / Dev 5","MUST_REVIEW","MUST_REVIEW","MUST_REVIEW"
"C:\Users\JMega\OneDrive\Desktop\Crown2026_deploypr\.venv\Lib\site-packages\twilio\rest\voice\v1\dialing_permissions\__init__.py","__init__.py","File","Add-on","Core / Shared","Dev 1 / Dev 5","MUST_REVIEW","MUST_REVIEW","MUST_REVIEW"
"C:\Users\JMega\OneDrive\Desktop\Crown2026_deploypr\.venv\Lib\site-packages\twilio\rest\voice\v1\dialing_permissions\__pycache__\__init__.cpython-312.pyc","__init__.cpython-312.pyc","File","Add-on","Core / Shared","Dev 1 / Dev 5","MUST_REVIEW","MUST_REVIEW","MUST_REVIEW"
"C:\Users\JMega\OneDrive\Desktop\Crown2026_deploypr\.venv\Lib\site-packages\twilio\rest\voice\v1\dialing_permissions\__pycache__\bulk_country_update.cpython-312.pyc","bulk_country_update.cpython-312.pyc","File","Add-on","Core / Shared","Dev 1 / Dev 5","MUST_REVIEW","MUST_REVIEW","MUST_REVIEW"
"C:\Users\JMega\OneDrive\Desktop\Crown2026_deploypr\.venv\Lib\site-packages\twilio\rest\voice\v1\dialing_permissions\__pycache__\settings.cpython-312.pyc","settings.cpython-312.pyc","File","Add-on","Core / Shared","Dev 1 / Dev 5","MUST_REVIEW","MUST_REVIEW","MUST_REVIEW"
"C:\Users\JMega\OneDrive\Desktop\Crown2026_deploypr\.venv\Lib\site-packages\twilio\rest\voice\v1\dialing_permissions\bulk_country_update.py","bulk_country_update.py","File","Add-on","Core / Shared","Dev 1 / Dev 5","MUST_REVIEW","MUST_REVIEW","MUST_REVIEW"
"C:\Users\JMega\OneDrive\Desktop\Crown2026_deploypr\.venv\Lib\site-packages\twilio\rest\voice\v1\dialing_permissions\country\__init__.py","__init__.py","File","Add-on","Core / Shared","Dev 1 / Dev 5","MUST_REVIEW","MUST_REVIEW","MUST_REVIEW"
"C:\Users\JMega\OneDrive\Desktop\Crown2026_deploypr\.venv\Lib\site-packages\twilio\rest\voice\v1\dialing_permissions\country\__pycache__\__init__.cpython-312.pyc","__init__.cpython-312.pyc","File","Add-on","Core / Shared","Dev 1 / Dev 5","MUST_REVIEW","MUST_REVIEW","MUST_REVIEW"
"C:\Users\JMega\OneDrive\Desktop\Crown2026_deploypr\.venv\Lib\site-packages\twilio\rest\voice\v1\dialing_permissions\country\__pycache__\highrisk_special_prefix.cpython-312.pyc","highrisk_special_prefix.cpython-312.pyc","File","Add-on","Core / Shared","Dev 1 / Dev 5","MUST_REVIEW","MUST_REVIEW","MUST_REVIEW"
"C:\Users\JMega\OneDrive\Desktop\Crown2026_deploypr\.venv\Lib\site-packages\twilio\rest\voice\v1\dialing_permissions\country\highrisk_special_prefix.py","highrisk_special_prefix.py","File","Add-on","Core / Shared","Dev 1 / Dev 5","MUST_REVIEW","MUST_REVIEW","MUST_REVIEW"
"C:\Users\JMega\OneDrive\Desktop\Crown2026_deploypr\.venv\Lib\site-packages\twilio\rest\voice\v1\dialing_permissions\settings.py","settings.py","File","Add-on","Core / Shared","Dev 1 / Dev 5","MUST_REVIEW","MUST_REVIEW","MUST_REVIEW"
"C:\Users\JMega\OneDrive\Desktop\Crown2026_deploypr\.venv\Lib\site-packages\virtualenv\util\path\__pycache__\_permission.cpython-312.pyc","_permission.cpython-312.pyc","File","Add-on","Core / Shared","Dev 1 / Dev 5","MUST_REVIEW","MUST_REVIEW","MUST_REVIEW"
"C:\Users\JMega\OneDrive\Desktop\Crown2026_deploypr\.venv\Lib\site-packages\virtualenv\util\path\_permission.py","_permission.py","File","Add-on","Core / Shared","Dev 1 / Dev 5","MUST_REVIEW","MUST_REVIEW","MUST_REVIEW"
"C:\Users\JMega\OneDrive\Desktop\Crown2026_deploypr\_tmp_admissions_schema.yaml","_tmp_admissions_schema.yaml","File","Add-on","Admissions","Dev 1 / Dev 5","MUST_REVIEW","MUST_REVIEW","MUST_REVIEW"
"C:\Users\JMega\OneDrive\Desktop\Crown2026_deploypr\_tmp_admissions_schema_v3.yaml","_tmp_admissions_schema_v3.yaml","File","Add-on","Admissions","Dev 1 / Dev 5","MUST_REVIEW","MUST_REVIEW","MUST_REVIEW"
"C:\Users\JMega\OneDrive\Desktop\Crown2026_deploypr\_tmp_admissions_triplecheck.yaml","_tmp_admissions_triplecheck.yaml","File","Add-on","Admissions","Dev 1 / Dev 5","MUST_REVIEW","MUST_REVIEW","MUST_REVIEW"
"C:\Users\JMega\OneDrive\Desktop\Crown2026_deploypr\_tmp_admissions_triplecheck_after.yaml","_tmp_admissions_triplecheck_after.yaml","File","Add-on","Admissions","Dev 1 / Dev 5","MUST_REVIEW","MUST_REVIEW","MUST_REVIEW"
"C:\Users\JMega\OneDrive\Desktop\Crown2026_deploypr\artifacts\permission_audit_report.txt","permission_audit_report.txt","DocFile","Add-on","Core / Shared","Dev 1 / Dev 5","MUST_REVIEW","MUST_REVIEW","MUST_REVIEW"
"C:\Users\JMega\OneDrive\Desktop\Crown2026_deploypr\artifacts\permissions_snapshot.json","permissions_snapshot.json","File","Add-on","Core / Shared","Dev 1 / Dev 5","MUST_REVIEW","MUST_REVIEW","MUST_REVIEW"
"C:\Users\JMega\OneDrive\Desktop\Crown2026_deploypr\artifacts\release\heritage_governance_verification.json","heritage_governance_verification.json","File","Add-on","Board Governance","Dev 1 / Dev 5","MUST_REVIEW","MUST_REVIEW","MUST_REVIEW"
"C:\Users\JMega\OneDrive\Desktop\Crown2026_deploypr\backend\admissions\__init__.py","__init__.py","File","Add-on","Admissions","Dev 1 / Dev 5","MUST_REVIEW","MUST_REVIEW","MUST_REVIEW"
"C:\Users\JMega\OneDrive\Desktop\Crown2026_deploypr\backend\admissions\__pycache__\__init__.cpython-312.pyc","__init__.cpython-312.pyc","File","Add-on","Admissions","Dev 1 / Dev 5","MUST_REVIEW","MUST_REVIEW","MUST_REVIEW"
"C:\Users\JMega\OneDrive\Desktop\Crown2026_deploypr\backend\admissions\__pycache__\admin.cpython-312.pyc","admin.cpython-312.pyc","File","Add-on","Admissions","Dev 1 / Dev 5","MUST_REVIEW","MUST_REVIEW","MUST_REVIEW"
"C:\Users\JMega\OneDrive\Desktop\Crown2026_deploypr\backend\admissions\__pycache__\api_urls.cpython-312.pyc","api_urls.cpython-312.pyc","APIOrView","Add-on","Admissions","Dev 1 / Dev 5","MUST_REVIEW","MUST_REVIEW","MUST_REVIEW"
"C:\Users\JMega\OneDrive\Desktop\Crown2026_deploypr\backend\admissions\__pycache__\api_views.cpython-312.pyc","api_views.cpython-312.pyc","APIOrView","Add-on","Admissions","Dev 1 / Dev 5","MUST_REVIEW","MUST_REVIEW","MUST_REVIEW"
"C:\Users\JMega\OneDrive\Desktop\Crown2026_deploypr\backend\admissions\__pycache__\apps.cpython-312.pyc","apps.cpython-312.pyc","File","Add-on","Admissions","Dev 1 / Dev 5","MUST_REVIEW","MUST_REVIEW","MUST_REVIEW"
"C:\Users\JMega\OneDrive\Desktop\Crown2026_deploypr\backend\admissions\__pycache__\models.cpython-312.pyc","models.cpython-312.pyc","File","Add-on","Admissions","Dev 1 / Dev 5","MUST_REVIEW","MUST_REVIEW","MUST_REVIEW"
"C:\Users\JMega\OneDrive\Desktop\Crown2026_deploypr\backend\admissions\__pycache__\serializers_admissions_links.cpython-312.pyc","serializers_admissions_links.cpython-312.pyc","APIOrView","Add-on","Admissions","Dev 1 / Dev 5","MUST_REVIEW","MUST_REVIEW","MUST_REVIEW"
"C:\Users\JMega\OneDrive\Desktop\Crown2026_deploypr\backend\admissions\__pycache__\services.cpython-312.pyc","services.cpython-312.pyc","ServiceFile","Add-on","Admissions","Dev 1 / Dev 5","MUST_REVIEW","MUST_REVIEW","MUST_REVIEW"
"C:\Users\JMega\OneDrive\Desktop\Crown2026_deploypr\backend\admissions\__pycache__\tests.cpython-312.pyc","tests.cpython-312.pyc","File","Add-on","Admissions","Dev 1 / Dev 5","MUST_REVIEW","MUST_REVIEW","MUST_REVIEW"
"C:\Users\JMega\OneDrive\Desktop\Crown2026_deploypr\backend\admissions\__pycache__\tests.cpython-312-pytest-7.4.3.pyc","tests.cpython-312-pytest-7.4.3.pyc","File","Add-on","Admissions","Dev 1 / Dev 5","MUST_REVIEW","MUST_REVIEW","MUST_REVIEW"
"C:\Users\JMega\OneDrive\Desktop\Crown2026_deploypr\backend\admissions\__pycache__\views_admissions_links.cpython-312.pyc","views_admissions_links.cpython-312.pyc","APIOrView","Add-on","Admissions","Dev 1 / Dev 5","MUST_REVIEW","MUST_REVIEW","MUST_REVIEW"
"C:\Users\JMega\OneDrive\Desktop\Crown2026_deploypr\backend\admissions\__pycache__\views_enroll.cpython-312.pyc","views_enroll.cpython-312.pyc","APIOrView","Add-on","Admissions","Dev 1 / Dev 5","MUST_REVIEW","MUST_REVIEW","MUST_REVIEW"
"C:\Users\JMega\OneDrive\Desktop\Crown2026_deploypr\backend\admissions\admin.py","admin.py","File","Add-on","Admissions","Dev 1 / Dev 5","MUST_REVIEW","MUST_REVIEW","MUST_REVIEW"
"C:\Users\JMega\OneDrive\Desktop\Crown2026_deploypr\backend\admissions\api_urls.py","api_urls.py","APIOrView","Add-on","Admissions","Dev 1 / Dev 5","MUST_REVIEW","MUST_REVIEW","MUST_REVIEW"
"C:\Users\JMega\OneDrive\Desktop\Crown2026_deploypr\backend\admissions\api_views.py","api_views.py","APIOrView","Add-on","Admissions","Dev 1 / Dev 5","MUST_REVIEW","MUST_REVIEW","MUST_REVIEW"
"C:\Users\JMega\OneDrive\Desktop\Crown2026_deploypr\backend\admissions\apps.py","apps.py","File","Add-on","Admissions","Dev 1 / Dev 5","MUST_REVIEW","MUST_REVIEW","MUST_REVIEW"
"C:\Users\JMega\OneDrive\Desktop\Crown2026_deploypr\backend\admissions\management\__init__.py","__init__.py","File","Add-on","Admissions","Dev 1 / Dev 5","MUST_REVIEW","MUST_REVIEW","MUST_REVIEW"
"C:\Users\JMega\OneDrive\Desktop\Crown2026_deploypr\backend\admissions\management\__pycache__\__init__.cpython-312.pyc","__init__.cpython-312.pyc","File","Add-on","Admissions","Dev 1 / Dev 5","MUST_REVIEW","MUST_REVIEW","MUST_REVIEW"
"C:\Users\JMega\OneDrive\Desktop\Crown2026_deploypr\backend\admissions\management\commands\__init__.py","__init__.py","File","Add-on","Admissions","Dev 1 / Dev 5","MUST_REVIEW","MUST_REVIEW","MUST_REVIEW"
"C:\Users\JMega\OneDrive\Desktop\Crown2026_deploypr\backend\admissions\management\commands\__pycache__\__init__.cpython-312.pyc","__init__.cpython-312.pyc","File","Add-on","Admissions","Dev 1 / Dev 5","MUST_REVIEW","MUST_REVIEW","MUST_REVIEW"
"C:\Users\JMega\OneDrive\Desktop\Crown2026_deploypr\backend\admissions\management\commands\__pycache__\seed_admissions_demo.cpython-312.pyc","seed_admissions_demo.cpython-312.pyc","File","Add-on","Admissions","Dev 1 / Dev 5","MUST_REVIEW","MUST_REVIEW","MUST_REVIEW"
"C:\Users\JMega\OneDrive\Desktop\Crown2026_deploypr\backend\admissions\management\commands\seed_admissions_demo.py","seed_admissions_demo.py","File","Add-on","Admissions","Dev 1 / Dev 5","MUST_REVIEW","MUST_REVIEW","MUST_REVIEW"
"C:\Users\JMega\OneDrive\Desktop\Crown2026_deploypr\backend\admissions\migrations\__init__.py","__init__.py","File","Add-on","Admissions","Dev 1 / Dev 5","MUST_REVIEW","MUST_REVIEW","MUST_REVIEW"
"C:\Users\JMega\OneDrive\Desktop\Crown2026_deploypr\backend\admissions\migrations\__pycache__\__init__.cpython-312.pyc","__init__.cpython-312.pyc","File","Add-on","Admissions","Dev 1 / Dev 5","MUST_REVIEW","MUST_REVIEW","MUST_REVIEW"
"C:\Users\JMega\OneDrive\Desktop\Crown2026_deploypr\backend\admissions\migrations\__pycache__\0001_initial.cpython-312.pyc","0001_initial.cpython-312.pyc","File","Add-on","Admissions","Dev 1 / Dev 5","MUST_REVIEW","MUST_REVIEW","MUST_REVIEW"
"C:\Users\JMega\OneDrive\Desktop\Crown2026_deploypr\backend\admissions\migrations\__pycache__\0002_link_household_student.cpython-312.pyc","0002_link_household_student.cpython-312.pyc","File","Add-on","Admissions","Dev 1 / Dev 5","MUST_REVIEW","MUST_REVIEW","MUST_REVIEW"
"C:\Users\JMega\OneDrive\Desktop\Crown2026_deploypr\backend\admissions\migrations\__pycache__\0003_alter_admissionsapplication_status.cpython-312.pyc","0003_alter_admissionsapplication_status.cpython-312.pyc","File","Add-on","Admissions","Dev 1 / Dev 5","MUST_REVIEW","MUST_REVIEW","MUST_REVIEW"
"C:\Users\JMega\OneDrive\Desktop\Crown2026_deploypr\backend\admissions\migrations\0001_initial.py","0001_initial.py","File","Add-on","Admissions","Dev 1 / Dev 5","MUST_REVIEW","MUST_REVIEW","MUST_REVIEW"
"C:\Users\JMega\OneDrive\Desktop\Crown2026_deploypr\backend\admissions\migrations\0002_link_household_student.py","0002_link_household_student.py","File","Add-on","Admissions","Dev 1 / Dev 5","MUST_REVIEW","MUST_REVIEW","MUST_REVIEW"
"C:\Users\JMega\OneDrive\Desktop\Crown2026_deploypr\backend\admissions\migrations\0003_alter_admissionsapplication_status.py","0003_alter_admissionsapplication_status.py","File","Add-on","Admissions","Dev 1 / Dev 5","MUST_REVIEW","MUST_REVIEW","MUST_REVIEW"
"C:\Users\JMega\OneDrive\Desktop\Crown2026_deploypr\backend\admissions\models.py","models.py","ModelFile","Add-on","Admissions","Dev 1 / Dev 5","MUST_REVIEW","MUST_REVIEW","MUST_REVIEW"
"C:\Users\JMega\OneDrive\Desktop\Crown2026_deploypr\backend\admissions\serializers_admissions_links.py","serializers_admissions_links.py","APIOrView","Add-on","Admissions","Dev 1 / Dev 5","MUST_REVIEW","MUST_REVIEW","MUST_REVIEW"
"C:\Users\JMega\OneDrive\Desktop\Crown2026_deploypr\backend\admissions\services.py","services.py","ServiceFile","Add-on","Admissions","Dev 1 / Dev 5","MUST_REVIEW","MUST_REVIEW","MUST_REVIEW"
"C:\Users\JMega\OneDrive\Desktop\Crown2026_deploypr\backend\admissions\templates\admissions\dashboard.html","dashboard.html","PageOrDashboard","Add-on","Admissions","Dev 1 / Dev 5","MUST_REVIEW","MUST_REVIEW","MUST_REVIEW"
"C:\Users\JMega\OneDrive\Desktop\Crown2026_deploypr\backend\admissions\tests.py","tests.py","File","Add-on","Admissions","Dev 1 / Dev 5","MUST_REVIEW","MUST_REVIEW","MUST_REVIEW"
"C:\Users\JMega\OneDrive\Desktop\Crown2026_deploypr\backend\admissions\views_admissions_links.py","views_admissions_links.py","APIOrView","Add-on","Admissions","Dev 1 / Dev 5","MUST_REVIEW","MUST_REVIEW","MUST_REVIEW"
"C:\Users\JMega\OneDrive\Desktop\Crown2026_deploypr\backend\admissions\views_enroll.py","views_enroll.py","APIOrView","Add-on","Admissions","Dev 1 / Dev 5","MUST_REVIEW","MUST_REVIEW","MUST_REVIEW"
"C:\Users\JMega\OneDrive\Desktop\Crown2026_deploypr\backend\applications\__pycache__\views_admissions.cpython-312.pyc","views_admissions.cpython-312.pyc","APIOrView","Add-on","Admissions","Dev 1 / Dev 5","MUST_REVIEW","MUST_REVIEW","MUST_REVIEW"
"C:\Users\JMega\OneDrive\Desktop\Crown2026_deploypr\backend\applications\tests\__pycache__\test_admissions_endpoints.cpython-312.pyc","test_admissions_endpoints.cpython-312.pyc","TestFile","Add-on","Admissions","Dev 1 / Dev 5","MUST_REVIEW","MUST_REVIEW","MUST_REVIEW"
"C:\Users\JMega\OneDrive\Desktop\Crown2026_deploypr\backend\applications\tests\__pycache__\test_admissions_endpoints.cpython-312-pytest-7.4.3.pyc","test_admissions_endpoints.cpython-312-pytest-7.4.3.pyc","TestFile","Add-on","Admissions","Dev 1 / Dev 5","MUST_REVIEW","MUST_REVIEW","MUST_REVIEW"
"C:\Users\JMega\OneDrive\Desktop\Crown2026_deploypr\backend\applications\tests\__pycache__\test_admissions_tenant_scoping.cpython-312.pyc","test_admissions_tenant_scoping.cpython-312.pyc","TestFile","Add-on","Admissions","Dev 1 / Dev 5","MUST_REVIEW","MUST_REVIEW","MUST_REVIEW"
"C:\Users\JMega\OneDrive\Desktop\Crown2026_deploypr\backend\applications\tests\__pycache__\test_admissions_tenant_scoping.cpython-312-pytest-7.4.3.pyc","test_admissions_tenant_scoping.cpython-312-pytest-7.4.3.pyc","TestFile","Add-on","Admissions","Dev 1 / Dev 5","MUST_REVIEW","MUST_REVIEW","MUST_REVIEW"
"C:\Users\JMega\OneDrive\Desktop\Crown2026_deploypr\backend\applications\tests\test_admissions_endpoints.py","test_admissions_endpoints.py","TestFile","Add-on","Admissions","Dev 1 / Dev 5","MUST_REVIEW","MUST_REVIEW","MUST_REVIEW"
"C:\Users\JMega\OneDrive\Desktop\Crown2026_deploypr\backend\applications\tests\test_admissions_tenant_scoping.py","test_admissions_tenant_scoping.py","TestFile","Add-on","Admissions","Dev 1 / Dev 5","MUST_REVIEW","MUST_REVIEW","MUST_REVIEW"
"C:\Users\JMega\OneDrive\Desktop\Crown2026_deploypr\backend\applications\views_admissions.py","views_admissions.py","APIOrView","Add-on","Admissions","Dev 1 / Dev 5","MUST_REVIEW","MUST_REVIEW","MUST_REVIEW"
"C:\Users\JMega\OneDrive\Desktop\Crown2026_deploypr\backend\athletics\api\__pycache__\permissions.cpython-312.pyc","permissions.cpython-312.pyc","File","Add-on","Activities / Events","Dev 1 / Dev 5","MUST_REVIEW","MUST_REVIEW","MUST_REVIEW"
"C:\Users\JMega\OneDrive\Desktop\Crown2026_deploypr\backend\athletics\api\permissions.py","permissions.py","File","Add-on","Activities / Events","Dev 1 / Dev 5","MUST_REVIEW","MUST_REVIEW","MUST_REVIEW"
"C:\Users\JMega\OneDrive\Desktop\Crown2026_deploypr\backend\board_oversight\__pycache__\api_governance.cpython-312.pyc","api_governance.cpython-312.pyc","APIOrView","Add-on","Board Governance","Dev 1 / Dev 5","MUST_REVIEW","MUST_REVIEW","MUST_REVIEW"
"C:\Users\JMega\OneDrive\Desktop\Crown2026_deploypr\backend\board_oversight\__pycache__\models_governance.cpython-312.pyc","models_governance.cpython-312.pyc","File","Add-on","Board Governance","Dev 1 / Dev 5","MUST_REVIEW","MUST_REVIEW","MUST_REVIEW"
"C:\Users\JMega\OneDrive\Desktop\Crown2026_deploypr\backend\board_oversight\api_governance.py","api_governance.py","APIOrView","Add-on","Board Governance","Dev 1 / Dev 5","MUST_REVIEW","MUST_REVIEW","MUST_REVIEW"
"C:\Users\JMega\OneDrive\Desktop\Crown2026_deploypr\backend\board_oversight\migrations\__pycache__\0002_stage4_governance.cpython-312.pyc","0002_stage4_governance.cpython-312.pyc","File","Add-on","Board Governance","Dev 1 / Dev 5","MUST_REVIEW","MUST_REVIEW","MUST_REVIEW"
"C:\Users\JMega\OneDrive\Desktop\Crown2026_deploypr\backend\board_oversight\migrations\0002_stage4_governance.py","0002_stage4_governance.py","File","Add-on","Board Governance","Dev 1 / Dev 5","MUST_REVIEW","MUST_REVIEW","MUST_REVIEW"
"C:\Users\JMega\OneDrive\Desktop\Crown2026_deploypr\backend\board_oversight\models_governance.py","models_governance.py","File","Add-on","Board Governance","Dev 1 / Dev 5","MUST_REVIEW","MUST_REVIEW","MUST_REVIEW"
"C:\Users\JMega\OneDrive\Desktop\Crown2026_deploypr\backend\core\__pycache__\permissions.cpython-312.pyc","permissions.cpython-312.pyc","File","Add-on","Core / Shared","Dev 1 / Dev 5","MUST_REVIEW","MUST_REVIEW","MUST_REVIEW"
"C:\Users\JMega\OneDrive\Desktop\Crown2026_deploypr\backend\core\management\commands\__pycache__\seed_permissions.cpython-312.pyc","seed_permissions.cpython-312.pyc","File","Add-on","Core / Shared","Dev 1 / Dev 5","MUST_REVIEW","MUST_REVIEW","MUST_REVIEW"
"C:\Users\JMega\OneDrive\Desktop\Crown2026_deploypr\backend\core\management\commands\seed_permissions.py","seed_permissions.py","File","Add-on","Core / Shared","Dev 1 / Dev 5","MUST_REVIEW","MUST_REVIEW","MUST_REVIEW"
"C:\Users\JMega\OneDrive\Desktop\Crown2026_deploypr\backend\core\migrations\__pycache__\0005_crown_permission_engine.cpython-312.pyc","0005_crown_permission_engine.cpython-312.pyc","File","Add-on","Core / Shared","Dev 1 / Dev 5","MUST_REVIEW","MUST_REVIEW","MUST_REVIEW"
"C:\Users\JMega\OneDrive\Desktop\Crown2026_deploypr\backend\core\migrations\0005_crown_permission_engine.py","0005_crown_permission_engine.py","File","Add-on","Core / Shared","Dev 1 / Dev 5","MUST_REVIEW","MUST_REVIEW","MUST_REVIEW"
"C:\Users\JMega\OneDrive\Desktop\Crown2026_deploypr\backend\core\permissions.py","permissions.py","File","Add-on","Core / Shared","Dev 1 / Dev 5","MUST_REVIEW","MUST_REVIEW","MUST_REVIEW"
"C:\Users\JMega\OneDrive\Desktop\Crown2026_deploypr\backend\core\tests\__pycache__\test_permission_engine.cpython-312.pyc","test_permission_engine.cpython-312.pyc","TestFile","Add-on","Core / Shared","Dev 1 / Dev 5","MUST_REVIEW","MUST_REVIEW","MUST_REVIEW"
"C:\Users\JMega\OneDrive\Desktop\Crown2026_deploypr\backend\core\tests\__pycache__\test_permission_engine.cpython-312-pytest-7.4.3.pyc","test_permission_engine.cpython-312-pytest-7.4.3.pyc","TestFile","Add-on","Core / Shared","Dev 1 / Dev 5","MUST_REVIEW","MUST_REVIEW","MUST_REVIEW"
"C:\Users\JMega\OneDrive\Desktop\Crown2026_deploypr\backend\core\tests\test_permission_engine.py","test_permission_engine.py","TestFile","Add-on","Core / Shared","Dev 1 / Dev 5","MUST_REVIEW","MUST_REVIEW","MUST_REVIEW"
"C:\Users\JMega\OneDrive\Desktop\Crown2026_deploypr\backend\crown_api\__pycache__\permissions.cpython-312.pyc","permissions.cpython-312.pyc","File","Add-on","Core / Shared","Dev 1 / Dev 5","MUST_REVIEW","MUST_REVIEW","MUST_REVIEW"
"C:\Users\JMega\OneDrive\Desktop\Crown2026_deploypr\backend\crown_api\billing_api\__pycache__\permissions.cpython-312.pyc","permissions.cpython-312.pyc","File","Add-on","Billing / Payments","Dev 1 / Dev 5","MUST_REVIEW","MUST_REVIEW","MUST_REVIEW"
"C:\Users\JMega\OneDrive\Desktop\Crown2026_deploypr\backend\crown_api\billing_api\permissions.py","permissions.py","File","Add-on","Billing / Payments","Dev 1 / Dev 5","MUST_REVIEW","MUST_REVIEW","MUST_REVIEW"
"C:\Users\JMega\OneDrive\Desktop\Crown2026_deploypr\backend\crown_api\dashboards\__pycache__\admissions.cpython-312.pyc","admissions.cpython-312.pyc","File","Add-on","Admissions","Dev 1 / Dev 5","MUST_REVIEW","MUST_REVIEW","MUST_REVIEW"
"C:\Users\JMega\OneDrive\Desktop\Crown2026_deploypr\backend\crown_api\dashboards\admissions.py","admissions.py","File","Add-on","Admissions","Dev 1 / Dev 5","MUST_REVIEW","MUST_REVIEW","MUST_REVIEW"
"C:\Users\JMega\OneDrive\Desktop\Crown2026_deploypr\backend\crown_api\executive360\__pycache__\permissions.cpython-312.pyc","permissions.cpython-312.pyc","File","Add-on","Core / Shared","Dev 1 / Dev 5","MUST_REVIEW","MUST_REVIEW","MUST_REVIEW"
"C:\Users\JMega\OneDrive\Desktop\Crown2026_deploypr\backend\crown_api\exports\__pycache__\permissions.cpython-312.pyc","permissions.cpython-312.pyc","File","Add-on","Core / Shared","Dev 1 / Dev 5","MUST_REVIEW","MUST_REVIEW","MUST_REVIEW"
"C:\Users\JMega\OneDrive\Desktop\Crown2026_deploypr\backend\crown_api\exports\permissions.py","permissions.py","File","Add-on","Core / Shared","Dev 1 / Dev 5","MUST_REVIEW","MUST_REVIEW","MUST_REVIEW"
"C:\Users\JMega\OneDrive\Desktop\Crown2026_deploypr\backend\crown_api\permissions.py","permissions.py","File","Add-on","Core / Shared","Dev 1 / Dev 5","MUST_REVIEW","MUST_REVIEW","MUST_REVIEW"
"C:\Users\JMega\OneDrive\Desktop\Crown2026_deploypr\backend\crown_api\tests\__pycache__\test_admissions_links_api.cpython-312.pyc","test_admissions_links_api.cpython-312.pyc","TestFile","Add-on","Admissions","Dev 1 / Dev 5","MUST_REVIEW","MUST_REVIEW","MUST_REVIEW"
"C:\Users\JMega\OneDrive\Desktop\Crown2026_deploypr\backend\crown_api\tests\__pycache__\test_admissions_links_api.cpython-312-pytest-7.4.3.pyc","test_admissions_links_api.cpython-312-pytest-7.4.3.pyc","TestFile","Add-on","Admissions","Dev 1 / Dev 5","MUST_REVIEW","MUST_REVIEW","MUST_REVIEW"
"C:\Users\JMega\OneDrive\Desktop\Crown2026_deploypr\backend\crown_api\tests\__pycache__\test_metrics_permissions_contract.cpython-312.pyc","test_metrics_permissions_contract.cpython-312.pyc","TestFile","Add-on","Core / Shared","Dev 1 / Dev 5","MUST_REVIEW","MUST_REVIEW","MUST_REVIEW"
"C:\Users\JMega\OneDrive\Desktop\Crown2026_deploypr\backend\crown_api\tests\__pycache__\test_metrics_permissions_contract.cpython-312-pytest-7.4.3.pyc","test_metrics_permissions_contract.cpython-312-pytest-7.4.3.pyc","TestFile","Add-on","Core / Shared","Dev 1 / Dev 5","MUST_REVIEW","MUST_REVIEW","MUST_REVIEW"
"C:\Users\JMega\OneDrive\Desktop\Crown2026_deploypr\backend\crown_api\tests\__pycache__\test_object_level_permissions.cpython-312.pyc","test_object_level_permissions.cpython-312.pyc","TestFile","Add-on","Core / Shared","Dev 1 / Dev 5","MUST_REVIEW","MUST_REVIEW","MUST_REVIEW"
"C:\Users\JMega\OneDrive\Desktop\Crown2026_deploypr\backend\crown_api\tests\__pycache__\test_object_level_permissions.cpython-312-pytest-7.4.3.pyc","test_object_level_permissions.cpython-312-pytest-7.4.3.pyc","TestFile","Add-on","Core / Shared","Dev 1 / Dev 5","MUST_REVIEW","MUST_REVIEW","MUST_REVIEW"
"C:\Users\JMega\OneDrive\Desktop\Crown2026_deploypr\backend\crown_api\tests\test_admissions_links_api.py","test_admissions_links_api.py","TestFile","Add-on","Admissions","Dev 1 / Dev 5","MUST_REVIEW","MUST_REVIEW","MUST_REVIEW"
"C:\Users\JMega\OneDrive\Desktop\Crown2026_deploypr\backend\crown_api\tests\test_metrics_permissions_contract.py","test_metrics_permissions_contract.py","TestFile","Add-on","Core / Shared","Dev 1 / Dev 5","MUST_REVIEW","MUST_REVIEW","MUST_REVIEW"
"C:\Users\JMega\OneDrive\Desktop\Crown2026_deploypr\backend\crown_api\tests\test_object_level_permissions.py","test_object_level_permissions.py","TestFile","Add-on","Core / Shared","Dev 1 / Dev 5","MUST_REVIEW","MUST_REVIEW","MUST_REVIEW"
"C:\Users\JMega\OneDrive\Desktop\Crown2026_deploypr\backend\facops\api\__pycache__\permissions.cpython-312.pyc","permissions.cpython-312.pyc","File","Add-on","Core / Shared","Dev 1 / Dev 5","MUST_REVIEW","MUST_REVIEW","MUST_REVIEW"
"C:\Users\JMega\OneDrive\Desktop\Crown2026_deploypr\backend\facops\api\permissions.py","permissions.py","File","Add-on","Core / Shared","Dev 1 / Dev 5","MUST_REVIEW","MUST_REVIEW","MUST_REVIEW"
"C:\Users\JMega\OneDrive\Desktop\Crown2026_deploypr\backend\governance\__init__.py","__init__.py","File","Add-on","Board Governance","Dev 1 / Dev 5","MUST_REVIEW","MUST_REVIEW","MUST_REVIEW"
"C:\Users\JMega\OneDrive\Desktop\Crown2026_deploypr\backend\governance\__pycache__\__init__.cpython-312.pyc","__init__.cpython-312.pyc","File","Add-on","Board Governance","Dev 1 / Dev 5","MUST_REVIEW","MUST_REVIEW","MUST_REVIEW"
"C:\Users\JMega\OneDrive\Desktop\Crown2026_deploypr\backend\governance\__pycache__\microsoft_graph.cpython-312.pyc","microsoft_graph.cpython-312.pyc","File","Add-on","Board Governance","Dev 1 / Dev 5","MUST_REVIEW","MUST_REVIEW","MUST_REVIEW"
"C:\Users\JMega\OneDrive\Desktop\Crown2026_deploypr\backend\governance\__pycache__\openapi.cpython-312.pyc","openapi.cpython-312.pyc","File","Add-on","Board Governance","Dev 1 / Dev 5","MUST_REVIEW","MUST_REVIEW","MUST_REVIEW"
"C:\Users\JMega\OneDrive\Desktop\Crown2026_deploypr\backend\governance\__pycache__\scheduler.cpython-312.pyc","scheduler.cpython-312.pyc","File","Add-on","Scheduling / Gradebook","Dev 1 / Dev 5","MUST_REVIEW","MUST_REVIEW","MUST_REVIEW"
"C:\Users\JMega\OneDrive\Desktop\Crown2026_deploypr\backend\governance\__pycache__\schema_examples.cpython-312.pyc","schema_examples.cpython-312.pyc","File","Add-on","Board Governance","Dev 1 / Dev 5","MUST_REVIEW","MUST_REVIEW","MUST_REVIEW"
"C:\Users\JMega\OneDrive\Desktop\Crown2026_deploypr\backend\governance\__pycache__\services.cpython-312.pyc","services.cpython-312.pyc","ServiceFile","Add-on","Board Governance","Dev 1 / Dev 5","MUST_REVIEW","MUST_REVIEW","MUST_REVIEW"
"C:\Users\JMega\OneDrive\Desktop\Crown2026_deploypr\backend\governance\__pycache__\urls.cpython-312.pyc","urls.cpython-312.pyc","File","Add-on","Board Governance","Dev 1 / Dev 5","MUST_REVIEW","MUST_REVIEW","MUST_REVIEW"
"C:\Users\JMega\OneDrive\Desktop\Crown2026_deploypr\backend\governance\__pycache__\views.cpython-312.pyc","views.cpython-312.pyc","File","Add-on","Board Governance","Dev 1 / Dev 5","MUST_REVIEW","MUST_REVIEW","MUST_REVIEW"
"C:\Users\JMega\OneDrive\Desktop\Crown2026_deploypr\backend\governance\microsoft_graph.py","microsoft_graph.py","File","Add-on","Board Governance","Dev 1 / Dev 5","MUST_REVIEW","MUST_REVIEW","MUST_REVIEW"
"C:\Users\JMega\OneDrive\Desktop\Crown2026_deploypr\backend\governance\services.py","services.py","ServiceFile","Add-on","Board Governance","Dev 1 / Dev 5","MUST_REVIEW","MUST_REVIEW","MUST_REVIEW"
"C:\Users\JMega\OneDrive\Desktop\Crown2026_deploypr\backend\governance\urls.py","urls.py","APIOrView","Add-on","Board Governance","Dev 1 / Dev 5","MUST_REVIEW","MUST_REVIEW","MUST_REVIEW"
"C:\Users\JMega\OneDrive\Desktop\Crown2026_deploypr\backend\governance\views.py","views.py","File","Add-on","Board Governance","Dev 1 / Dev 5","MUST_REVIEW","MUST_REVIEW","MUST_REVIEW"
"C:\Users\JMega\OneDrive\Desktop\Crown2026_deploypr\backend\outreach\__init__.py","__init__.py","File","Add-on","Service & Outreach","Dev 1 / Dev 5","MUST_REVIEW","MUST_REVIEW","MUST_REVIEW"
"C:\Users\JMega\OneDrive\Desktop\Crown2026_deploypr\backend\outreach\__pycache__\__init__.cpython-312.pyc","__init__.cpython-312.pyc","File","Add-on","Service & Outreach","Dev 1 / Dev 5","MUST_REVIEW","MUST_REVIEW","MUST_REVIEW"
"C:\Users\JMega\OneDrive\Desktop\Crown2026_deploypr\backend\outreach\__pycache__\apps.cpython-312.pyc","apps.cpython-312.pyc","File","Add-on","Service & Outreach","Dev 1 / Dev 5","MUST_REVIEW","MUST_REVIEW","MUST_REVIEW"
"C:\Users\JMega\OneDrive\Desktop\Crown2026_deploypr\backend\outreach\__pycache__\models.cpython-312.pyc","models.cpython-312.pyc","File","Add-on","Service & Outreach","Dev 1 / Dev 5","MUST_REVIEW","MUST_REVIEW","MUST_REVIEW"
"C:\Users\JMega\OneDrive\Desktop\Crown2026_deploypr\backend\outreach\api\__init__.py","__init__.py","File","Add-on","Service & Outreach","Dev 1 / Dev 5","MUST_REVIEW","MUST_REVIEW","MUST_REVIEW"
"C:\Users\JMega\OneDrive\Desktop\Crown2026_deploypr\backend\outreach\api\__pycache__\__init__.cpython-312.pyc","__init__.cpython-312.pyc","File","Add-on","Service & Outreach","Dev 1 / Dev 5","MUST_REVIEW","MUST_REVIEW","MUST_REVIEW"
"C:\Users\JMega\OneDrive\Desktop\Crown2026_deploypr\backend\outreach\api\__pycache__\permissions.cpython-312.pyc","permissions.cpython-312.pyc","File","Add-on","Service & Outreach","Dev 1 / Dev 5","MUST_REVIEW","MUST_REVIEW","MUST_REVIEW"
"C:\Users\JMega\OneDrive\Desktop\Crown2026_deploypr\backend\outreach\api\__pycache__\serializers.cpython-312.pyc","serializers.cpython-312.pyc","APIOrView","Add-on","Service & Outreach","Dev 1 / Dev 5","MUST_REVIEW","MUST_REVIEW","MUST_REVIEW"
"C:\Users\JMega\OneDrive\Desktop\Crown2026_deploypr\backend\outreach\api\__pycache__\urls.cpython-312.pyc","urls.cpython-312.pyc","File","Add-on","Service & Outreach","Dev 1 / Dev 5","MUST_REVIEW","MUST_REVIEW","MUST_REVIEW"
"C:\Users\JMega\OneDrive\Desktop\Crown2026_deploypr\backend\outreach\api\__pycache__\views.cpython-312.pyc","views.cpython-312.pyc","File","Add-on","Service & Outreach","Dev 1 / Dev 5","MUST_REVIEW","MUST_REVIEW","MUST_REVIEW"
"C:\Users\JMega\OneDrive\Desktop\Crown2026_deploypr\backend\outreach\api\permissions.py","permissions.py","File","Add-on","Service & Outreach","Dev 1 / Dev 5","MUST_REVIEW","MUST_REVIEW","MUST_REVIEW"
"C:\Users\JMega\OneDrive\Desktop\Crown2026_deploypr\backend\outreach\api\serializers.py","serializers.py","APIOrView","Add-on","Service & Outreach","Dev 1 / Dev 5","MUST_REVIEW","MUST_REVIEW","MUST_REVIEW"
"C:\Users\JMega\OneDrive\Desktop\Crown2026_deploypr\backend\outreach\api\urls.py","urls.py","APIOrView","Add-on","Service & Outreach","Dev 1 / Dev 5","MUST_REVIEW","MUST_REVIEW","MUST_REVIEW"
"C:\Users\JMega\OneDrive\Desktop\Crown2026_deploypr\backend\outreach\api\views.py","views.py","File","Add-on","Service & Outreach","Dev 1 / Dev 5","MUST_REVIEW","MUST_REVIEW","MUST_REVIEW"
"C:\Users\JMega\OneDrive\Desktop\Crown2026_deploypr\backend\outreach\apps.py","apps.py","File","Add-on","Service & Outreach","Dev 1 / Dev 5","MUST_REVIEW","MUST_REVIEW","MUST_REVIEW"
"C:\Users\JMega\OneDrive\Desktop\Crown2026_deploypr\backend\outreach\migrations\__init__.py","__init__.py","File","Add-on","Service & Outreach","Dev 1 / Dev 5","MUST_REVIEW","MUST_REVIEW","MUST_REVIEW"
"C:\Users\JMega\OneDrive\Desktop\Crown2026_deploypr\backend\outreach\migrations\__pycache__\__init__.cpython-312.pyc","__init__.cpython-312.pyc","File","Add-on","Service & Outreach","Dev 1 / Dev 5","MUST_REVIEW","MUST_REVIEW","MUST_REVIEW"
"C:\Users\JMega\OneDrive\Desktop\Crown2026_deploypr\backend\outreach\migrations\__pycache__\0001_initial_outreach.cpython-312.pyc","0001_initial_outreach.cpython-312.pyc","File","Add-on","Service & Outreach","Dev 1 / Dev 5","MUST_REVIEW","MUST_REVIEW","MUST_REVIEW"
"C:\Users\JMega\OneDrive\Desktop\Crown2026_deploypr\backend\outreach\migrations\0001_initial_outreach.py","0001_initial_outreach.py","File","Add-on","Service & Outreach","Dev 1 / Dev 5","MUST_REVIEW","MUST_REVIEW","MUST_REVIEW"
"C:\Users\JMega\OneDrive\Desktop\Crown2026_deploypr\backend\outreach\models.py","models.py","ModelFile","Add-on","Service & Outreach","Dev 1 / Dev 5","MUST_REVIEW","MUST_REVIEW","MUST_REVIEW"
"C:\Users\JMega\OneDrive\Desktop\Crown2026_deploypr\backend\outreach\tests\__init__.py","__init__.py","File","Add-on","Service & Outreach","Dev 1 / Dev 5","MUST_REVIEW","MUST_REVIEW","MUST_REVIEW"
"C:\Users\JMega\OneDrive\Desktop\Crown2026_deploypr\backend\outreach\tests\__pycache__\__init__.cpython-312.pyc","__init__.cpython-312.pyc","File","Add-on","Service & Outreach","Dev 1 / Dev 5","MUST_REVIEW","MUST_REVIEW","MUST_REVIEW"
"C:\Users\JMega\OneDrive\Desktop\Crown2026_deploypr\backend\outreach\tests\__pycache__\test_outreach.cpython-312.pyc","test_outreach.cpython-312.pyc","TestFile","Add-on","Service & Outreach","Dev 1 / Dev 5","MUST_REVIEW","MUST_REVIEW","MUST_REVIEW"
"C:\Users\JMega\OneDrive\Desktop\Crown2026_deploypr\backend\outreach\tests\__pycache__\test_outreach.cpython-312-pytest-7.4.3.pyc","test_outreach.cpython-312-pytest-7.4.3.pyc","TestFile","Add-on","Service & Outreach","Dev 1 / Dev 5","MUST_REVIEW","MUST_REVIEW","MUST_REVIEW"
"C:\Users\JMega\OneDrive\Desktop\Crown2026_deploypr\backend\outreach\tests\test_outreach.py","test_outreach.py","TestFile","Add-on","Service & Outreach","Dev 1 / Dev 5","MUST_REVIEW","MUST_REVIEW","MUST_REVIEW"
"C:\Users\JMega\OneDrive\Desktop\Crown2026_deploypr\backend\pdhub\__init__.py","__init__.py","File","Add-on","PD Hub","Dev 1 / Dev 5","MUST_REVIEW","MUST_REVIEW","MUST_REVIEW"
"C:\Users\JMega\OneDrive\Desktop\Crown2026_deploypr\backend\pdhub\__pycache__\__init__.cpython-312.pyc","__init__.cpython-312.pyc","File","Add-on","PD Hub","Dev 1 / Dev 5","MUST_REVIEW","MUST_REVIEW","MUST_REVIEW"
"C:\Users\JMega\OneDrive\Desktop\Crown2026_deploypr\backend\pdhub\__pycache__\admin.cpython-312.pyc","admin.cpython-312.pyc","File","Add-on","Administrator Portal","Dev 1 / Dev 5","MUST_REVIEW","MUST_REVIEW","MUST_REVIEW"
"C:\Users\JMega\OneDrive\Desktop\Crown2026_deploypr\backend\pdhub\__pycache__\api.cpython-312.pyc","api.cpython-312.pyc","File","Add-on","PD Hub","Dev 1 / Dev 5","MUST_REVIEW","MUST_REVIEW","MUST_REVIEW"
"C:\Users\JMega\OneDrive\Desktop\Crown2026_deploypr\backend\pdhub\__pycache__\apps.cpython-312.pyc","apps.cpython-312.pyc","File","Add-on","PD Hub","Dev 1 / Dev 5","MUST_REVIEW","MUST_REVIEW","MUST_REVIEW"
"C:\Users\JMega\OneDrive\Desktop\Crown2026_deploypr\backend\pdhub\__pycache__\models.cpython-312.pyc","models.cpython-312.pyc","File","Add-on","PD Hub","Dev 1 / Dev 5","MUST_REVIEW","MUST_REVIEW","MUST_REVIEW"
"C:\Users\JMega\OneDrive\Desktop\Crown2026_deploypr\backend\pdhub\__pycache__\serializers.cpython-312.pyc","serializers.cpython-312.pyc","APIOrView","Add-on","PD Hub","Dev 1 / Dev 5","MUST_REVIEW","MUST_REVIEW","MUST_REVIEW"
"C:\Users\JMega\OneDrive\Desktop\Crown2026_deploypr\backend\pdhub\__pycache__\urls.cpython-312.pyc","urls.cpython-312.pyc","File","Add-on","PD Hub","Dev 1 / Dev 5","MUST_REVIEW","MUST_REVIEW","MUST_REVIEW"
"C:\Users\JMega\OneDrive\Desktop\Crown2026_deploypr\backend\pdhub\admin.py","admin.py","File","Add-on","Administrator Portal","Dev 1 / Dev 5","MUST_REVIEW","MUST_REVIEW","MUST_REVIEW"
"C:\Users\JMega\OneDrive\Desktop\Crown2026_deploypr\backend\pdhub\api.py","api.py","File","Add-on","PD Hub","Dev 1 / Dev 5","MUST_REVIEW","MUST_REVIEW","MUST_REVIEW"
"C:\Users\JMega\OneDrive\Desktop\Crown2026_deploypr\backend\pdhub\apps.py","apps.py","File","Add-on","PD Hub","Dev 1 / Dev 5","MUST_REVIEW","MUST_REVIEW","MUST_REVIEW"
"C:\Users\JMega\OneDrive\Desktop\Crown2026_deploypr\backend\pdhub\migrations\__init__.py","__init__.py","File","Add-on","PD Hub","Dev 1 / Dev 5","MUST_REVIEW","MUST_REVIEW","MUST_REVIEW"
"C:\Users\JMega\OneDrive\Desktop\Crown2026_deploypr\backend\pdhub\migrations\__pycache__\__init__.cpython-312.pyc","__init__.cpython-312.pyc","File","Add-on","PD Hub","Dev 1 / Dev 5","MUST_REVIEW","MUST_REVIEW","MUST_REVIEW"
"C:\Users\JMega\OneDrive\Desktop\Crown2026_deploypr\backend\pdhub\migrations\__pycache__\0001_initial.cpython-312.pyc","0001_initial.cpython-312.pyc","File","Add-on","PD Hub","Dev 1 / Dev 5","MUST_REVIEW","MUST_REVIEW","MUST_REVIEW"
"C:\Users\JMega\OneDrive\Desktop\Crown2026_deploypr\backend\pdhub\migrations\0001_initial.py","0001_initial.py","File","Add-on","PD Hub","Dev 1 / Dev 5","MUST_REVIEW","MUST_REVIEW","MUST_REVIEW"
"C:\Users\JMega\OneDrive\Desktop\Crown2026_deploypr\backend\pdhub\models.py","models.py","ModelFile","Add-on","PD Hub","Dev 1 / Dev 5","MUST_REVIEW","MUST_REVIEW","MUST_REVIEW"
"C:\Users\JMega\OneDrive\Desktop\Crown2026_deploypr\backend\pdhub\serializers.py","serializers.py","APIOrView","Add-on","PD Hub","Dev 1 / Dev 5","MUST_REVIEW","MUST_REVIEW","MUST_REVIEW"
"C:\Users\JMega\OneDrive\Desktop\Crown2026_deploypr\backend\pdhub\urls.py","urls.py","APIOrView","Add-on","PD Hub","Dev 1 / Dev 5","MUST_REVIEW","MUST_REVIEW","MUST_REVIEW"
"C:\Users\JMega\OneDrive\Desktop\Crown2026_deploypr\backend\portrait\__init__.py","__init__.py","File","Add-on","Core / Shared","Dev 1 / Dev 5","MUST_REVIEW","MUST_REVIEW","MUST_REVIEW"
"C:\Users\JMega\OneDrive\Desktop\Crown2026_deploypr\backend\portrait\__pycache__\__init__.cpython-312.pyc","__init__.cpython-312.pyc","File","Add-on","Core / Shared","Dev 1 / Dev 5","MUST_REVIEW","MUST_REVIEW","MUST_REVIEW"
"C:\Users\JMega\OneDrive\Desktop\Crown2026_deploypr\backend\portrait\__pycache__\admin.cpython-312.pyc","admin.cpython-312.pyc","File","Add-on","Administrator Portal","Dev 1 / Dev 5","MUST_REVIEW","MUST_REVIEW","MUST_REVIEW"
"C:\Users\JMega\OneDrive\Desktop\Crown2026_deploypr\backend\portrait\__pycache__\apps.cpython-312.pyc","apps.cpython-312.pyc","File","Add-on","Core / Shared","Dev 1 / Dev 5","MUST_REVIEW","MUST_REVIEW","MUST_REVIEW"
"C:\Users\JMega\OneDrive\Desktop\Crown2026_deploypr\backend\portrait\__pycache__\models.cpython-312.pyc","models.cpython-312.pyc","File","Add-on","Core / Shared","Dev 1 / Dev 5","MUST_REVIEW","MUST_REVIEW","MUST_REVIEW"
"C:\Users\JMega\OneDrive\Desktop\Crown2026_deploypr\backend\portrait\__pycache__\serializers.cpython-312.pyc","serializers.cpython-312.pyc","APIOrView","Add-on","Core / Shared","Dev 1 / Dev 5","MUST_REVIEW","MUST_REVIEW","MUST_REVIEW"
"C:\Users\JMega\OneDrive\Desktop\Crown2026_deploypr\backend\portrait\__pycache__\services.cpython-312.pyc","services.cpython-312.pyc","ServiceFile","Add-on","Service & Outreach","Dev 1 / Dev 5","MUST_REVIEW","MUST_REVIEW","MUST_REVIEW"
"C:\Users\JMega\OneDrive\Desktop\Crown2026_deploypr\backend\portrait\__pycache__\urls.cpython-312.pyc","urls.cpython-312.pyc","File","Add-on","Core / Shared","Dev 1 / Dev 5","MUST_REVIEW","MUST_REVIEW","MUST_REVIEW"
"C:\Users\JMega\OneDrive\Desktop\Crown2026_deploypr\backend\portrait\__pycache__\views.cpython-312.pyc","views.cpython-312.pyc","File","Add-on","Core / Shared","Dev 1 / Dev 5","MUST_REVIEW","MUST_REVIEW","MUST_REVIEW"
"C:\Users\JMega\OneDrive\Desktop\Crown2026_deploypr\backend\portrait\apps.py","apps.py","File","Add-on","Core / Shared","Dev 1 / Dev 5","MUST_REVIEW","MUST_REVIEW","MUST_REVIEW"
"C:\Users\JMega\OneDrive\Desktop\Crown2026_deploypr\backend\portrait\management\__pycache__\__init__.cpython-312.pyc","__init__.cpython-312.pyc","File","Add-on","Core / Shared","Dev 1 / Dev 5","MUST_REVIEW","MUST_REVIEW","MUST_REVIEW"
"C:\Users\JMega\OneDrive\Desktop\Crown2026_deploypr\backend\portrait\migrations\__init__.py","__init__.py","File","Add-on","Core / Shared","Dev 1 / Dev 5","MUST_REVIEW","MUST_REVIEW","MUST_REVIEW"
"C:\Users\JMega\OneDrive\Desktop\Crown2026_deploypr\backend\portrait\migrations\__pycache__\__init__.cpython-312.pyc","__init__.cpython-312.pyc","File","Add-on","Core / Shared","Dev 1 / Dev 5","MUST_REVIEW","MUST_REVIEW","MUST_REVIEW"
"C:\Users\JMega\OneDrive\Desktop\Crown2026_deploypr\backend\portrait\migrations\__pycache__\0001_initial.cpython-312.pyc","0001_initial.cpython-312.pyc","File","Add-on","Core / Shared","Dev 1 / Dev 5","MUST_REVIEW","MUST_REVIEW","MUST_REVIEW"
"C:\Users\JMega\OneDrive\Desktop\Crown2026_deploypr\backend\portrait\models.py","models.py","ModelFile","Add-on","Core / Shared","Dev 1 / Dev 5","MUST_REVIEW","MUST_REVIEW","MUST_REVIEW"
"C:\Users\JMega\OneDrive\Desktop\Crown2026_deploypr\backend\portrait\services.py","services.py","ServiceFile","Add-on","Service & Outreach","Dev 1 / Dev 5","MUST_REVIEW","MUST_REVIEW","MUST_REVIEW"
"C:\Users\JMega\OneDrive\Desktop\Crown2026_deploypr\backend\scripts\__pycache__\seed_admissions_links.cpython-312.pyc","seed_admissions_links.cpython-312.pyc","File","Add-on","Admissions","Dev 1 / Dev 5","MUST_REVIEW","MUST_REVIEW","MUST_REVIEW"
"C:\Users\JMega\OneDrive\Desktop\Crown2026_deploypr\backend\scripts\seed_admissions_links.py","seed_admissions_links.py","File","Add-on","Admissions","Dev 1 / Dev 5","MUST_REVIEW","MUST_REVIEW","MUST_REVIEW"
"C:\Users\JMega\OneDrive\Desktop\Crown2026_deploypr\backend\spiritual_life\__init__.py","__init__.py","File","Add-on","Spiritual Life","Dev 1 / Dev 5","MUST_REVIEW","MUST_REVIEW","MUST_REVIEW"
"C:\Users\JMega\OneDrive\Desktop\Crown2026_deploypr\backend\spiritual_life\__pycache__\__init__.cpython-312.pyc","__init__.cpython-312.pyc","File","Add-on","Spiritual Life","Dev 1 / Dev 5","MUST_REVIEW","MUST_REVIEW","MUST_REVIEW"
"C:\Users\JMega\OneDrive\Desktop\Crown2026_deploypr\backend\spiritual_life\__pycache__\apps.cpython-312.pyc","apps.cpython-312.pyc","File","Add-on","Spiritual Life","Dev 1 / Dev 5","MUST_REVIEW","MUST_REVIEW","MUST_REVIEW"
"C:\Users\JMega\OneDrive\Desktop\Crown2026_deploypr\backend\spiritual_life\__pycache__\models.cpython-312.pyc","models.cpython-312.pyc","File","Add-on","Spiritual Life","Dev 1 / Dev 5","MUST_REVIEW","MUST_REVIEW","MUST_REVIEW"
"C:\Users\JMega\OneDrive\Desktop\Crown2026_deploypr\backend\spiritual_life\__pycache__\services.cpython-312.pyc","services.cpython-312.pyc","ServiceFile","Add-on","Spiritual Life","Dev 1 / Dev 5","MUST_REVIEW","MUST_REVIEW","MUST_REVIEW"
"C:\Users\JMega\OneDrive\Desktop\Crown2026_deploypr\backend\spiritual_life\api\__init__.py","__init__.py","File","Add-on","Spiritual Life","Dev 1 / Dev 5","MUST_REVIEW","MUST_REVIEW","MUST_REVIEW"
"C:\Users\JMega\OneDrive\Desktop\Crown2026_deploypr\backend\spiritual_life\api\__pycache__\__init__.cpython-312.pyc","__init__.cpython-312.pyc","File","Add-on","Spiritual Life","Dev 1 / Dev 5","MUST_REVIEW","MUST_REVIEW","MUST_REVIEW"
"C:\Users\JMega\OneDrive\Desktop\Crown2026_deploypr\backend\spiritual_life\api\__pycache__\serializers.cpython-312.pyc","serializers.cpython-312.pyc","APIOrView","Add-on","Spiritual Life","Dev 1 / Dev 5","MUST_REVIEW","MUST_REVIEW","MUST_REVIEW"
"C:\Users\JMega\OneDrive\Desktop\Crown2026_deploypr\backend\spiritual_life\api\__pycache__\urls.cpython-312.pyc","urls.cpython-312.pyc","File","Add-on","Spiritual Life","Dev 1 / Dev 5","MUST_REVIEW","MUST_REVIEW","MUST_REVIEW"
"C:\Users\JMega\OneDrive\Desktop\Crown2026_deploypr\backend\spiritual_life\api\__pycache__\views.cpython-312.pyc","views.cpython-312.pyc","File","Add-on","Spiritual Life","Dev 1 / Dev 5","MUST_REVIEW","MUST_REVIEW","MUST_REVIEW"
"C:\Users\JMega\OneDrive\Desktop\Crown2026_deploypr\backend\spiritual_life\api\serializers.py","serializers.py","APIOrView","Add-on","Spiritual Life","Dev 1 / Dev 5","MUST_REVIEW","MUST_REVIEW","MUST_REVIEW"
"C:\Users\JMega\OneDrive\Desktop\Crown2026_deploypr\backend\spiritual_life\api\urls.py","urls.py","APIOrView","Add-on","Spiritual Life","Dev 1 / Dev 5","MUST_REVIEW","MUST_REVIEW","MUST_REVIEW"
"C:\Users\JMega\OneDrive\Desktop\Crown2026_deploypr\backend\spiritual_life\api\views.py","views.py","File","Add-on","Spiritual Life","Dev 1 / Dev 5","MUST_REVIEW","MUST_REVIEW","MUST_REVIEW"
"C:\Users\JMega\OneDrive\Desktop\Crown2026_deploypr\backend\spiritual_life\apps.py","apps.py","File","Add-on","Spiritual Life","Dev 1 / Dev 5","MUST_REVIEW","MUST_REVIEW","MUST_REVIEW"
"C:\Users\JMega\OneDrive\Desktop\Crown2026_deploypr\backend\spiritual_life\management\__pycache__\__init__.cpython-312.pyc","__init__.cpython-312.pyc","File","Add-on","Spiritual Life","Dev 1 / Dev 5","MUST_REVIEW","MUST_REVIEW","MUST_REVIEW"
"C:\Users\JMega\OneDrive\Desktop\Crown2026_deploypr\backend\spiritual_life\migrations\__init__.py","__init__.py","File","Add-on","Spiritual Life","Dev 1 / Dev 5","MUST_REVIEW","MUST_REVIEW","MUST_REVIEW"
"C:\Users\JMega\OneDrive\Desktop\Crown2026_deploypr\backend\spiritual_life\migrations\__pycache__\__init__.cpython-312.pyc","__init__.cpython-312.pyc","File","Add-on","Spiritual Life","Dev 1 / Dev 5","MUST_REVIEW","MUST_REVIEW","MUST_REVIEW"
"C:\Users\JMega\OneDrive\Desktop\Crown2026_deploypr\backend\spiritual_life\migrations\__pycache__\0001_initial_spiritual_life.cpython-312.pyc","0001_initial_spiritual_life.cpython-312.pyc","File","Add-on","Spiritual Life","Dev 1 / Dev 5","MUST_REVIEW","MUST_REVIEW","MUST_REVIEW"
"C:\Users\JMega\OneDrive\Desktop\Crown2026_deploypr\backend\spiritual_life\migrations\0001_initial_spiritual_life.py","0001_initial_spiritual_life.py","File","Add-on","Spiritual Life","Dev 1 / Dev 5","MUST_REVIEW","MUST_REVIEW","MUST_REVIEW"
"C:\Users\JMega\OneDrive\Desktop\Crown2026_deploypr\backend\spiritual_life\models.py","models.py","ModelFile","Add-on","Spiritual Life","Dev 1 / Dev 5","MUST_REVIEW","MUST_REVIEW","MUST_REVIEW"
"C:\Users\JMega\OneDrive\Desktop\Crown2026_deploypr\backend\spiritual_life\services.py","services.py","ServiceFile","Add-on","Spiritual Life","Dev 1 / Dev 5","MUST_REVIEW","MUST_REVIEW","MUST_REVIEW"
"C:\Users\JMega\OneDrive\Desktop\Crown2026_deploypr\backend\spiritual_life\tests\__init__.py","__init__.py","File","Add-on","Spiritual Life","Dev 1 / Dev 5","MUST_REVIEW","MUST_REVIEW","MUST_REVIEW"
"C:\Users\JMega\OneDrive\Desktop\Crown2026_deploypr\backend\spiritual_life\tests\__pycache__\__init__.cpython-312.pyc","__init__.cpython-312.pyc","File","Add-on","Spiritual Life","Dev 1 / Dev 5","MUST_REVIEW","MUST_REVIEW","MUST_REVIEW"
"C:\Users\JMega\OneDrive\Desktop\Crown2026_deploypr\backend\spiritual_life\tests\__pycache__\test_spiritual_life.cpython-312.pyc","test_spiritual_life.cpython-312.pyc","TestFile","Add-on","Spiritual Life","Dev 1 / Dev 5","MUST_REVIEW","MUST_REVIEW","MUST_REVIEW"
"C:\Users\JMega\OneDrive\Desktop\Crown2026_deploypr\backend\spiritual_life\tests\__pycache__\test_spiritual_life.cpython-312-pytest-7.4.3.pyc","test_spiritual_life.cpython-312-pytest-7.4.3.pyc","TestFile","Add-on","Spiritual Life","Dev 1 / Dev 5","MUST_REVIEW","MUST_REVIEW","MUST_REVIEW"
"C:\Users\JMega\OneDrive\Desktop\Crown2026_deploypr\backend\spiritual_life\tests\test_spiritual_life.py","test_spiritual_life.py","TestFile","Add-on","Spiritual Life","Dev 1 / Dev 5","MUST_REVIEW","MUST_REVIEW","MUST_REVIEW"
"C:\Users\JMega\OneDrive\Desktop\Crown2026_deploypr\backend\subscriptions\api\__pycache__\permissions.cpython-312.pyc","permissions.cpython-312.pyc","File","Add-on","Core / Shared","Dev 1 / Dev 5","MUST_REVIEW","MUST_REVIEW","MUST_REVIEW"
"C:\Users\JMega\OneDrive\Desktop\Crown2026_deploypr\backend\subscriptions\api\permissions.py","permissions.py","File","Add-on","Core / Shared","Dev 1 / Dev 5","MUST_REVIEW","MUST_REVIEW","MUST_REVIEW"
"C:\Users\JMega\OneDrive\Desktop\Crown2026_deploypr\backend\subscriptions\tests\__pycache__\test_permissions_enforcement.cpython-312.pyc","test_permissions_enforcement.cpython-312.pyc","TestFile","Add-on","Core / Shared","Dev 1 / Dev 5","MUST_REVIEW","MUST_REVIEW","MUST_REVIEW"
"C:\Users\JMega\OneDrive\Desktop\Crown2026_deploypr\backend\subscriptions\tests\__pycache__\test_permissions_enforcement.cpython-312-pytest-7.4.3.pyc","test_permissions_enforcement.cpython-312-pytest-7.4.3.pyc","TestFile","Add-on","Core / Shared","Dev 1 / Dev 5","MUST_REVIEW","MUST_REVIEW","MUST_REVIEW"
"C:\Users\JMega\OneDrive\Desktop\Crown2026_deploypr\backend\subscriptions\tests\test_permissions_enforcement.py","test_permissions_enforcement.py","TestFile","Add-on","Core / Shared","Dev 1 / Dev 5","MUST_REVIEW","MUST_REVIEW","MUST_REVIEW"
"C:\Users\JMega\OneDrive\Desktop\Crown2026_deploypr\backend\transportation\api\__pycache__\permissions.cpython-312.pyc","permissions.cpython-312.pyc","File","Add-on","Transportation","Dev 1 / Dev 5","MUST_REVIEW","MUST_REVIEW","MUST_REVIEW"
"C:\Users\JMega\OneDrive\Desktop\Crown2026_deploypr\backend\transportation\api\permissions.py","permissions.py","File","Add-on","Transportation","Dev 1 / Dev 5","MUST_REVIEW","MUST_REVIEW","MUST_REVIEW"
"C:\Users\JMega\OneDrive\Desktop\Crown2026_deploypr\docs\ADMISSIONS_DRILLDOWN_MIGRATION.md","ADMISSIONS_DRILLDOWN_MIGRATION.md","File","Add-on","Admissions","Dev 1 / Dev 5","MUST_REVIEW","MUST_REVIEW","MUST_REVIEW"
"C:\Users\JMega\OneDrive\Desktop\Crown2026_deploypr\docs\ADMISSIONS_INTEGRATION_COMPLETE.md","ADMISSIONS_INTEGRATION_COMPLETE.md","File","Add-on","Admissions","Dev 1 / Dev 5","MUST_REVIEW","MUST_REVIEW","MUST_REVIEW"
"C:\Users\JMega\OneDrive\Desktop\Crown2026_deploypr\docs\api\ADMISSIONS_API_CONTRACT.md","ADMISSIONS_API_CONTRACT.md","APIOrView","Add-on","Admissions","Dev 1 / Dev 5","MUST_REVIEW","MUST_REVIEW","MUST_REVIEW"
"C:\Users\JMega\OneDrive\Desktop\Crown2026_deploypr\docs\canon\CROWN_COMPASS_CANON.md","CROWN_COMPASS_CANON.md","DocFile","Add-on","Crown Compass","Dev 1 / Dev 5","MUST_REVIEW","MUST_REVIEW","MUST_REVIEW"
"C:\Users\JMega\OneDrive\Desktop\Crown2026_deploypr\docs\canon\CROWN_COMPASS_SOLOMON_DISCERNMENT_ARCHITECTURE.md","CROWN_COMPASS_SOLOMON_DISCERNMENT_ARCHITECTURE.md","File","Add-on","Crown Compass","Dev 1 / Dev 5","MUST_REVIEW","MUST_REVIEW","MUST_REVIEW"
"C:\Users\JMega\OneDrive\Desktop\Crown2026_deploypr\docs\CROWN_PERMISSION_CANON.md","CROWN_PERMISSION_CANON.md","DocFile","Add-on","Core / Shared","Dev 1 / Dev 5","MUST_REVIEW","MUST_REVIEW","MUST_REVIEW"
"C:\Users\JMega\OneDrive\Desktop\Crown2026_deploypr\docs\engineering\RELEASE_GOVERNANCE_PROTOCOL.md","RELEASE_GOVERNANCE_PROTOCOL.md","File","Add-on","Board Governance","Dev 1 / Dev 5","MUST_REVIEW","MUST_REVIEW","MUST_REVIEW"
"C:\Users\JMega\OneDrive\Desktop\Crown2026_deploypr\docs\product\CROWN_MISSION_INTELLIGENCE_POSITIONING.md","CROWN_MISSION_INTELLIGENCE_POSITIONING.md","File","Add-on","Core / Shared","Dev 1 / Dev 5","MUST_REVIEW","MUST_REVIEW","MUST_REVIEW"
"C:\Users\JMega\OneDrive\Desktop\Crown2026_deploypr\docs\release\archive-cleanup\20260411_081314\.mypy_cache\3.12\admissions\__init__.data.json","__init__.data.json","File","Add-on","Admissions","Dev 1 / Dev 5","MUST_REVIEW","MUST_REVIEW","MUST_REVIEW"
"C:\Users\JMega\OneDrive\Desktop\Crown2026_deploypr\docs\release\archive-cleanup\20260411_081314\.mypy_cache\3.12\admissions\__init__.meta.json","__init__.meta.json","File","Add-on","Admissions","Dev 1 / Dev 5","MUST_REVIEW","MUST_REVIEW","MUST_REVIEW"
"C:\Users\JMega\OneDrive\Desktop\Crown2026_deploypr\docs\release\archive-cleanup\20260411_081314\.mypy_cache\3.12\admissions\models.data.json","models.data.json","File","Add-on","Admissions","Dev 1 / Dev 5","MUST_REVIEW","MUST_REVIEW","MUST_REVIEW"
"C:\Users\JMega\OneDrive\Desktop\Crown2026_deploypr\docs\release\archive-cleanup\20260411_081314\.mypy_cache\3.12\admissions\models.meta.json","models.meta.json","File","Add-on","Admissions","Dev 1 / Dev 5","MUST_REVIEW","MUST_REVIEW","MUST_REVIEW"
"C:\Users\JMega\OneDrive\Desktop\Crown2026_deploypr\docs\release\archive-cleanup\20260411_081314\.mypy_cache\3.12\outreach\__init__.data.json","__init__.data.json","File","Add-on","Service & Outreach","Dev 1 / Dev 5","MUST_REVIEW","MUST_REVIEW","MUST_REVIEW"
"C:\Users\JMega\OneDrive\Desktop\Crown2026_deploypr\docs\release\archive-cleanup\20260411_081314\.mypy_cache\3.12\outreach\__init__.meta.json","__init__.meta.json","File","Add-on","Service & Outreach","Dev 1 / Dev 5","MUST_REVIEW","MUST_REVIEW","MUST_REVIEW"
"C:\Users\JMega\OneDrive\Desktop\Crown2026_deploypr\docs\release\archive-cleanup\20260411_081314\.mypy_cache\3.12\outreach\models.data.json","models.data.json","File","Add-on","Service & Outreach","Dev 1 / Dev 5","MUST_REVIEW","MUST_REVIEW","MUST_REVIEW"
"C:\Users\JMega\OneDrive\Desktop\Crown2026_deploypr\docs\release\archive-cleanup\20260411_081314\.mypy_cache\3.12\outreach\models.meta.json","models.meta.json","File","Add-on","Service & Outreach","Dev 1 / Dev 5","MUST_REVIEW","MUST_REVIEW","MUST_REVIEW"
"C:\Users\JMega\OneDrive\Desktop\Crown2026_deploypr\docs\release\archive-cleanup\20260411_081314\.mypy_cache\3.12\spiritual_life\__init__.data.json","__init__.data.json","File","Add-on","Spiritual Life","Dev 1 / Dev 5","MUST_REVIEW","MUST_REVIEW","MUST_REVIEW"
"C:\Users\JMega\OneDrive\Desktop\Crown2026_deploypr\docs\release\archive-cleanup\20260411_081314\.mypy_cache\3.12\spiritual_life\__init__.meta.json","__init__.meta.json","File","Add-on","Spiritual Life","Dev 1 / Dev 5","MUST_REVIEW","MUST_REVIEW","MUST_REVIEW"
"C:\Users\JMega\OneDrive\Desktop\Crown2026_deploypr\docs\release\archive-cleanup\20260411_081314\.mypy_cache\3.12\spiritual_life\models.data.json","models.data.json","File","Add-on","Spiritual Life","Dev 1 / Dev 5","MUST_REVIEW","MUST_REVIEW","MUST_REVIEW"
"C:\Users\JMega\OneDrive\Desktop\Crown2026_deploypr\docs\release\archive-cleanup\20260411_081314\.mypy_cache\3.12\spiritual_life\models.meta.json","models.meta.json","File","Add-on","Spiritual Life","Dev 1 / Dev 5","MUST_REVIEW","MUST_REVIEW","MUST_REVIEW"
"C:\Users\JMega\OneDrive\Desktop\Crown2026_deploypr\docs\release\archive-cleanup\20260411_081314\backend\admissions\__pycache__\__init__.cpython-312.pyc","__init__.cpython-312.pyc","File","Add-on","Admissions","Dev 1 / Dev 5","MUST_REVIEW","MUST_REVIEW","MUST_REVIEW"
"C:\Users\JMega\OneDrive\Desktop\Crown2026_deploypr\docs\release\archive-cleanup\20260411_081314\backend\admissions\__pycache__\admin.cpython-312.pyc","admin.cpython-312.pyc","File","Add-on","Admissions","Dev 1 / Dev 5","MUST_REVIEW","MUST_REVIEW","MUST_REVIEW"
"C:\Users\JMega\OneDrive\Desktop\Crown2026_deploypr\docs\release\archive-cleanup\20260411_081314\backend\admissions\__pycache__\api_urls.cpython-312.pyc","api_urls.cpython-312.pyc","APIOrView","Add-on","Admissions","Dev 1 / Dev 5","MUST_REVIEW","MUST_REVIEW","MUST_REVIEW"
"C:\Users\JMega\OneDrive\Desktop\Crown2026_deploypr\docs\release\archive-cleanup\20260411_081314\backend\admissions\__pycache__\api_views.cpython-312.pyc","api_views.cpython-312.pyc","APIOrView","Add-on","Admissions","Dev 1 / Dev 5","MUST_REVIEW","MUST_REVIEW","MUST_REVIEW"
"C:\Users\JMega\OneDrive\Desktop\Crown2026_deploypr\docs\release\archive-cleanup\20260411_081314\backend\admissions\__pycache__\apps.cpython-312.pyc","apps.cpython-312.pyc","File","Add-on","Admissions","Dev 1 / Dev 5","MUST_REVIEW","MUST_REVIEW","MUST_REVIEW"
"C:\Users\JMega\OneDrive\Desktop\Crown2026_deploypr\docs\release\archive-cleanup\20260411_081314\backend\admissions\__pycache__\funnel_service.cpython-312.pyc","funnel_service.cpython-312.pyc","ServiceFile","Add-on","Admissions","Dev 1 / Dev 5","MUST_REVIEW","MUST_REVIEW","MUST_REVIEW"
"C:\Users\JMega\OneDrive\Desktop\Crown2026_deploypr\docs\release\archive-cleanup\20260411_081314\backend\admissions\__pycache__\models.cpython-312.pyc","models.cpython-312.pyc","File","Add-on","Admissions","Dev 1 / Dev 5","MUST_REVIEW","MUST_REVIEW","MUST_REVIEW"
"C:\Users\JMega\OneDrive\Desktop\Crown2026_deploypr\docs\release\archive-cleanup\20260411_081314\backend\admissions\__pycache__\serializers_admissions_links.cpython-312.pyc","serializers_admissions_links.cpython-312.pyc","APIOrView","Add-on","Admissions","Dev 1 / Dev 5","MUST_REVIEW","MUST_REVIEW","MUST_REVIEW"
"C:\Users\JMega\OneDrive\Desktop\Crown2026_deploypr\docs\release\archive-cleanup\20260411_081314\backend\admissions\__pycache__\serializers_funnel.cpython-312.pyc","serializers_funnel.cpython-312.pyc","APIOrView","Add-on","Admissions","Dev 1 / Dev 5","MUST_REVIEW","MUST_REVIEW","MUST_REVIEW"
"C:\Users\JMega\OneDrive\Desktop\Crown2026_deploypr\docs\release\archive-cleanup\20260411_081314\backend\admissions\__pycache__\services.cpython-312.pyc","services.cpython-312.pyc","ServiceFile","Add-on","Admissions","Dev 1 / Dev 5","MUST_REVIEW","MUST_REVIEW","MUST_REVIEW"
"C:\Users\JMega\OneDrive\Desktop\Crown2026_deploypr\docs\release\archive-cleanup\20260411_081314\backend\admissions\__pycache__\tests.cpython-312.pyc","tests.cpython-312.pyc","File","Add-on","Admissions","Dev 1 / Dev 5","MUST_REVIEW","MUST_REVIEW","MUST_REVIEW"
"C:\Users\JMega\OneDrive\Desktop\Crown2026_deploypr\docs\release\archive-cleanup\20260411_081314\backend\admissions\__pycache__\tests.cpython-312-pytest-7.4.3.pyc","tests.cpython-312-pytest-7.4.3.pyc","File","Add-on","Admissions","Dev 1 / Dev 5","MUST_REVIEW","MUST_REVIEW","MUST_REVIEW"
"C:\Users\JMega\OneDrive\Desktop\Crown2026_deploypr\docs\release\archive-cleanup\20260411_081314\backend\admissions\__pycache__\views_admissions_links.cpython-312.pyc","views_admissions_links.cpython-312.pyc","APIOrView","Add-on","Admissions","Dev 1 / Dev 5","MUST_REVIEW","MUST_REVIEW","MUST_REVIEW"
"C:\Users\JMega\OneDrive\Desktop\Crown2026_deploypr\docs\release\archive-cleanup\20260411_081314\backend\admissions\__pycache__\views_enroll.cpython-312.pyc","views_enroll.cpython-312.pyc","APIOrView","Add-on","Admissions","Dev 1 / Dev 5","MUST_REVIEW","MUST_REVIEW","MUST_REVIEW"
"C:\Users\JMega\OneDrive\Desktop\Crown2026_deploypr\docs\release\archive-cleanup\20260411_081314\backend\admissions\__pycache__\views_metrics.cpython-312.pyc","views_metrics.cpython-312.pyc","APIOrView","Add-on","Admissions","Dev 1 / Dev 5","MUST_REVIEW","MUST_REVIEW","MUST_REVIEW"
"C:\Users\JMega\OneDrive\Desktop\Crown2026_deploypr\docs\release\archive-cleanup\20260411_081314\backend\admissions\management\__pycache__\__init__.cpython-312.pyc","__init__.cpython-312.pyc","File","Add-on","Admissions","Dev 1 / Dev 5","MUST_REVIEW","MUST_REVIEW","MUST_REVIEW"
"C:\Users\JMega\OneDrive\Desktop\Crown2026_deploypr\docs\release\archive-cleanup\20260411_081314\backend\admissions\management\commands\__pycache__\__init__.cpython-312.pyc","__init__.cpython-312.pyc","File","Add-on","Admissions","Dev 1 / Dev 5","MUST_REVIEW","MUST_REVIEW","MUST_REVIEW"
"C:\Users\JMega\OneDrive\Desktop\Crown2026_deploypr\docs\release\archive-cleanup\20260411_081314\backend\admissions\management\commands\__pycache__\seed_admissions_demo.cpython-312.pyc","seed_admissions_demo.cpython-312.pyc","File","Add-on","Admissions","Dev 1 / Dev 5","MUST_REVIEW","MUST_REVIEW","MUST_REVIEW"
"C:\Users\JMega\OneDrive\Desktop\Crown2026_deploypr\docs\release\archive-cleanup\20260411_081314\backend\admissions\migrations\__pycache__\__init__.cpython-312.pyc","__init__.cpython-312.pyc","File","Add-on","Admissions","Dev 1 / Dev 5","MUST_REVIEW","MUST_REVIEW","MUST_REVIEW"
"C:\Users\JMega\OneDrive\Desktop\Crown2026_deploypr\docs\release\archive-cleanup\20260411_081314\backend\admissions\migrations\__pycache__\0001_initial.cpython-312.pyc","0001_initial.cpython-312.pyc","File","Add-on","Admissions","Dev 1 / Dev 5","MUST_REVIEW","MUST_REVIEW","MUST_REVIEW"
"C:\Users\JMega\OneDrive\Desktop\Crown2026_deploypr\docs\release\archive-cleanup\20260411_081314\backend\admissions\migrations\__pycache__\0002_link_household_student.cpython-312.pyc","0002_link_household_student.cpython-312.pyc","File","Add-on","Admissions","Dev 1 / Dev 5","MUST_REVIEW","MUST_REVIEW","MUST_REVIEW"
"C:\Users\JMega\OneDrive\Desktop\Crown2026_deploypr\docs\release\archive-cleanup\20260411_081314\backend\admissions\migrations\__pycache__\0003_alter_admissionsapplication_status.cpython-312.pyc","0003_alter_admissionsapplication_status.cpython-312.pyc","File","Add-on","Admissions","Dev 1 / Dev 5","MUST_REVIEW","MUST_REVIEW","MUST_REVIEW"
"C:\Users\JMega\OneDrive\Desktop\Crown2026_deploypr\docs\release\archive-cleanup\20260411_081314\backend\admissions\tests\__pycache__\__init__.cpython-312.pyc","__init__.cpython-312.pyc","File","Add-on","Admissions","Dev 1 / Dev 5","MUST_REVIEW","MUST_REVIEW","MUST_REVIEW"
"C:\Users\JMega\OneDrive\Desktop\Crown2026_deploypr\docs\release\archive-cleanup\20260411_081314\backend\admissions\tests\__pycache__\test_api_closeout.cpython-312-pytest-7.4.3.pyc","test_api_closeout.cpython-312-pytest-7.4.3.pyc","APIOrView","Add-on","Admissions","Dev 1 / Dev 5","MUST_REVIEW","MUST_REVIEW","MUST_REVIEW"
"C:\Users\JMega\OneDrive\Desktop\Crown2026_deploypr\docs\release\archive-cleanup\20260411_081314\backend\admissions\tests\__pycache__\test_funnel_metrics.cpython-312.pyc","test_funnel_metrics.cpython-312.pyc","TestFile","Add-on","Admissions","Dev 1 / Dev 5","MUST_REVIEW","MUST_REVIEW","MUST_REVIEW"
"C:\Users\JMega\OneDrive\Desktop\Crown2026_deploypr\docs\release\archive-cleanup\20260411_081314\backend\admissions\tests\__pycache__\test_funnel_metrics.cpython-312-pytest-7.4.3.pyc","test_funnel_metrics.cpython-312-pytest-7.4.3.pyc","TestFile","Add-on","Admissions","Dev 1 / Dev 5","MUST_REVIEW","MUST_REVIEW","MUST_REVIEW"
"C:\Users\JMega\OneDrive\Desktop\Crown2026_deploypr\docs\release\archive-cleanup\20260411_081314\backend\admissions\tests\__pycache__\test_funnel_reconciliation.cpython-312.pyc","test_funnel_reconciliation.cpython-312.pyc","TestFile","Add-on","Admissions","Dev 1 / Dev 5","MUST_REVIEW","MUST_REVIEW","MUST_REVIEW"
"C:\Users\JMega\OneDrive\Desktop\Crown2026_deploypr\docs\release\archive-cleanup\20260411_081314\backend\admissions\tests\__pycache__\test_funnel_reconciliation.cpython-312-pytest-7.4.3.pyc","test_funnel_reconciliation.cpython-312-pytest-7.4.3.pyc","TestFile","Add-on","Admissions","Dev 1 / Dev 5","MUST_REVIEW","MUST_REVIEW","MUST_REVIEW"
"C:\Users\JMega\OneDrive\Desktop\Crown2026_deploypr\docs\release\archive-cleanup\20260411_081314\backend\admissions\tests\__pycache__\test_funnel_school_scoping.cpython-312.pyc","test_funnel_school_scoping.cpython-312.pyc","TestFile","Add-on","Admissions","Dev 1 / Dev 5","MUST_REVIEW","MUST_REVIEW","MUST_REVIEW"
"C:\Users\JMega\OneDrive\Desktop\Crown2026_deploypr\docs\release\archive-cleanup\20260411_081314\backend\admissions\tests\__pycache__\test_funnel_school_scoping.cpython-312-pytest-7.4.3.pyc","test_funnel_school_scoping.cpython-312-pytest-7.4.3.pyc","TestFile","Add-on","Admissions","Dev 1 / Dev 5","MUST_REVIEW","MUST_REVIEW","MUST_REVIEW"
"C:\Users\JMega\OneDrive\Desktop\Crown2026_deploypr\docs\release\archive-cleanup\20260411_081314\backend\applications\__pycache__\views_admissions.cpython-312.pyc","views_admissions.cpython-312.pyc","APIOrView","Add-on","Admissions","Dev 1 / Dev 5","MUST_REVIEW","MUST_REVIEW","MUST_REVIEW"
"C:\Users\JMega\OneDrive\Desktop\Crown2026_deploypr\docs\release\archive-cleanup\20260411_081314\backend\applications\tests\__pycache__\test_admissions_endpoints.cpython-312.pyc","test_admissions_endpoints.cpython-312.pyc","TestFile","Add-on","Admissions","Dev 1 / Dev 5","MUST_REVIEW","MUST_REVIEW","MUST_REVIEW"
"C:\Users\JMega\OneDrive\Desktop\Crown2026_deploypr\docs\release\archive-cleanup\20260411_081314\backend\applications\tests\__pycache__\test_admissions_endpoints.cpython-312-pytest-7.4.3.pyc","test_admissions_endpoints.cpython-312-pytest-7.4.3.pyc","TestFile","Add-on","Admissions","Dev 1 / Dev 5","MUST_REVIEW","MUST_REVIEW","MUST_REVIEW"
"C:\Users\JMega\OneDrive\Desktop\Crown2026_deploypr\docs\release\archive-cleanup\20260411_081314\backend\applications\tests\__pycache__\test_admissions_tenant_scoping.cpython-312.pyc","test_admissions_tenant_scoping.cpython-312.pyc","TestFile","Add-on","Admissions","Dev 1 / Dev 5","MUST_REVIEW","MUST_REVIEW","MUST_REVIEW"
"C:\Users\JMega\OneDrive\Desktop\Crown2026_deploypr\docs\release\archive-cleanup\20260411_081314\backend\applications\tests\__pycache__\test_admissions_tenant_scoping.cpython-312-pytest-7.4.3.pyc","test_admissions_tenant_scoping.cpython-312-pytest-7.4.3.pyc","TestFile","Add-on","Admissions","Dev 1 / Dev 5","MUST_REVIEW","MUST_REVIEW","MUST_REVIEW"
"C:\Users\JMega\OneDrive\Desktop\Crown2026_deploypr\docs\release\archive-cleanup\20260411_081314\backend\athletics\api\__pycache__\permissions.cpython-312.pyc","permissions.cpython-312.pyc","File","Add-on","Activities / Events","Dev 1 / Dev 5","MUST_REVIEW","MUST_REVIEW","MUST_REVIEW"
"C:\Users\JMega\OneDrive\Desktop\Crown2026_deploypr\docs\release\archive-cleanup\20260411_081314\backend\board_oversight\__pycache__\api_governance.cpython-312.pyc","api_governance.cpython-312.pyc","APIOrView","Add-on","Board Governance","Dev 1 / Dev 5","MUST_REVIEW","MUST_REVIEW","MUST_REVIEW"
"C:\Users\JMega\OneDrive\Desktop\Crown2026_deploypr\docs\release\archive-cleanup\20260411_081314\backend\board_oversight\__pycache__\models_governance.cpython-312.pyc","models_governance.cpython-312.pyc","File","Add-on","Board Governance","Dev 1 / Dev 5","MUST_REVIEW","MUST_REVIEW","MUST_REVIEW"
"C:\Users\JMega\OneDrive\Desktop\Crown2026_deploypr\docs\release\archive-cleanup\20260411_081314\backend\board_oversight\migrations\__pycache__\0002_stage4_governance.cpython-312.pyc","0002_stage4_governance.cpython-312.pyc","File","Add-on","Board Governance","Dev 1 / Dev 5","MUST_REVIEW","MUST_REVIEW","MUST_REVIEW"
"C:\Users\JMega\OneDrive\Desktop\Crown2026_deploypr\docs\release\archive-cleanup\20260411_081314\backend\core\__pycache__\academics_permissions.cpython-312.pyc","academics_permissions.cpython-312.pyc","File","Add-on","Core / Shared","Dev 1 / Dev 5","MUST_REVIEW","MUST_REVIEW","MUST_REVIEW"
"C:\Users\JMega\OneDrive\Desktop\Crown2026_deploypr\docs\release\archive-cleanup\20260411_081314\backend\core\__pycache__\permissions.cpython-312.pyc","permissions.cpython-312.pyc","File","Add-on","Core / Shared","Dev 1 / Dev 5","MUST_REVIEW","MUST_REVIEW","MUST_REVIEW"
"C:\Users\JMega\OneDrive\Desktop\Crown2026_deploypr\docs\release\archive-cleanup\20260411_081314\backend\core\management\commands\__pycache__\seed_permissions.cpython-312.pyc","seed_permissions.cpython-312.pyc","File","Add-on","Core / Shared","Dev 1 / Dev 5","MUST_REVIEW","MUST_REVIEW","MUST_REVIEW"
"C:\Users\JMega\OneDrive\Desktop\Crown2026_deploypr\docs\release\archive-cleanup\20260411_081314\backend\core\migrations\__pycache__\0005_crown_permission_engine.cpython-312.pyc","0005_crown_permission_engine.cpython-312.pyc","File","Add-on","Core / Shared","Dev 1 / Dev 5","MUST_REVIEW","MUST_REVIEW","MUST_REVIEW"
"C:\Users\JMega\OneDrive\Desktop\Crown2026_deploypr\docs\release\archive-cleanup\20260411_081314\backend\core\tests\__pycache__\test_permission_engine.cpython-312.pyc","test_permission_engine.cpython-312.pyc","TestFile","Add-on","Core / Shared","Dev 1 / Dev 5","MUST_REVIEW","MUST_REVIEW","MUST_REVIEW"
"C:\Users\JMega\OneDrive\Desktop\Crown2026_deploypr\docs\release\archive-cleanup\20260411_081314\backend\core\tests\__pycache__\test_permission_engine.cpython-312-pytest-7.4.3.pyc","test_permission_engine.cpython-312-pytest-7.4.3.pyc","TestFile","Add-on","Core / Shared","Dev 1 / Dev 5","MUST_REVIEW","MUST_REVIEW","MUST_REVIEW"
"C:\Users\JMega\OneDrive\Desktop\Crown2026_deploypr\docs\release\archive-cleanup\20260411_081314\backend\crown_api\__pycache__\permissions.cpython-312.pyc","permissions.cpython-312.pyc","File","Add-on","Core / Shared","Dev 1 / Dev 5","MUST_REVIEW","MUST_REVIEW","MUST_REVIEW"
"C:\Users\JMega\OneDrive\Desktop\Crown2026_deploypr\docs\release\archive-cleanup\20260411_081314\backend\crown_api\billing_api\__pycache__\permissions.cpython-312.pyc","permissions.cpython-312.pyc","File","Add-on","Billing / Payments","Dev 1 / Dev 5","MUST_REVIEW","MUST_REVIEW","MUST_REVIEW"
"C:\Users\JMega\OneDrive\Desktop\Crown2026_deploypr\docs\release\archive-cleanup\20260411_081314\backend\crown_api\dashboards\__pycache__\admissions.cpython-312.pyc","admissions.cpython-312.pyc","File","Add-on","Admissions","Dev 1 / Dev 5","MUST_REVIEW","MUST_REVIEW","MUST_REVIEW"
"C:\Users\JMega\OneDrive\Desktop\Crown2026_deploypr\docs\release\archive-cleanup\20260411_081314\backend\crown_api\executive360\__pycache__\permissions.cpython-312.pyc","permissions.cpython-312.pyc","File","Add-on","Core / Shared","Dev 1 / Dev 5","MUST_REVIEW","MUST_REVIEW","MUST_REVIEW"
"C:\Users\JMega\OneDrive\Desktop\Crown2026_deploypr\docs\release\archive-cleanup\20260411_081314\backend\crown_api\exports\__pycache__\permissions.cpython-312.pyc","permissions.cpython-312.pyc","File","Add-on","Core / Shared","Dev 1 / Dev 5","MUST_REVIEW","MUST_REVIEW","MUST_REVIEW"
"C:\Users\JMega\OneDrive\Desktop\Crown2026_deploypr\docs\release\archive-cleanup\20260411_081314\backend\crown_api\tests\__pycache__\test_admissions_links_api.cpython-312.pyc","test_admissions_links_api.cpython-312.pyc","TestFile","Add-on","Admissions","Dev 1 / Dev 5","MUST_REVIEW","MUST_REVIEW","MUST_REVIEW"
"C:\Users\JMega\OneDrive\Desktop\Crown2026_deploypr\docs\release\archive-cleanup\20260411_081314\backend\crown_api\tests\__pycache__\test_admissions_links_api.cpython-312-pytest-7.4.3.pyc","test_admissions_links_api.cpython-312-pytest-7.4.3.pyc","TestFile","Add-on","Admissions","Dev 1 / Dev 5","MUST_REVIEW","MUST_REVIEW","MUST_REVIEW"
"C:\Users\JMega\OneDrive\Desktop\Crown2026_deploypr\docs\release\archive-cleanup\20260411_081314\backend\crown_api\tests\__pycache__\test_metrics_permissions_contract.cpython-312.pyc","test_metrics_permissions_contract.cpython-312.pyc","TestFile","Add-on","Core / Shared","Dev 1 / Dev 5","MUST_REVIEW","MUST_REVIEW","MUST_REVIEW"
"C:\Users\JMega\OneDrive\Desktop\Crown2026_deploypr\docs\release\archive-cleanup\20260411_081314\backend\crown_api\tests\__pycache__\test_metrics_permissions_contract.cpython-312-pytest-7.4.3.pyc","test_metrics_permissions_contract.cpython-312-pytest-7.4.3.pyc","TestFile","Add-on","Core / Shared","Dev 1 / Dev 5","MUST_REVIEW","MUST_REVIEW","MUST_REVIEW"
"C:\Users\JMega\OneDrive\Desktop\Crown2026_deploypr\docs\release\archive-cleanup\20260411_081314\backend\crown_api\tests\__pycache__\test_mission_metrics_dashboard.cpython-312-pytest-7.4.3.pyc","test_mission_metrics_dashboard.cpython-312-pytest-7.4.3.pyc","PageOrDashboard","Add-on","Board Governance","Dev 1 / Dev 5","MUST_REVIEW","MUST_REVIEW","MUST_REVIEW"
"C:\Users\JMega\OneDrive\Desktop\Crown2026_deploypr\docs\release\archive-cleanup\20260411_081314\backend\crown_api\tests\__pycache__\test_object_level_permissions.cpython-312.pyc","test_object_level_permissions.cpython-312.pyc","TestFile","Add-on","Core / Shared","Dev 1 / Dev 5","MUST_REVIEW","MUST_REVIEW","MUST_REVIEW"
"C:\Users\JMega\OneDrive\Desktop\Crown2026_deploypr\docs\release\archive-cleanup\20260411_081314\backend\crown_api\tests\__pycache__\test_object_level_permissions.cpython-312-pytest-7.4.3.pyc","test_object_level_permissions.cpython-312-pytest-7.4.3.pyc","TestFile","Add-on","Core / Shared","Dev 1 / Dev 5","MUST_REVIEW","MUST_REVIEW","MUST_REVIEW"
"C:\Users\JMega\OneDrive\Desktop\Crown2026_deploypr\docs\release\archive-cleanup\20260411_081314\backend\facops\api\__pycache__\permissions.cpython-312.pyc","permissions.cpython-312.pyc","File","Add-on","Core / Shared","Dev 1 / Dev 5","MUST_REVIEW","MUST_REVIEW","MUST_REVIEW"
"C:\Users\JMega\OneDrive\Desktop\Crown2026_deploypr\docs\release\archive-cleanup\20260411_081314\backend\governance\__pycache__\__init__.cpython-312.pyc","__init__.cpython-312.pyc","File","Add-on","Board Governance","Dev 1 / Dev 5","MUST_REVIEW","MUST_REVIEW","MUST_REVIEW"
"C:\Users\JMega\OneDrive\Desktop\Crown2026_deploypr\docs\release\archive-cleanup\20260411_081314\backend\governance\__pycache__\microsoft_graph.cpython-312.pyc","microsoft_graph.cpython-312.pyc","File","Add-on","Board Governance","Dev 1 / Dev 5","MUST_REVIEW","MUST_REVIEW","MUST_REVIEW"
"C:\Users\JMega\OneDrive\Desktop\Crown2026_deploypr\docs\release\archive-cleanup\20260411_081314\backend\governance\__pycache__\openapi.cpython-312.pyc","openapi.cpython-312.pyc","File","Add-on","Board Governance","Dev 1 / Dev 5","MUST_REVIEW","MUST_REVIEW","MUST_REVIEW"
"C:\Users\JMega\OneDrive\Desktop\Crown2026_deploypr\docs\release\archive-cleanup\20260411_081314\backend\governance\__pycache__\scheduler.cpython-312.pyc","scheduler.cpython-312.pyc","File","Add-on","Scheduling / Gradebook","Dev 1 / Dev 5","MUST_REVIEW","MUST_REVIEW","MUST_REVIEW"
"C:\Users\JMega\OneDrive\Desktop\Crown2026_deploypr\docs\release\archive-cleanup\20260411_081314\backend\governance\__pycache__\schema_examples.cpython-312.pyc","schema_examples.cpython-312.pyc","File","Add-on","Board Governance","Dev 1 / Dev 5","MUST_REVIEW","MUST_REVIEW","MUST_REVIEW"
"C:\Users\JMega\OneDrive\Desktop\Crown2026_deploypr\docs\release\archive-cleanup\20260411_081314\backend\governance\__pycache__\services.cpython-312.pyc","services.cpython-312.pyc","ServiceFile","Add-on","Board Governance","Dev 1 / Dev 5","MUST_REVIEW","MUST_REVIEW","MUST_REVIEW"
"C:\Users\JMega\OneDrive\Desktop\Crown2026_deploypr\docs\release\archive-cleanup\20260411_081314\backend\governance\__pycache__\urls.cpython-312.pyc","urls.cpython-312.pyc","File","Add-on","Board Governance","Dev 1 / Dev 5","MUST_REVIEW","MUST_REVIEW","MUST_REVIEW"
"C:\Users\JMega\OneDrive\Desktop\Crown2026_deploypr\docs\release\archive-cleanup\20260411_081314\backend\governance\__pycache__\views.cpython-312.pyc","views.cpython-312.pyc","File","Add-on","Board Governance","Dev 1 / Dev 5","MUST_REVIEW","MUST_REVIEW","MUST_REVIEW"
"C:\Users\JMega\OneDrive\Desktop\Crown2026_deploypr\docs\release\archive-cleanup\20260411_081314\backend\governance\tests\__pycache__\__init__.cpython-312.pyc","__init__.cpython-312.pyc","File","Add-on","Board Governance","Dev 1 / Dev 5","MUST_REVIEW","MUST_REVIEW","MUST_REVIEW"
"C:\Users\JMega\OneDrive\Desktop\Crown2026_deploypr\docs\release\archive-cleanup\20260411_081314\backend\governance\tests\__pycache__\test_governance_api.cpython-312.pyc","test_governance_api.cpython-312.pyc","TestFile","Add-on","Board Governance","Dev 1 / Dev 5","MUST_REVIEW","MUST_REVIEW","MUST_REVIEW"
"C:\Users\JMega\OneDrive\Desktop\Crown2026_deploypr\docs\release\archive-cleanup\20260411_081314\backend\governance\tests\__pycache__\test_governance_api.cpython-312-pytest-7.4.3.pyc","test_governance_api.cpython-312-pytest-7.4.3.pyc","TestFile","Add-on","Board Governance","Dev 1 / Dev 5","MUST_REVIEW","MUST_REVIEW","MUST_REVIEW"
"C:\Users\JMega\OneDrive\Desktop\Crown2026_deploypr\docs\release\archive-cleanup\20260411_081314\backend\governance\tests\__pycache__\test_governance_openapi.cpython-312.pyc","test_governance_openapi.cpython-312.pyc","TestFile","Add-on","Board Governance","Dev 1 / Dev 5","MUST_REVIEW","MUST_REVIEW","MUST_REVIEW"
"C:\Users\JMega\OneDrive\Desktop\Crown2026_deploypr\docs\release\archive-cleanup\20260411_081314\backend\governance\tests\__pycache__\test_governance_openapi.cpython-312-pytest-7.4.3.pyc","test_governance_openapi.cpython-312-pytest-7.4.3.pyc","TestFile","Add-on","Board Governance","Dev 1 / Dev 5","MUST_REVIEW","MUST_REVIEW","MUST_REVIEW"
"C:\Users\JMega\OneDrive\Desktop\Crown2026_deploypr\docs\release\archive-cleanup\20260411_081314\backend\outreach\__pycache__\__init__.cpython-312.pyc","__init__.cpython-312.pyc","File","Add-on","Service & Outreach","Dev 1 / Dev 5","MUST_REVIEW","MUST_REVIEW","MUST_REVIEW"
"C:\Users\JMega\OneDrive\Desktop\Crown2026_deploypr\docs\release\archive-cleanup\20260411_081314\backend\outreach\__pycache__\apps.cpython-312.pyc","apps.cpython-312.pyc","File","Add-on","Service & Outreach","Dev 1 / Dev 5","MUST_REVIEW","MUST_REVIEW","MUST_REVIEW"
"C:\Users\JMega\OneDrive\Desktop\Crown2026_deploypr\docs\release\archive-cleanup\20260411_081314\backend\outreach\__pycache__\models.cpython-312.pyc","models.cpython-312.pyc","File","Add-on","Service & Outreach","Dev 1 / Dev 5","MUST_REVIEW","MUST_REVIEW","MUST_REVIEW"
"C:\Users\JMega\OneDrive\Desktop\Crown2026_deploypr\docs\release\archive-cleanup\20260411_081314\backend\outreach\__pycache__\services_family_engagement.cpython-312.pyc","services_family_engagement.cpython-312.pyc","ServiceFile","Add-on","Service & Outreach","Dev 1 / Dev 5","MUST_REVIEW","MUST_REVIEW","MUST_REVIEW"
"C:\Users\JMega\OneDrive\Desktop\Crown2026_deploypr\docs\release\archive-cleanup\20260411_081314\backend\outreach\api\__pycache__\__init__.cpython-312.pyc","__init__.cpython-312.pyc","File","Add-on","Service & Outreach","Dev 1 / Dev 5","MUST_REVIEW","MUST_REVIEW","MUST_REVIEW"
"C:\Users\JMega\OneDrive\Desktop\Crown2026_deploypr\docs\release\archive-cleanup\20260411_081314\backend\outreach\api\__pycache__\permissions.cpython-312.pyc","permissions.cpython-312.pyc","File","Add-on","Service & Outreach","Dev 1 / Dev 5","MUST_REVIEW","MUST_REVIEW","MUST_REVIEW"
"C:\Users\JMega\OneDrive\Desktop\Crown2026_deploypr\docs\release\archive-cleanup\20260411_081314\backend\outreach\api\__pycache__\serializers.cpython-312.pyc","serializers.cpython-312.pyc","APIOrView","Add-on","Service & Outreach","Dev 1 / Dev 5","MUST_REVIEW","MUST_REVIEW","MUST_REVIEW"
"C:\Users\JMega\OneDrive\Desktop\Crown2026_deploypr\docs\release\archive-cleanup\20260411_081314\backend\outreach\api\__pycache__\urls.cpython-312.pyc","urls.cpython-312.pyc","File","Add-on","Service & Outreach","Dev 1 / Dev 5","MUST_REVIEW","MUST_REVIEW","MUST_REVIEW"
"C:\Users\JMega\OneDrive\Desktop\Crown2026_deploypr\docs\release\archive-cleanup\20260411_081314\backend\outreach\api\__pycache__\views.cpython-312.pyc","views.cpython-312.pyc","File","Add-on","Service & Outreach","Dev 1 / Dev 5","MUST_REVIEW","MUST_REVIEW","MUST_REVIEW"
"C:\Users\JMega\OneDrive\Desktop\Crown2026_deploypr\docs\release\archive-cleanup\20260411_081314\backend\outreach\migrations\__pycache__\__init__.cpython-312.pyc","__init__.cpython-312.pyc","File","Add-on","Service & Outreach","Dev 1 / Dev 5","MUST_REVIEW","MUST_REVIEW","MUST_REVIEW"
"C:\Users\JMega\OneDrive\Desktop\Crown2026_deploypr\docs\release\archive-cleanup\20260411_081314\backend\outreach\migrations\__pycache__\0001_initial_outreach.cpython-312.pyc","0001_initial_outreach.cpython-312.pyc","File","Add-on","Service & Outreach","Dev 1 / Dev 5","MUST_REVIEW","MUST_REVIEW","MUST_REVIEW"
"C:\Users\JMega\OneDrive\Desktop\Crown2026_deploypr\docs\release\archive-cleanup\20260411_081314\backend\outreach\migrations\__pycache__\0002_volunteer_family_engagement.cpython-312.pyc","0002_volunteer_family_engagement.cpython-312.pyc","File","Add-on","Volunteer / Family Engagement","Dev 1 / Dev 5","MUST_REVIEW","MUST_REVIEW","MUST_REVIEW"
"C:\Users\JMega\OneDrive\Desktop\Crown2026_deploypr\docs\release\archive-cleanup\20260411_081314\backend\outreach\migrations\__pycache__\0003_rename_outreach_fa_school__5bc36a_idx_outreach_fa_school__19b2f7_idx_and_more.cpython-312.pyc","0003_rename_outreach_fa_school__5bc36a_idx_outreach_fa_school__19b2f7_idx_and_more.cpython-312.pyc","File","Add-on","Service & Outreach","Dev 1 / Dev 5","MUST_REVIEW","MUST_REVIEW","MUST_REVIEW"
"C:\Users\JMega\OneDrive\Desktop\Crown2026_deploypr\docs\release\archive-cleanup\20260411_081314\backend\outreach\tests\__pycache__\__init__.cpython-312.pyc","__init__.cpython-312.pyc","File","Add-on","Service & Outreach","Dev 1 / Dev 5","MUST_REVIEW","MUST_REVIEW","MUST_REVIEW"
"C:\Users\JMega\OneDrive\Desktop\Crown2026_deploypr\docs\release\archive-cleanup\20260411_081314\backend\outreach\tests\__pycache__\test_outreach.cpython-312.pyc","test_outreach.cpython-312.pyc","TestFile","Add-on","Service & Outreach","Dev 1 / Dev 5","MUST_REVIEW","MUST_REVIEW","MUST_REVIEW"
"C:\Users\JMega\OneDrive\Desktop\Crown2026_deploypr\docs\release\archive-cleanup\20260411_081314\backend\outreach\tests\__pycache__\test_outreach.cpython-312-pytest-7.4.3.pyc","test_outreach.cpython-312-pytest-7.4.3.pyc","TestFile","Add-on","Service & Outreach","Dev 1 / Dev 5","MUST_REVIEW","MUST_REVIEW","MUST_REVIEW"
"C:\Users\JMega\OneDrive\Desktop\Crown2026_deploypr\docs\release\archive-cleanup\20260411_081314\backend\pdhub\__pycache__\__init__.cpython-312.pyc","__init__.cpython-312.pyc","File","Add-on","PD Hub","Dev 1 / Dev 5","MUST_REVIEW","MUST_REVIEW","MUST_REVIEW"
"C:\Users\JMega\OneDrive\Desktop\Crown2026_deploypr\docs\release\archive-cleanup\20260411_081314\backend\pdhub\__pycache__\admin.cpython-312.pyc","admin.cpython-312.pyc","File","Add-on","Administrator Portal","Dev 1 / Dev 5","MUST_REVIEW","MUST_REVIEW","MUST_REVIEW"
"C:\Users\JMega\OneDrive\Desktop\Crown2026_deploypr\docs\release\archive-cleanup\20260411_081314\backend\pdhub\__pycache__\api.cpython-312.pyc","api.cpython-312.pyc","File","Add-on","PD Hub","Dev 1 / Dev 5","MUST_REVIEW","MUST_REVIEW","MUST_REVIEW"
"C:\Users\JMega\OneDrive\Desktop\Crown2026_deploypr\docs\release\archive-cleanup\20260411_081314\backend\pdhub\__pycache__\apps.cpython-312.pyc","apps.cpython-312.pyc","File","Add-on","PD Hub","Dev 1 / Dev 5","MUST_REVIEW","MUST_REVIEW","MUST_REVIEW"
"C:\Users\JMega\OneDrive\Desktop\Crown2026_deploypr\docs\release\archive-cleanup\20260411_081314\backend\pdhub\__pycache__\models.cpython-312.pyc","models.cpython-312.pyc","File","Add-on","PD Hub","Dev 1 / Dev 5","MUST_REVIEW","MUST_REVIEW","MUST_REVIEW"
"C:\Users\JMega\OneDrive\Desktop\Crown2026_deploypr\docs\release\archive-cleanup\20260411_081314\backend\pdhub\__pycache__\serializers.cpython-312.pyc","serializers.cpython-312.pyc","APIOrView","Add-on","PD Hub","Dev 1 / Dev 5","MUST_REVIEW","MUST_REVIEW","MUST_REVIEW"
"C:\Users\JMega\OneDrive\Desktop\Crown2026_deploypr\docs\release\archive-cleanup\20260411_081314\backend\pdhub\__pycache__\urls.cpython-312.pyc","urls.cpython-312.pyc","File","Add-on","PD Hub","Dev 1 / Dev 5","MUST_REVIEW","MUST_REVIEW","MUST_REVIEW"
"C:\Users\JMega\OneDrive\Desktop\Crown2026_deploypr\docs\release\archive-cleanup\20260411_081314\backend\pdhub\migrations\__pycache__\__init__.cpython-312.pyc","__init__.cpython-312.pyc","File","Add-on","PD Hub","Dev 1 / Dev 5","MUST_REVIEW","MUST_REVIEW","MUST_REVIEW"
"C:\Users\JMega\OneDrive\Desktop\Crown2026_deploypr\docs\release\archive-cleanup\20260411_081314\backend\pdhub\migrations\__pycache__\0001_initial.cpython-312.pyc","0001_initial.cpython-312.pyc","File","Add-on","PD Hub","Dev 1 / Dev 5","MUST_REVIEW","MUST_REVIEW","MUST_REVIEW"
"C:\Users\JMega\OneDrive\Desktop\Crown2026_deploypr\docs\release\archive-cleanup\20260411_081314\backend\pdhub\migrations\__pycache__\0002_pd_workflows_fields.cpython-312.pyc","0002_pd_workflows_fields.cpython-312.pyc","File","Add-on","PD Hub","Dev 1 / Dev 5","MUST_REVIEW","MUST_REVIEW","MUST_REVIEW"
"C:\Users\JMega\OneDrive\Desktop\Crown2026_deploypr\docs\release\archive-cleanup\20260411_081314\backend\pdhub\migrations\__pycache__\0003_remove_pdresource_category_remove_pdresource_notes_and_more.cpython-312.pyc","0003_remove_pdresource_category_remove_pdresource_notes_and_more.cpython-312.pyc","File","Add-on","PD Hub","Dev 1 / Dev 5","MUST_REVIEW","MUST_REVIEW","MUST_REVIEW"
"C:\Users\JMega\OneDrive\Desktop\Crown2026_deploypr\docs\release\archive-cleanup\20260411_081314\backend\pdhub\tests\__pycache__\test_pdhub_api.cpython-312-pytest-7.4.3.pyc","test_pdhub_api.cpython-312-pytest-7.4.3.pyc","TestFile","Add-on","PD Hub","Dev 1 / Dev 5","MUST_REVIEW","MUST_REVIEW","MUST_REVIEW"
"C:\Users\JMega\OneDrive\Desktop\Crown2026_deploypr\docs\release\archive-cleanup\20260411_081314\backend\portrait\__pycache__\__init__.cpython-312.pyc","__init__.cpython-312.pyc","File","Add-on","Core / Shared","Dev 1 / Dev 5","MUST_REVIEW","MUST_REVIEW","MUST_REVIEW"
"C:\Users\JMega\OneDrive\Desktop\Crown2026_deploypr\docs\release\archive-cleanup\20260411_081314\backend\portrait\__pycache__\admin.cpython-312.pyc","admin.cpython-312.pyc","File","Add-on","Administrator Portal","Dev 1 / Dev 5","MUST_REVIEW","MUST_REVIEW","MUST_REVIEW"
"C:\Users\JMega\OneDrive\Desktop\Crown2026_deploypr\docs\release\archive-cleanup\20260411_081314\backend\portrait\__pycache__\apps.cpython-312.pyc","apps.cpython-312.pyc","File","Add-on","Core / Shared","Dev 1 / Dev 5","MUST_REVIEW","MUST_REVIEW","MUST_REVIEW"
"C:\Users\JMega\OneDrive\Desktop\Crown2026_deploypr\docs\release\archive-cleanup\20260411_081314\backend\portrait\__pycache__\models.cpython-312.pyc","models.cpython-312.pyc","File","Add-on","Core / Shared","Dev 1 / Dev 5","MUST_REVIEW","MUST_REVIEW","MUST_REVIEW"
"C:\Users\JMega\OneDrive\Desktop\Crown2026_deploypr\docs\release\archive-cleanup\20260411_081314\backend\portrait\__pycache__\serializers.cpython-312.pyc","serializers.cpython-312.pyc","APIOrView","Add-on","Core / Shared","Dev 1 / Dev 5","MUST_REVIEW","MUST_REVIEW","MUST_REVIEW"
"C:\Users\JMega\OneDrive\Desktop\Crown2026_deploypr\docs\release\archive-cleanup\20260411_081314\backend\portrait\__pycache__\services.cpython-312.pyc","services.cpython-312.pyc","ServiceFile","Add-on","Service & Outreach","Dev 1 / Dev 5","MUST_REVIEW","MUST_REVIEW","MUST_REVIEW"
"C:\Users\JMega\OneDrive\Desktop\Crown2026_deploypr\docs\release\archive-cleanup\20260411_081314\backend\portrait\__pycache__\urls.cpython-312.pyc","urls.cpython-312.pyc","File","Add-on","Core / Shared","Dev 1 / Dev 5","MUST_REVIEW","MUST_REVIEW","MUST_REVIEW"
"C:\Users\JMega\OneDrive\Desktop\Crown2026_deploypr\docs\release\archive-cleanup\20260411_081314\backend\portrait\__pycache__\views.cpython-312.pyc","views.cpython-312.pyc","File","Add-on","Core / Shared","Dev 1 / Dev 5","MUST_REVIEW","MUST_REVIEW","MUST_REVIEW"
"C:\Users\JMega\OneDrive\Desktop\Crown2026_deploypr\docs\release\archive-cleanup\20260411_081314\backend\portrait\management\__pycache__\__init__.cpython-312.pyc","__init__.cpython-312.pyc","File","Add-on","Core / Shared","Dev 1 / Dev 5","MUST_REVIEW","MUST_REVIEW","MUST_REVIEW"
"C:\Users\JMega\OneDrive\Desktop\Crown2026_deploypr\docs\release\archive-cleanup\20260411_081314\backend\portrait\management\commands\__pycache__\__init__.cpython-312.pyc","__init__.cpython-312.pyc","File","Add-on","Core / Shared","Dev 1 / Dev 5","MUST_REVIEW","MUST_REVIEW","MUST_REVIEW"
"C:\Users\JMega\OneDrive\Desktop\Crown2026_deploypr\docs\release\archive-cleanup\20260411_081314\backend\portrait\management\commands\__pycache__\seed_portrait_hca.cpython-312.pyc","seed_portrait_hca.cpython-312.pyc","File","Add-on","Core / Shared","Dev 1 / Dev 5","MUST_REVIEW","MUST_REVIEW","MUST_REVIEW"
"C:\Users\JMega\OneDrive\Desktop\Crown2026_deploypr\docs\release\archive-cleanup\20260411_081314\backend\portrait\migrations\__pycache__\__init__.cpython-312.pyc","__init__.cpython-312.pyc","File","Add-on","Core / Shared","Dev 1 / Dev 5","MUST_REVIEW","MUST_REVIEW","MUST_REVIEW"
"C:\Users\JMega\OneDrive\Desktop\Crown2026_deploypr\docs\release\archive-cleanup\20260411_081314\backend\portrait\migrations\__pycache__\0001_initial.cpython-312.pyc","0001_initial.cpython-312.pyc","File","Add-on","Core / Shared","Dev 1 / Dev 5","MUST_REVIEW","MUST_REVIEW","MUST_REVIEW"
"C:\Users\JMega\OneDrive\Desktop\Crown2026_deploypr\docs\release\archive-cleanup\20260411_081314\backend\portrait\tests\__pycache__\test_portrait_api.cpython-312-pytest-7.4.3.pyc","test_portrait_api.cpython-312-pytest-7.4.3.pyc","TestFile","Add-on","Core / Shared","Dev 1 / Dev 5","MUST_REVIEW","MUST_REVIEW","MUST_REVIEW"
"C:\Users\JMega\OneDrive\Desktop\Crown2026_deploypr\docs\release\archive-cleanup\20260411_081314\backend\scripts\__pycache__\seed_admissions_links.cpython-312.pyc","seed_admissions_links.cpython-312.pyc","File","Add-on","Admissions","Dev 1 / Dev 5","MUST_REVIEW","MUST_REVIEW","MUST_REVIEW"
"C:\Users\JMega\OneDrive\Desktop\Crown2026_deploypr\docs\release\archive-cleanup\20260411_081314\backend\signals\__pycache__\compass_api.cpython-312.pyc","compass_api.cpython-312.pyc","File","Add-on","Crown Compass","Dev 1 / Dev 5","MUST_REVIEW","MUST_REVIEW","MUST_REVIEW"
"C:\Users\JMega\OneDrive\Desktop\Crown2026_deploypr\docs\release\archive-cleanup\20260411_081314\backend\spiritual_life\__pycache__\__init__.cpython-312.pyc","__init__.cpython-312.pyc","File","Add-on","Spiritual Life","Dev 1 / Dev 5","MUST_REVIEW","MUST_REVIEW","MUST_REVIEW"
"C:\Users\JMega\OneDrive\Desktop\Crown2026_deploypr\docs\release\archive-cleanup\20260411_081314\backend\spiritual_life\__pycache__\apps.cpython-312.pyc","apps.cpython-312.pyc","File","Add-on","Spiritual Life","Dev 1 / Dev 5","MUST_REVIEW","MUST_REVIEW","MUST_REVIEW"
"C:\Users\JMega\OneDrive\Desktop\Crown2026_deploypr\docs\release\archive-cleanup\20260411_081314\backend\spiritual_life\__pycache__\models.cpython-312.pyc","models.cpython-312.pyc","File","Add-on","Spiritual Life","Dev 1 / Dev 5","MUST_REVIEW","MUST_REVIEW","MUST_REVIEW"
"C:\Users\JMega\OneDrive\Desktop\Crown2026_deploypr\docs\release\archive-cleanup\20260411_081314\backend\spiritual_life\__pycache__\services.cpython-312.pyc","services.cpython-312.pyc","ServiceFile","Add-on","Spiritual Life","Dev 1 / Dev 5","MUST_REVIEW","MUST_REVIEW","MUST_REVIEW"
"C:\Users\JMega\OneDrive\Desktop\Crown2026_deploypr\docs\release\archive-cleanup\20260411_081314\backend\spiritual_life\api\__pycache__\__init__.cpython-312.pyc","__init__.cpython-312.pyc","File","Add-on","Spiritual Life","Dev 1 / Dev 5","MUST_REVIEW","MUST_REVIEW","MUST_REVIEW"
"C:\Users\JMega\OneDrive\Desktop\Crown2026_deploypr\docs\release\archive-cleanup\20260411_081314\backend\spiritual_life\api\__pycache__\serializers.cpython-312.pyc","serializers.cpython-312.pyc","APIOrView","Add-on","Spiritual Life","Dev 1 / Dev 5","MUST_REVIEW","MUST_REVIEW","MUST_REVIEW"
"C:\Users\JMega\OneDrive\Desktop\Crown2026_deploypr\docs\release\archive-cleanup\20260411_081314\backend\spiritual_life\api\__pycache__\urls.cpython-312.pyc","urls.cpython-312.pyc","File","Add-on","Spiritual Life","Dev 1 / Dev 5","MUST_REVIEW","MUST_REVIEW","MUST_REVIEW"
"C:\Users\JMega\OneDrive\Desktop\Crown2026_deploypr\docs\release\archive-cleanup\20260411_081314\backend\spiritual_life\api\__pycache__\views.cpython-312.pyc","views.cpython-312.pyc","File","Add-on","Spiritual Life","Dev 1 / Dev 5","MUST_REVIEW","MUST_REVIEW","MUST_REVIEW"
"C:\Users\JMega\OneDrive\Desktop\Crown2026_deploypr\docs\release\archive-cleanup\20260411_081314\backend\spiritual_life\management\__pycache__\__init__.cpython-312.pyc","__init__.cpython-312.pyc","File","Add-on","Spiritual Life","Dev 1 / Dev 5","MUST_REVIEW","MUST_REVIEW","MUST_REVIEW"
"C:\Users\JMega\OneDrive\Desktop\Crown2026_deploypr\docs\release\archive-cleanup\20260411_081314\backend\spiritual_life\management\commands\__pycache__\__init__.cpython-312.pyc","__init__.cpython-312.pyc","File","Add-on","Spiritual Life","Dev 1 / Dev 5","MUST_REVIEW","MUST_REVIEW","MUST_REVIEW"
"C:\Users\JMega\OneDrive\Desktop\Crown2026_deploypr\docs\release\archive-cleanup\20260411_081314\backend\spiritual_life\management\commands\__pycache__\seed_devotionals.cpython-312.pyc","seed_devotionals.cpython-312.pyc","File","Add-on","Spiritual Life","Dev 1 / Dev 5","MUST_REVIEW","MUST_REVIEW","MUST_REVIEW"
"C:\Users\JMega\OneDrive\Desktop\Crown2026_deploypr\docs\release\archive-cleanup\20260411_081314\backend\spiritual_life\migrations\__pycache__\__init__.cpython-312.pyc","__init__.cpython-312.pyc","File","Add-on","Spiritual Life","Dev 1 / Dev 5","MUST_REVIEW","MUST_REVIEW","MUST_REVIEW"
"C:\Users\JMega\OneDrive\Desktop\Crown2026_deploypr\docs\release\archive-cleanup\20260411_081314\backend\spiritual_life\migrations\__pycache__\0001_initial_spiritual_life.cpython-312.pyc","0001_initial_spiritual_life.cpython-312.pyc","File","Add-on","Spiritual Life","Dev 1 / Dev 5","MUST_REVIEW","MUST_REVIEW","MUST_REVIEW"
"C:\Users\JMega\OneDrive\Desktop\Crown2026_deploypr\docs\release\archive-cleanup\20260411_081314\backend\spiritual_life\migrations\__pycache__\0002_biblicalintegrationrecord_devotionalcontent_and_more.cpython-312.pyc","0002_biblicalintegrationrecord_devotionalcontent_and_more.cpython-312.pyc","File","Add-on","Spiritual Life","Dev 1 / Dev 5","MUST_REVIEW","MUST_REVIEW","MUST_REVIEW"
"C:\Users\JMega\OneDrive\Desktop\Crown2026_deploypr\docs\release\archive-cleanup\20260411_081314\backend\spiritual_life\migrations\__pycache__\0003_alter_devotionalcontent_unique_together_and_more.cpython-312.pyc","0003_alter_devotionalcontent_unique_together_and_more.cpython-312.pyc","File","Add-on","Spiritual Life","Dev 1 / Dev 5","MUST_REVIEW","MUST_REVIEW","MUST_REVIEW"
"C:\Users\JMega\OneDrive\Desktop\Crown2026_deploypr\docs\release\archive-cleanup\20260411_081314\backend\spiritual_life\tests\__pycache__\__init__.cpython-312.pyc","__init__.cpython-312.pyc","File","Add-on","Spiritual Life","Dev 1 / Dev 5","MUST_REVIEW","MUST_REVIEW","MUST_REVIEW"
"C:\Users\JMega\OneDrive\Desktop\Crown2026_deploypr\docs\release\archive-cleanup\20260411_081314\backend\spiritual_life\tests\__pycache__\test_spiritual_life.cpython-312.pyc","test_spiritual_life.cpython-312.pyc","TestFile","Add-on","Spiritual Life","Dev 1 / Dev 5","MUST_REVIEW","MUST_REVIEW","MUST_REVIEW"
"C:\Users\JMega\OneDrive\Desktop\Crown2026_deploypr\docs\release\archive-cleanup\20260411_081314\backend\spiritual_life\tests\__pycache__\test_spiritual_life.cpython-312-pytest-7.4.3.pyc","test_spiritual_life.cpython-312-pytest-7.4.3.pyc","TestFile","Add-on","Spiritual Life","Dev 1 / Dev 5","MUST_REVIEW","MUST_REVIEW","MUST_REVIEW"
"C:\Users\JMega\OneDrive\Desktop\Crown2026_deploypr\docs\release\archive-cleanup\20260411_081314\backend\subscriptions\api\__pycache__\permissions.cpython-312.pyc","permissions.cpython-312.pyc","File","Add-on","Core / Shared","Dev 1 / Dev 5","MUST_REVIEW","MUST_REVIEW","MUST_REVIEW"
"C:\Users\JMega\OneDrive\Desktop\Crown2026_deploypr\docs\release\archive-cleanup\20260411_081314\backend\subscriptions\tests\__pycache__\test_permissions_enforcement.cpython-312.pyc","test_permissions_enforcement.cpython-312.pyc","TestFile","Add-on","Core / Shared","Dev 1 / Dev 5","MUST_REVIEW","MUST_REVIEW","MUST_REVIEW"
"C:\Users\JMega\OneDrive\Desktop\Crown2026_deploypr\docs\release\archive-cleanup\20260411_081314\backend\subscriptions\tests\__pycache__\test_permissions_enforcement.cpython-312-pytest-7.4.3.pyc","test_permissions_enforcement.cpython-312-pytest-7.4.3.pyc","TestFile","Add-on","Core / Shared","Dev 1 / Dev 5","MUST_REVIEW","MUST_REVIEW","MUST_REVIEW"
"C:\Users\JMega\OneDrive\Desktop\Crown2026_deploypr\docs\release\archive-cleanup\20260411_081314\backend\transportation\api\__pycache__\permissions.cpython-312.pyc","permissions.cpython-312.pyc","File","Add-on","Transportation","Dev 1 / Dev 5","MUST_REVIEW","MUST_REVIEW","MUST_REVIEW"
"C:\Users\JMega\OneDrive\Desktop\Crown2026_deploypr\docs\release\archive-cleanup\20260411_081314\frontend\dashboards\.mypy_cache\3.12\admissions\__init__.data.json","__init__.data.json","File","Add-on","Admissions","Dev 1 / Dev 5","MUST_REVIEW","MUST_REVIEW","MUST_REVIEW"
"C:\Users\JMega\OneDrive\Desktop\Crown2026_deploypr\docs\release\archive-cleanup\20260411_081314\frontend\dashboards\.mypy_cache\3.12\admissions\__init__.meta.json","__init__.meta.json","File","Add-on","Admissions","Dev 1 / Dev 5","MUST_REVIEW","MUST_REVIEW","MUST_REVIEW"
"C:\Users\JMega\OneDrive\Desktop\Crown2026_deploypr\docs\release\archive-cleanup\20260411_081314\frontend\dashboards\.mypy_cache\3.12\admissions\models.data.json","models.data.json","File","Add-on","Admissions","Dev 1 / Dev 5","MUST_REVIEW","MUST_REVIEW","MUST_REVIEW"
"C:\Users\JMega\OneDrive\Desktop\Crown2026_deploypr\docs\release\archive-cleanup\20260411_081314\frontend\dashboards\.mypy_cache\3.12\admissions\models.meta.json","models.meta.json","File","Add-on","Admissions","Dev 1 / Dev 5","MUST_REVIEW","MUST_REVIEW","MUST_REVIEW"
"C:\Users\JMega\OneDrive\Desktop\Crown2026_deploypr\docs\release\archive-cleanup\20260411_081314\frontend\dashboards\.mypy_cache\3.12\outreach\__init__.data.json","__init__.data.json","File","Add-on","Board Governance","Dev 1 / Dev 5","MUST_REVIEW","MUST_REVIEW","MUST_REVIEW"
"C:\Users\JMega\OneDrive\Desktop\Crown2026_deploypr\docs\release\archive-cleanup\20260411_081314\frontend\dashboards\.mypy_cache\3.12\outreach\__init__.meta.json","__init__.meta.json","File","Add-on","Board Governance","Dev 1 / Dev 5","MUST_REVIEW","MUST_REVIEW","MUST_REVIEW"
"C:\Users\JMega\OneDrive\Desktop\Crown2026_deploypr\docs\release\archive-cleanup\20260411_081314\frontend\dashboards\.mypy_cache\3.12\outreach\models.data.json","models.data.json","File","Add-on","Board Governance","Dev 1 / Dev 5","MUST_REVIEW","MUST_REVIEW","MUST_REVIEW"
"C:\Users\JMega\OneDrive\Desktop\Crown2026_deploypr\docs\release\archive-cleanup\20260411_081314\frontend\dashboards\.mypy_cache\3.12\outreach\models.meta.json","models.meta.json","File","Add-on","Board Governance","Dev 1 / Dev 5","MUST_REVIEW","MUST_REVIEW","MUST_REVIEW"
"C:\Users\JMega\OneDrive\Desktop\Crown2026_deploypr\docs\release\archive-cleanup\20260411_081314\frontend\dashboards\.mypy_cache\3.12\spiritual_life\__init__.data.json","__init__.data.json","File","Add-on","Board Governance","Dev 1 / Dev 5","MUST_REVIEW","MUST_REVIEW","MUST_REVIEW"
"C:\Users\JMega\OneDrive\Desktop\Crown2026_deploypr\docs\release\archive-cleanup\20260411_081314\frontend\dashboards\.mypy_cache\3.12\spiritual_life\__init__.meta.json","__init__.meta.json","File","Add-on","Board Governance","Dev 1 / Dev 5","MUST_REVIEW","MUST_REVIEW","MUST_REVIEW"
"C:\Users\JMega\OneDrive\Desktop\Crown2026_deploypr\docs\release\archive-cleanup\20260411_081314\frontend\dashboards\.mypy_cache\3.12\spiritual_life\models.data.json","models.data.json","File","Add-on","Board Governance","Dev 1 / Dev 5","MUST_REVIEW","MUST_REVIEW","MUST_REVIEW"
"C:\Users\JMega\OneDrive\Desktop\Crown2026_deploypr\docs\release\archive-cleanup\20260411_081314\frontend\dashboards\.mypy_cache\3.12\spiritual_life\models.meta.json","models.meta.json","File","Add-on","Board Governance","Dev 1 / Dev 5","MUST_REVIEW","MUST_REVIEW","MUST_REVIEW"
"C:\Users\JMega\OneDrive\Desktop\Crown2026_deploypr\docs\repo-cleanup\GOVERNANCE_GAPS_PHASE2.md","GOVERNANCE_GAPS_PHASE2.md","File","Add-on","Board Governance","Dev 1 / Dev 5","MUST_REVIEW","MUST_REVIEW","MUST_REVIEW"
"C:\Users\JMega\OneDrive\Desktop\Crown2026_deploypr\frontend\dashboards\node_modules\browserslist\node_modules\caniuse-lite\data\features\permissions-api.js","permissions-api.js","File","Add-on","Board Governance","Dev 1 / Dev 5","MUST_REVIEW","MUST_REVIEW","MUST_REVIEW"
"C:\Users\JMega\OneDrive\Desktop\Crown2026_deploypr\frontend\dashboards\node_modules\browserslist\node_modules\caniuse-lite\data\features\permissions-policy.js","permissions-policy.js","File","Add-on","Board Governance","Dev 1 / Dev 5","MUST_REVIEW","MUST_REVIEW","MUST_REVIEW"
"C:\Users\JMega\OneDrive\Desktop\Crown2026_deploypr\frontend\dashboards\node_modules\playwright-core\lib\server\bidi\third_party\bidiProtocolPermissions.js","bidiProtocolPermissions.js","File","Add-on","Board Governance","Dev 1 / Dev 5","MUST_REVIEW","MUST_REVIEW","MUST_REVIEW"
"C:\Users\JMega\OneDrive\Desktop\Crown2026_deploypr\frontend\dashboards\src\api\admissions.js","admissions.js","File","Add-on","Admissions","Dev 1 / Dev 5","MUST_REVIEW","MUST_REVIEW","MUST_REVIEW"
"C:\Users\JMega\OneDrive\Desktop\Crown2026_deploypr\frontend\dashboards\src\auth\permissions.js","permissions.js","File","Add-on","Board Governance","Dev 1 / Dev 5","MUST_REVIEW","MUST_REVIEW","MUST_REVIEW"
"C:\Users\JMega\OneDrive\Desktop\Crown2026_deploypr\frontend\dashboards\src\components\auth\RequirePermission.jsx","RequirePermission.jsx","File","Add-on","Board Governance","Dev 1 / Dev 5","MUST_REVIEW","MUST_REVIEW","MUST_REVIEW"
"C:\Users\JMega\OneDrive\Desktop\Crown2026_deploypr\frontend\dashboards\src\components\board\BoardCompassCard.jsx","BoardCompassCard.jsx","File","Add-on","Board Governance","Dev 1 / Dev 5","MUST_REVIEW","MUST_REVIEW","MUST_REVIEW"
"C:\Users\JMega\OneDrive\Desktop\Crown2026_deploypr\frontend\dashboards\src\components\dashboard\admissions\AdmissionsActivityFeedCard.jsx","AdmissionsActivityFeedCard.jsx","File","Add-on","Admissions","Dev 1 / Dev 5","MUST_REVIEW","MUST_REVIEW","MUST_REVIEW"
"C:\Users\JMega\OneDrive\Desktop\Crown2026_deploypr\frontend\dashboards\src\components\dashboard\admissions\AdmissionsAlertsPanel.jsx","AdmissionsAlertsPanel.jsx","File","Add-on","Admissions","Dev 1 / Dev 5","MUST_REVIEW","MUST_REVIEW","MUST_REVIEW"
"C:\Users\JMega\OneDrive\Desktop\Crown2026_deploypr\frontend\dashboards\src\components\dashboard\admissions\AdmissionsApplicantsSnapshotCard.jsx","AdmissionsApplicantsSnapshotCard.jsx","File","Add-on","Admissions","Dev 1 / Dev 5","MUST_REVIEW","MUST_REVIEW","MUST_REVIEW"
"C:\Users\JMega\OneDrive\Desktop\Crown2026_deploypr\frontend\dashboards\src\components\dashboard\admissions\AdmissionsCalendarCard.jsx","AdmissionsCalendarCard.jsx","File","Add-on","Admissions","Dev 1 / Dev 5","MUST_REVIEW","MUST_REVIEW","MUST_REVIEW"
"C:\Users\JMega\OneDrive\Desktop\Crown2026_deploypr\frontend\dashboards\src\components\dashboard\admissions\AdmissionsCommunicationsCard.jsx","AdmissionsCommunicationsCard.jsx","File","Add-on","Admissions","Dev 1 / Dev 5","MUST_REVIEW","MUST_REVIEW","MUST_REVIEW"
"C:\Users\JMega\OneDrive\Desktop\Crown2026_deploypr\frontend\dashboards\src\components\dashboard\admissions\AdmissionsPipelinePanel.jsx","AdmissionsPipelinePanel.jsx","File","Add-on","Admissions","Dev 1 / Dev 5","MUST_REVIEW","MUST_REVIEW","MUST_REVIEW"
"C:\Users\JMega\OneDrive\Desktop\Crown2026_deploypr\frontend\dashboards\src\components\dashboard\admissions\AdmissionsPrioritiesPanel.jsx","AdmissionsPrioritiesPanel.jsx","File","Add-on","Admissions","Dev 1 / Dev 5","MUST_REVIEW","MUST_REVIEW","MUST_REVIEW"
"C:\Users\JMega\OneDrive\Desktop\Crown2026_deploypr\frontend\dashboards\src\components\dashboard\admissions\AdmissionsReportSnapshotCard.jsx","AdmissionsReportSnapshotCard.jsx","DocFile","Add-on","Admissions","Dev 1 / Dev 5","MUST_REVIEW","MUST_REVIEW","MUST_REVIEW"
"C:\Users\JMega\OneDrive\Desktop\Crown2026_deploypr\frontend\dashboards\src\components\dashboard\admissions\AdmissionsSnapshotCard.jsx","AdmissionsSnapshotCard.jsx","File","Add-on","Admissions","Dev 1 / Dev 5","MUST_REVIEW","MUST_REVIEW","MUST_REVIEW"
"C:\Users\JMega\OneDrive\Desktop\Crown2026_deploypr\frontend\dashboards\src\components\dashboard\admissions\AdmissionsYieldCard.jsx","AdmissionsYieldCard.jsx","File","Add-on","Admissions","Dev 1 / Dev 5","MUST_REVIEW","MUST_REVIEW","MUST_REVIEW"
"C:\Users\JMega\OneDrive\Desktop\Crown2026_deploypr\frontend\dashboards\src\components\dashboard\chaplain\ChaplainAlertsPanel.jsx","ChaplainAlertsPanel.jsx","File","Add-on","Board Governance","Dev 1 / Dev 5","MUST_REVIEW","MUST_REVIEW","MUST_REVIEW"
"C:\Users\JMega\OneDrive\Desktop\Crown2026_deploypr\frontend\dashboards\src\components\dashboard\chaplain\ChaplainQueueCard.jsx","ChaplainQueueCard.jsx","File","Add-on","Board Governance","Dev 1 / Dev 5","MUST_REVIEW","MUST_REVIEW","MUST_REVIEW"
"C:\Users\JMega\OneDrive\Desktop\Crown2026_deploypr\frontend\dashboards\src\components\dashboard\chaplain\ChaplainSnapshotCard.jsx","ChaplainSnapshotCard.jsx","File","Add-on","Board Governance","Dev 1 / Dev 5","MUST_REVIEW","MUST_REVIEW","MUST_REVIEW"
"C:\Users\JMega\OneDrive\Desktop\Crown2026_deploypr\frontend\dashboards\src\components\dashboard\communications\OutreachQueueCard.jsx","OutreachQueueCard.jsx","File","Add-on","Board Governance","Dev 1 / Dev 5","MUST_REVIEW","MUST_REVIEW","MUST_REVIEW"
"C:\Users\JMega\OneDrive\Desktop\Crown2026_deploypr\frontend\dashboards\src\components\dashboard\portraitservice\PortraitServiceAlertsPanel.jsx","PortraitServiceAlertsPanel.jsx","ServiceFile","Add-on","Board Governance","Dev 1 / Dev 5","MUST_REVIEW","MUST_REVIEW","MUST_REVIEW"
"C:\Users\JMega\OneDrive\Desktop\Crown2026_deploypr\frontend\dashboards\src\components\dashboard\portraitservice\PortraitServiceQueueCard.jsx","PortraitServiceQueueCard.jsx","ServiceFile","Add-on","Board Governance","Dev 1 / Dev 5","MUST_REVIEW","MUST_REVIEW","MUST_REVIEW"
"C:\Users\JMega\OneDrive\Desktop\Crown2026_deploypr\frontend\dashboards\src\components\dashboard\portraitservice\PortraitServiceSnapshotCard.jsx","PortraitServiceSnapshotCard.jsx","ServiceFile","Add-on","Board Governance","Dev 1 / Dev 5","MUST_REVIEW","MUST_REVIEW","MUST_REVIEW"
"C:\Users\JMega\OneDrive\Desktop\Crown2026_deploypr\frontend\dashboards\src\hooks\useAdmissionsDashboardData.js","useAdmissionsDashboardData.js","PageOrDashboard","Add-on","Admissions","Dev 1 / Dev 5","MUST_REVIEW","MUST_REVIEW","MUST_REVIEW"
"C:\Users\JMega\OneDrive\Desktop\Crown2026_deploypr\frontend\dashboards\src\hooks\usePermissions.js","usePermissions.js","File","Add-on","Board Governance","Dev 1 / Dev 5","MUST_REVIEW","MUST_REVIEW","MUST_REVIEW"
"C:\Users\JMega\OneDrive\Desktop\Crown2026_deploypr\frontend\dashboards\src\pages\AdmissionsDashboard.jsx","AdmissionsDashboard.jsx","PageOrDashboard","Add-on","Admissions","Dev 1 / Dev 5","MUST_REVIEW","MUST_REVIEW","MUST_REVIEW"
"C:\Users\JMega\OneDrive\Desktop\Crown2026_deploypr\frontend\dashboards\src\pages\AdmissionsIntakeWizard.jsx","AdmissionsIntakeWizard.jsx","Wizard","Add-on","Admissions","Dev 1 / Dev 5","MUST_REVIEW","MUST_REVIEW","MUST_REVIEW"
"C:\Users\JMega\OneDrive\Desktop\Crown2026_deploypr\frontend\dashboards\src\pages\AdmissionsPipelineList.jsx","AdmissionsPipelineList.jsx","File","Add-on","Admissions","Dev 1 / Dev 5","MUST_REVIEW","MUST_REVIEW","MUST_REVIEW"
"C:\Users\JMega\OneDrive\Desktop\Crown2026_deploypr\frontend\dashboards\src\pages\ChaplainSpiritualLifeDashboard.jsx","ChaplainSpiritualLifeDashboard.jsx","PageOrDashboard","Add-on","Board Governance","Dev 1 / Dev 5","MUST_REVIEW","MUST_REVIEW","MUST_REVIEW"
"C:\Users\JMega\OneDrive\Desktop\Crown2026_deploypr\frontend\dashboards\src\pages\PortraitServiceHoursDashboard.jsx","PortraitServiceHoursDashboard.jsx","PageOrDashboard","Add-on","Board Governance","Dev 1 / Dev 5","MUST_REVIEW","MUST_REVIEW","MUST_REVIEW"
"C:\Users\JMega\OneDrive\Desktop\Crown2026_deploypr\frontend\dashboards\src\pages\SpiritualLifeDashboard.jsx","SpiritualLifeDashboard.jsx","PageOrDashboard","Add-on","Board Governance","Dev 1 / Dev 5","MUST_REVIEW","MUST_REVIEW","MUST_REVIEW"
"C:\Users\JMega\OneDrive\Desktop\Crown2026_deploypr\frontend\dashboards\src\tests\permissionContract.test.js","permissionContract.test.js","File","Add-on","Board Governance","Dev 1 / Dev 5","MUST_REVIEW","MUST_REVIEW","MUST_REVIEW"
"C:\Users\JMega\OneDrive\Desktop\Crown2026_deploypr\frontend\dashboards\tests\ui\nav-permissions.spec.ts","nav-permissions.spec.ts","TestFile","Add-on","Board Governance","Dev 1 / Dev 5","MUST_REVIEW","MUST_REVIEW","MUST_REVIEW"
"C:\Users\JMega\OneDrive\Desktop\Crown2026_deploypr\scripts\manual_admissions_api.py","manual_admissions_api.py","File","Add-on","Admissions","Dev 1 / Dev 5","MUST_REVIEW","MUST_REVIEW","MUST_REVIEW"
"C:\Users\JMega\OneDrive\Desktop\Crown2026_deploypr\scripts\manual_admissions_check.py","manual_admissions_check.py","File","Add-on","Admissions","Dev 1 / Dev 5","MUST_REVIEW","MUST_REVIEW","MUST_REVIEW"
"C:\Users\JMega\OneDrive\Desktop\Crown2026_deploypr\scripts\ops\root_legacy\clean_a535_admissions.py","clean_a535_admissions.py","File","Add-on","Admissions","Dev 1 / Dev 5","MUST_REVIEW","MUST_REVIEW","MUST_REVIEW"
"C:\Users\JMega\OneDrive\Desktop\Crown2026_deploypr\tests\__pycache__\test_schema_governance_assets.cpython-312-pytest-7.4.3.pyc","test_schema_governance_assets.cpython-312-pytest-7.4.3.pyc","TestFile","Add-on","Board Governance","Dev 1 / Dev 5","MUST_REVIEW","MUST_REVIEW","MUST_REVIEW"
"C:\Users\JMega\OneDrive\Desktop\Crown2026_deploypr\tests\test_schema_governance_assets.py","test_schema_governance_assets.py","TestFile","Add-on","Board Governance","Dev 1 / Dev 5","MUST_REVIEW","MUST_REVIEW","MUST_REVIEW"
"C:\Users\JMega\OneDrive\Desktop\Crown2026_deploypr\venv\Lib\site-packages\django\contrib\auth\migrations\__pycache__\0002_alter_permission_name_max_length.cpython-312.pyc","0002_alter_permission_name_max_length.cpython-312.pyc","File","Add-on","Core / Shared","Dev 1 / Dev 5","MUST_REVIEW","MUST_REVIEW","MUST_REVIEW"
"C:\Users\JMega\OneDrive\Desktop\Crown2026_deploypr\venv\Lib\site-packages\django\contrib\auth\migrations\__pycache__\0011_update_proxy_permissions.cpython-312.pyc","0011_update_proxy_permissions.cpython-312.pyc","File","Add-on","Core / Shared","Dev 1 / Dev 5","MUST_REVIEW","MUST_REVIEW","MUST_REVIEW"
"C:\Users\JMega\OneDrive\Desktop\Crown2026_deploypr\venv\Lib\site-packages\django\contrib\auth\migrations\0002_alter_permission_name_max_length.py","0002_alter_permission_name_max_length.py","File","Add-on","Core / Shared","Dev 1 / Dev 5","MUST_REVIEW","MUST_REVIEW","MUST_REVIEW"
"C:\Users\JMega\OneDrive\Desktop\Crown2026_deploypr\venv\Lib\site-packages\django\contrib\auth\migrations\0011_update_proxy_permissions.py","0011_update_proxy_permissions.py","File","Add-on","Core / Shared","Dev 1 / Dev 5","MUST_REVIEW","MUST_REVIEW","MUST_REVIEW"
"C:\Users\JMega\OneDrive\Desktop\Crown2026_deploypr\venv\Lib\site-packages\django_extensions\management\commands\__pycache__\show_permissions.cpython-312.pyc","show_permissions.cpython-312.pyc","File","Add-on","Core / Shared","Dev 1 / Dev 5","MUST_REVIEW","MUST_REVIEW","MUST_REVIEW"
"C:\Users\JMega\OneDrive\Desktop\Crown2026_deploypr\venv\Lib\site-packages\django_extensions\management\commands\__pycache__\update_permissions.cpython-312.pyc","update_permissions.cpython-312.pyc","File","Add-on","Core / Shared","Dev 1 / Dev 5","MUST_REVIEW","MUST_REVIEW","MUST_REVIEW"
"C:\Users\JMega\OneDrive\Desktop\Crown2026_deploypr\venv\Lib\site-packages\django_extensions\management\commands\show_permissions.py","show_permissions.py","File","Add-on","Core / Shared","Dev 1 / Dev 5","MUST_REVIEW","MUST_REVIEW","MUST_REVIEW"
"C:\Users\JMega\OneDrive\Desktop\Crown2026_deploypr\venv\Lib\site-packages\django_extensions\management\commands\update_permissions.py","update_permissions.py","File","Add-on","Core / Shared","Dev 1 / Dev 5","MUST_REVIEW","MUST_REVIEW","MUST_REVIEW"
"C:\Users\JMega\OneDrive\Desktop\Crown2026_deploypr\venv\Lib\site-packages\rest_framework\__pycache__\permissions.cpython-312.pyc","permissions.cpython-312.pyc","File","Add-on","Core / Shared","Dev 1 / Dev 5","MUST_REVIEW","MUST_REVIEW","MUST_REVIEW"
"C:\Users\JMega\OneDrive\Desktop\Crown2026_deploypr\venv\Lib\site-packages\rest_framework\permissions.py","permissions.py","File","Add-on","Core / Shared","Dev 1 / Dev 5","MUST_REVIEW","MUST_REVIEW","MUST_REVIEW"
"C:\Users\JMega\OneDrive\Desktop\Crown2026_deploypr\venv\Lib\site-packages\twilio\rest\accounts\v1\__pycache__\messaging_geopermissions.cpython-312.pyc","messaging_geopermissions.cpython-312.pyc","File","Add-on","Core / Shared","Dev 1 / Dev 5","MUST_REVIEW","MUST_REVIEW","MUST_REVIEW"
"C:\Users\JMega\OneDrive\Desktop\Crown2026_deploypr\venv\Lib\site-packages\twilio\rest\accounts\v1\messaging_geopermissions.py","messaging_geopermissions.py","File","Add-on","Core / Shared","Dev 1 / Dev 5","MUST_REVIEW","MUST_REVIEW","MUST_REVIEW"
"C:\Users\JMega\OneDrive\Desktop\Crown2026_deploypr\venv\Lib\site-packages\twilio\rest\sync\v1\service\document\__pycache__\document_permission.cpython-312.pyc","document_permission.cpython-312.pyc","File","Add-on","Service & Outreach","Dev 1 / Dev 5","MUST_REVIEW","MUST_REVIEW","MUST_REVIEW"
"C:\Users\JMega\OneDrive\Desktop\Crown2026_deploypr\venv\Lib\site-packages\twilio\rest\sync\v1\service\document\document_permission.py","document_permission.py","File","Add-on","Service & Outreach","Dev 1 / Dev 5","MUST_REVIEW","MUST_REVIEW","MUST_REVIEW"
"C:\Users\JMega\OneDrive\Desktop\Crown2026_deploypr\venv\Lib\site-packages\twilio\rest\sync\v1\service\sync_list\__pycache__\sync_list_permission.cpython-312.pyc","sync_list_permission.cpython-312.pyc","File","Add-on","Service & Outreach","Dev 1 / Dev 5","MUST_REVIEW","MUST_REVIEW","MUST_REVIEW"
"C:\Users\JMega\OneDrive\Desktop\Crown2026_deploypr\venv\Lib\site-packages\twilio\rest\sync\v1\service\sync_list\sync_list_permission.py","sync_list_permission.py","File","Add-on","Service & Outreach","Dev 1 / Dev 5","MUST_REVIEW","MUST_REVIEW","MUST_REVIEW"
"C:\Users\JMega\OneDrive\Desktop\Crown2026_deploypr\venv\Lib\site-packages\twilio\rest\sync\v1\service\sync_map\__pycache__\sync_map_permission.cpython-312.pyc","sync_map_permission.cpython-312.pyc","File","Add-on","Service & Outreach","Dev 1 / Dev 5","MUST_REVIEW","MUST_REVIEW","MUST_REVIEW"
"C:\Users\JMega\OneDrive\Desktop\Crown2026_deploypr\venv\Lib\site-packages\twilio\rest\sync\v1\service\sync_map\sync_map_permission.py","sync_map_permission.py","File","Add-on","Service & Outreach","Dev 1 / Dev 5","MUST_REVIEW","MUST_REVIEW","MUST_REVIEW"
"C:\Users\JMega\OneDrive\Desktop\Crown2026_deploypr\venv\Lib\site-packages\twilio\rest\voice\v1\dialing_permissions\__init__.py","__init__.py","File","Add-on","Core / Shared","Dev 1 / Dev 5","MUST_REVIEW","MUST_REVIEW","MUST_REVIEW"
"C:\Users\JMega\OneDrive\Desktop\Crown2026_deploypr\venv\Lib\site-packages\twilio\rest\voice\v1\dialing_permissions\__pycache__\__init__.cpython-312.pyc","__init__.cpython-312.pyc","File","Add-on","Core / Shared","Dev 1 / Dev 5","MUST_REVIEW","MUST_REVIEW","MUST_REVIEW"
"C:\Users\JMega\OneDrive\Desktop\Crown2026_deploypr\venv\Lib\site-packages\twilio\rest\voice\v1\dialing_permissions\__pycache__\bulk_country_update.cpython-312.pyc","bulk_country_update.cpython-312.pyc","File","Add-on","Core / Shared","Dev 1 / Dev 5","MUST_REVIEW","MUST_REVIEW","MUST_REVIEW"
"C:\Users\JMega\OneDrive\Desktop\Crown2026_deploypr\venv\Lib\site-packages\twilio\rest\voice\v1\dialing_permissions\__pycache__\settings.cpython-312.pyc","settings.cpython-312.pyc","File","Add-on","Core / Shared","Dev 1 / Dev 5","MUST_REVIEW","MUST_REVIEW","MUST_REVIEW"
"C:\Users\JMega\OneDrive\Desktop\Crown2026_deploypr\venv\Lib\site-packages\twilio\rest\voice\v1\dialing_permissions\bulk_country_update.py","bulk_country_update.py","File","Add-on","Core / Shared","Dev 1 / Dev 5","MUST_REVIEW","MUST_REVIEW","MUST_REVIEW"
"C:\Users\JMega\OneDrive\Desktop\Crown2026_deploypr\venv\Lib\site-packages\twilio\rest\voice\v1\dialing_permissions\country\__init__.py","__init__.py","File","Add-on","Core / Shared","Dev 1 / Dev 5","MUST_REVIEW","MUST_REVIEW","MUST_REVIEW"
"C:\Users\JMega\OneDrive\Desktop\Crown2026_deploypr\venv\Lib\site-packages\twilio\rest\voice\v1\dialing_permissions\country\__pycache__\__init__.cpython-312.pyc","__init__.cpython-312.pyc","File","Add-on","Core / Shared","Dev 1 / Dev 5","MUST_REVIEW","MUST_REVIEW","MUST_REVIEW"
"C:\Users\JMega\OneDrive\Desktop\Crown2026_deploypr\venv\Lib\site-packages\twilio\rest\voice\v1\dialing_permissions\country\__pycache__\highrisk_special_prefix.cpython-312.pyc","highrisk_special_prefix.cpython-312.pyc","File","Add-on","Core / Shared","Dev 1 / Dev 5","MUST_REVIEW","MUST_REVIEW","MUST_REVIEW"
"C:\Users\JMega\OneDrive\Desktop\Crown2026_deploypr\venv\Lib\site-packages\twilio\rest\voice\v1\dialing_permissions\country\highrisk_special_prefix.py","highrisk_special_prefix.py","File","Add-on","Core / Shared","Dev 1 / Dev 5","MUST_REVIEW","MUST_REVIEW","MUST_REVIEW"
"C:\Users\JMega\OneDrive\Desktop\Crown2026_deploypr\venv\Lib\site-packages\twilio\rest\voice\v1\dialing_permissions\settings.py","settings.py","File","Add-on","Core / Shared","Dev 1 / Dev 5","MUST_REVIEW","MUST_REVIEW","MUST_REVIEW"
