"Priority","FindingType","File","Line","Action","Owner","Status"
"P1","UI-AntiPattern","backend\crown_api\templates\registration\login.html","24","Replace dead link, off-brand dark treatment, hardcoded color, or temporary UI pattern.","Dev 4 - Frontend/UX","Open"
"P1","UI-AntiPattern","frontend\dashboards\playwright-report\index.html","58","Replace dead link, off-brand dark treatment, hardcoded color, or temporary UI pattern.","Dev 4 - Frontend/UX","Open"
"P1","UI-AntiPattern","frontend\dashboards\playwright-report\index.html","78","Replace dead link, off-brand dark treatment, hardcoded color, or temporary UI pattern.","Dev 4 - Frontend/UX","Open"
"P1","UI-AntiPattern","frontend\dashboards\playwright-report\index.html","85","Replace dead link, off-brand dark treatment, hardcoded color, or temporary UI pattern.","Dev 4 - Frontend/UX","Open"
"P1","UI-AntiPattern","frontend\dashboards\src\config\dashboardTemplates\admissionsDashboard.js","14","Replace dead link, off-brand dark treatment, hardcoded color, or temporary UI pattern.","Dev 4 - Frontend/UX","Open"
"P1","UI-AntiPattern","frontend\dashboards\src\config\dashboardTemplates\attendanceDashboard.js","15","Replace dead link, off-brand dark treatment, hardcoded color, or temporary UI pattern.","Dev 4 - Frontend/UX","Open"
"P1","UI-AntiPattern","frontend\dashboards\src\config\dashboardTemplates\communicationsDashboard.js","14","Replace dead link, off-brand dark treatment, hardcoded color, or temporary UI pattern.","Dev 4 - Frontend/UX","Open"
"P1","UI-AntiPattern","frontend\dashboards\src\config\dashboardTemplates\financeDashboard.js","15","Replace dead link, off-brand dark treatment, hardcoded color, or temporary UI pattern.","Dev 4 - Frontend/UX","Open"
"P1","UI-AntiPattern","frontend\dashboards\src\config\dashboardTemplates\gradebookDashboard.js","14","Replace dead link, off-brand dark treatment, hardcoded color, or temporary UI pattern.","Dev 4 - Frontend/UX","Open"
"P1","UI-AntiPattern","frontend\dashboards\src\config\dashboardTemplates\parentDashboard.js","14","Replace dead link, off-brand dark treatment, hardcoded color, or temporary UI pattern.","Dev 4 - Frontend/UX","Open"
"P1","UI-AntiPattern","frontend\dashboards\src\config\dashboardTemplates\schoolAdministratorDashboard.js","37","Replace dead link, off-brand dark treatment, hardcoded color, or temporary UI pattern.","Dev 4 - Frontend/UX","Open"
"P1","UI-AntiPattern","frontend\dashboards\src\config\dashboardTemplates\studentDashboard.js","14","Replace dead link, off-brand dark treatment, hardcoded color, or temporary UI pattern.","Dev 4 - Frontend/UX","Open"
"P1","UI-AntiPattern","frontend\dashboards\src\config\dashboardTemplates\teacherDashboard.js","14","Replace dead link, off-brand dark treatment, hardcoded color, or temporary UI pattern.","Dev 4 - Frontend/UX","Open"
"P1","UI-AntiPattern","frontend\dashboards\src\pages\BillingDashboard.jsx","150","Replace dead link, off-brand dark treatment, hardcoded color, or temporary UI pattern.","Dev 4 - Frontend/UX","Open"
"P1","UI-AntiPattern","frontend\dashboards\src\pages\LoginPage.jsx","208","Replace dead link, off-brand dark treatment, hardcoded color, or temporary UI pattern.","Dev 4 - Frontend/UX","Open"
"P1","UI-AntiPattern","frontend\dashboards\src\pages\LoginPage.jsx","209","Replace dead link, off-brand dark treatment, hardcoded color, or temporary UI pattern.","Dev 4 - Frontend/UX","Open"
"P1","UI-AntiPattern","frontend\dashboards\src\pages\LoginPage.jsx","232","Replace dead link, off-brand dark treatment, hardcoded color, or temporary UI pattern.","Dev 4 - Frontend/UX","Open"
"P1","UI-AntiPattern","frontend\dashboards\src\pages\LoginPage.jsx","340","Replace dead link, off-brand dark treatment, hardcoded color, or temporary UI pattern.","Dev 4 - Frontend/UX","Open"
"P1","UI-AntiPattern","frontend\dashboards\src\utils\requestTracing.js","16","Replace dead link, off-brand dark treatment, hardcoded color, or temporary UI pattern.","Dev 4 - Frontend/UX","Open"
"P1","UI-AntiPattern","frontend\dashboards\src\utils\requestTracing.js","17","Replace dead link, off-brand dark treatment, hardcoded color, or temporary UI pattern.","Dev 4 - Frontend/UX","Open"
"P1","UI-AntiPattern","frontend\dashboards\src\utils\requestTracing.js","18","Replace dead link, off-brand dark treatment, hardcoded color, or temporary UI pattern.","Dev 4 - Frontend/UX","Open"
"P1","UI-AntiPattern","frontend\dashboards\src\utils\requestTracing.js","19","Replace dead link, off-brand dark treatment, hardcoded color, or temporary UI pattern.","Dev 4 - Frontend/UX","Open"
"P1","UI-AntiPattern","frontend\dashboards\src\utils\requestTracing.js","28","Replace dead link, off-brand dark treatment, hardcoded color, or temporary UI pattern.","Dev 4 - Frontend/UX","Open"
"P1","UI-AntiPattern","frontend\dashboards\src\utils\requestTracing.js","29","Replace dead link, off-brand dark treatment, hardcoded color, or temporary UI pattern.","Dev 4 - Frontend/UX","Open"
"P1","UI-AntiPattern","frontend\dashboards\src\utils\requestTracing.js","30","Replace dead link, off-brand dark treatment, hardcoded color, or temporary UI pattern.","Dev 4 - Frontend/UX","Open"
"P1","UI-AntiPattern","frontend\dashboards\src\utils\requestTracing.js","31","Replace dead link, off-brand dark treatment, hardcoded color, or temporary UI pattern.","Dev 4 - Frontend/UX","Open"
"P1","UI-AntiPattern","frontend\dashboards\tests\api\gradebook-api-proof.spec.ts","25","Replace dead link, off-brand dark treatment, hardcoded color, or temporary UI pattern.","Dev 4 - Frontend/UX","Open"
"P1","UI-AntiPattern","frontend\dashboards\tests\api\gradebook-api-proof.spec.ts","34","Replace dead link, off-brand dark treatment, hardcoded color, or temporary UI pattern.","Dev 4 - Frontend/UX","Open"
"P1","UI-AntiPattern","frontend\dashboards\tests\api\gradebook-api-proof.spec.ts","35","Replace dead link, off-brand dark treatment, hardcoded color, or temporary UI pattern.","Dev 4 - Frontend/UX","Open"
"P1","UI-AntiPattern","frontend\dashboards\tests\api\gradebook-api-proof.spec.ts","38","Replace dead link, off-brand dark treatment, hardcoded color, or temporary UI pattern.","Dev 4 - Frontend/UX","Open"
"P1","UI-AntiPattern","frontend\dashboards\tests\api\gradebook-api-proof.spec.ts","42","Replace dead link, off-brand dark treatment, hardcoded color, or temporary UI pattern.","Dev 4 - Frontend/UX","Open"
"P1","UI-AntiPattern","frontend\dashboards\tests\api\gradebook-api-proof.spec.ts","45","Replace dead link, off-brand dark treatment, hardcoded color, or temporary UI pattern.","Dev 4 - Frontend/UX","Open"
"P1","UI-AntiPattern","frontend\dashboards\tests\api\gradebook-api-proof.spec.ts","57","Replace dead link, off-brand dark treatment, hardcoded color, or temporary UI pattern.","Dev 4 - Frontend/UX","Open"
"P1","UI-AntiPattern","frontend\dashboards\tests\api\gradebook-api-proof.spec.ts","61","Replace dead link, off-brand dark treatment, hardcoded color, or temporary UI pattern.","Dev 4 - Frontend/UX","Open"
"P1","UI-AntiPattern","frontend\dashboards\tests\api\gradebook-api-proof.spec.ts","100","Replace dead link, off-brand dark treatment, hardcoded color, or temporary UI pattern.","Dev 4 - Frontend/UX","Open"
"P1","UI-AntiPattern","frontend\dashboards\tests\api\gradebook-api-proof.spec.ts","104","Replace dead link, off-brand dark treatment, hardcoded color, or temporary UI pattern.","Dev 4 - Frontend/UX","Open"
"P1","UI-AntiPattern","frontend\dashboards\tests\api\gradebook-api-proof.spec.ts","108","Replace dead link, off-brand dark treatment, hardcoded color, or temporary UI pattern.","Dev 4 - Frontend/UX","Open"
"P1","UI-AntiPattern","frontend\dashboards\tests\api\gradebook-api-proof.spec.ts","110","Replace dead link, off-brand dark treatment, hardcoded color, or temporary UI pattern.","Dev 4 - Frontend/UX","Open"
"P1","UI-AntiPattern","frontend\dashboards\tests\api\gradebook-api-proof.spec.ts","114","Replace dead link, off-brand dark treatment, hardcoded color, or temporary UI pattern.","Dev 4 - Frontend/UX","Open"
"P1","UI-AntiPattern","frontend\dashboards\tests\api\gradebook-api-proof.spec.ts","117","Replace dead link, off-brand dark treatment, hardcoded color, or temporary UI pattern.","Dev 4 - Frontend/UX","Open"
"P1","UI-AntiPattern","frontend\dashboards\tests\api\gradebook-api-proof.spec.ts","119","Replace dead link, off-brand dark treatment, hardcoded color, or temporary UI pattern.","Dev 4 - Frontend/UX","Open"
"P1","UI-AntiPattern","frontend\dashboards\tests\api\gradebook-api-proof.spec.ts","130","Replace dead link, off-brand dark treatment, hardcoded color, or temporary UI pattern.","Dev 4 - Frontend/UX","Open"
"P1","UI-AntiPattern","frontend\dashboards\tests\api\gradebook-api-proof.spec.ts","131","Replace dead link, off-brand dark treatment, hardcoded color, or temporary UI pattern.","Dev 4 - Frontend/UX","Open"
"P1","UI-AntiPattern","frontend\dashboards\tests\api\gradebook-api-proof.spec.ts","132","Replace dead link, off-brand dark treatment, hardcoded color, or temporary UI pattern.","Dev 4 - Frontend/UX","Open"
"P1","UI-AntiPattern","frontend\dashboards\tests\api\gradebook-api-proof.spec.ts","133","Replace dead link, off-brand dark treatment, hardcoded color, or temporary UI pattern.","Dev 4 - Frontend/UX","Open"
"P1","UI-AntiPattern","frontend\dashboards\tests\api\gradebook-api-proof.spec.ts","134","Replace dead link, off-brand dark treatment, hardcoded color, or temporary UI pattern.","Dev 4 - Frontend/UX","Open"
"P1","UI-AntiPattern","frontend\dashboards\tests\api\gradebook-api-proof.spec.ts","136","Replace dead link, off-brand dark treatment, hardcoded color, or temporary UI pattern.","Dev 4 - Frontend/UX","Open"
"P1","UI-AntiPattern","frontend\dashboards\tests\ui\gradebook-ui-proof.spec.ts","45","Replace dead link, off-brand dark treatment, hardcoded color, or temporary UI pattern.","Dev 4 - Frontend/UX","Open"
"P1","UI-AntiPattern","frontend\dashboards\tests\ui\gradebook-ui-proof.spec.ts","54","Replace dead link, off-brand dark treatment, hardcoded color, or temporary UI pattern.","Dev 4 - Frontend/UX","Open"
"P1","UI-AntiPattern","frontend\dashboards\tests\ui\gradebook-ui-proof.spec.ts","73","Replace dead link, off-brand dark treatment, hardcoded color, or temporary UI pattern.","Dev 4 - Frontend/UX","Open"
"P1","UI-AntiPattern","frontend\dashboards\tests\ui\gradebook-ui-proof.spec.ts","96","Replace dead link, off-brand dark treatment, hardcoded color, or temporary UI pattern.","Dev 4 - Frontend/UX","Open"
"P1","UI-AntiPattern","services\wallet\apple-pass-service\server.js","128","Replace dead link, off-brand dark treatment, hardcoded color, or temporary UI pattern.","Dev 4 - Frontend/UX","Open"
"P1","Placeholder","backend\academics\migrations\0032_rename_teacher_ass_school__7df83a_idx_teacher_ass_school__e963a3_idx_and_more.py","4","Replace placeholder/incomplete copy or formally defer outside release.","Dev 4 - Frontend/UX","Open"
"P1","Placeholder","backend\academics\transcript_views.py","247","Replace placeholder/incomplete copy or formally defer outside release.","Dev 4 - Frontend/UX","Open"
"P1","Placeholder","backend\academics\transcript_views.py","333","Replace placeholder/incomplete copy or formally defer outside release.","Dev 4 - Frontend/UX","Open"
"P1","Placeholder","backend\academics_ro\management\commands\seed_academics_ro_demo.py","69","Replace placeholder/incomplete copy or formally defer outside release.","Dev 4 - Frontend/UX","Open"
"P1","Placeholder","backend\academics_ro\management\commands\seed_academics_ro_demo.py","70","Replace placeholder/incomplete copy or formally defer outside release.","Dev 4 - Frontend/UX","Open"
"P1","Placeholder","backend\academics_ro\management\commands\seed_academics_ro_demo.py","102","Replace placeholder/incomplete copy or formally defer outside release.","Dev 4 - Frontend/UX","Open"
"P1","Placeholder","backend\academics_ro\management\commands\seed_academics_ro_demo.py","103","Replace placeholder/incomplete copy or formally defer outside release.","Dev 4 - Frontend/UX","Open"
"P1","Placeholder","backend\admissions\tests.py","4","Replace placeholder/incomplete copy or formally defer outside release.","Dev 4 - Frontend/UX","Open"
"P1","Placeholder","backend\admissions\tests.py","29","Replace placeholder/incomplete copy or formally defer outside release.","Dev 4 - Frontend/UX","Open"
"P1","Placeholder","backend\admissions\tests.py","166","Replace placeholder/incomplete copy or formally defer outside release.","Dev 4 - Frontend/UX","Open"
"P1","Placeholder","backend\advancement\payments\providers.py","37","Replace placeholder/incomplete copy or formally defer outside release.","Dev 4 - Frontend/UX","Open"
"P1","Placeholder","backend\advancement\payments\providers.py","107","Replace placeholder/incomplete copy or formally defer outside release.","Dev 4 - Frontend/UX","Open"
"P1","Placeholder","backend\advancement\tickets_render.py","40","Replace placeholder/incomplete copy or formally defer outside release.","Dev 4 - Frontend/UX","Open"
"P1","Placeholder","backend\advancement\tickets_render.py","151","Replace placeholder/incomplete copy or formally defer outside release.","Dev 4 - Frontend/UX","Open"
"P1","Placeholder","backend\aid\migrations\0001_initial.py","73","Replace placeholder/incomplete copy or formally defer outside release.","Dev 4 - Frontend/UX","Open"
"P1","Placeholder","backend\aid\models.py","94","Replace placeholder/incomplete copy or formally defer outside release.","Dev 4 - Frontend/UX","Open"
"P1","Placeholder","backend\aid\models.py","99","Replace placeholder/incomplete copy or formally defer outside release.","Dev 4 - Frontend/UX","Open"
"P1","Placeholder","backend\board_oversight\services.py","7","Replace placeholder/incomplete copy or formally defer outside release.","Dev 4 - Frontend/UX","Open"
"P1","Placeholder","backend\board_oversight\services.py","38","Replace placeholder/incomplete copy or formally defer outside release.","Dev 4 - Frontend/UX","Open"
"P1","Placeholder","backend\core\migrations\0001_initial.py","221","Replace placeholder/incomplete copy or formally defer outside release.","Dev 4 - Frontend/UX","Open"
"P1","Placeholder","backend\core\models.py","302","Replace placeholder/incomplete copy or formally defer outside release.","Dev 4 - Frontend/UX","Open"
"P1","Placeholder","backend\crown_api\dashboards\academics.py","37","Replace placeholder/incomplete copy or formally defer outside release.","Dev 4 - Frontend/UX","Open"
"P1","Placeholder","backend\crown_api\dashboards\summary.py","11","Replace placeholder/incomplete copy or formally defer outside release.","Dev 4 - Frontend/UX","Open"
"P1","Placeholder","backend\crown_api\dashboards\summary.py","70","Replace placeholder/incomplete copy or formally defer outside release.","Dev 4 - Frontend/UX","Open"
"P1","Placeholder","backend\crown_api\dashboards\summary.py","86","Replace placeholder/incomplete copy or formally defer outside release.","Dev 4 - Frontend/UX","Open"
"P1","Placeholder","backend\crown_api\dashboards\summary.py","92","Replace placeholder/incomplete copy or formally defer outside release.","Dev 4 - Frontend/UX","Open"
"P1","Placeholder","backend\crown_api\dashboards\summary.py","103","Replace placeholder/incomplete copy or formally defer outside release.","Dev 4 - Frontend/UX","Open"
"P1","Placeholder","backend\crown_api\dashboards\summary.py","109","Replace placeholder/incomplete copy or formally defer outside release.","Dev 4 - Frontend/UX","Open"
"P1","Placeholder","backend\crown_api\dashboards\summary.py","124","Replace placeholder/incomplete copy or formally defer outside release.","Dev 4 - Frontend/UX","Open"
"P1","Placeholder","backend\crown_api\dashboards\summary.py","131","Replace placeholder/incomplete copy or formally defer outside release.","Dev 4 - Frontend/UX","Open"
"P1","Placeholder","backend\crown_api\dashboards\summary.py","147","Replace placeholder/incomplete copy or formally defer outside release.","Dev 4 - Frontend/UX","Open"
"P1","Placeholder","backend\crown_api\dashboards\summary.py","152","Replace placeholder/incomplete copy or formally defer outside release.","Dev 4 - Frontend/UX","Open"
"P1","Placeholder","backend\crown_api\dashboards\summary.py","157","Replace placeholder/incomplete copy or formally defer outside release.","Dev 4 - Frontend/UX","Open"
"P1","Placeholder","backend\crown_api\dashboards\summary.py","168","Replace placeholder/incomplete copy or formally defer outside release.","Dev 4 - Frontend/UX","Open"
"P1","Placeholder","backend\crown_api\dashboards\summary.py","179","Replace placeholder/incomplete copy or formally defer outside release.","Dev 4 - Frontend/UX","Open"
"P1","Placeholder","backend\crown_api\dashboards\summary.py","320","Replace placeholder/incomplete copy or formally defer outside release.","Dev 4 - Frontend/UX","Open"
"P1","Placeholder","backend\crown_api\management\commands\fix_schema_drift.py","93","Replace placeholder/incomplete copy or formally defer outside release.","Dev 4 - Frontend/UX","Open"
"P1","Placeholder","backend\crown_api\management\commands\proof_phase3_runtime.py","17","Replace placeholder/incomplete copy or formally defer outside release.","Dev 4 - Frontend/UX","Open"
"P1","Placeholder","backend\crown_api\api_v1_urls.py","57","Replace placeholder/incomplete copy or formally defer outside release.","Dev 4 - Frontend/UX","Open"
"P1","Placeholder","backend\crown_api\financial_aid_views.py","139","Replace placeholder/incomplete copy or formally defer outside release.","Dev 4 - Frontend/UX","Open"
"P1","Placeholder","backend\crown_api\financial_aid_views.py","205","Replace placeholder/incomplete copy or formally defer outside release.","Dev 4 - Frontend/UX","Open"
"P1","Placeholder","backend\crown_api\financial_aid_views.py","206","Replace placeholder/incomplete copy or formally defer outside release.","Dev 4 - Frontend/UX","Open"
"P1","Placeholder","backend\crown_api\metrics_views.py","11","Replace placeholder/incomplete copy or formally defer outside release.","Dev 4 - Frontend/UX","Open"
"P1","Placeholder","backend\crown_api\views.py","23","Replace placeholder/incomplete copy or formally defer outside release.","Dev 4 - Frontend/UX","Open"
"P1","Placeholder","backend\crown_api\views.py","75","Replace placeholder/incomplete copy or formally defer outside release.","Dev 4 - Frontend/UX","Open"
"P1","Placeholder","backend\financial_aid\urls.py","8","Replace placeholder/incomplete copy or formally defer outside release.","Dev 4 - Frontend/UX","Open"
"P1","Placeholder","backend\governance\services.py","706","Replace placeholder/incomplete copy or formally defer outside release.","Dev 4 - Frontend/UX","Open"
"P1","Placeholder","backend\gradebook\views.py","345","Replace placeholder/incomplete copy or formally defer outside release.","Dev 4 - Frontend/UX","Open"
"P1","Placeholder","backend\ledger\services_dunning.py","52","Replace placeholder/incomplete copy or formally defer outside release.","Dev 4 - Frontend/UX","Open"
"P1","Placeholder","backend\ledger\services_reconciliation.py","114","Replace placeholder/incomplete copy or formally defer outside release.","Dev 4 - Frontend/UX","Open"
"P1","Placeholder","backend\ledger\services_reconciliation.py","117","Replace placeholder/incomplete copy or formally defer outside release.","Dev 4 - Frontend/UX","Open"
"P1","Placeholder","backend\portrait\services.py","7","Replace placeholder/incomplete copy or formally defer outside release.","Dev 4 - Frontend/UX","Open"
"P1","Placeholder","backend\support\services_escalation.py","18","Replace placeholder/incomplete copy or formally defer outside release.","Dev 4 - Frontend/UX","Open"
"P1","Placeholder","backend\tests\test_audit_logging_unit.py","35","Replace placeholder/incomplete copy or formally defer outside release.","Dev 4 - Frontend/UX","Open"
"P1","Placeholder","backend\tests\test_audit_logging_unit.py","36","Replace placeholder/incomplete copy or formally defer outside release.","Dev 4 - Frontend/UX","Open"
"P1","Placeholder","backend\tests\test_board_governance_suite_unit.py","35","Replace placeholder/incomplete copy or formally defer outside release.","Dev 4 - Frontend/UX","Open"
"P1","Placeholder","backend\tests\test_board_governance_suite_unit.py","36","Replace placeholder/incomplete copy or formally defer outside release.","Dev 4 - Frontend/UX","Open"
"P1","Placeholder","backend\tests\test_chaplain_pastoral_care_unit.py","35","Replace placeholder/incomplete copy or formally defer outside release.","Dev 4 - Frontend/UX","Open"
"P1","Placeholder","backend\tests\test_chaplain_pastoral_care_unit.py","36","Replace placeholder/incomplete copy or formally defer outside release.","Dev 4 - Frontend/UX","Open"
"P1","Placeholder","backend\tests\test_christian_pd_hub_unit.py","35","Replace placeholder/incomplete copy or formally defer outside release.","Dev 4 - Frontend/UX","Open"
"P1","Placeholder","backend\tests\test_christian_pd_hub_unit.py","36","Replace placeholder/incomplete copy or formally defer outside release.","Dev 4 - Frontend/UX","Open"
"P1","Placeholder","backend\tests\test_communications_unit.py","35","Replace placeholder/incomplete copy or formally defer outside release.","Dev 4 - Frontend/UX","Open"
"P1","Placeholder","backend\tests\test_communications_unit.py","36","Replace placeholder/incomplete copy or formally defer outside release.","Dev 4 - Frontend/UX","Open"
"P1","Placeholder","backend\tests\test_crm_marketing_unit.py","35","Replace placeholder/incomplete copy or formally defer outside release.","Dev 4 - Frontend/UX","Open"
"P1","Placeholder","backend\tests\test_crm_marketing_unit.py","36","Replace placeholder/incomplete copy or formally defer outside release.","Dev 4 - Frontend/UX","Open"
"P1","Placeholder","backend\tests\test_crown_compass_unit.py","35","Replace placeholder/incomplete copy or formally defer outside release.","Dev 4 - Frontend/UX","Open"
"P1","Placeholder","backend\tests\test_crown_compass_unit.py","36","Replace placeholder/incomplete copy or formally defer outside release.","Dev 4 - Frontend/UX","Open"
"P1","Placeholder","backend\tests\test_document_file_framework_unit.py","35","Replace placeholder/incomplete copy or formally defer outside release.","Dev 4 - Frontend/UX","Open"
"P1","Placeholder","backend\tests\test_document_file_framework_unit.py","36","Replace placeholder/incomplete copy or formally defer outside release.","Dev 4 - Frontend/UX","Open"
"P1","Placeholder","backend\tests\test_emergency_medical_unit.py","35","Replace placeholder/incomplete copy or formally defer outside release.","Dev 4 - Frontend/UX","Open"
"P1","Placeholder","backend\tests\test_emergency_medical_unit.py","36","Replace placeholder/incomplete copy or formally defer outside release.","Dev 4 - Frontend/UX","Open"
"P1","Placeholder","backend\tests\test_extended_discipline_unit.py","35","Replace placeholder/incomplete copy or formally defer outside release.","Dev 4 - Frontend/UX","Open"
"P1","Placeholder","backend\tests\test_extended_discipline_unit.py","36","Replace placeholder/incomplete copy or formally defer outside release.","Dev 4 - Frontend/UX","Open"
"P1","Placeholder","backend\tests\test_grades_report_cards_unit.py","35","Replace placeholder/incomplete copy or formally defer outside release.","Dev 4 - Frontend/UX","Open"
"P1","Placeholder","backend\tests\test_grades_report_cards_unit.py","36","Replace placeholder/incomplete copy or formally defer outside release.","Dev 4 - Frontend/UX","Open"
"P1","Placeholder","backend\tests\test_grade_levels_unit.py","35","Replace placeholder/incomplete copy or formally defer outside release.","Dev 4 - Frontend/UX","Open"
"P1","Placeholder","backend\tests\test_grade_levels_unit.py","36","Replace placeholder/incomplete copy or formally defer outside release.","Dev 4 - Frontend/UX","Open"
"P1","Placeholder","backend\tests\test_mission_metrics_unit.py","35","Replace placeholder/incomplete copy or formally defer outside release.","Dev 4 - Frontend/UX","Open"
"P1","Placeholder","backend\tests\test_mission_metrics_unit.py","36","Replace placeholder/incomplete copy or formally defer outside release.","Dev 4 - Frontend/UX","Open"
"P1","Placeholder","backend\tests\test_mobile_family_app_unit.py","35","Replace placeholder/incomplete copy or formally defer outside release.","Dev 4 - Frontend/UX","Open"
"P1","Placeholder","backend\tests\test_mobile_family_app_unit.py","36","Replace placeholder/incomplete copy or formally defer outside release.","Dev 4 - Frontend/UX","Open"
"P1","Placeholder","backend\tests\test_notifications_framework_unit.py","35","Replace placeholder/incomplete copy or formally defer outside release.","Dev 4 - Frontend/UX","Open"
"P1","Placeholder","backend\tests\test_notifications_framework_unit.py","36","Replace placeholder/incomplete copy or formally defer outside release.","Dev 4 - Frontend/UX","Open"
"P1","Placeholder","backend\tests\test_nurse_health_office_unit.py","35","Replace placeholder/incomplete copy or formally defer outside release.","Dev 4 - Frontend/UX","Open"
"P1","Placeholder","backend\tests\test_nurse_health_office_unit.py","36","Replace placeholder/incomplete copy or formally defer outside release.","Dev 4 - Frontend/UX","Open"
"P1","Placeholder","backend\tests\test_parent_portal_unit.py","35","Replace placeholder/incomplete copy or formally defer outside release.","Dev 4 - Frontend/UX","Open"
"P1","Placeholder","backend\tests\test_parent_portal_unit.py","36","Replace placeholder/incomplete copy or formally defer outside release.","Dev 4 - Frontend/UX","Open"
"P1","Placeholder","backend\tests\test_portrait_graduate_unit.py","35","Replace placeholder/incomplete copy or formally defer outside release.","Dev 4 - Frontend/UX","Open"
"P1","Placeholder","backend\tests\test_portrait_graduate_unit.py","36","Replace placeholder/incomplete copy or formally defer outside release.","Dev 4 - Frontend/UX","Open"
"P1","Placeholder","backend\tests\test_reporting_data_access_unit.py","35","Replace placeholder/incomplete copy or formally defer outside release.","Dev 4 - Frontend/UX","Open"
"P1","Placeholder","backend\tests\test_reporting_data_access_unit.py","36","Replace placeholder/incomplete copy or formally defer outside release.","Dev 4 - Frontend/UX","Open"
"P1","Placeholder","backend\tests\test_school_profile_unit.py","35","Replace placeholder/incomplete copy or formally defer outside release.","Dev 4 - Frontend/UX","Open"
"P1","Placeholder","backend\tests\test_school_profile_unit.py","36","Replace placeholder/incomplete copy or formally defer outside release.","Dev 4 - Frontend/UX","Open"
"P1","Placeholder","backend\tests\test_school_year_term_unit.py","35","Replace placeholder/incomplete copy or formally defer outside release.","Dev 4 - Frontend/UX","Open"
"P1","Placeholder","backend\tests\test_school_year_term_unit.py","36","Replace placeholder/incomplete copy or formally defer outside release.","Dev 4 - Frontend/UX","Open"
"P1","Placeholder","backend\tests\test_service_outreach_unit.py","35","Replace placeholder/incomplete copy or formally defer outside release.","Dev 4 - Frontend/UX","Open"
"P1","Placeholder","backend\tests\test_service_outreach_unit.py","36","Replace placeholder/incomplete copy or formally defer outside release.","Dev 4 - Frontend/UX","Open"
"P1","Placeholder","backend\tests\test_shared_design_system_unit.py","35","Replace placeholder/incomplete copy or formally defer outside release.","Dev 4 - Frontend/UX","Open"
"P1","Placeholder","backend\tests\test_shared_design_system_unit.py","36","Replace placeholder/incomplete copy or formally defer outside release.","Dev 4 - Frontend/UX","Open"
"P1","Placeholder","backend\tests\test_shared_frontend_shell_unit.py","35","Replace placeholder/incomplete copy or formally defer outside release.","Dev 4 - Frontend/UX","Open"
"P1","Placeholder","backend\tests\test_shared_frontend_shell_unit.py","36","Replace placeholder/incomplete copy or formally defer outside release.","Dev 4 - Frontend/UX","Open"
"P1","Placeholder","backend\tests\test_staff_faculty_unit.py","35","Replace placeholder/incomplete copy or formally defer outside release.","Dev 4 - Frontend/UX","Open"
"P1","Placeholder","backend\tests\test_staff_faculty_unit.py","36","Replace placeholder/incomplete copy or formally defer outside release.","Dev 4 - Frontend/UX","Open"
"P1","Placeholder","backend\tests\test_student_care_discipline_unit.py","35","Replace placeholder/incomplete copy or formally defer outside release.","Dev 4 - Frontend/UX","Open"
"P1","Placeholder","backend\tests\test_student_care_discipline_unit.py","36","Replace placeholder/incomplete copy or formally defer outside release.","Dev 4 - Frontend/UX","Open"
"P1","Placeholder","backend\tests\test_student_master_record_unit.py","35","Replace placeholder/incomplete copy or formally defer outside release.","Dev 4 - Frontend/UX","Open"
"P1","Placeholder","backend\tests\test_student_master_record_unit.py","36","Replace placeholder/incomplete copy or formally defer outside release.","Dev 4 - Frontend/UX","Open"
"P1","Placeholder","backend\tests\test_survey_sentiment_unit.py","35","Replace placeholder/incomplete copy or formally defer outside release.","Dev 4 - Frontend/UX","Open"
"P1","Placeholder","backend\tests\test_survey_sentiment_unit.py","36","Replace placeholder/incomplete copy or formally defer outside release.","Dev 4 - Frontend/UX","Open"
"P1","Placeholder","backend\tests\test_transportation_unit.py","35","Replace placeholder/incomplete copy or formally defer outside release.","Dev 4 - Frontend/UX","Open"
"P1","Placeholder","backend\tests\test_transportation_unit.py","36","Replace placeholder/incomplete copy or formally defer outside release.","Dev 4 - Frontend/UX","Open"
"P1","Placeholder","backend\tests\test_volunteer_family_engagement_unit.py","35","Replace placeholder/incomplete copy or formally defer outside release.","Dev 4 - Frontend/UX","Open"
"P1","Placeholder","backend\tests\test_volunteer_family_engagement_unit.py","36","Replace placeholder/incomplete copy or formally defer outside release.","Dev 4 - Frontend/UX","Open"
"P1","Placeholder","core_shadowed\migrations\0001_initial.py","169","Replace placeholder/incomplete copy or formally defer outside release.","Dev 4 - Frontend/UX","Open"
"P1","Placeholder","core_shadowed\models.py","335","Replace placeholder/incomplete copy or formally defer outside release.","Dev 4 - Frontend/UX","Open"
"P1","Placeholder","frontend\dashboards\playwright-report\index.html","58","Replace placeholder/incomplete copy or formally defer outside release.","Dev 4 - Frontend/UX","Open"
"P1","Placeholder","frontend\dashboards\playwright-report\index.html","78","Replace placeholder/incomplete copy or formally defer outside release.","Dev 4 - Frontend/UX","Open"
"P1","Placeholder","frontend\dashboards\src\components\dashboard\ChartWidget.jsx","2","Replace placeholder/incomplete copy or formally defer outside release.","Dev 4 - Frontend/UX","Open"
"P1","Placeholder","frontend\dashboards\src\components\data\CrownTableToolbar.jsx","10","Replace placeholder/incomplete copy or formally defer outside release.","Dev 4 - Frontend/UX","Open"
"P1","Placeholder","frontend\dashboards\src\components\data\CrownTableToolbar.jsx","42","Replace placeholder/incomplete copy or formally defer outside release.","Dev 4 - Frontend/UX","Open"
"P1","Placeholder","frontend\dashboards\src\components\launch\CrownTopbar.jsx","10","Replace placeholder/incomplete copy or formally defer outside release.","Dev 4 - Frontend/UX","Open"
"P1","Placeholder","frontend\dashboards\src\config\dashboardRegistry.js","65","Replace placeholder/incomplete copy or formally defer outside release.","Dev 4 - Frontend/UX","Open"
"P1","Placeholder","frontend\dashboards\src\config\dashboardRegistry.js","124","Replace placeholder/incomplete copy or formally defer outside release.","Dev 4 - Frontend/UX","Open"
"P1","Placeholder","frontend\dashboards\src\config\moduleReadiness.js","5","Replace placeholder/incomplete copy or formally defer outside release.","Dev 4 - Frontend/UX","Open"
"P1","Placeholder","frontend\dashboards\src\config\moduleReadiness.js","141","Replace placeholder/incomplete copy or formally defer outside release.","Dev 4 - Frontend/UX","Open"
"P1","Placeholder","frontend\dashboards\src\config\moduleReadiness.js","142","Replace placeholder/incomplete copy or formally defer outside release.","Dev 4 - Frontend/UX","Open"
"P1","Placeholder","frontend\dashboards\src\config\moduleReadiness.js","143","Replace placeholder/incomplete copy or formally defer outside release.","Dev 4 - Frontend/UX","Open"
"P1","Placeholder","frontend\dashboards\src\config\moduleReadiness.js","149","Replace placeholder/incomplete copy or formally defer outside release.","Dev 4 - Frontend/UX","Open"
"P1","Placeholder","frontend\dashboards\src\config\moduleReadiness.js","150","Replace placeholder/incomplete copy or formally defer outside release.","Dev 4 - Frontend/UX","Open"
"P1","Placeholder","frontend\dashboards\src\config\moduleReadiness.js","154","Replace placeholder/incomplete copy or formally defer outside release.","Dev 4 - Frontend/UX","Open"
"P1","Placeholder","frontend\dashboards\src\config\moduleReadiness.js","192","Replace placeholder/incomplete copy or formally defer outside release.","Dev 4 - Frontend/UX","Open"
"P1","Placeholder","frontend\dashboards\src\config\moduleReadiness.js","208","Replace placeholder/incomplete copy or formally defer outside release.","Dev 4 - Frontend/UX","Open"
"P1","Placeholder","frontend\dashboards\src\config\moduleReadiness.test.js","8","Replace placeholder/incomplete copy or formally defer outside release.","Dev 4 - Frontend/UX","Open"
"P1","Placeholder","frontend\dashboards\src\config\moduleReadiness.test.js","29","Replace placeholder/incomplete copy or formally defer outside release.","Dev 4 - Frontend/UX","Open"
"P1","Placeholder","frontend\dashboards\src\config\moduleReadiness.test.js","30","Replace placeholder/incomplete copy or formally defer outside release.","Dev 4 - Frontend/UX","Open"
"P1","Placeholder","frontend\dashboards\src\config\releaseState.js","6","Replace placeholder/incomplete copy or formally defer outside release.","Dev 4 - Frontend/UX","Open"
"P1","Placeholder","frontend\dashboards\src\config\releaseState.js","20","Replace placeholder/incomplete copy or formally defer outside release.","Dev 4 - Frontend/UX","Open"
"P1","Placeholder","frontend\dashboards\src\config\releaseState.js","26","Replace placeholder/incomplete copy or formally defer outside release.","Dev 4 - Frontend/UX","Open"
"P1","Placeholder","frontend\dashboards\src\config\releaseState.js","27","Replace placeholder/incomplete copy or formally defer outside release.","Dev 4 - Frontend/UX","Open"
"P1","Placeholder","frontend\dashboards\src\config\releaseState.js","59","Replace placeholder/incomplete copy or formally defer outside release.","Dev 4 - Frontend/UX","Open"
"P1","Placeholder","frontend\dashboards\src\config\releaseState.js","72","Replace placeholder/incomplete copy or formally defer outside release.","Dev 4 - Frontend/UX","Open"
"P1","Placeholder","frontend\dashboards\src\config\shellCertification.js","12","Replace placeholder/incomplete copy or formally defer outside release.","Dev 4 - Frontend/UX","Open"
"P1","Placeholder","frontend\dashboards\src\config\shellCertification.js","135","Replace placeholder/incomplete copy or formally defer outside release.","Dev 4 - Frontend/UX","Open"
"P1","Placeholder","frontend\dashboards\src\config\shellCertification.js","136","Replace placeholder/incomplete copy or formally defer outside release.","Dev 4 - Frontend/UX","Open"
"P1","Placeholder","frontend\dashboards\src\config\shellCertification.test.js","4","Replace placeholder/incomplete copy or formally defer outside release.","Dev 4 - Frontend/UX","Open"
"P1","Placeholder","frontend\dashboards\src\config\shellCertification.test.js","22","Replace placeholder/incomplete copy or formally defer outside release.","Dev 4 - Frontend/UX","Open"
"P1","Placeholder","frontend\dashboards\src\config\shellCertification.test.js","23","Replace placeholder/incomplete copy or formally defer outside release.","Dev 4 - Frontend/UX","Open"
"P1","Placeholder","frontend\dashboards\src\config\shellOwnership.js","161","Replace placeholder/incomplete copy or formally defer outside release.","Dev 4 - Frontend/UX","Open"
"P1","Placeholder","frontend\dashboards\src\config\shellOwnership.js","162","Replace placeholder/incomplete copy or formally defer outside release.","Dev 4 - Frontend/UX","Open"
"P1","Placeholder","frontend\dashboards\src\config\shellOwnership.js","163","Replace placeholder/incomplete copy or formally defer outside release.","Dev 4 - Frontend/UX","Open"
"P1","Placeholder","frontend\dashboards\src\config\shellOwnership.js","175","Replace placeholder/incomplete copy or formally defer outside release.","Dev 4 - Frontend/UX","Open"
"P1","Placeholder","frontend\dashboards\src\config\shellOwnership.test.js","5","Replace placeholder/incomplete copy or formally defer outside release.","Dev 4 - Frontend/UX","Open"
"P1","Placeholder","frontend\dashboards\src\config\shellOwnership.test.js","53","Replace placeholder/incomplete copy or formally defer outside release.","Dev 4 - Frontend/UX","Open"
"P1","Placeholder","frontend\dashboards\src\config\shellOwnership.test.js","54","Replace placeholder/incomplete copy or formally defer outside release.","Dev 4 - Frontend/UX","Open"
"P1","Placeholder","frontend\dashboards\src\modules\advancement\BestAvailableCheckout.jsx","260","Replace placeholder/incomplete copy or formally defer outside release.","Dev 4 - Frontend/UX","Open"
"P1","Placeholder","frontend\dashboards\src\modules\advancement\BestAvailableCheckout.jsx","267","Replace placeholder/incomplete copy or formally defer outside release.","Dev 4 - Frontend/UX","Open"
"P1","Placeholder","frontend\dashboards\src\modules\advancement\DonorsPage.jsx","109","Replace placeholder/incomplete copy or formally defer outside release.","Dev 4 - Frontend/UX","Open"
"P1","Placeholder","frontend\dashboards\src\modules\advancement\GivePage.jsx","207","Replace placeholder/incomplete copy or formally defer outside release.","Dev 4 - Frontend/UX","Open"
"P1","Placeholder","frontend\dashboards\src\modules\advancement\GivePage.jsx","247","Replace placeholder/incomplete copy or formally defer outside release.","Dev 4 - Frontend/UX","Open"
"P1","Placeholder","frontend\dashboards\src\modules\advancement\GivePage.jsx","260","Replace placeholder/incomplete copy or formally defer outside release.","Dev 4 - Frontend/UX","Open"
"P1","Placeholder","frontend\dashboards\src\modules\advancement\GivePage.jsx","310","Replace placeholder/incomplete copy or formally defer outside release.","Dev 4 - Frontend/UX","Open"
"P1","Placeholder","frontend\dashboards\src\modules\advancement\MovesPipelinePage.jsx","314","Replace placeholder/incomplete copy or formally defer outside release.","Dev 4 - Frontend/UX","Open"
"P1","Placeholder","frontend\dashboards\src\modules\advancement\SeatingAdminPage.jsx","43","Replace placeholder/incomplete copy or formally defer outside release.","Dev 4 - Frontend/UX","Open"
"P1","Placeholder","frontend\dashboards\src\modules\advancement\SeatingAdminPage.jsx","57","Replace placeholder/incomplete copy or formally defer outside release.","Dev 4 - Frontend/UX","Open"
"P1","Placeholder","frontend\dashboards\src\modules\advancement\SeatingAdminPage.jsx","102","Replace placeholder/incomplete copy or formally defer outside release.","Dev 4 - Frontend/UX","Open"
"P1","Placeholder","frontend\dashboards\src\modules\advancement\SeatSelectionPage.jsx","214","Replace placeholder/incomplete copy or formally defer outside release.","Dev 4 - Frontend/UX","Open"
"P1","Placeholder","frontend\dashboards\src\modules\advancement\SeatSelectionPage.jsx","320","Replace placeholder/incomplete copy or formally defer outside release.","Dev 4 - Frontend/UX","Open"
"P1","Placeholder","frontend\dashboards\src\modules\advancement\SeatSelectionPage.jsx","327","Replace placeholder/incomplete copy or formally defer outside release.","Dev 4 - Frontend/UX","Open"
"P1","Placeholder","frontend\dashboards\src\modules\advancement\TicketCheckInPage.jsx","104","Replace placeholder/incomplete copy or formally defer outside release.","Dev 4 - Frontend/UX","Open"
"P1","Placeholder","frontend\dashboards\src\pages\attendance_rules_wizard\Step1Configure.jsx","35","Replace placeholder/incomplete copy or formally defer outside release.","Dev 4 - Frontend/UX","Open"
"P1","Placeholder","frontend\dashboards\src\pages\attendance_rules_wizard\Step1Configure.jsx","39","Replace placeholder/incomplete copy or formally defer outside release.","Dev 4 - Frontend/UX","Open"
"P1","Placeholder","frontend\dashboards\src\pages\attendance_rules_wizard\Step2Codes.jsx","39","Replace placeholder/incomplete copy or formally defer outside release.","Dev 4 - Frontend/UX","Open"
"P1","Placeholder","frontend\dashboards\src\pages\attendance_rules_wizard\Step2Codes.jsx","40","Replace placeholder/incomplete copy or formally defer outside release.","Dev 4 - Frontend/UX","Open"
"P1","Placeholder","frontend\dashboards\src\pages\bell_schedule_wizard\Step1Configure.jsx","35","Replace placeholder/incomplete copy or formally defer outside release.","Dev 4 - Frontend/UX","Open"
"P1","Placeholder","frontend\dashboards\src\pages\bell_schedule_wizard\Step1Configure.jsx","39","Replace placeholder/incomplete copy or formally defer outside release.","Dev 4 - Frontend/UX","Open"
"P1","Placeholder","frontend\dashboards\src\pages\bell_schedule_wizard\Step2Periods.jsx","38","Replace placeholder/incomplete copy or formally defer outside release.","Dev 4 - Frontend/UX","Open"
"P1","Placeholder","frontend\dashboards\src\pages\bell_schedule_wizard\Step2Periods.jsx","39","Replace placeholder/incomplete copy or formally defer outside release.","Dev 4 - Frontend/UX","Open"
"P1","Placeholder","frontend\dashboards\src\pages\bell_schedule_wizard\Step2Periods.jsx","40","Replace placeholder/incomplete copy or formally defer outside release.","Dev 4 - Frontend/UX","Open"
"P1","Placeholder","frontend\dashboards\src\pages\billing_wizard\Step1Mode.jsx","67","Replace placeholder/incomplete copy or formally defer outside release.","Dev 4 - Frontend/UX","Open"
"P1","Placeholder","frontend\dashboards\src\pages\billing_wizard\Step2Plans.jsx","90","Replace placeholder/incomplete copy or formally defer outside release.","Dev 4 - Frontend/UX","Open"
"P1","Placeholder","frontend\dashboards\src\pages\billing_wizard\Step2Plans.jsx","95","Replace placeholder/incomplete copy or formally defer outside release.","Dev 4 - Frontend/UX","Open"
"P1","Placeholder","frontend\dashboards\src\pages\billing_wizard\Step2Plans.jsx","100","Replace placeholder/incomplete copy or formally defer outside release.","Dev 4 - Frontend/UX","Open"
"P1","Placeholder","frontend\dashboards\src\pages\billing_wizard\Step2Plans.jsx","110","Replace placeholder/incomplete copy or formally defer outside release.","Dev 4 - Frontend/UX","Open"
"P1","Placeholder","frontend\dashboards\src\pages\billing_wizard\Step3Fees.jsx","97","Replace placeholder/incomplete copy or formally defer outside release.","Dev 4 - Frontend/UX","Open"
"P1","Placeholder","frontend\dashboards\src\pages\billing_wizard\Step3Fees.jsx","109","Replace placeholder/incomplete copy or formally defer outside release.","Dev 4 - Frontend/UX","Open"
"P1","Placeholder","frontend\dashboards\src\pages\billing_wizard\Step3Fees.jsx","114","Replace placeholder/incomplete copy or formally defer outside release.","Dev 4 - Frontend/UX","Open"
"P1","Placeholder","frontend\dashboards\src\pages\comms_wizard\Step1Purpose.jsx","79","Replace placeholder/incomplete copy or formally defer outside release.","Dev 4 - Frontend/UX","Open"
"P1","Placeholder","frontend\dashboards\src\pages\comms_wizard\Step2Message.jsx","49","Replace placeholder/incomplete copy or formally defer outside release.","Dev 4 - Frontend/UX","Open"
"P1","Placeholder","frontend\dashboards\src\pages\comms_wizard\Step2Message.jsx","64","Replace placeholder/incomplete copy or formally defer outside release.","Dev 4 - Frontend/UX","Open"
"P1","Placeholder","frontend\dashboards\src\pages\comms_wizard\Step3Recipients.jsx","83","Replace placeholder/incomplete copy or formally defer outside release.","Dev 4 - Frontend/UX","Open"
"P1","Placeholder","frontend\dashboards\src\pages\comms_wizard\Step3Recipients.jsx","92","Replace placeholder/incomplete copy or formally defer outside release.","Dev 4 - Frontend/UX","Open"
"P1","Placeholder","frontend\dashboards\src\pages\enrollment_conversion_wizard\Step1Configure.jsx","36","Replace placeholder/incomplete copy or formally defer outside release.","Dev 4 - Frontend/UX","Open"
"P1","Placeholder","frontend\dashboards\src\pages\financial_aid_wizard\Step1Year.jsx","59","Replace placeholder/incomplete copy or formally defer outside release.","Dev 4 - Frontend/UX","Open"
"P1","Placeholder","frontend\dashboards\src\pages\financial_aid_wizard\Step3Awards.jsx","119","Replace placeholder/incomplete copy or formally defer outside release.","Dev 4 - Frontend/UX","Open"
"P1","Placeholder","frontend\dashboards\src\pages\financial_aid_wizard\Step3Awards.jsx","145","Replace placeholder/incomplete copy or formally defer outside release.","Dev 4 - Frontend/UX","Open"
"P1","Placeholder","frontend\dashboards\src\pages\financial_aid_wizard\Step3Awards.jsx","156","Replace placeholder/incomplete copy or formally defer outside release.","Dev 4 - Frontend/UX","Open"
"P1","Placeholder","frontend\dashboards\src\pages\gradebook_setup_wizard\Step1Configure.jsx","34","Replace placeholder/incomplete copy or formally defer outside release.","Dev 4 - Frontend/UX","Open"
"P1","Placeholder","frontend\dashboards\src\pages\gradebook_setup_wizard\Step2Categories.jsx","39","Replace placeholder/incomplete copy or formally defer outside release.","Dev 4 - Frontend/UX","Open"
"P1","Placeholder","frontend\dashboards\src\pages\gradebook_setup_wizard\Step2Categories.jsx","40","Replace placeholder/incomplete copy or formally defer outside release.","Dev 4 - Frontend/UX","Open"
"P1","Placeholder","frontend\dashboards\src\pages\gradebook_setup_wizard\Step2Categories.jsx","41","Replace placeholder/incomplete copy or formally defer outside release.","Dev 4 - Frontend/UX","Open"
"P1","Placeholder","frontend\dashboards\src\pages\ops\SubscriptionManagerPage.tsx","145","Replace placeholder/incomplete copy or formally defer outside release.","Dev 4 - Frontend/UX","Open"
"P1","Placeholder","frontend\dashboards\src\pages\reenrollment\Step1Config.jsx","63","Replace placeholder/incomplete copy or formally defer outside release.","Dev 4 - Frontend/UX","Open"
"P1","Placeholder","frontend\dashboards\src\pages\reenrollment\Step1Config.jsx","81","Replace placeholder/incomplete copy or formally defer outside release.","Dev 4 - Frontend/UX","Open"
"P1","Placeholder","frontend\dashboards\src\pages\scheduling_wizard\Step1Term.jsx","66","Replace placeholder/incomplete copy or formally defer outside release.","Dev 4 - Frontend/UX","Open"
"P1","Placeholder","frontend\dashboards\src\pages\scheduling_wizard\Step1Term.jsx","82","Replace placeholder/incomplete copy or formally defer outside release.","Dev 4 - Frontend/UX","Open"
"P1","Placeholder","frontend\dashboards\src\pages\scheduling_wizard\Step2Courses.jsx","87","Replace placeholder/incomplete copy or formally defer outside release.","Dev 4 - Frontend/UX","Open"
"P1","Placeholder","frontend\dashboards\src\pages\scheduling_wizard\Step2Courses.jsx","96","Replace placeholder/incomplete copy or formally defer outside release.","Dev 4 - Frontend/UX","Open"
"P1","Placeholder","frontend\dashboards\src\pages\scheduling_wizard\Step2Courses.jsx","105","Replace placeholder/incomplete copy or formally defer outside release.","Dev 4 - Frontend/UX","Open"
"P1","Placeholder","frontend\dashboards\src\pages\scheduling_wizard\Step3Sections.jsx","97","Replace placeholder/incomplete copy or formally defer outside release.","Dev 4 - Frontend/UX","Open"
"P1","Placeholder","frontend\dashboards\src\pages\scheduling_wizard\Step3Sections.jsx","107","Replace placeholder/incomplete copy or formally defer outside release.","Dev 4 - Frontend/UX","Open"
"P1","Placeholder","frontend\dashboards\src\pages\scheduling_wizard\Step3Sections.jsx","116","Replace placeholder/incomplete copy or formally defer outside release.","Dev 4 - Frontend/UX","Open"
"P1","Placeholder","frontend\dashboards\src\pages\section_assign_wizard\Step1Section.jsx","50","Replace placeholder/incomplete copy or formally defer outside release.","Dev 4 - Frontend/UX","Open"
"P1","Placeholder","frontend\dashboards\src\pages\section_assign_wizard\Step1Section.jsx","61","Replace placeholder/incomplete copy or formally defer outside release.","Dev 4 - Frontend/UX","Open"
"P1","Placeholder","frontend\dashboards\src\pages\section_assign_wizard\Step2LoadStudents.jsx","52","Replace placeholder/incomplete copy or formally defer outside release.","Dev 4 - Frontend/UX","Open"
"P1","Placeholder","frontend\dashboards\src\pages\AcademicsDashboard.jsx","362","Replace placeholder/incomplete copy or formally defer outside release.","Dev 4 - Frontend/UX","Open"
"P1","Placeholder","frontend\dashboards\src\pages\AcademicsDashboard.jsx","537","Replace placeholder/incomplete copy or formally defer outside release.","Dev 4 - Frontend/UX","Open"
"P1","Placeholder","frontend\dashboards\src\pages\AcademicsTeacherGrading.jsx","292","Replace placeholder/incomplete copy or formally defer outside release.","Dev 4 - Frontend/UX","Open"
"P1","Placeholder","frontend\dashboards\src\pages\AcademicYearWizard.jsx","178","Replace placeholder/incomplete copy or formally defer outside release.","Dev 4 - Frontend/UX","Open"
"P1","Placeholder","frontend\dashboards\src\pages\AcademicYearWizard.jsx","184","Replace placeholder/incomplete copy or formally defer outside release.","Dev 4 - Frontend/UX","Open"
"P1","Placeholder","frontend\dashboards\src\pages\AcademicYearWizard.jsx","188","Replace placeholder/incomplete copy or formally defer outside release.","Dev 4 - Frontend/UX","Open"
"P1","Placeholder","frontend\dashboards\src\pages\AcademicYearWizard.jsx","234","Replace placeholder/incomplete copy or formally defer outside release.","Dev 4 - Frontend/UX","Open"
"P1","Placeholder","frontend\dashboards\src\pages\AdminCommandCenterClean.jsx","244","Replace placeholder/incomplete copy or formally defer outside release.","Dev 4 - Frontend/UX","Open"
"P1","Placeholder","frontend\dashboards\src\pages\AdminCommandCenterFinal.jsx","607","Replace placeholder/incomplete copy or formally defer outside release.","Dev 4 - Frontend/UX","Open"
"P1","Placeholder","frontend\dashboards\src\pages\AdminCommandCenterFinal.jsx","988","Replace placeholder/incomplete copy or formally defer outside release.","Dev 4 - Frontend/UX","Open"
"P1","Placeholder","frontend\dashboards\src\pages\BellScheduleWizard.jsx","81","Replace placeholder/incomplete copy or formally defer outside release.","Dev 4 - Frontend/UX","Open"
"P1","Placeholder","frontend\dashboards\src\pages\BellScheduleWizard.jsx","103","Replace placeholder/incomplete copy or formally defer outside release.","Dev 4 - Frontend/UX","Open"
"P1","Placeholder","frontend\dashboards\src\pages\BellScheduleWizard.jsx","152","Replace placeholder/incomplete copy or formally defer outside release.","Dev 4 - Frontend/UX","Open"
"P1","Placeholder","frontend\dashboards\src\pages\BellScheduleWizard.jsx","153","Replace placeholder/incomplete copy or formally defer outside release.","Dev 4 - Frontend/UX","Open"
"P1","Placeholder","frontend\dashboards\src\pages\BellScheduleWizard.jsx","230","Replace placeholder/incomplete copy or formally defer outside release.","Dev 4 - Frontend/UX","Open"
"P1","Placeholder","frontend\dashboards\src\pages\BillingDashboard.jsx","411","Replace placeholder/incomplete copy or formally defer outside release.","Dev 4 - Frontend/UX","Open"
"P1","Placeholder","frontend\dashboards\src\pages\CommsThreadPage.jsx","113","Replace placeholder/incomplete copy or formally defer outside release.","Dev 4 - Frontend/UX","Open"
"P1","Placeholder","frontend\dashboards\src\pages\CourseCatalogWizard.jsx","50","Replace placeholder/incomplete copy or formally defer outside release.","Dev 4 - Frontend/UX","Open"
"P1","Placeholder","frontend\dashboards\src\pages\CourseCatalogWizard.jsx","51","Replace placeholder/incomplete copy or formally defer outside release.","Dev 4 - Frontend/UX","Open"
"P1","Placeholder","frontend\dashboards\src\pages\CourseCatalogWizard.jsx","52","Replace placeholder/incomplete copy or formally defer outside release.","Dev 4 - Frontend/UX","Open"
"P1","Placeholder","frontend\dashboards\src\pages\EnrollmentPeriodWizard.jsx","174","Replace placeholder/incomplete copy or formally defer outside release.","Dev 4 - Frontend/UX","Open"
"P1","Placeholder","frontend\dashboards\src\pages\FeeScheduleWizard.jsx","275","Replace placeholder/incomplete copy or formally defer outside release.","Dev 4 - Frontend/UX","Open"
"P1","Placeholder","frontend\dashboards\src\pages\GradeScaleWizard.jsx","177","Replace placeholder/incomplete copy or formally defer outside release.","Dev 4 - Frontend/UX","Open"
"P1","Placeholder","frontend\dashboards\src\pages\GradeScaleWizard.jsx","188","Replace placeholder/incomplete copy or formally defer outside release.","Dev 4 - Frontend/UX","Open"
"P1","Placeholder","frontend\dashboards\src\pages\GradeScaleWizard.jsx","245","Replace placeholder/incomplete copy or formally defer outside release.","Dev 4 - Frontend/UX","Open"
"P1","Placeholder","frontend\dashboards\src\pages\GradeScaleWizard.jsx","275","Replace placeholder/incomplete copy or formally defer outside release.","Dev 4 - Frontend/UX","Open"
"P1","Placeholder","frontend\dashboards\src\pages\GradeScaleWizard.jsx","339","Replace placeholder/incomplete copy or formally defer outside release.","Dev 4 - Frontend/UX","Open"
"P1","Placeholder","frontend\dashboards\src\pages\GradeScaleWizard.jsx","350","Replace placeholder/incomplete copy or formally defer outside release.","Dev 4 - Frontend/UX","Open"
"P1","Placeholder","frontend\dashboards\src\pages\LoginPage.jsx","601","Replace placeholder/incomplete copy or formally defer outside release.","Dev 4 - Frontend/UX","Open"
"P1","Placeholder","frontend\dashboards\src\pages\LoginPage.jsx","616","Replace placeholder/incomplete copy or formally defer outside release.","Dev 4 - Frontend/UX","Open"
"P1","Placeholder","frontend\dashboards\src\pages\RoomSetupWizard.jsx","50","Replace placeholder/incomplete copy or formally defer outside release.","Dev 4 - Frontend/UX","Open"
"P1","Placeholder","frontend\dashboards\src\pages\RoomSetupWizard.jsx","51","Replace placeholder/incomplete copy or formally defer outside release.","Dev 4 - Frontend/UX","Open"
"P1","Placeholder","frontend\dashboards\src\pages\RoomSetupWizard.jsx","52","Replace placeholder/incomplete copy or formally defer outside release.","Dev 4 - Frontend/UX","Open"
"P1","Placeholder","frontend\dashboards\src\pages\SectionSchedulerWizard.jsx","61","Replace placeholder/incomplete copy or formally defer outside release.","Dev 4 - Frontend/UX","Open"
"P1","Placeholder","frontend\dashboards\src\pages\SectionSchedulerWizard.jsx","62","Replace placeholder/incomplete copy or formally defer outside release.","Dev 4 - Frontend/UX","Open"
"P1","Placeholder","frontend\dashboards\src\pages\SectionSchedulerWizard.jsx","72","Replace placeholder/incomplete copy or formally defer outside release.","Dev 4 - Frontend/UX","Open"
"P1","Placeholder","frontend\dashboards\src\pages\SectionSchedulerWizard.jsx","73","Replace placeholder/incomplete copy or formally defer outside release.","Dev 4 - Frontend/UX","Open"
"P1","Placeholder","frontend\dashboards\src\pages\SectionSchedulerWizard.jsx","74","Replace placeholder/incomplete copy or formally defer outside release.","Dev 4 - Frontend/UX","Open"
"P1","Placeholder","frontend\dashboards\src\pages\SectionSchedulerWizard.jsx","75","Replace placeholder/incomplete copy or formally defer outside release.","Dev 4 - Frontend/UX","Open"
"P1","Placeholder","frontend\dashboards\src\pages\SectionSchedulerWizard.jsx","76","Replace placeholder/incomplete copy or formally defer outside release.","Dev 4 - Frontend/UX","Open"
"P1","Placeholder","frontend\dashboards\src\pages\SectionSchedulerWizard.jsx","77","Replace placeholder/incomplete copy or formally defer outside release.","Dev 4 - Frontend/UX","Open"
"P1","Placeholder","frontend\dashboards\src\pages\StaffSetupWizard.jsx","51","Replace placeholder/incomplete copy or formally defer outside release.","Dev 4 - Frontend/UX","Open"
"P1","Placeholder","frontend\dashboards\src\pages\StaffSetupWizard.jsx","52","Replace placeholder/incomplete copy or formally defer outside release.","Dev 4 - Frontend/UX","Open"
"P1","Placeholder","frontend\dashboards\src\pages\StaffSetupWizard.jsx","53","Replace placeholder/incomplete copy or formally defer outside release.","Dev 4 - Frontend/UX","Open"
"P1","Placeholder","frontend\dashboards\src\pages\TermStructureWizard.jsx","131","Replace placeholder/incomplete copy or formally defer outside release.","Dev 4 - Frontend/UX","Open"
"P1","Placeholder","frontend\dashboards\src\pages\TermStructureWizard.jsx","183","Replace placeholder/incomplete copy or formally defer outside release.","Dev 4 - Frontend/UX","Open"
"P1","Placeholder","frontend\dashboards\src\pages\TermStructureWizard.jsx","192","Replace placeholder/incomplete copy or formally defer outside release.","Dev 4 - Frontend/UX","Open"
"P1","Placeholder","frontend\dashboards\src\pages\TranscriptRO.jsx","223","Replace placeholder/incomplete copy or formally defer outside release.","Dev 4 - Frontend/UX","Open"
"P1","Placeholder","frontend\dashboards\src\routes\wizards.js","57","Replace placeholder/incomplete copy or formally defer outside release.","Dev 4 - Frontend/UX","Open"
"P1","Placeholder","frontend\dashboards\src\routes\wizards.js","231","Replace placeholder/incomplete copy or formally defer outside release.","Dev 4 - Frontend/UX","Open"
"P1","Placeholder","frontend\dashboards\src\views\platformOps\PlatformOpsHome.jsx","160","Replace placeholder/incomplete copy or formally defer outside release.","Dev 4 - Frontend/UX","Open"
"P1","Placeholder","frontend\dashboards\tests\e2e\sandbox-admin-dashboard-cert.spec.ts","20","Replace placeholder/incomplete copy or formally defer outside release.","Dev 4 - Frontend/UX","Open"
"P1","Placeholder","frontend\dashboards\tests\e2e\sandbox-role-route-regression.spec.ts","44","Replace placeholder/incomplete copy or formally defer outside release.","Dev 4 - Frontend/UX","Open"
"P1","Placeholder","frontend\dashboards\tests\proof-smoke.spec.ts","52","Replace placeholder/incomplete copy or formally defer outside release.","Dev 4 - Frontend/UX","Open"
"P1","Placeholder","frontend\src\components\__tests__\AuditLoggingModule.test.tsx","13","Replace placeholder/incomplete copy or formally defer outside release.","Dev 4 - Frontend/UX","Open"
"P1","Placeholder","frontend\src\components\__tests__\BoardGovernanceSuiteModule.test.tsx","13","Replace placeholder/incomplete copy or formally defer outside release.","Dev 4 - Frontend/UX","Open"
"P1","Placeholder","frontend\src\components\__tests__\ChaplainPastoralCareModule.test.tsx","13","Replace placeholder/incomplete copy or formally defer outside release.","Dev 4 - Frontend/UX","Open"
"P1","Placeholder","frontend\src\components\__tests__\ChristianPdHubModule.test.tsx","13","Replace placeholder/incomplete copy or formally defer outside release.","Dev 4 - Frontend/UX","Open"
"P1","Placeholder","frontend\src\components\__tests__\CommunicationsModule.test.tsx","13","Replace placeholder/incomplete copy or formally defer outside release.","Dev 4 - Frontend/UX","Open"
"P1","Placeholder","frontend\src\components\__tests__\CrmMarketingModule.test.tsx","13","Replace placeholder/incomplete copy or formally defer outside release.","Dev 4 - Frontend/UX","Open"
"P1","Placeholder","frontend\src\components\__tests__\CrownCompassModule.test.tsx","13","Replace placeholder/incomplete copy or formally defer outside release.","Dev 4 - Frontend/UX","Open"
"P1","Placeholder","frontend\src\components\__tests__\DocumentFileFrameworkModule.test.tsx","13","Replace placeholder/incomplete copy or formally defer outside release.","Dev 4 - Frontend/UX","Open"
"P1","Placeholder","frontend\src\components\__tests__\EmergencyMedicalModule.test.tsx","13","Replace placeholder/incomplete copy or formally defer outside release.","Dev 4 - Frontend/UX","Open"
"P1","Placeholder","frontend\src\components\__tests__\ExtendedDisciplineModule.test.tsx","13","Replace placeholder/incomplete copy or formally defer outside release.","Dev 4 - Frontend/UX","Open"
"P1","Placeholder","frontend\src\components\__tests__\GradeLevelsModule.test.tsx","13","Replace placeholder/incomplete copy or formally defer outside release.","Dev 4 - Frontend/UX","Open"
"P1","Placeholder","frontend\src\components\__tests__\GradesReportCardsModule.test.tsx","13","Replace placeholder/incomplete copy or formally defer outside release.","Dev 4 - Frontend/UX","Open"
"P1","Placeholder","frontend\src\components\__tests__\MissionMetricsModule.test.tsx","13","Replace placeholder/incomplete copy or formally defer outside release.","Dev 4 - Frontend/UX","Open"
"P1","Placeholder","frontend\src\components\__tests__\MobileFamilyAppModule.test.tsx","13","Replace placeholder/incomplete copy or formally defer outside release.","Dev 4 - Frontend/UX","Open"
"P1","Placeholder","frontend\src\components\__tests__\NotificationsFrameworkModule.test.tsx","13","Replace placeholder/incomplete copy or formally defer outside release.","Dev 4 - Frontend/UX","Open"
"P1","Placeholder","frontend\src\components\__tests__\NurseHealthOfficeModule.test.tsx","13","Replace placeholder/incomplete copy or formally defer outside release.","Dev 4 - Frontend/UX","Open"
"P1","Placeholder","frontend\src\components\__tests__\ParentPortalModule.test.tsx","13","Replace placeholder/incomplete copy or formally defer outside release.","Dev 4 - Frontend/UX","Open"
"P1","Placeholder","frontend\src\components\__tests__\PortraitGraduateModule.test.tsx","13","Replace placeholder/incomplete copy or formally defer outside release.","Dev 4 - Frontend/UX","Open"
"P1","Placeholder","frontend\src\components\__tests__\ReportingDataAccessModule.test.tsx","13","Replace placeholder/incomplete copy or formally defer outside release.","Dev 4 - Frontend/UX","Open"
"P1","Placeholder","frontend\src\components\__tests__\SchoolProfileModule.test.tsx","13","Replace placeholder/incomplete copy or formally defer outside release.","Dev 4 - Frontend/UX","Open"
"P1","Placeholder","frontend\src\components\__tests__\SchoolYearTermModule.test.tsx","13","Replace placeholder/incomplete copy or formally defer outside release.","Dev 4 - Frontend/UX","Open"
"P1","Placeholder","frontend\src\components\__tests__\ServiceOutreachModule.test.tsx","13","Replace placeholder/incomplete copy or formally defer outside release.","Dev 4 - Frontend/UX","Open"
"P1","Placeholder","frontend\src\components\__tests__\SharedDesignSystemModule.test.tsx","13","Replace placeholder/incomplete copy or formally defer outside release.","Dev 4 - Frontend/UX","Open"
"P1","Placeholder","frontend\src\components\__tests__\SharedFrontendShellModule.test.tsx","13","Replace placeholder/incomplete copy or formally defer outside release.","Dev 4 - Frontend/UX","Open"
"P1","Placeholder","frontend\src\components\__tests__\StaffFacultyModule.test.tsx","13","Replace placeholder/incomplete copy or formally defer outside release.","Dev 4 - Frontend/UX","Open"
"P1","Placeholder","frontend\src\components\__tests__\StudentCareDisciplineModule.test.tsx","13","Replace placeholder/incomplete copy or formally defer outside release.","Dev 4 - Frontend/UX","Open"
"P1","Placeholder","frontend\src\components\__tests__\StudentMasterRecordModule.test.tsx","13","Replace placeholder/incomplete copy or formally defer outside release.","Dev 4 - Frontend/UX","Open"
"P1","Placeholder","frontend\src\components\__tests__\SurveySentimentModule.test.tsx","13","Replace placeholder/incomplete copy or formally defer outside release.","Dev 4 - Frontend/UX","Open"
"P1","Placeholder","frontend\src\components\__tests__\TransportationModule.test.tsx","13","Replace placeholder/incomplete copy or formally defer outside release.","Dev 4 - Frontend/UX","Open"
"P1","Placeholder","frontend\src\components\__tests__\VolunteerFamilyEngagementModule.test.tsx","13","Replace placeholder/incomplete copy or formally defer outside release.","Dev 4 - Frontend/UX","Open"
"P1","Placeholder","release_closeout\views.py","46","Replace placeholder/incomplete copy or formally defer outside release.","Dev 4 - Frontend/UX","Open"
"P1","Placeholder","release_closeout\views.py","60","Replace placeholder/incomplete copy or formally defer outside release.","Dev 4 - Frontend/UX","Open"
"P1","Placeholder","scripts\execution\generate_215_fixes.py","119","Replace placeholder/incomplete copy or formally defer outside release.","Dev 4 - Frontend/UX","Open"
"P1","Placeholder","scripts\execution\generate_215_fixes.py","120","Replace placeholder/incomplete copy or formally defer outside release.","Dev 4 - Frontend/UX","Open"
"P1","Placeholder","scripts\execution\generate_215_fixes.py","426","Replace placeholder/incomplete copy or formally defer outside release.","Dev 4 - Frontend/UX","Open"
"P1","Placeholder","scripts\release\mock_seed_scan.py","12","Replace placeholder/incomplete copy or formally defer outside release.","Dev 4 - Frontend/UX","Open"
"P1","Placeholder","scripts\release\mock_seed_scan.py","13","Replace placeholder/incomplete copy or formally defer outside release.","Dev 4 - Frontend/UX","Open"
"P1","Placeholder","scripts\release\mock_seed_scan.py","14","Replace placeholder/incomplete copy or formally defer outside release.","Dev 4 - Frontend/UX","Open"
"P1","Placeholder","scripts\release\mock_seed_scan.py","15","Replace placeholder/incomplete copy or formally defer outside release.","Dev 4 - Frontend/UX","Open"
"P1","Placeholder","src\51x51-remediation\administrator-portal-no-placeholder-fake-sample.ts","1","Replace placeholder/incomplete copy or formally defer outside release.","Dev 4 - Frontend/UX","Open"
"P1","Placeholder","src\51x51-remediation\administrator-portal-no-placeholder-fake-sample.ts","2","Replace placeholder/incomplete copy or formally defer outside release.","Dev 4 - Frontend/UX","Open"
"P1","Placeholder","src\51x51-remediation\communications-no-placeholder-fake-sample.ts","1","Replace placeholder/incomplete copy or formally defer outside release.","Dev 4 - Frontend/UX","Open"
"P1","Placeholder","src\51x51-remediation\communications-no-placeholder-fake-sample.ts","2","Replace placeholder/incomplete copy or formally defer outside release.","Dev 4 - Frontend/UX","Open"
"P1","Placeholder","src\51x51-remediation\crm-marketing-suite-no-placeholder-fake-sample.ts","1","Replace placeholder/incomplete copy or formally defer outside release.","Dev 4 - Frontend/UX","Open"
"P1","Placeholder","src\51x51-remediation\crm-marketing-suite-no-placeholder-fake-sample.ts","2","Replace placeholder/incomplete copy or formally defer outside release.","Dev 4 - Frontend/UX","Open"
"P1","Placeholder","src\51x51-remediation\emergency-medical-essentials-no-placeholder-fake-sample.ts","1","Replace placeholder/incomplete copy or formally defer outside release.","Dev 4 - Frontend/UX","Open"
"P1","Placeholder","src\51x51-remediation\emergency-medical-essentials-no-placeholder-fake-sample.ts","2","Replace placeholder/incomplete copy or formally defer outside release.","Dev 4 - Frontend/UX","Open"
"P1","Placeholder","src\51x51-remediation\grade-levels-no-placeholder-fake-sample.ts","1","Replace placeholder/incomplete copy or formally defer outside release.","Dev 4 - Frontend/UX","Open"
"P1","Placeholder","src\51x51-remediation\grade-levels-no-placeholder-fake-sample.ts","2","Replace placeholder/incomplete copy or formally defer outside release.","Dev 4 - Frontend/UX","Open"
"P1","Placeholder","src\51x51-remediation\mission-metrics-no-placeholder-fake-sample.ts","1","Replace placeholder/incomplete copy or formally defer outside release.","Dev 4 - Frontend/UX","Open"
"P1","Placeholder","src\51x51-remediation\mission-metrics-no-placeholder-fake-sample.ts","2","Replace placeholder/incomplete copy or formally defer outside release.","Dev 4 - Frontend/UX","Open"
"P1","Placeholder","src\51x51-remediation\notifications-framework-no-placeholder-fake-sample.ts","1","Replace placeholder/incomplete copy or formally defer outside release.","Dev 4 - Frontend/UX","Open"
"P1","Placeholder","src\51x51-remediation\notifications-framework-no-placeholder-fake-sample.ts","2","Replace placeholder/incomplete copy or formally defer outside release.","Dev 4 - Frontend/UX","Open"
"P1","Placeholder","src\51x51-remediation\parent-portal-no-placeholder-fake-sample.ts","1","Replace placeholder/incomplete copy or formally defer outside release.","Dev 4 - Frontend/UX","Open"
"P1","Placeholder","src\51x51-remediation\parent-portal-no-placeholder-fake-sample.ts","2","Replace placeholder/incomplete copy or formally defer outside release.","Dev 4 - Frontend/UX","Open"
"P1","Placeholder","src\51x51-remediation\portrait-of-the-graduate-no-placeholder-fake-sample.ts","1","Replace placeholder/incomplete copy or formally defer outside release.","Dev 4 - Frontend/UX","Open"
"P1","Placeholder","src\51x51-remediation\portrait-of-the-graduate-no-placeholder-fake-sample.ts","2","Replace placeholder/incomplete copy or formally defer outside release.","Dev 4 - Frontend/UX","Open"
"P1","Placeholder","src\51x51-remediation\shared-design-system-no-placeholder-fake-sample.ts","1","Replace placeholder/incomplete copy or formally defer outside release.","Dev 4 - Frontend/UX","Open"
"P1","Placeholder","src\51x51-remediation\shared-design-system-no-placeholder-fake-sample.ts","2","Replace placeholder/incomplete copy or formally defer outside release.","Dev 4 - Frontend/UX","Open"
"P1","Placeholder","src\51x51-remediation\survey-sentiment-engine-no-placeholder-fake-sample.ts","1","Replace placeholder/incomplete copy or formally defer outside release.","Dev 4 - Frontend/UX","Open"
"P1","Placeholder","src\51x51-remediation\survey-sentiment-engine-no-placeholder-fake-sample.ts","2","Replace placeholder/incomplete copy or formally defer outside release.","Dev 4 - Frontend/UX","Open"
"P1","Placeholder","tools\audit_backend_integrity.py","203","Replace placeholder/incomplete copy or formally defer outside release.","Dev 4 - Frontend/UX","Open"
"P1","Placeholder","tools\audit_backend_integrity.py","212","Replace placeholder/incomplete copy or formally defer outside release.","Dev 4 - Frontend/UX","Open"
"P1","input-missing-label","backend\crown_api\templates\registration\login.html","112","Fix accessibility issue before sandbox/release proof.","Dev 4 - Frontend/UX","Open"
"P1","button-missing-type","backend\crown_api\templates\director_dashboard.html","118","Fix accessibility issue before sandbox/release proof.","Dev 4 - Frontend/UX","Open"
"P1","button-missing-type","backend\crown_api\templates\director_dashboard.html","231","Fix accessibility issue before sandbox/release proof.","Dev 4 - Frontend/UX","Open"
"P1","button-missing-type","backend\crown_api\templates\director_dashboard.html","234","Fix accessibility issue before sandbox/release proof.","Dev 4 - Frontend/UX","Open"
"P1","clickable-non-interactive","frontend\dashboards\playwright-report\index.html","65","Fix accessibility issue before sandbox/release proof.","Dev 4 - Frontend/UX","Open"
"P1","button-missing-type","frontend\dashboards\src\components\classroom\ClassroomCard.jsx","25","Fix accessibility issue before sandbox/release proof.","Dev 4 - Frontend/UX","Open"
"P1","button-missing-type","frontend\dashboards\src\components\crown\CrownLayout.jsx","135","Fix accessibility issue before sandbox/release proof.","Dev 4 - Frontend/UX","Open"
"P1","button-missing-type","frontend\dashboards\src\components\crown\CrownLayout.jsx","145","Fix accessibility issue before sandbox/release proof.","Dev 4 - Frontend/UX","Open"
"P1","button-missing-type","frontend\dashboards\src\components\crown\CrownLayout.jsx","156","Fix accessibility issue before sandbox/release proof.","Dev 4 - Frontend/UX","Open"
"P1","button-missing-type","frontend\dashboards\src\components\crown-dashboard\CrownDashboardSection.jsx","21","Fix accessibility issue before sandbox/release proof.","Dev 4 - Frontend/UX","Open"
"P1","button-missing-type","frontend\dashboards\src\components\dashboard\admissions\AdmissionsActivityFeedCard.jsx","31","Fix accessibility issue before sandbox/release proof.","Dev 4 - Frontend/UX","Open"
"P1","button-missing-type","frontend\dashboards\src\components\dashboard\admissions\AdmissionsAlertsPanel.jsx","55","Fix accessibility issue before sandbox/release proof.","Dev 4 - Frontend/UX","Open"
"P1","button-missing-type","frontend\dashboards\src\components\dashboard\admissions\AdmissionsApplicantsSnapshotCard.jsx","41","Fix accessibility issue before sandbox/release proof.","Dev 4 - Frontend/UX","Open"
"P1","button-missing-type","frontend\dashboards\src\components\dashboard\admissions\AdmissionsApplicantsSnapshotCard.jsx","63","Fix accessibility issue before sandbox/release proof.","Dev 4 - Frontend/UX","Open"
"P1","button-missing-type","frontend\dashboards\src\components\dashboard\admissions\AdmissionsCalendarCard.jsx","32","Fix accessibility issue before sandbox/release proof.","Dev 4 - Frontend/UX","Open"
"P1","button-missing-type","frontend\dashboards\src\components\dashboard\admissions\AdmissionsCommunicationsCard.jsx","23","Fix accessibility issue before sandbox/release proof.","Dev 4 - Frontend/UX","Open"
"P1","button-missing-type","frontend\dashboards\src\components\dashboard\admissions\AdmissionsPrioritiesPanel.jsx","22","Fix accessibility issue before sandbox/release proof.","Dev 4 - Frontend/UX","Open"
"P1","button-missing-type","frontend\dashboards\src\components\dashboard\admissions\AdmissionsReportSnapshotCard.jsx","14","Fix accessibility issue before sandbox/release proof.","Dev 4 - Frontend/UX","Open"
"P1","button-missing-type","frontend\dashboards\src\components\dashboard\admissions\AdmissionsReportSnapshotCard.jsx","33","Fix accessibility issue before sandbox/release proof.","Dev 4 - Frontend/UX","Open"
"P1","button-missing-type","frontend\dashboards\src\components\dashboard\student\StudentShortcutsCard.jsx","10","Fix accessibility issue before sandbox/release proof.","Dev 4 - Frontend/UX","Open"
"P1","button-missing-type","frontend\dashboards\src\components\dashboard\teacher\TeacherShortcutsCard.jsx","10","Fix accessibility issue before sandbox/release proof.","Dev 4 - Frontend/UX","Open"
"P1","button-missing-type","frontend\dashboards\src\components\dashboard\ActionCard.jsx","22","Fix accessibility issue before sandbox/release proof.","Dev 4 - Frontend/UX","Open"
"P1","button-missing-type","frontend\dashboards\src\components\dashboard\ActivityFeedCard.jsx","35","Fix accessibility issue before sandbox/release proof.","Dev 4 - Frontend/UX","Open"
"P1","button-missing-type","frontend\dashboards\src\components\dashboard\AlertsPanel.jsx","53","Fix accessibility issue before sandbox/release proof.","Dev 4 - Frontend/UX","Open"
"P1","button-missing-type","frontend\dashboards\src\components\dashboard\CalendarCard.jsx","37","Fix accessibility issue before sandbox/release proof.","Dev 4 - Frontend/UX","Open"
"P1","button-missing-type","frontend\dashboards\src\components\dashboard\ChartWidget.jsx","131","Fix accessibility issue before sandbox/release proof.","Dev 4 - Frontend/UX","Open"
"P1","button-missing-type","frontend\dashboards\src\components\dashboard\CommunicationsCard.jsx","27","Fix accessibility issue before sandbox/release proof.","Dev 4 - Frontend/UX","Open"
"P1","button-missing-type","frontend\dashboards\src\components\dashboard\DailyDevotion.jsx","14","Fix accessibility issue before sandbox/release proof.","Dev 4 - Frontend/UX","Open"
"P1","button-missing-type","frontend\dashboards\src\components\dashboard\DrilldownDrawer.jsx","37","Fix accessibility issue before sandbox/release proof.","Dev 4 - Frontend/UX","Open"
"P1","button-missing-type","frontend\dashboards\src\components\dashboard\DrilldownDrawer.jsx","65","Fix accessibility issue before sandbox/release proof.","Dev 4 - Frontend/UX","Open"
"P1","button-missing-type","frontend\dashboards\src\components\dashboard\FeedWidget.jsx","17","Fix accessibility issue before sandbox/release proof.","Dev 4 - Frontend/UX","Open"
"P1","button-missing-type","frontend\dashboards\src\components\dashboard\FlipMetricCard.jsx","23","Fix accessibility issue before sandbox/release proof.","Dev 4 - Frontend/UX","Open"
"P1","button-missing-type","frontend\dashboards\src\components\dashboard\FlipMetricCard.jsx","33","Fix accessibility issue before sandbox/release proof.","Dev 4 - Frontend/UX","Open"
"P1","button-missing-type","frontend\dashboards\src\components\dashboard\FlipMetricCard.jsx","53","Fix accessibility issue before sandbox/release proof.","Dev 4 - Frontend/UX","Open"
"P1","button-missing-type","frontend\dashboards\src\components\dashboard\FlipWidget.jsx","85","Fix accessibility issue before sandbox/release proof.","Dev 4 - Frontend/UX","Open"
"P1","button-missing-type","frontend\dashboards\src\components\dashboard\OperationalSnapshotCard.jsx","58","Fix accessibility issue before sandbox/release proof.","Dev 4 - Frontend/UX","Open"
"P1","button-missing-type","frontend\dashboards\src\components\dashboard\OperationalSnapshotCard.jsx","93","Fix accessibility issue before sandbox/release proof.","Dev 4 - Frontend/UX","Open"
"P1","button-missing-type","frontend\dashboards\src\components\dashboard\PrayerRequests.jsx","11","Fix accessibility issue before sandbox/release proof.","Dev 4 - Frontend/UX","Open"
"P1","button-missing-type","frontend\dashboards\src\components\dashboard\PrioritiesPanel.jsx","29","Fix accessibility issue before sandbox/release proof.","Dev 4 - Frontend/UX","Open"
"P1","button-missing-type","frontend\dashboards\src\components\dashboard\ReportSnapshotCard.jsx","21","Fix accessibility issue before sandbox/release proof.","Dev 4 - Frontend/UX","Open"
"P1","button-missing-type","frontend\dashboards\src\components\dashboard\ReportSnapshotCard.jsx","40","Fix accessibility issue before sandbox/release proof.","Dev 4 - Frontend/UX","Open"
"P1","button-missing-type","frontend\dashboards\src\components\dashboard\StatWidget.jsx","35","Fix accessibility issue before sandbox/release proof.","Dev 4 - Frontend/UX","Open"
"P1","button-missing-type","frontend\dashboards\src\components\dashboard\TableWidget.jsx","19","Fix accessibility issue before sandbox/release proof.","Dev 4 - Frontend/UX","Open"
"P1","button-missing-type","frontend\dashboards\src\components\exports\BulkExportMenu.tsx","64","Fix accessibility issue before sandbox/release proof.","Dev 4 - Frontend/UX","Open"
"P1","button-missing-type","frontend\dashboards\src\components\exports\ExportButton.tsx","90","Fix accessibility issue before sandbox/release proof.","Dev 4 - Frontend/UX","Open"
"P1","button-missing-type","frontend\dashboards\src\components\release\ReleaseExportButton.tsx","63","Fix accessibility issue before sandbox/release proof.","Dev 4 - Frontend/UX","Open"
"P1","button-missing-type","frontend\dashboards\src\components\states\PageState.jsx","32","Fix accessibility issue before sandbox/release proof.","Dev 4 - Frontend/UX","Open"
"P1","button-missing-type","frontend\dashboards\src\components\student360\GraduationBreakdownDrawer.jsx","133","Fix accessibility issue before sandbox/release proof.","Dev 4 - Frontend/UX","Open"
"P1","button-missing-type","frontend\dashboards\src\components\system\AppErrorBoundary.jsx","41","Fix accessibility issue before sandbox/release proof.","Dev 4 - Frontend/UX","Open"
"P1","button-missing-type","frontend\dashboards\src\components\wizard\CrownWizardStepper.jsx","55","Fix accessibility issue before sandbox/release proof.","Dev 4 - Frontend/UX","Open"
"P1","button-missing-type","frontend\dashboards\src\components\wizard\CrownWizardStepper.jsx","62","Fix accessibility issue before sandbox/release proof.","Dev 4 - Frontend/UX","Open"
"P1","button-missing-type","frontend\dashboards\src\components\wizards\WizardShell.jsx","58","Fix accessibility issue before sandbox/release proof.","Dev 4 - Frontend/UX","Open"
"P1","button-missing-type","frontend\dashboards\src\components\wizards\WizardShell.jsx","67","Fix accessibility issue before sandbox/release proof.","Dev 4 - Frontend/UX","Open"
"P1","button-missing-type","frontend\dashboards\src\components\wizards\WizardShell.jsx","75","Fix accessibility issue before sandbox/release proof.","Dev 4 - Frontend/UX","Open"
"P1","button-missing-type","frontend\dashboards\src\components\wizards\WizardShell.jsx","83","Fix accessibility issue before sandbox/release proof.","Dev 4 - Frontend/UX","Open"
"P1","button-missing-type","frontend\dashboards\src\components\CurriculumPacingCard.jsx","97","Fix accessibility issue before sandbox/release proof.","Dev 4 - Frontend/UX","Open"
"P1","button-missing-type","frontend\dashboards\src\components\DevJwtPanel.jsx","98","Fix accessibility issue before sandbox/release proof.","Dev 4 - Frontend/UX","Open"
"P1","button-missing-type","frontend\dashboards\src\components\DevJwtPanel.jsx","113","Fix accessibility issue before sandbox/release proof.","Dev 4 - Frontend/UX","Open"
"P1","button-missing-type","frontend\dashboards\src\components\Drawer.jsx","24","Fix accessibility issue before sandbox/release proof.","Dev 4 - Frontend/UX","Open"
"P1","button-missing-type","frontend\dashboards\src\components\Drawer.jsx","70","Fix accessibility issue before sandbox/release proof.","Dev 4 - Frontend/UX","Open"
"P1","button-missing-type","frontend\dashboards\src\components\FinanceKPI.jsx","128","Fix accessibility issue before sandbox/release proof.","Dev 4 - Frontend/UX","Open"
"P1","button-missing-type","frontend\dashboards\src\components\HelpTooltip.jsx","40","Fix accessibility issue before sandbox/release proof.","Dev 4 - Frontend/UX","Open"
"P1","button-missing-type","frontend\dashboards\src\components\HelpTooltip.jsx","82","Fix accessibility issue before sandbox/release proof.","Dev 4 - Frontend/UX","Open"
"P1","button-missing-type","frontend\dashboards\src\components\OpsCommandCenter.jsx","88","Fix accessibility issue before sandbox/release proof.","Dev 4 - Frontend/UX","Open"
"P1","button-missing-type","frontend\dashboards\src\components\OpsCommandCenter.jsx","91","Fix accessibility issue before sandbox/release proof.","Dev 4 - Frontend/UX","Open"
"P1","button-missing-type","frontend\dashboards\src\modules\advancement\BestAvailableCheckout.jsx","197","Fix accessibility issue before sandbox/release proof.","Dev 4 - Frontend/UX","Open"
"P1","button-missing-type","frontend\dashboards\src\modules\advancement\BestAvailableCheckout.jsx","222","Fix accessibility issue before sandbox/release proof.","Dev 4 - Frontend/UX","Open"
"P1","input-missing-label","frontend\dashboards\src\modules\advancement\BestAvailableCheckout.jsx","258","Fix accessibility issue before sandbox/release proof.","Dev 4 - Frontend/UX","Open"
"P1","input-missing-label","frontend\dashboards\src\modules\advancement\BestAvailableCheckout.jsx","265","Fix accessibility issue before sandbox/release proof.","Dev 4 - Frontend/UX","Open"
"P1","button-missing-type","frontend\dashboards\src\modules\advancement\BestAvailableCheckout.jsx","281","Fix accessibility issue before sandbox/release proof.","Dev 4 - Frontend/UX","Open"
"P1","button-missing-type","frontend\dashboards\src\modules\advancement\DonorsPage.jsx","104","Fix accessibility issue before sandbox/release proof.","Dev 4 - Frontend/UX","Open"
"P1","input-missing-label","frontend\dashboards\src\modules\advancement\DonorsPage.jsx","107","Fix accessibility issue before sandbox/release proof.","Dev 4 - Frontend/UX","Open"
"P1","button-missing-type","frontend\dashboards\src\modules\advancement\EventsPage.jsx","100","Fix accessibility issue before sandbox/release proof.","Dev 4 - Frontend/UX","Open"
"P1","button-missing-type","frontend\dashboards\src\modules\advancement\GivePage.jsx","184","Fix accessibility issue before sandbox/release proof.","Dev 4 - Frontend/UX","Open"
"P1","input-missing-label","frontend\dashboards\src\modules\advancement\GivePage.jsx","203","Fix accessibility issue before sandbox/release proof.","Dev 4 - Frontend/UX","Open"
"P1","input-missing-label","frontend\dashboards\src\modules\advancement\GivePage.jsx","231","Fix accessibility issue before sandbox/release proof.","Dev 4 - Frontend/UX","Open"
"P1","input-missing-label","frontend\dashboards\src\modules\advancement\GivePage.jsx","245","Fix accessibility issue before sandbox/release proof.","Dev 4 - Frontend/UX","Open"
"P1","input-missing-label","frontend\dashboards\src\modules\advancement\GivePage.jsx","258","Fix accessibility issue before sandbox/release proof.","Dev 4 - Frontend/UX","Open"
"P1","button-missing-type","frontend\dashboards\src\modules\advancement\GivePage.jsx","268","Fix accessibility issue before sandbox/release proof.","Dev 4 - Frontend/UX","Open"
"P1","input-missing-label","frontend\dashboards\src\modules\advancement\GivePage.jsx","306","Fix accessibility issue before sandbox/release proof.","Dev 4 - Frontend/UX","Open"
"P1","button-missing-type","frontend\dashboards\src\modules\advancement\GivePage.jsx","322","Fix accessibility issue before sandbox/release proof.","Dev 4 - Frontend/UX","Open"
"P1","input-missing-label","frontend\dashboards\src\modules\advancement\GivePage.jsx","345","Fix accessibility issue before sandbox/release proof.","Dev 4 - Frontend/UX","Open"
"P1","button-missing-type","frontend\dashboards\src\modules\advancement\GivePage.jsx","369","Fix accessibility issue before sandbox/release proof.","Dev 4 - Frontend/UX","Open"
"P1","button-missing-type","frontend\dashboards\src\modules\advancement\MovesPipelinePage.jsx","248","Fix accessibility issue before sandbox/release proof.","Dev 4 - Frontend/UX","Open"
"P1","input-missing-label","frontend\dashboards\src\modules\advancement\MovesPipelinePage.jsx","310","Fix accessibility issue before sandbox/release proof.","Dev 4 - Frontend/UX","Open"
"P1","button-missing-type","frontend\dashboards\src\modules\advancement\MovesPipelinePage.jsx","331","Fix accessibility issue before sandbox/release proof.","Dev 4 - Frontend/UX","Open"
"P1","button-missing-type","frontend\dashboards\src\modules\advancement\MovesPipelinePage.jsx","338","Fix accessibility issue before sandbox/release proof.","Dev 4 - Frontend/UX","Open"
"P1","button-missing-type","frontend\dashboards\src\modules\advancement\SeatingAdminPage.jsx","260","Fix accessibility issue before sandbox/release proof.","Dev 4 - Frontend/UX","Open"
"P1","button-missing-type","frontend\dashboards\src\modules\advancement\SeatSelectionPage.jsx","49","Fix accessibility issue before sandbox/release proof.","Dev 4 - Frontend/UX","Open"
"P1","input-missing-label","frontend\dashboards\src\modules\advancement\SeatSelectionPage.jsx","318","Fix accessibility issue before sandbox/release proof.","Dev 4 - Frontend/UX","Open"
"P1","input-missing-label","frontend\dashboards\src\modules\advancement\SeatSelectionPage.jsx","325","Fix accessibility issue before sandbox/release proof.","Dev 4 - Frontend/UX","Open"
"P1","button-missing-type","frontend\dashboards\src\modules\advancement\SeatSelectionPage.jsx","356","Fix accessibility issue before sandbox/release proof.","Dev 4 - Frontend/UX","Open"
"P1","button-missing-type","frontend\dashboards\src\modules\advancement\SeatSelectionPage.jsx","368","Fix accessibility issue before sandbox/release proof.","Dev 4 - Frontend/UX","Open"
"P1","button-missing-type","frontend\dashboards\src\modules\advancement\SeatSelectionPage.jsx","381","Fix accessibility issue before sandbox/release proof.","Dev 4 - Frontend/UX","Open"
"P1","button-missing-type","frontend\dashboards\src\modules\advancement\SponsorshipsPage.jsx","95","Fix accessibility issue before sandbox/release proof.","Dev 4 - Frontend/UX","Open"
"P1","input-missing-label","frontend\dashboards\src\modules\advancement\SponsorshipsPage.jsx","162","Fix accessibility issue before sandbox/release proof.","Dev 4 - Frontend/UX","Open"
"P1","input-missing-label","frontend\dashboards\src\modules\advancement\StorePage.jsx","116","Fix accessibility issue before sandbox/release proof.","Dev 4 - Frontend/UX","Open"
"P1","button-missing-type","frontend\dashboards\src\modules\advancement\StorePage.jsx","125","Fix accessibility issue before sandbox/release proof.","Dev 4 - Frontend/UX","Open"
"P1","input-missing-label","frontend\dashboards\src\modules\advancement\TicketCheckInPage.jsx","102","Fix accessibility issue before sandbox/release proof.","Dev 4 - Frontend/UX","Open"
"P1","button-missing-type","frontend\dashboards\src\modules\advancement\TicketCheckInPage.jsx","116","Fix accessibility issue before sandbox/release proof.","Dev 4 - Frontend/UX","Open"
"P1","button-missing-type","frontend\dashboards\src\modules\advancement\TicketsPage.jsx","99","Fix accessibility issue before sandbox/release proof.","Dev 4 - Frontend/UX","Open"
"P1","button-missing-type","frontend\dashboards\src\modules\advancement\TicketsPage.jsx","168","Fix accessibility issue before sandbox/release proof.","Dev 4 - Frontend/UX","Open"
"P1","input-missing-label","frontend\dashboards\src\modules\advancement\TicketsPage.jsx","190","Fix accessibility issue before sandbox/release proof.","Dev 4 - Frontend/UX","Open"
"P1","button-missing-type","frontend\dashboards\src\modules\advancement\TicketSuccessPage.jsx","161","Fix accessibility issue before sandbox/release proof.","Dev 4 - Frontend/UX","Open"
"P1","button-missing-type","frontend\dashboards\src\modules\advancement\TicketSuccessPage.jsx","197","Fix accessibility issue before sandbox/release proof.","Dev 4 - Frontend/UX","Open"
"P1","button-missing-type","frontend\dashboards\src\pages\attendance_rules_wizard\Step1Configure.jsx","42","Fix accessibility issue before sandbox/release proof.","Dev 4 - Frontend/UX","Open"
"P1","input-missing-label","frontend\dashboards\src\pages\attendance_rules_wizard\Step2Codes.jsx","39","Fix accessibility issue before sandbox/release proof.","Dev 4 - Frontend/UX","Open"
"P1","input-missing-label","frontend\dashboards\src\pages\attendance_rules_wizard\Step2Codes.jsx","40","Fix accessibility issue before sandbox/release proof.","Dev 4 - Frontend/UX","Open"
"P1","input-missing-label","frontend\dashboards\src\pages\attendance_rules_wizard\Step2Codes.jsx","42","Fix accessibility issue before sandbox/release proof.","Dev 4 - Frontend/UX","Open"
"P1","input-missing-label","frontend\dashboards\src\pages\attendance_rules_wizard\Step2Codes.jsx","45","Fix accessibility issue before sandbox/release proof.","Dev 4 - Frontend/UX","Open"
"P1","button-missing-type","frontend\dashboards\src\pages\attendance_rules_wizard\Step2Codes.jsx","47","Fix accessibility issue before sandbox/release proof.","Dev 4 - Frontend/UX","Open"
"P1","button-missing-type","frontend\dashboards\src\pages\attendance_rules_wizard\Step2Codes.jsx","50","Fix accessibility issue before sandbox/release proof.","Dev 4 - Frontend/UX","Open"
"P1","button-missing-type","frontend\dashboards\src\pages\attendance_rules_wizard\Step2Codes.jsx","53","Fix accessibility issue before sandbox/release proof.","Dev 4 - Frontend/UX","Open"
"P1","button-missing-type","frontend\dashboards\src\pages\attendance_rules_wizard\Step2Codes.jsx","54","Fix accessibility issue before sandbox/release proof.","Dev 4 - Frontend/UX","Open"
"P1","button-missing-type","frontend\dashboards\src\pages\attendance_rules_wizard\Step3Preview.jsx","25","Fix accessibility issue before sandbox/release proof.","Dev 4 - Frontend/UX","Open"
"P1","button-missing-type","frontend\dashboards\src\pages\attendance_rules_wizard\Step3Preview.jsx","26","Fix accessibility issue before sandbox/release proof.","Dev 4 - Frontend/UX","Open"
"P1","button-missing-type","frontend\dashboards\src\pages\attendance_rules_wizard\Step4Commit.jsx","27","Fix accessibility issue before sandbox/release proof.","Dev 4 - Frontend/UX","Open"
"P1","button-missing-type","frontend\dashboards\src\pages\attendance_rules_wizard\Step4Commit.jsx","28","Fix accessibility issue before sandbox/release proof.","Dev 4 - Frontend/UX","Open"
"P1","button-missing-type","frontend\dashboards\src\pages\attendance_rules_wizard\Step5Verify.jsx","31","Fix accessibility issue before sandbox/release proof.","Dev 4 - Frontend/UX","Open"
"P1","button-missing-type","frontend\dashboards\src\pages\bell_schedule_wizard\Step1Configure.jsx","42","Fix accessibility issue before sandbox/release proof.","Dev 4 - Frontend/UX","Open"
"P1","input-missing-label","frontend\dashboards\src\pages\bell_schedule_wizard\Step2Periods.jsx","38","Fix accessibility issue before sandbox/release proof.","Dev 4 - Frontend/UX","Open"
"P1","input-missing-label","frontend\dashboards\src\pages\bell_schedule_wizard\Step2Periods.jsx","39","Fix accessibility issue before sandbox/release proof.","Dev 4 - Frontend/UX","Open"
"P1","input-missing-label","frontend\dashboards\src\pages\bell_schedule_wizard\Step2Periods.jsx","40","Fix accessibility issue before sandbox/release proof.","Dev 4 - Frontend/UX","Open"
"P1","button-missing-type","frontend\dashboards\src\pages\bell_schedule_wizard\Step2Periods.jsx","41","Fix accessibility issue before sandbox/release proof.","Dev 4 - Frontend/UX","Open"
"P1","button-missing-type","frontend\dashboards\src\pages\bell_schedule_wizard\Step2Periods.jsx","44","Fix accessibility issue before sandbox/release proof.","Dev 4 - Frontend/UX","Open"
"P1","button-missing-type","frontend\dashboards\src\pages\bell_schedule_wizard\Step2Periods.jsx","47","Fix accessibility issue before sandbox/release proof.","Dev 4 - Frontend/UX","Open"
"P1","button-missing-type","frontend\dashboards\src\pages\bell_schedule_wizard\Step2Periods.jsx","48","Fix accessibility issue before sandbox/release proof.","Dev 4 - Frontend/UX","Open"
"P1","button-missing-type","frontend\dashboards\src\pages\bell_schedule_wizard\Step3Preview.jsx","18","Fix accessibility issue before sandbox/release proof.","Dev 4 - Frontend/UX","Open"
"P1","button-missing-type","frontend\dashboards\src\pages\bell_schedule_wizard\Step3Preview.jsx","19","Fix accessibility issue before sandbox/release proof.","Dev 4 - Frontend/UX","Open"
"P1","button-missing-type","frontend\dashboards\src\pages\bell_schedule_wizard\Step4Commit.jsx","27","Fix accessibility issue before sandbox/release proof.","Dev 4 - Frontend/UX","Open"
"P1","button-missing-type","frontend\dashboards\src\pages\bell_schedule_wizard\Step4Commit.jsx","28","Fix accessibility issue before sandbox/release proof.","Dev 4 - Frontend/UX","Open"
"P1","button-missing-type","frontend\dashboards\src\pages\bell_schedule_wizard\Step5Verify.jsx","31","Fix accessibility issue before sandbox/release proof.","Dev 4 - Frontend/UX","Open"
"P1","input-missing-label","frontend\dashboards\src\pages\billing_wizard\Step1Mode.jsx","63","Fix accessibility issue before sandbox/release proof.","Dev 4 - Frontend/UX","Open"
"P1","input-missing-label","frontend\dashboards\src\pages\billing_wizard\Step1Mode.jsx","94","Fix accessibility issue before sandbox/release proof.","Dev 4 - Frontend/UX","Open"
"P1","button-missing-type","frontend\dashboards\src\pages\billing_wizard\Step1Mode.jsx","118","Fix accessibility issue before sandbox/release proof.","Dev 4 - Frontend/UX","Open"
"P1","button-missing-type","frontend\dashboards\src\pages\billing_wizard\Step2Plans.jsx","81","Fix accessibility issue before sandbox/release proof.","Dev 4 - Frontend/UX","Open"
"P1","button-missing-type","frontend\dashboards\src\pages\billing_wizard\Step2Plans.jsx","117","Fix accessibility issue before sandbox/release proof.","Dev 4 - Frontend/UX","Open"
"P1","button-missing-type","frontend\dashboards\src\pages\billing_wizard\Step2Plans.jsx","125","Fix accessibility issue before sandbox/release proof.","Dev 4 - Frontend/UX","Open"
"P1","button-missing-type","frontend\dashboards\src\pages\billing_wizard\Step2Plans.jsx","128","Fix accessibility issue before sandbox/release proof.","Dev 4 - Frontend/UX","Open"
"P1","button-missing-type","frontend\dashboards\src\pages\billing_wizard\Step3Fees.jsx","89","Fix accessibility issue before sandbox/release proof.","Dev 4 - Frontend/UX","Open"
"P1","button-missing-type","frontend\dashboards\src\pages\billing_wizard\Step3Fees.jsx","128","Fix accessibility issue before sandbox/release proof.","Dev 4 - Frontend/UX","Open"
"P1","button-missing-type","frontend\dashboards\src\pages\billing_wizard\Step3Fees.jsx","129","Fix accessibility issue before sandbox/release proof.","Dev 4 - Frontend/UX","Open"
"P1","button-missing-type","frontend\dashboards\src\pages\billing_wizard\Step3Fees.jsx","138","Fix accessibility issue before sandbox/release proof.","Dev 4 - Frontend/UX","Open"
"P1","button-missing-type","frontend\dashboards\src\pages\billing_wizard\Step3Fees.jsx","141","Fix accessibility issue before sandbox/release proof.","Dev 4 - Frontend/UX","Open"
"P1","button-missing-type","frontend\dashboards\src\pages\billing_wizard\Step4Schedule.jsx","106","Fix accessibility issue before sandbox/release proof.","Dev 4 - Frontend/UX","Open"
"P1","button-missing-type","frontend\dashboards\src\pages\billing_wizard\Step4Schedule.jsx","109","Fix accessibility issue before sandbox/release proof.","Dev 4 - Frontend/UX","Open"
"P1","input-missing-label","frontend\dashboards\src\pages\billing_wizard\Step5Commit.jsx","61","Fix accessibility issue before sandbox/release proof.","Dev 4 - Frontend/UX","Open"
"P1","button-missing-type","frontend\dashboards\src\pages\billing_wizard\Step5Commit.jsx","69","Fix accessibility issue before sandbox/release proof.","Dev 4 - Frontend/UX","Open"
"P1","button-missing-type","frontend\dashboards\src\pages\billing_wizard\Step5Commit.jsx","72","Fix accessibility issue before sandbox/release proof.","Dev 4 - Frontend/UX","Open"
"P1","input-missing-label","frontend\dashboards\src\pages\comms_wizard\Step1Purpose.jsx","75","Fix accessibility issue before sandbox/release proof.","Dev 4 - Frontend/UX","Open"
"P1","input-missing-label","frontend\dashboards\src\pages\comms_wizard\Step1Purpose.jsx","95","Fix accessibility issue before sandbox/release proof.","Dev 4 - Frontend/UX","Open"
"P1","button-missing-type","frontend\dashboards\src\pages\comms_wizard\Step1Purpose.jsx","109","Fix accessibility issue before sandbox/release proof.","Dev 4 - Frontend/UX","Open"
"P1","input-missing-label","frontend\dashboards\src\pages\comms_wizard\Step2Message.jsx","45","Fix accessibility issue before sandbox/release proof.","Dev 4 - Frontend/UX","Open"
"P1","button-missing-type","frontend\dashboards\src\pages\comms_wizard\Step2Message.jsx","75","Fix accessibility issue before sandbox/release proof.","Dev 4 - Frontend/UX","Open"
"P1","button-missing-type","frontend\dashboards\src\pages\comms_wizard\Step2Message.jsx","76","Fix accessibility issue before sandbox/release proof.","Dev 4 - Frontend/UX","Open"
"P1","input-missing-label","frontend\dashboards\src\pages\comms_wizard\Step3Recipients.jsx","78","Fix accessibility issue before sandbox/release proof.","Dev 4 - Frontend/UX","Open"
"P1","input-missing-label","frontend\dashboards\src\pages\comms_wizard\Step3Recipients.jsx","88","Fix accessibility issue before sandbox/release proof.","Dev 4 - Frontend/UX","Open"
"P1","button-missing-type","frontend\dashboards\src\pages\comms_wizard\Step3Recipients.jsx","98","Fix accessibility issue before sandbox/release proof.","Dev 4 - Frontend/UX","Open"
"P1","button-missing-type","frontend\dashboards\src\pages\comms_wizard\Step3Recipients.jsx","110","Fix accessibility issue before sandbox/release proof.","Dev 4 - Frontend/UX","Open"
"P1","button-missing-type","frontend\dashboards\src\pages\comms_wizard\Step3Recipients.jsx","121","Fix accessibility issue before sandbox/release proof.","Dev 4 - Frontend/UX","Open"
"P1","button-missing-type","frontend\dashboards\src\pages\comms_wizard\Step3Recipients.jsx","122","Fix accessibility issue before sandbox/release proof.","Dev 4 - Frontend/UX","Open"
"P1","button-missing-type","frontend\dashboards\src\pages\comms_wizard\Step4Preview.jsx","70","Fix accessibility issue before sandbox/release proof.","Dev 4 - Frontend/UX","Open"
"P1","button-missing-type","frontend\dashboards\src\pages\comms_wizard\Step4Preview.jsx","71","Fix accessibility issue before sandbox/release proof.","Dev 4 - Frontend/UX","Open"
"P1","input-missing-label","frontend\dashboards\src\pages\comms_wizard\Step5Commit.jsx","55","Fix accessibility issue before sandbox/release proof.","Dev 4 - Frontend/UX","Open"
"P1","button-missing-type","frontend\dashboards\src\pages\comms_wizard\Step5Commit.jsx","66","Fix accessibility issue before sandbox/release proof.","Dev 4 - Frontend/UX","Open"
"P1","button-missing-type","frontend\dashboards\src\pages\comms_wizard\Step5Commit.jsx","67","Fix accessibility issue before sandbox/release proof.","Dev 4 - Frontend/UX","Open"
"P1","button-missing-type","frontend\dashboards\src\pages\comms_wizard\Step6Verify.jsx","77","Fix accessibility issue before sandbox/release proof.","Dev 4 - Frontend/UX","Open"
"P1","input-missing-label","frontend\dashboards\src\pages\enrollment_conversion_wizard\Step1Configure.jsx","36","Fix accessibility issue before sandbox/release proof.","Dev 4 - Frontend/UX","Open"
"P1","button-missing-type","frontend\dashboards\src\pages\enrollment_conversion_wizard\Step1Configure.jsx","45","Fix accessibility issue before sandbox/release proof.","Dev 4 - Frontend/UX","Open"
"P1","button-missing-type","frontend\dashboards\src\pages\enrollment_conversion_wizard\Step2Load.jsx","28","Fix accessibility issue before sandbox/release proof.","Dev 4 - Frontend/UX","Open"
"P1","button-missing-type","frontend\dashboards\src\pages\enrollment_conversion_wizard\Step2Load.jsx","34","Fix accessibility issue before sandbox/release proof.","Dev 4 - Frontend/UX","Open"
"P1","button-missing-type","frontend\dashboards\src\pages\enrollment_conversion_wizard\Step2Load.jsx","35","Fix accessibility issue before sandbox/release proof.","Dev 4 - Frontend/UX","Open"
"P1","button-missing-type","frontend\dashboards\src\pages\enrollment_conversion_wizard\Step3Preview.jsx","14","Fix accessibility issue before sandbox/release proof.","Dev 4 - Frontend/UX","Open"
"P1","button-missing-type","frontend\dashboards\src\pages\enrollment_conversion_wizard\Step3Preview.jsx","15","Fix accessibility issue before sandbox/release proof.","Dev 4 - Frontend/UX","Open"
"P1","button-missing-type","frontend\dashboards\src\pages\enrollment_conversion_wizard\Step4Commit.jsx","27","Fix accessibility issue before sandbox/release proof.","Dev 4 - Frontend/UX","Open"
"P1","button-missing-type","frontend\dashboards\src\pages\enrollment_conversion_wizard\Step4Commit.jsx","28","Fix accessibility issue before sandbox/release proof.","Dev 4 - Frontend/UX","Open"
"P1","button-missing-type","frontend\dashboards\src\pages\enrollment_conversion_wizard\Step5Verify.jsx","31","Fix accessibility issue before sandbox/release proof.","Dev 4 - Frontend/UX","Open"
"P1","input-missing-label","frontend\dashboards\src\pages\financial_aid_wizard\Step1Year.jsx","56","Fix accessibility issue before sandbox/release proof.","Dev 4 - Frontend/UX","Open"
"P1","button-missing-type","frontend\dashboards\src\pages\financial_aid_wizard\Step1Year.jsx","74","Fix accessibility issue before sandbox/release proof.","Dev 4 - Frontend/UX","Open"
"P1","input-missing-label","frontend\dashboards\src\pages\financial_aid_wizard\Step2Buckets.jsx","65","Fix accessibility issue before sandbox/release proof.","Dev 4 - Frontend/UX","Open"
"P1","button-missing-type","frontend\dashboards\src\pages\financial_aid_wizard\Step2Buckets.jsx","82","Fix accessibility issue before sandbox/release proof.","Dev 4 - Frontend/UX","Open"
"P1","button-missing-type","frontend\dashboards\src\pages\financial_aid_wizard\Step2Buckets.jsx","85","Fix accessibility issue before sandbox/release proof.","Dev 4 - Frontend/UX","Open"
"P1","button-missing-type","frontend\dashboards\src\pages\financial_aid_wizard\Step3Awards.jsx","102","Fix accessibility issue before sandbox/release proof.","Dev 4 - Frontend/UX","Open"
"P1","input-missing-label","frontend\dashboards\src\pages\financial_aid_wizard\Step3Awards.jsx","116","Fix accessibility issue before sandbox/release proof.","Dev 4 - Frontend/UX","Open"
"P1","input-missing-label","frontend\dashboards\src\pages\financial_aid_wizard\Step3Awards.jsx","140","Fix accessibility issue before sandbox/release proof.","Dev 4 - Frontend/UX","Open"
"P1","input-missing-label","frontend\dashboards\src\pages\financial_aid_wizard\Step3Awards.jsx","153","Fix accessibility issue before sandbox/release proof.","Dev 4 - Frontend/UX","Open"
"P1","button-missing-type","frontend\dashboards\src\pages\financial_aid_wizard\Step3Awards.jsx","173","Fix accessibility issue before sandbox/release proof.","Dev 4 - Frontend/UX","Open"
"P1","button-missing-type","frontend\dashboards\src\pages\financial_aid_wizard\Step3Awards.jsx","174","Fix accessibility issue before sandbox/release proof.","Dev 4 - Frontend/UX","Open"
"P1","button-missing-type","frontend\dashboards\src\pages\financial_aid_wizard\Step3Awards.jsx","177","Fix accessibility issue before sandbox/release proof.","Dev 4 - Frontend/UX","Open"
"P1","button-missing-type","frontend\dashboards\src\pages\financial_aid_wizard\Step4Preview.jsx","92","Fix accessibility issue before sandbox/release proof.","Dev 4 - Frontend/UX","Open"
"P1","button-missing-type","frontend\dashboards\src\pages\financial_aid_wizard\Step4Preview.jsx","93","Fix accessibility issue before sandbox/release proof.","Dev 4 - Frontend/UX","Open"
"P1","input-missing-label","frontend\dashboards\src\pages\financial_aid_wizard\Step5Commit.jsx","66","Fix accessibility issue before sandbox/release proof.","Dev 4 - Frontend/UX","Open"
"P1","button-missing-type","frontend\dashboards\src\pages\financial_aid_wizard\Step5Commit.jsx","81","Fix accessibility issue before sandbox/release proof.","Dev 4 - Frontend/UX","Open"
"P1","button-missing-type","frontend\dashboards\src\pages\financial_aid_wizard\Step5Commit.jsx","82","Fix accessibility issue before sandbox/release proof.","Dev 4 - Frontend/UX","Open"
"P1","button-missing-type","frontend\dashboards\src\pages\financial_aid_wizard\Step6Verify.jsx","107","Fix accessibility issue before sandbox/release proof.","Dev 4 - Frontend/UX","Open"
"P1","input-missing-label","frontend\dashboards\src\pages\gradebook_setup_wizard\Step1Configure.jsx","34","Fix accessibility issue before sandbox/release proof.","Dev 4 - Frontend/UX","Open"
"P1","button-missing-type","frontend\dashboards\src\pages\gradebook_setup_wizard\Step1Configure.jsx","37","Fix accessibility issue before sandbox/release proof.","Dev 4 - Frontend/UX","Open"
"P1","input-missing-label","frontend\dashboards\src\pages\gradebook_setup_wizard\Step2Categories.jsx","39","Fix accessibility issue before sandbox/release proof.","Dev 4 - Frontend/UX","Open"
"P1","input-missing-label","frontend\dashboards\src\pages\gradebook_setup_wizard\Step2Categories.jsx","40","Fix accessibility issue before sandbox/release proof.","Dev 4 - Frontend/UX","Open"
"P1","input-missing-label","frontend\dashboards\src\pages\gradebook_setup_wizard\Step2Categories.jsx","41","Fix accessibility issue before sandbox/release proof.","Dev 4 - Frontend/UX","Open"
"P1","button-missing-type","frontend\dashboards\src\pages\gradebook_setup_wizard\Step2Categories.jsx","42","Fix accessibility issue before sandbox/release proof.","Dev 4 - Frontend/UX","Open"
"P1","button-missing-type","frontend\dashboards\src\pages\gradebook_setup_wizard\Step2Categories.jsx","48","Fix accessibility issue before sandbox/release proof.","Dev 4 - Frontend/UX","Open"
"P1","button-missing-type","frontend\dashboards\src\pages\gradebook_setup_wizard\Step2Categories.jsx","51","Fix accessibility issue before sandbox/release proof.","Dev 4 - Frontend/UX","Open"
"P1","button-missing-type","frontend\dashboards\src\pages\gradebook_setup_wizard\Step2Categories.jsx","52","Fix accessibility issue before sandbox/release proof.","Dev 4 - Frontend/UX","Open"
"P1","button-missing-type","frontend\dashboards\src\pages\gradebook_setup_wizard\Step3Preview.jsx","22","Fix accessibility issue before sandbox/release proof.","Dev 4 - Frontend/UX","Open"
"P1","button-missing-type","frontend\dashboards\src\pages\gradebook_setup_wizard\Step3Preview.jsx","23","Fix accessibility issue before sandbox/release proof.","Dev 4 - Frontend/UX","Open"
"P1","button-missing-type","frontend\dashboards\src\pages\gradebook_setup_wizard\Step4Commit.jsx","27","Fix accessibility issue before sandbox/release proof.","Dev 4 - Frontend/UX","Open"
"P1","button-missing-type","frontend\dashboards\src\pages\gradebook_setup_wizard\Step4Commit.jsx","28","Fix accessibility issue before sandbox/release proof.","Dev 4 - Frontend/UX","Open"
"P1","button-missing-type","frontend\dashboards\src\pages\gradebook_setup_wizard\Step5Verify.jsx","30","Fix accessibility issue before sandbox/release proof.","Dev 4 - Frontend/UX","Open"
"P1","input-missing-label","frontend\dashboards\src\pages\invoice_run_wizard\Step1Configure.jsx","37","Fix accessibility issue before sandbox/release proof.","Dev 4 - Frontend/UX","Open"
"P1","input-missing-label","frontend\dashboards\src\pages\invoice_run_wizard\Step1Configure.jsx","41","Fix accessibility issue before sandbox/release proof.","Dev 4 - Frontend/UX","Open"
"P1","input-missing-label","frontend\dashboards\src\pages\invoice_run_wizard\Step1Configure.jsx","45","Fix accessibility issue before sandbox/release proof.","Dev 4 - Frontend/UX","Open"
"P1","button-missing-type","frontend\dashboards\src\pages\invoice_run_wizard\Step1Configure.jsx","48","Fix accessibility issue before sandbox/release proof.","Dev 4 - Frontend/UX","Open"
"P1","button-missing-type","frontend\dashboards\src\pages\invoice_run_wizard\Step2Load.jsx","28","Fix accessibility issue before sandbox/release proof.","Dev 4 - Frontend/UX","Open"
"P1","button-missing-type","frontend\dashboards\src\pages\invoice_run_wizard\Step2Load.jsx","34","Fix accessibility issue before sandbox/release proof.","Dev 4 - Frontend/UX","Open"
"P1","button-missing-type","frontend\dashboards\src\pages\invoice_run_wizard\Step2Load.jsx","35","Fix accessibility issue before sandbox/release proof.","Dev 4 - Frontend/UX","Open"
"P1","button-missing-type","frontend\dashboards\src\pages\invoice_run_wizard\Step3Preview.jsx","15","Fix accessibility issue before sandbox/release proof.","Dev 4 - Frontend/UX","Open"
"P1","button-missing-type","frontend\dashboards\src\pages\invoice_run_wizard\Step3Preview.jsx","16","Fix accessibility issue before sandbox/release proof.","Dev 4 - Frontend/UX","Open"
"P1","button-missing-type","frontend\dashboards\src\pages\invoice_run_wizard\Step4Commit.jsx","28","Fix accessibility issue before sandbox/release proof.","Dev 4 - Frontend/UX","Open"
"P1","button-missing-type","frontend\dashboards\src\pages\invoice_run_wizard\Step4Commit.jsx","29","Fix accessibility issue before sandbox/release proof.","Dev 4 - Frontend/UX","Open"
"P1","button-missing-type","frontend\dashboards\src\pages\invoice_run_wizard\Step5Verify.jsx","31","Fix accessibility issue before sandbox/release proof.","Dev 4 - Frontend/UX","Open"
"P1","input-missing-label","frontend\dashboards\src\pages\onboarding\Step1ChooseMode.jsx","43","Fix accessibility issue before sandbox/release proof.","Dev 4 - Frontend/UX","Open"
"P1","button-missing-type","frontend\dashboards\src\pages\onboarding\Step1ChooseMode.jsx","62","Fix accessibility issue before sandbox/release proof.","Dev 4 - Frontend/UX","Open"
"P1","input-missing-label","frontend\dashboards\src\pages\onboarding\Step2Upload.jsx","47","Fix accessibility issue before sandbox/release proof.","Dev 4 - Frontend/UX","Open"
"P1","button-missing-type","frontend\dashboards\src\pages\onboarding\Step2Upload.jsx","66","Fix accessibility issue before sandbox/release proof.","Dev 4 - Frontend/UX","Open"
"P1","button-missing-type","frontend\dashboards\src\pages\onboarding\Step2Upload.jsx","69","Fix accessibility issue before sandbox/release proof.","Dev 4 - Frontend/UX","Open"
"P1","button-missing-type","frontend\dashboards\src\pages\onboarding\Step2Upload.jsx","74","Fix accessibility issue before sandbox/release proof.","Dev 4 - Frontend/UX","Open"
"P1","button-missing-type","frontend\dashboards\src\pages\onboarding\Step3Validate.jsx","102","Fix accessibility issue before sandbox/release proof.","Dev 4 - Frontend/UX","Open"
"P1","button-missing-type","frontend\dashboards\src\pages\onboarding\Step3Validate.jsx","104","Fix accessibility issue before sandbox/release proof.","Dev 4 - Frontend/UX","Open"
"P1","button-missing-type","frontend\dashboards\src\pages\onboarding\Step3Validate.jsx","108","Fix accessibility issue before sandbox/release proof.","Dev 4 - Frontend/UX","Open"
"P1","button-missing-type","frontend\dashboards\src\pages\onboarding\Step4Preview.jsx","92","Fix accessibility issue before sandbox/release proof.","Dev 4 - Frontend/UX","Open"
"P1","button-missing-type","frontend\dashboards\src\pages\onboarding\Step4Preview.jsx","94","Fix accessibility issue before sandbox/release proof.","Dev 4 - Frontend/UX","Open"
"P1","button-missing-type","frontend\dashboards\src\pages\onboarding\Step4Preview.jsx","96","Fix accessibility issue before sandbox/release proof.","Dev 4 - Frontend/UX","Open"
"P1","input-missing-label","frontend\dashboards\src\pages\onboarding\Step5Commit.jsx","52","Fix accessibility issue before sandbox/release proof.","Dev 4 - Frontend/UX","Open"
"P1","button-missing-type","frontend\dashboards\src\pages\onboarding\Step5Commit.jsx","73","Fix accessibility issue before sandbox/release proof.","Dev 4 - Frontend/UX","Open"
"P1","button-missing-type","frontend\dashboards\src\pages\onboarding\Step5Commit.jsx","76","Fix accessibility issue before sandbox/release proof.","Dev 4 - Frontend/UX","Open"
"P1","button-missing-type","frontend\dashboards\src\pages\onboarding\Step5Commit.jsx","81","Fix accessibility issue before sandbox/release proof.","Dev 4 - Frontend/UX","Open"
"P1","button-missing-type","frontend\dashboards\src\pages\onboarding\Step6Verify.jsx","98","Fix accessibility issue before sandbox/release proof.","Dev 4 - Frontend/UX","Open"
"P1","button-missing-type","frontend\dashboards\src\pages\onboarding\Step6Verify.jsx","100","Fix accessibility issue before sandbox/release proof.","Dev 4 - Frontend/UX","Open"
"P1","button-missing-type","frontend\dashboards\src\pages\ops\SubscriptionManagerPage.tsx","150","Fix accessibility issue before sandbox/release proof.","Dev 4 - Frontend/UX","Open"
"P1","button-missing-type","frontend\dashboards\src\pages\ops\SubscriptionManagerPage.tsx","234","Fix accessibility issue before sandbox/release proof.","Dev 4 - Frontend/UX","Open"
"P1","input-missing-label","frontend\dashboards\src\pages\reenrollment\Step1Config.jsx","60","Fix accessibility issue before sandbox/release proof.","Dev 4 - Frontend/UX","Open"
"P1","input-missing-label","frontend\dashboards\src\pages\reenrollment\Step1Config.jsx","76","Fix accessibility issue before sandbox/release proof.","Dev 4 - Frontend/UX","Open"
"P1","button-missing-type","frontend\dashboards\src\pages\reenrollment\Step1Config.jsx","94","Fix accessibility issue before sandbox/release proof.","Dev 4 - Frontend/UX","Open"
"P1","button-missing-type","frontend\dashboards\src\pages\reenrollment\Step2Candidates.jsx","83","Fix accessibility issue before sandbox/release proof.","Dev 4 - Frontend/UX","Open"
"P1","button-missing-type","frontend\dashboards\src\pages\reenrollment\Step2Candidates.jsx","85","Fix accessibility issue before sandbox/release proof.","Dev 4 - Frontend/UX","Open"
"P1","input-missing-label","frontend\dashboards\src\pages\reenrollment\Step3Select.jsx","79","Fix accessibility issue before sandbox/release proof.","Dev 4 - Frontend/UX","Open"
"P1","button-missing-type","frontend\dashboards\src\pages\reenrollment\Step3Select.jsx","96","Fix accessibility issue before sandbox/release proof.","Dev 4 - Frontend/UX","Open"
"P1","button-missing-type","frontend\dashboards\src\pages\reenrollment\Step3Select.jsx","98","Fix accessibility issue before sandbox/release proof.","Dev 4 - Frontend/UX","Open"
"P1","button-missing-type","frontend\dashboards\src\pages\reenrollment\Step4Preview.jsx","72","Fix accessibility issue before sandbox/release proof.","Dev 4 - Frontend/UX","Open"
"P1","button-missing-type","frontend\dashboards\src\pages\reenrollment\Step4Preview.jsx","74","Fix accessibility issue before sandbox/release proof.","Dev 4 - Frontend/UX","Open"
"P1","input-missing-label","frontend\dashboards\src\pages\reenrollment\Step5Commit.jsx","47","Fix accessibility issue before sandbox/release proof.","Dev 4 - Frontend/UX","Open"
"P1","button-missing-type","frontend\dashboards\src\pages\reenrollment\Step5Commit.jsx","71","Fix accessibility issue before sandbox/release proof.","Dev 4 - Frontend/UX","Open"
"P1","button-missing-type","frontend\dashboards\src\pages\reenrollment\Step5Commit.jsx","74","Fix accessibility issue before sandbox/release proof.","Dev 4 - Frontend/UX","Open"
"P1","button-missing-type","frontend\dashboards\src\pages\reenrollment\Step5Commit.jsx","83","Fix accessibility issue before sandbox/release proof.","Dev 4 - Frontend/UX","Open"
"P1","input-missing-label","frontend\dashboards\src\pages\scheduling_wizard\Step1Term.jsx","63","Fix accessibility issue before sandbox/release proof.","Dev 4 - Frontend/UX","Open"
"P1","input-missing-label","frontend\dashboards\src\pages\scheduling_wizard\Step1Term.jsx","79","Fix accessibility issue before sandbox/release proof.","Dev 4 - Frontend/UX","Open"
"P1","button-missing-type","frontend\dashboards\src\pages\scheduling_wizard\Step1Term.jsx","93","Fix accessibility issue before sandbox/release proof.","Dev 4 - Frontend/UX","Open"
"P1","input-missing-label","frontend\dashboards\src\pages\scheduling_wizard\Step2Courses.jsx","83","Fix accessibility issue before sandbox/release proof.","Dev 4 - Frontend/UX","Open"
"P1","input-missing-label","frontend\dashboards\src\pages\scheduling_wizard\Step2Courses.jsx","92","Fix accessibility issue before sandbox/release proof.","Dev 4 - Frontend/UX","Open"
"P1","input-missing-label","frontend\dashboards\src\pages\scheduling_wizard\Step2Courses.jsx","101","Fix accessibility issue before sandbox/release proof.","Dev 4 - Frontend/UX","Open"
"P1","input-missing-label","frontend\dashboards\src\pages\scheduling_wizard\Step2Courses.jsx","110","Fix accessibility issue before sandbox/release proof.","Dev 4 - Frontend/UX","Open"
"P1","button-missing-type","frontend\dashboards\src\pages\scheduling_wizard\Step2Courses.jsx","122","Fix accessibility issue before sandbox/release proof.","Dev 4 - Frontend/UX","Open"
"P1","button-missing-type","frontend\dashboards\src\pages\scheduling_wizard\Step2Courses.jsx","134","Fix accessibility issue before sandbox/release proof.","Dev 4 - Frontend/UX","Open"
"P1","button-missing-type","frontend\dashboards\src\pages\scheduling_wizard\Step2Courses.jsx","145","Fix accessibility issue before sandbox/release proof.","Dev 4 - Frontend/UX","Open"
"P1","button-missing-type","frontend\dashboards\src\pages\scheduling_wizard\Step2Courses.jsx","146","Fix accessibility issue before sandbox/release proof.","Dev 4 - Frontend/UX","Open"
"P1","input-missing-label","frontend\dashboards\src\pages\scheduling_wizard\Step3Sections.jsx","93","Fix accessibility issue before sandbox/release proof.","Dev 4 - Frontend/UX","Open"
"P1","input-missing-label","frontend\dashboards\src\pages\scheduling_wizard\Step3Sections.jsx","103","Fix accessibility issue before sandbox/release proof.","Dev 4 - Frontend/UX","Open"
"P1","input-missing-label","frontend\dashboards\src\pages\scheduling_wizard\Step3Sections.jsx","112","Fix accessibility issue before sandbox/release proof.","Dev 4 - Frontend/UX","Open"
"P1","button-missing-type","frontend\dashboards\src\pages\scheduling_wizard\Step3Sections.jsx","122","Fix accessibility issue before sandbox/release proof.","Dev 4 - Frontend/UX","Open"
"P1","button-missing-type","frontend\dashboards\src\pages\scheduling_wizard\Step3Sections.jsx","134","Fix accessibility issue before sandbox/release proof.","Dev 4 - Frontend/UX","Open"
"P1","button-missing-type","frontend\dashboards\src\pages\scheduling_wizard\Step3Sections.jsx","145","Fix accessibility issue before sandbox/release proof.","Dev 4 - Frontend/UX","Open"
"P1","button-missing-type","frontend\dashboards\src\pages\scheduling_wizard\Step3Sections.jsx","146","Fix accessibility issue before sandbox/release proof.","Dev 4 - Frontend/UX","Open"
"P1","button-missing-type","frontend\dashboards\src\pages\scheduling_wizard\Step4Preview.jsx","84","Fix accessibility issue before sandbox/release proof.","Dev 4 - Frontend/UX","Open"
"P1","button-missing-type","frontend\dashboards\src\pages\scheduling_wizard\Step4Preview.jsx","85","Fix accessibility issue before sandbox/release proof.","Dev 4 - Frontend/UX","Open"
"P1","input-missing-label","frontend\dashboards\src\pages\scheduling_wizard\Step5Commit.jsx","51","Fix accessibility issue before sandbox/release proof.","Dev 4 - Frontend/UX","Open"
"P1","button-missing-type","frontend\dashboards\src\pages\scheduling_wizard\Step5Commit.jsx","62","Fix accessibility issue before sandbox/release proof.","Dev 4 - Frontend/UX","Open"
"P1","button-missing-type","frontend\dashboards\src\pages\scheduling_wizard\Step5Commit.jsx","63","Fix accessibility issue before sandbox/release proof.","Dev 4 - Frontend/UX","Open"
"P1","button-missing-type","frontend\dashboards\src\pages\scheduling_wizard\Step6Verify.jsx","73","Fix accessibility issue before sandbox/release proof.","Dev 4 - Frontend/UX","Open"
"P1","input-missing-label","frontend\dashboards\src\pages\section_assign_wizard\Step1Section.jsx","47","Fix accessibility issue before sandbox/release proof.","Dev 4 - Frontend/UX","Open"
"P1","input-missing-label","frontend\dashboards\src\pages\section_assign_wizard\Step1Section.jsx","58","Fix accessibility issue before sandbox/release proof.","Dev 4 - Frontend/UX","Open"
"P1","button-missing-type","frontend\dashboards\src\pages\section_assign_wizard\Step1Section.jsx","71","Fix accessibility issue before sandbox/release proof.","Dev 4 - Frontend/UX","Open"
"P1","button-missing-type","frontend\dashboards\src\pages\section_assign_wizard\Step2LoadStudents.jsx","65","Fix accessibility issue before sandbox/release proof.","Dev 4 - Frontend/UX","Open"
"P1","button-missing-type","frontend\dashboards\src\pages\section_assign_wizard\Step2LoadStudents.jsx","66","Fix accessibility issue before sandbox/release proof.","Dev 4 - Frontend/UX","Open"
"P1","button-missing-type","frontend\dashboards\src\pages\section_assign_wizard\Step3StageRoster.jsx","87","Fix accessibility issue before sandbox/release proof.","Dev 4 - Frontend/UX","Open"
"P1","button-missing-type","frontend\dashboards\src\pages\section_assign_wizard\Step3StageRoster.jsx","88","Fix accessibility issue before sandbox/release proof.","Dev 4 - Frontend/UX","Open"
"P1","button-missing-type","frontend\dashboards\src\pages\section_assign_wizard\Step4Preview.jsx","47","Fix accessibility issue before sandbox/release proof.","Dev 4 - Frontend/UX","Open"
"P1","button-missing-type","frontend\dashboards\src\pages\section_assign_wizard\Step4Preview.jsx","48","Fix accessibility issue before sandbox/release proof.","Dev 4 - Frontend/UX","Open"
"P1","input-missing-label","frontend\dashboards\src\pages\section_assign_wizard\Step5Commit.jsx","51","Fix accessibility issue before sandbox/release proof.","Dev 4 - Frontend/UX","Open"
"P1","button-missing-type","frontend\dashboards\src\pages\section_assign_wizard\Step5Commit.jsx","62","Fix accessibility issue before sandbox/release proof.","Dev 4 - Frontend/UX","Open"
"P1","button-missing-type","frontend\dashboards\src\pages\section_assign_wizard\Step5Commit.jsx","63","Fix accessibility issue before sandbox/release proof.","Dev 4 - Frontend/UX","Open"
"P1","button-missing-type","frontend\dashboards\src\pages\section_assign_wizard\Step6Verify.jsx","78","Fix accessibility issue before sandbox/release proof.","Dev 4 - Frontend/UX","Open"
"P1","input-missing-label","frontend\dashboards\src\pages\wizards\FinanceSetupWizard.jsx","54","Fix accessibility issue before sandbox/release proof.","Dev 4 - Frontend/UX","Open"
"P1","input-missing-label","frontend\dashboards\src\pages\wizards\FinanceSetupWizard.jsx","70","Fix accessibility issue before sandbox/release proof.","Dev 4 - Frontend/UX","Open"
"P1","input-missing-label","frontend\dashboards\src\pages\wizards\FinanceSetupWizard.jsx","118","Fix accessibility issue before sandbox/release proof.","Dev 4 - Frontend/UX","Open"
"P1","button-missing-type","frontend\dashboards\src\pages\wizards\FinanceSetupWizard.jsx","430","Fix accessibility issue before sandbox/release proof.","Dev 4 - Frontend/UX","Open"
"P1","button-missing-type","frontend\dashboards\src\pages\wizards\FinanceSetupWizard.jsx","447","Fix accessibility issue before sandbox/release proof.","Dev 4 - Frontend/UX","Open"
"P1","button-missing-type","frontend\dashboards\src\pages\wizards\FinanceSetupWizard.jsx","505","Fix accessibility issue before sandbox/release proof.","Dev 4 - Frontend/UX","Open"
"P1","button-missing-type","frontend\dashboards\src\pages\wizards\FinanceSetupWizard.jsx","673","Fix accessibility issue before sandbox/release proof.","Dev 4 - Frontend/UX","Open"
"P1","button-missing-type","frontend\dashboards\src\pages\wizards\FinanceSetupWizard.jsx","688","Fix accessibility issue before sandbox/release proof.","Dev 4 - Frontend/UX","Open"
"P1","button-missing-type","frontend\dashboards\src\pages\AcademicsDashboard.jsx","297","Fix accessibility issue before sandbox/release proof.","Dev 4 - Frontend/UX","Open"
"P1","input-missing-label","frontend\dashboards\src\pages\AcademicsDashboard.jsx","360","Fix accessibility issue before sandbox/release proof.","Dev 4 - Frontend/UX","Open"
"P1","button-missing-type","frontend\dashboards\src\pages\AcademicsDashboard.jsx","367","Fix accessibility issue before sandbox/release proof.","Dev 4 - Frontend/UX","Open"
"P1","button-missing-type","frontend\dashboards\src\pages\AcademicsDashboard.jsx","437","Fix accessibility issue before sandbox/release proof.","Dev 4 - Frontend/UX","Open"
"P1","button-missing-type","frontend\dashboards\src\pages\AcademicsDashboard.jsx","497","Fix accessibility issue before sandbox/release proof.","Dev 4 - Frontend/UX","Open"
"P1","button-missing-type","frontend\dashboards\src\pages\AcademicsDashboard.jsx","528","Fix accessibility issue before sandbox/release proof.","Dev 4 - Frontend/UX","Open"
"P1","button-missing-type","frontend\dashboards\src\pages\AcademicsDashboard.jsx","536","Fix accessibility issue before sandbox/release proof.","Dev 4 - Frontend/UX","Open"
"P1","button-missing-type","frontend\dashboards\src\pages\AcademicsDashboard.jsx","539","Fix accessibility issue before sandbox/release proof.","Dev 4 - Frontend/UX","Open"
"P1","button-missing-type","frontend\dashboards\src\pages\AcademicsDashboard.jsx","564","Fix accessibility issue before sandbox/release proof.","Dev 4 - Frontend/UX","Open"
"P1","button-missing-type","frontend\dashboards\src\pages\AcademicsDashboard.jsx","596","Fix accessibility issue before sandbox/release proof.","Dev 4 - Frontend/UX","Open"
"P1","button-missing-type","frontend\dashboards\src\pages\AcademicsDashboard.jsx","657","Fix accessibility issue before sandbox/release proof.","Dev 4 - Frontend/UX","Open"
"P1","button-missing-type","frontend\dashboards\src\pages\AcademicsDashboard.jsx","689","Fix accessibility issue before sandbox/release proof.","Dev 4 - Frontend/UX","Open"
"P1","input-missing-label","frontend\dashboards\src\pages\AcademicsParentSnapshot.jsx","133","Fix accessibility issue before sandbox/release proof.","Dev 4 - Frontend/UX","Open"
"P1","button-missing-type","frontend\dashboards\src\pages\AcademicsParentSnapshot.jsx","143","Fix accessibility issue before sandbox/release proof.","Dev 4 - Frontend/UX","Open"
"P1","input-missing-label","frontend\dashboards\src\pages\AcademicsStudentWork.jsx","123","Fix accessibility issue before sandbox/release proof.","Dev 4 - Frontend/UX","Open"
"P1","input-missing-label","frontend\dashboards\src\pages\AcademicsTeacherGrading.jsx","192","Fix accessibility issue before sandbox/release proof.","Dev 4 - Frontend/UX","Open"
"P1","input-missing-label","frontend\dashboards\src\pages\AcademicsTeacherGrading.jsx","207","Fix accessibility issue before sandbox/release proof.","Dev 4 - Frontend/UX","Open"
"P1","input-missing-label","frontend\dashboards\src\pages\AcademicsTeacherGrading.jsx","237","Fix accessibility issue before sandbox/release proof.","Dev 4 - Frontend/UX","Open"
"P1","button-missing-type","frontend\dashboards\src\pages\AcademicsTeacherGrading.jsx","257","Fix accessibility issue before sandbox/release proof.","Dev 4 - Frontend/UX","Open"
"P1","button-missing-type","frontend\dashboards\src\pages\AcademicsTeacherGrading.jsx","296","Fix accessibility issue before sandbox/release proof.","Dev 4 - Frontend/UX","Open"
"P1","button-missing-type","frontend\dashboards\src\pages\AcademicYearWizard.jsx","157","Fix accessibility issue before sandbox/release proof.","Dev 4 - Frontend/UX","Open"
"P1","input-missing-label","frontend\dashboards\src\pages\AcademicYearWizard.jsx","173","Fix accessibility issue before sandbox/release proof.","Dev 4 - Frontend/UX","Open"
"P1","input-missing-label","frontend\dashboards\src\pages\AcademicYearWizard.jsx","184","Fix accessibility issue before sandbox/release proof.","Dev 4 - Frontend/UX","Open"
"P1","input-missing-label","frontend\dashboards\src\pages\AcademicYearWizard.jsx","188","Fix accessibility issue before sandbox/release proof.","Dev 4 - Frontend/UX","Open"
"P1","input-missing-label","frontend\dashboards\src\pages\AcademicYearWizard.jsx","193","Fix accessibility issue before sandbox/release proof.","Dev 4 - Frontend/UX","Open"
"P1","input-missing-label","frontend\dashboards\src\pages\AcademicYearWizard.jsx","197","Fix accessibility issue before sandbox/release proof.","Dev 4 - Frontend/UX","Open"
"P1","input-missing-label","frontend\dashboards\src\pages\AcademicYearWizard.jsx","201","Fix accessibility issue before sandbox/release proof.","Dev 4 - Frontend/UX","Open"
"P1","input-missing-label","frontend\dashboards\src\pages\AcademicYearWizard.jsx","234","Fix accessibility issue before sandbox/release proof.","Dev 4 - Frontend/UX","Open"
"P1","input-missing-label","frontend\dashboards\src\pages\AcademicYearWizard.jsx","239","Fix accessibility issue before sandbox/release proof.","Dev 4 - Frontend/UX","Open"
"P1","input-missing-label","frontend\dashboards\src\pages\AcademicYearWizard.jsx","244","Fix accessibility issue before sandbox/release proof.","Dev 4 - Frontend/UX","Open"
"P1","input-missing-label","frontend\dashboards\src\pages\AdminCommandCenterClean.jsx","244","Fix accessibility issue before sandbox/release proof.","Dev 4 - Frontend/UX","Open"
"P1","button-missing-type","frontend\dashboards\src\pages\AdminCommandCenterFinal.jsx","531","Fix accessibility issue before sandbox/release proof.","Dev 4 - Frontend/UX","Open"
"P1","button-missing-type","frontend\dashboards\src\pages\AdminCommandCenterFinal.jsx","594","Fix accessibility issue before sandbox/release proof.","Dev 4 - Frontend/UX","Open"
"P1","input-missing-label","frontend\dashboards\src\pages\AdminCommandCenterFinal.jsx","607","Fix accessibility issue before sandbox/release proof.","Dev 4 - Frontend/UX","Open"
"P1","button-missing-type","frontend\dashboards\src\pages\AdminCommandCenterFinal.jsx","618","Fix accessibility issue before sandbox/release proof.","Dev 4 - Frontend/UX","Open"
"P1","button-missing-type","frontend\dashboards\src\pages\AdmissionsDashboard.jsx","136","Fix accessibility issue before sandbox/release proof.","Dev 4 - Frontend/UX","Open"
"P1","button-missing-type","frontend\dashboards\src\pages\AdmissionsDashboard.jsx","345","Fix accessibility issue before sandbox/release proof.","Dev 4 - Frontend/UX","Open"
"P1","button-missing-type","frontend\dashboards\src\pages\AftercareRosterPage.jsx","131","Fix accessibility issue before sandbox/release proof.","Dev 4 - Frontend/UX","Open"
"P1","button-missing-type","frontend\dashboards\src\pages\AftercareRosterPage.jsx","134","Fix accessibility issue before sandbox/release proof.","Dev 4 - Frontend/UX","Open"
"P1","input-missing-label","frontend\dashboards\src\pages\BellScheduleWizard.jsx","78","Fix accessibility issue before sandbox/release proof.","Dev 4 - Frontend/UX","Open"
"P1","input-missing-label","frontend\dashboards\src\pages\BellScheduleWizard.jsx","100","Fix accessibility issue before sandbox/release proof.","Dev 4 - Frontend/UX","Open"
"P1","button-missing-type","frontend\dashboards\src\pages\BellScheduleWizard.jsx","111","Fix accessibility issue before sandbox/release proof.","Dev 4 - Frontend/UX","Open"
"P1","input-missing-label","frontend\dashboards\src\pages\BellScheduleWizard.jsx","152","Fix accessibility issue before sandbox/release proof.","Dev 4 - Frontend/UX","Open"
"P1","input-missing-label","frontend\dashboards\src\pages\BellScheduleWizard.jsx","153","Fix accessibility issue before sandbox/release proof.","Dev 4 - Frontend/UX","Open"
"P1","input-missing-label","frontend\dashboards\src\pages\BellScheduleWizard.jsx","154","Fix accessibility issue before sandbox/release proof.","Dev 4 - Frontend/UX","Open"
"P1","input-missing-label","frontend\dashboards\src\pages\BellScheduleWizard.jsx","155","Fix accessibility issue before sandbox/release proof.","Dev 4 - Frontend/UX","Open"
"P1","input-missing-label","frontend\dashboards\src\pages\BellScheduleWizard.jsx","156","Fix accessibility issue before sandbox/release proof.","Dev 4 - Frontend/UX","Open"
"P1","input-missing-label","frontend\dashboards\src\pages\BellScheduleWizard.jsx","157","Fix accessibility issue before sandbox/release proof.","Dev 4 - Frontend/UX","Open"
"P1","input-missing-label","frontend\dashboards\src\pages\BellScheduleWizard.jsx","158","Fix accessibility issue before sandbox/release proof.","Dev 4 - Frontend/UX","Open"
"P1","button-missing-type","frontend\dashboards\src\pages\BellScheduleWizard.jsx","159","Fix accessibility issue before sandbox/release proof.","Dev 4 - Frontend/UX","Open"
"P1","button-missing-type","frontend\dashboards\src\pages\BellScheduleWizard.jsx","164","Fix accessibility issue before sandbox/release proof.","Dev 4 - Frontend/UX","Open"
"P1","input-missing-label","frontend\dashboards\src\pages\BellScheduleWizard.jsx","227","Fix accessibility issue before sandbox/release proof.","Dev 4 - Frontend/UX","Open"
"P1","button-missing-type","frontend\dashboards\src\pages\BellScheduleWizard.jsx","234","Fix accessibility issue before sandbox/release proof.","Dev 4 - Frontend/UX","Open"
"P1","button-missing-type","frontend\dashboards\src\pages\BellScheduleWizard.jsx","244","Fix accessibility issue before sandbox/release proof.","Dev 4 - Frontend/UX","Open"
"P1","button-missing-type","frontend\dashboards\src\pages\BellScheduleWizard.jsx","249","Fix accessibility issue before sandbox/release proof.","Dev 4 - Frontend/UX","Open"
"P1","button-missing-type","frontend\dashboards\src\pages\BellScheduleWizard.jsx","295","Fix accessibility issue before sandbox/release proof.","Dev 4 - Frontend/UX","Open"
"P1","input-missing-label","frontend\dashboards\src\pages\BillingDashboard.jsx","408","Fix accessibility issue before sandbox/release proof.","Dev 4 - Frontend/UX","Open"
"P1","button-missing-type","frontend\dashboards\src\pages\BillingDashboard.jsx","416","Fix accessibility issue before sandbox/release proof.","Dev 4 - Frontend/UX","Open"
"P1","button-missing-type","frontend\dashboards\src\pages\BillingDashboard.jsx","425","Fix accessibility issue before sandbox/release proof.","Dev 4 - Frontend/UX","Open"
"P1","input-missing-label","frontend\dashboards\src\pages\BillingDashboard.jsx","442","Fix accessibility issue before sandbox/release proof.","Dev 4 - Frontend/UX","Open"
"P1","button-missing-type","frontend\dashboards\src\pages\BillingDashboard.jsx","445","Fix accessibility issue before sandbox/release proof.","Dev 4 - Frontend/UX","Open"
"P1","button-missing-type","frontend\dashboards\src\pages\BillingDashboard.jsx","453","Fix accessibility issue before sandbox/release proof.","Dev 4 - Frontend/UX","Open"
"P1","button-missing-type","frontend\dashboards\src\pages\BillingDashboard.jsx","461","Fix accessibility issue before sandbox/release proof.","Dev 4 - Frontend/UX","Open"
"P1","button-missing-type","frontend\dashboards\src\pages\BillingDashboard.jsx","474","Fix accessibility issue before sandbox/release proof.","Dev 4 - Frontend/UX","Open"
"P1","input-missing-label","frontend\dashboards\src\pages\BillingDashboard.jsx","515","Fix accessibility issue before sandbox/release proof.","Dev 4 - Frontend/UX","Open"
"P1","input-missing-label","frontend\dashboards\src\pages\BillingDashboard.jsx","532","Fix accessibility issue before sandbox/release proof.","Dev 4 - Frontend/UX","Open"
"P1","input-missing-label","frontend\dashboards\src\pages\BillingDashboard.jsx","557","Fix accessibility issue before sandbox/release proof.","Dev 4 - Frontend/UX","Open"
"P1","input-missing-label","frontend\dashboards\src\pages\BillingDashboard.jsx","562","Fix accessibility issue before sandbox/release proof.","Dev 4 - Frontend/UX","Open"
"P1","input-missing-label","frontend\dashboards\src\pages\BillingDashboard.jsx","567","Fix accessibility issue before sandbox/release proof.","Dev 4 - Frontend/UX","Open"
"P1","input-missing-label","frontend\dashboards\src\pages\BillingDashboard.jsx","572","Fix accessibility issue before sandbox/release proof.","Dev 4 - Frontend/UX","Open"
"P1","input-missing-label","frontend\dashboards\src\pages\BillingDashboard.jsx","577","Fix accessibility issue before sandbox/release proof.","Dev 4 - Frontend/UX","Open"
"P1","button-missing-type","frontend\dashboards\src\pages\BillingDashboard.jsx","584","Fix accessibility issue before sandbox/release proof.","Dev 4 - Frontend/UX","Open"
"P1","button-missing-type","frontend\dashboards\src\pages\CategoryWeightsEditor.jsx","121","Fix accessibility issue before sandbox/release proof.","Dev 4 - Frontend/UX","Open"
"P1","input-missing-label","frontend\dashboards\src\pages\CategoryWeightsEditor.jsx","223","Fix accessibility issue before sandbox/release proof.","Dev 4 - Frontend/UX","Open"
"P1","input-missing-label","frontend\dashboards\src\pages\CategoryWeightsEditor.jsx","235","Fix accessibility issue before sandbox/release proof.","Dev 4 - Frontend/UX","Open"
"P1","button-missing-type","frontend\dashboards\src\pages\CommsComposePage.jsx","37","Fix accessibility issue before sandbox/release proof.","Dev 4 - Frontend/UX","Open"
"P1","input-missing-label","frontend\dashboards\src\pages\CommsComposePage.jsx","45","Fix accessibility issue before sandbox/release proof.","Dev 4 - Frontend/UX","Open"
"P1","button-missing-type","frontend\dashboards\src\pages\CommsInboxPage.jsx","51","Fix accessibility issue before sandbox/release proof.","Dev 4 - Frontend/UX","Open"
"P1","button-missing-type","frontend\dashboards\src\pages\CommsThreadPage.jsx","92","Fix accessibility issue before sandbox/release proof.","Dev 4 - Frontend/UX","Open"
"P1","button-missing-type","frontend\dashboards\src\pages\CommsThreadPage.jsx","118","Fix accessibility issue before sandbox/release proof.","Dev 4 - Frontend/UX","Open"
"P1","button-missing-type","frontend\dashboards\src\pages\CompuwerxBankReconciliation.jsx","126","Fix accessibility issue before sandbox/release proof.","Dev 4 - Frontend/UX","Open"
"P1","input-missing-label","frontend\dashboards\src\pages\CompuwerxBankReconciliation.jsx","132","Fix accessibility issue before sandbox/release proof.","Dev 4 - Frontend/UX","Open"
"P1","button-missing-type","frontend\dashboards\src\pages\CompuwerxBankReconciliation.jsx","172","Fix accessibility issue before sandbox/release proof.","Dev 4 - Frontend/UX","Open"
"P1","button-missing-type","frontend\dashboards\src\pages\CompuwerxBankReconciliation.jsx","202","Fix accessibility issue before sandbox/release proof.","Dev 4 - Frontend/UX","Open"
"P1","button-missing-type","frontend\dashboards\src\pages\CompuwerxDisputeWorkbench.jsx","145","Fix accessibility issue before sandbox/release proof.","Dev 4 - Frontend/UX","Open"
"P1","button-missing-type","frontend\dashboards\src\pages\CompuwerxPayoutReconciliation.jsx","84","Fix accessibility issue before sandbox/release proof.","Dev 4 - Frontend/UX","Open"
"P1","button-missing-type","frontend\dashboards\src\pages\CompuwerxTestCheckout.jsx","54","Fix accessibility issue before sandbox/release proof.","Dev 4 - Frontend/UX","Open"
"P1","input-missing-label","frontend\dashboards\src\pages\CourseCatalogWizard.jsx","50","Fix accessibility issue before sandbox/release proof.","Dev 4 - Frontend/UX","Open"
"P1","input-missing-label","frontend\dashboards\src\pages\CourseCatalogWizard.jsx","51","Fix accessibility issue before sandbox/release proof.","Dev 4 - Frontend/UX","Open"
"P1","input-missing-label","frontend\dashboards\src\pages\CourseCatalogWizard.jsx","52","Fix accessibility issue before sandbox/release proof.","Dev 4 - Frontend/UX","Open"
"P1","button-missing-type","frontend\dashboards\src\pages\DisciplinePage.jsx","61","Fix accessibility issue before sandbox/release proof.","Dev 4 - Frontend/UX","Open"
"P1","input-missing-label","frontend\dashboards\src\pages\EnrollmentPeriodWizard.jsx","170","Fix accessibility issue before sandbox/release proof.","Dev 4 - Frontend/UX","Open"
"P1","input-missing-label","frontend\dashboards\src\pages\EnrollmentPeriodWizard.jsx","181","Fix accessibility issue before sandbox/release proof.","Dev 4 - Frontend/UX","Open"
"P1","input-missing-label","frontend\dashboards\src\pages\EnrollmentPeriodWizard.jsx","191","Fix accessibility issue before sandbox/release proof.","Dev 4 - Frontend/UX","Open"
"P1","input-missing-label","frontend\dashboards\src\pages\EnrollmentPeriodWizard.jsx","201","Fix accessibility issue before sandbox/release proof.","Dev 4 - Frontend/UX","Open"
"P1","input-missing-label","frontend\dashboards\src\pages\EnrollmentPeriodWizard.jsx","210","Fix accessibility issue before sandbox/release proof.","Dev 4 - Frontend/UX","Open"
"P1","button-missing-type","frontend\dashboards\src\pages\EnrollmentPeriodWizard.jsx","220","Fix accessibility issue before sandbox/release proof.","Dev 4 - Frontend/UX","Open"
"P1","input-missing-label","frontend\dashboards\src\pages\EnrollmentPeriodWizard.jsx","269","Fix accessibility issue before sandbox/release proof.","Dev 4 - Frontend/UX","Open"
"P1","input-missing-label","frontend\dashboards\src\pages\EnrollmentPeriodWizard.jsx","278","Fix accessibility issue before sandbox/release proof.","Dev 4 - Frontend/UX","Open"
"P1","button-missing-type","frontend\dashboards\src\pages\EnrollmentPeriodWizard.jsx","286","Fix accessibility issue before sandbox/release proof.","Dev 4 - Frontend/UX","Open"
"P1","button-missing-type","frontend\dashboards\src\pages\EnrollmentPeriodWizard.jsx","299","Fix accessibility issue before sandbox/release proof.","Dev 4 - Frontend/UX","Open"
"P1","button-missing-type","frontend\dashboards\src\pages\EnrollmentPeriodWizard.jsx","305","Fix accessibility issue before sandbox/release proof.","Dev 4 - Frontend/UX","Open"
"P1","button-missing-type","frontend\dashboards\src\pages\EnrollmentPeriodWizard.jsx","341","Fix accessibility issue before sandbox/release proof.","Dev 4 - Frontend/UX","Open"
"P1","button-missing-type","frontend\dashboards\src\pages\FamilyStatementExportPage.jsx","37","Fix accessibility issue before sandbox/release proof.","Dev 4 - Frontend/UX","Open"
"P1","button-missing-type","frontend\dashboards\src\pages\FamilyStatementExportPage.jsx","62","Fix accessibility issue before sandbox/release proof.","Dev 4 - Frontend/UX","Open"
"P1","button-missing-type","frontend\dashboards\src\pages\FeeScheduleWizard.jsx","160","Fix accessibility issue before sandbox/release proof.","Dev 4 - Frontend/UX","Open"
"P1","button-missing-type","frontend\dashboards\src\pages\FeeScheduleWizard.jsx","184","Fix accessibility issue before sandbox/release proof.","Dev 4 - Frontend/UX","Open"
"P1","input-missing-label","frontend\dashboards\src\pages\FeeScheduleWizard.jsx","202","Fix accessibility issue before sandbox/release proof.","Dev 4 - Frontend/UX","Open"
"P1","input-missing-label","frontend\dashboards\src\pages\FeeScheduleWizard.jsx","212","Fix accessibility issue before sandbox/release proof.","Dev 4 - Frontend/UX","Open"
"P1","input-missing-label","frontend\dashboards\src\pages\FeeScheduleWizard.jsx","217","Fix accessibility issue before sandbox/release proof.","Dev 4 - Frontend/UX","Open"
"P1","input-missing-label","frontend\dashboards\src\pages\FeeScheduleWizard.jsx","236","Fix accessibility issue before sandbox/release proof.","Dev 4 - Frontend/UX","Open"
"P1","input-missing-label","frontend\dashboards\src\pages\FeeScheduleWizard.jsx","241","Fix accessibility issue before sandbox/release proof.","Dev 4 - Frontend/UX","Open"
"P1","input-missing-label","frontend\dashboards\src\pages\FeeScheduleWizard.jsx","270","Fix accessibility issue before sandbox/release proof.","Dev 4 - Frontend/UX","Open"
"P1","input-missing-label","frontend\dashboards\src\pages\FeeScheduleWizard.jsx","275","Fix accessibility issue before sandbox/release proof.","Dev 4 - Frontend/UX","Open"
"P1","input-missing-label","frontend\dashboards\src\pages\FeeScheduleWizard.jsx","280","Fix accessibility issue before sandbox/release proof.","Dev 4 - Frontend/UX","Open"
"P1","button-missing-type","frontend\dashboards\src\pages\FinanceDashboard.jsx","62","Fix accessibility issue before sandbox/release proof.","Dev 4 - Frontend/UX","Open"
"P1","button-missing-type","frontend\dashboards\src\pages\FinanceInvoicesList.jsx","124","Fix accessibility issue before sandbox/release proof.","Dev 4 - Frontend/UX","Open"
"P1","button-missing-type","frontend\dashboards\src\pages\FinancialAidDashboard.jsx","160","Fix accessibility issue before sandbox/release proof.","Dev 4 - Frontend/UX","Open"
"P1","button-missing-type","frontend\dashboards\src\pages\FinancialAidDashboard.jsx","271","Fix accessibility issue before sandbox/release proof.","Dev 4 - Frontend/UX","Open"
"P1","button-missing-type","frontend\dashboards\src\pages\FinancialAidDashboard.jsx","277","Fix accessibility issue before sandbox/release proof.","Dev 4 - Frontend/UX","Open"
"P1","button-missing-type","frontend\dashboards\src\pages\FinancialAidDashboard.jsx","331","Fix accessibility issue before sandbox/release proof.","Dev 4 - Frontend/UX","Open"
"P1","button-missing-type","frontend\dashboards\src\pages\ForbiddenPage.jsx","34","Fix accessibility issue before sandbox/release proof.","Dev 4 - Frontend/UX","Open"
"P1","button-missing-type","frontend\dashboards\src\pages\ForbiddenPage.jsx","37","Fix accessibility issue before sandbox/release proof.","Dev 4 - Frontend/UX","Open"
"P1","button-missing-type","frontend\dashboards\src\pages\GradebookRO.jsx","563","Fix accessibility issue before sandbox/release proof.","Dev 4 - Frontend/UX","Open"
"P1","button-missing-type","frontend\dashboards\src\pages\GradebookRO.jsx","573","Fix accessibility issue before sandbox/release proof.","Dev 4 - Frontend/UX","Open"
"P1","button-missing-type","frontend\dashboards\src\pages\GradebookRO.jsx","582","Fix accessibility issue before sandbox/release proof.","Dev 4 - Frontend/UX","Open"
"P1","button-missing-type","frontend\dashboards\src\pages\GradebookRO.jsx","589","Fix accessibility issue before sandbox/release proof.","Dev 4 - Frontend/UX","Open"
"P1","button-missing-type","frontend\dashboards\src\pages\GradebookRO.jsx","761","Fix accessibility issue before sandbox/release proof.","Dev 4 - Frontend/UX","Open"
"P1","button-missing-type","frontend\dashboards\src\pages\GradebookRO.jsx","791","Fix accessibility issue before sandbox/release proof.","Dev 4 - Frontend/UX","Open"
"P1","button-missing-type","frontend\dashboards\src\pages\GradebookRO.jsx","803","Fix accessibility issue before sandbox/release proof.","Dev 4 - Frontend/UX","Open"
"P1","input-missing-label","frontend\dashboards\src\pages\GradebookRO.jsx","837","Fix accessibility issue before sandbox/release proof.","Dev 4 - Frontend/UX","Open"
"P1","button-missing-type","frontend\dashboards\src\pages\GradebookRO.jsx","852","Fix accessibility issue before sandbox/release proof.","Dev 4 - Frontend/UX","Open"
"P1","button-missing-type","frontend\dashboards\src\pages\GradebookRO.jsx","910","Fix accessibility issue before sandbox/release proof.","Dev 4 - Frontend/UX","Open"
"P1","button-missing-type","frontend\dashboards\src\pages\GradebookRO.jsx","923","Fix accessibility issue before sandbox/release proof.","Dev 4 - Frontend/UX","Open"
"P1","input-missing-label","frontend\dashboards\src\pages\GradebookRO.jsx","1034","Fix accessibility issue before sandbox/release proof.","Dev 4 - Frontend/UX","Open"
"P1","button-missing-type","frontend\dashboards\src\pages\GradebookRO.jsx","1102","Fix accessibility issue before sandbox/release proof.","Dev 4 - Frontend/UX","Open"
"P1","input-missing-label","frontend\dashboards\src\pages\GradeScaleWizard.jsx","173","Fix accessibility issue before sandbox/release proof.","Dev 4 - Frontend/UX","Open"
"P1","input-missing-label","frontend\dashboards\src\pages\GradeScaleWizard.jsx","184","Fix accessibility issue before sandbox/release proof.","Dev 4 - Frontend/UX","Open"
"P1","button-missing-type","frontend\dashboards\src\pages\GradeScaleWizard.jsx","209","Fix accessibility issue before sandbox/release proof.","Dev 4 - Frontend/UX","Open"
"P1","input-missing-label","frontend\dashboards\src\pages\GradeScaleWizard.jsx","241","Fix accessibility issue before sandbox/release proof.","Dev 4 - Frontend/UX","Open"
"P1","input-missing-label","frontend\dashboards\src\pages\GradeScaleWizard.jsx","250","Fix accessibility issue before sandbox/release proof.","Dev 4 - Frontend/UX","Open"
"P1","input-missing-label","frontend\dashboards\src\pages\GradeScaleWizard.jsx","260","Fix accessibility issue before sandbox/release proof.","Dev 4 - Frontend/UX","Open"
"P1","input-missing-label","frontend\dashboards\src\pages\GradeScaleWizard.jsx","270","Fix accessibility issue before sandbox/release proof.","Dev 4 - Frontend/UX","Open"
"P1","button-missing-type","frontend\dashboards\src\pages\GradeScaleWizard.jsx","281","Fix accessibility issue before sandbox/release proof.","Dev 4 - Frontend/UX","Open"
"P1","button-missing-type","frontend\dashboards\src\pages\GradeScaleWizard.jsx","289","Fix accessibility issue before sandbox/release proof.","Dev 4 - Frontend/UX","Open"
"P1","button-missing-type","frontend\dashboards\src\pages\GradeScaleWizard.jsx","295","Fix accessibility issue before sandbox/release proof.","Dev 4 - Frontend/UX","Open"
"P1","input-missing-label","frontend\dashboards\src\pages\GradeScaleWizard.jsx","310","Fix accessibility issue before sandbox/release proof.","Dev 4 - Frontend/UX","Open"
"P1","input-missing-label","frontend\dashboards\src\pages\GradeScaleWizard.jsx","335","Fix accessibility issue before sandbox/release proof.","Dev 4 - Frontend/UX","Open"
"P1","input-missing-label","frontend\dashboards\src\pages\GradeScaleWizard.jsx","344","Fix accessibility issue before sandbox/release proof.","Dev 4 - Frontend/UX","Open"
"P1","button-missing-type","frontend\dashboards\src\pages\GradeScaleWizard.jsx","356","Fix accessibility issue before sandbox/release proof.","Dev 4 - Frontend/UX","Open"
"P1","button-missing-type","frontend\dashboards\src\pages\GradeScaleWizard.jsx","369","Fix accessibility issue before sandbox/release proof.","Dev 4 - Frontend/UX","Open"
"P1","button-missing-type","frontend\dashboards\src\pages\GradeScaleWizard.jsx","378","Fix accessibility issue before sandbox/release proof.","Dev 4 - Frontend/UX","Open"
"P1","button-missing-type","frontend\dashboards\src\pages\GradeScaleWizard.jsx","411","Fix accessibility issue before sandbox/release proof.","Dev 4 - Frontend/UX","Open"
"P1","button-missing-type","frontend\dashboards\src\pages\IntegrityDashboard.jsx","60","Fix accessibility issue before sandbox/release proof.","Dev 4 - Frontend/UX","Open"
"P1","button-missing-type","frontend\dashboards\src\pages\IntegrityDashboard.jsx","121","Fix accessibility issue before sandbox/release proof.","Dev 4 - Frontend/UX","Open"
"P1","button-missing-type","frontend\dashboards\src\pages\Login.jsx","51","Fix accessibility issue before sandbox/release proof.","Dev 4 - Frontend/UX","Open"
"P1","input-missing-label","frontend\dashboards\src\pages\LoginPage.jsx","594","Fix accessibility issue before sandbox/release proof.","Dev 4 - Frontend/UX","Open"
"P1","input-missing-label","frontend\dashboards\src\pages\LoginPage.jsx","609","Fix accessibility issue before sandbox/release proof.","Dev 4 - Frontend/UX","Open"
"P1","button-missing-type","frontend\dashboards\src\pages\LoginPage.jsx","632","Fix accessibility issue before sandbox/release proof.","Dev 4 - Frontend/UX","Open"
"P1","button-missing-type","frontend\dashboards\src\pages\NotAuthorized.jsx","30","Fix accessibility issue before sandbox/release proof.","Dev 4 - Frontend/UX","Open"
"P1","button-missing-type","frontend\dashboards\src\pages\NotAuthorized.jsx","38","Fix accessibility issue before sandbox/release proof.","Dev 4 - Frontend/UX","Open"
"P1","button-missing-type","frontend\dashboards\src\pages\NotFoundPage.jsx","19","Fix accessibility issue before sandbox/release proof.","Dev 4 - Frontend/UX","Open"
"P1","button-missing-type","frontend\dashboards\src\pages\PaymentExceptionsQueue.jsx","91","Fix accessibility issue before sandbox/release proof.","Dev 4 - Frontend/UX","Open"
"P1","button-missing-type","frontend\dashboards\src\pages\PaymentExceptionsQueue.jsx","97","Fix accessibility issue before sandbox/release proof.","Dev 4 - Frontend/UX","Open"
"P1","button-missing-type","frontend\dashboards\src\pages\RoleDashboardPage.jsx","104","Fix accessibility issue before sandbox/release proof.","Dev 4 - Frontend/UX","Open"
"P1","input-missing-label","frontend\dashboards\src\pages\RoomSetupWizard.jsx","50","Fix accessibility issue before sandbox/release proof.","Dev 4 - Frontend/UX","Open"
"P1","input-missing-label","frontend\dashboards\src\pages\RoomSetupWizard.jsx","51","Fix accessibility issue before sandbox/release proof.","Dev 4 - Frontend/UX","Open"
"P1","input-missing-label","frontend\dashboards\src\pages\RoomSetupWizard.jsx","52","Fix accessibility issue before sandbox/release proof.","Dev 4 - Frontend/UX","Open"
"P1","button-missing-type","frontend\dashboards\src\pages\SavedPaymentMethodsPage.jsx","98","Fix accessibility issue before sandbox/release proof.","Dev 4 - Frontend/UX","Open"
"P1","button-missing-type","frontend\dashboards\src\pages\SavedPaymentMethodsPage.jsx","120","Fix accessibility issue before sandbox/release proof.","Dev 4 - Frontend/UX","Open"
"P1","button-missing-type","frontend\dashboards\src\pages\SavedPaymentMethodsPage.jsx","127","Fix accessibility issue before sandbox/release proof.","Dev 4 - Frontend/UX","Open"
"P1","input-missing-label","frontend\dashboards\src\pages\SectionSchedulerWizard.jsx","61","Fix accessibility issue before sandbox/release proof.","Dev 4 - Frontend/UX","Open"
"P1","input-missing-label","frontend\dashboards\src\pages\SectionSchedulerWizard.jsx","62","Fix accessibility issue before sandbox/release proof.","Dev 4 - Frontend/UX","Open"
"P1","input-missing-label","frontend\dashboards\src\pages\SectionSchedulerWizard.jsx","72","Fix accessibility issue before sandbox/release proof.","Dev 4 - Frontend/UX","Open"
"P1","input-missing-label","frontend\dashboards\src\pages\SectionSchedulerWizard.jsx","73","Fix accessibility issue before sandbox/release proof.","Dev 4 - Frontend/UX","Open"
"P1","input-missing-label","frontend\dashboards\src\pages\SectionSchedulerWizard.jsx","74","Fix accessibility issue before sandbox/release proof.","Dev 4 - Frontend/UX","Open"
"P1","input-missing-label","frontend\dashboards\src\pages\SectionSchedulerWizard.jsx","75","Fix accessibility issue before sandbox/release proof.","Dev 4 - Frontend/UX","Open"
"P1","input-missing-label","frontend\dashboards\src\pages\SectionSchedulerWizard.jsx","76","Fix accessibility issue before sandbox/release proof.","Dev 4 - Frontend/UX","Open"
"P1","input-missing-label","frontend\dashboards\src\pages\SectionSchedulerWizard.jsx","77","Fix accessibility issue before sandbox/release proof.","Dev 4 - Frontend/UX","Open"
"P1","button-missing-type","frontend\dashboards\src\pages\ServiceHoursPage.jsx","66","Fix accessibility issue before sandbox/release proof.","Dev 4 - Frontend/UX","Open"
"P1","input-missing-label","frontend\dashboards\src\pages\StaffOnboardingWizard.jsx","124","Fix accessibility issue before sandbox/release proof.","Dev 4 - Frontend/UX","Open"
"P1","input-missing-label","frontend\dashboards\src\pages\StaffOnboardingWizard.jsx","128","Fix accessibility issue before sandbox/release proof.","Dev 4 - Frontend/UX","Open"
"P1","input-missing-label","frontend\dashboards\src\pages\StaffOnboardingWizard.jsx","132","Fix accessibility issue before sandbox/release proof.","Dev 4 - Frontend/UX","Open"
"P1","button-missing-type","frontend\dashboards\src\pages\StaffOnboardingWizard.jsx","167","Fix accessibility issue before sandbox/release proof.","Dev 4 - Frontend/UX","Open"
"P1","button-missing-type","frontend\dashboards\src\pages\StaffOnboardingWizard.jsx","170","Fix accessibility issue before sandbox/release proof.","Dev 4 - Frontend/UX","Open"
"P1","button-missing-type","frontend\dashboards\src\pages\StaffOnboardingWizard.jsx","190","Fix accessibility issue before sandbox/release proof.","Dev 4 - Frontend/UX","Open"
"P1","input-missing-label","frontend\dashboards\src\pages\StaffSetupWizard.jsx","51","Fix accessibility issue before sandbox/release proof.","Dev 4 - Frontend/UX","Open"
"P1","input-missing-label","frontend\dashboards\src\pages\StaffSetupWizard.jsx","52","Fix accessibility issue before sandbox/release proof.","Dev 4 - Frontend/UX","Open"
"P1","input-missing-label","frontend\dashboards\src\pages\StaffSetupWizard.jsx","53","Fix accessibility issue before sandbox/release proof.","Dev 4 - Frontend/UX","Open"
"P1","input-missing-label","frontend\dashboards\src\pages\StaffSetupWizard.jsx","54","Fix accessibility issue before sandbox/release proof.","Dev 4 - Frontend/UX","Open"
"P1","input-missing-label","frontend\dashboards\src\pages\StaffSetupWizard.jsx","55","Fix accessibility issue before sandbox/release proof.","Dev 4 - Frontend/UX","Open"
"P1","button-missing-type","frontend\dashboards\src\pages\Student360Page.jsx","98","Fix accessibility issue before sandbox/release proof.","Dev 4 - Frontend/UX","Open"
"P1","button-missing-type","frontend\dashboards\src\pages\Student360Page.jsx","123","Fix accessibility issue before sandbox/release proof.","Dev 4 - Frontend/UX","Open"
"P1","button-missing-type","frontend\dashboards\src\pages\TeacherAttendancePage.jsx","90","Fix accessibility issue before sandbox/release proof.","Dev 4 - Frontend/UX","Open"
"P1","button-missing-type","frontend\dashboards\src\pages\TeamsPreviewPage.jsx","34","Fix accessibility issue before sandbox/release proof.","Dev 4 - Frontend/UX","Open"
"P1","input-missing-label","frontend\dashboards\src\pages\TermStructureWizard.jsx","127","Fix accessibility issue before sandbox/release proof.","Dev 4 - Frontend/UX","Open"
"P1","button-missing-type","frontend\dashboards\src\pages\TermStructureWizard.jsx","148","Fix accessibility issue before sandbox/release proof.","Dev 4 - Frontend/UX","Open"
"P1","input-missing-label","frontend\dashboards\src\pages\TermStructureWizard.jsx","179","Fix accessibility issue before sandbox/release proof.","Dev 4 - Frontend/UX","Open"
"P1","input-missing-label","frontend\dashboards\src\pages\TermStructureWizard.jsx","188","Fix accessibility issue before sandbox/release proof.","Dev 4 - Frontend/UX","Open"
"P1","input-missing-label","frontend\dashboards\src\pages\TermStructureWizard.jsx","197","Fix accessibility issue before sandbox/release proof.","Dev 4 - Frontend/UX","Open"
